"institution","rank","agency","dollars"
"All institutions",NA,"all federal r d expenditures",59603993000
"All institutions",NA,"dod",9047729000
"All institutions",NA,"doe",2671326000
"All institutions",NA,"hhs",33097927000
"All institutions",NA,"nasa",2295593000
"All institutions",NA,"nsf",6699546000
"All institutions",NA,"usda",1700216000
"All institutions",NA,"othera",4091656000
"Johns Hopkins U",1,"all federal r d expenditures",3324551000
"Johns Hopkins U",1,"dod",1628821000
"Johns Hopkins U",1,"doe",11671000
"Johns Hopkins U",1,"hhs",919852000
"Johns Hopkins U",1,"nasa",515047000
"Johns Hopkins U",1,"nsf",40834000
"Johns Hopkins U",1,"usda",3553000
"Johns Hopkins U",1,"othera",204773000
"U. Washington, Seattle",2,"all federal r d expenditures",1188836000
"U. Washington, Seattle",2,"dod",126010000
"U. Washington, Seattle",2,"doe",41413000
"U. Washington, Seattle",2,"hhs",770184000
"U. Washington, Seattle",2,"nasa",22518000
"U. Washington, Seattle",2,"nsf",142970000
"U. Washington, Seattle",2,"usda",7610000
"U. Washington, Seattle",2,"othera",78131000
"Georgia Institute of Technology",3,"all federal r d expenditures",1083903000
"Georgia Institute of Technology",3,"dod",811759000
"Georgia Institute of Technology",3,"doe",26089000
"Georgia Institute of Technology",3,"hhs",52938000
"Georgia Institute of Technology",3,"nasa",17355000
"Georgia Institute of Technology",3,"nsf",79048000
"Georgia Institute of Technology",3,"usda",1124000
"Georgia Institute of Technology",3,"othera",95590000
"U. California, San Diego",4,"all federal r d expenditures",1083790000
"U. California, San Diego",4,"dod",126228000
"U. California, San Diego",4,"doe",38680000
"U. California, San Diego",4,"hhs",688073000
"U. California, San Diego",4,"nasa",16704000
"U. California, San Diego",4,"nsf",163266000
"U. California, San Diego",4,"usda",3062000
"U. California, San Diego",4,"othera",47777000
"U. Michigan, Ann Arbor",5,"all federal r d expenditures",1041430000
"U. Michigan, Ann Arbor",5,"dod",79110000
"U. Michigan, Ann Arbor",5,"doe",48259000
"U. Michigan, Ann Arbor",5,"hhs",728763000
"U. Michigan, Ann Arbor",5,"nasa",31693000
"U. Michigan, Ann Arbor",5,"nsf",109808000
"U. Michigan, Ann Arbor",5,"usda",1578000
"U. Michigan, Ann Arbor",5,"othera",42219000
"Columbia U. in the City of New York",6,"all federal r d expenditures",988670000
"Columbia U. in the City of New York",6,"dod",58296000
"Columbia U. in the City of New York",6,"doe",25171000
"Columbia U. in the City of New York",6,"hhs",766707000
"Columbia U. in the City of New York",6,"nasa",24482000
"Columbia U. in the City of New York",6,"nsf",105818000
"Columbia U. in the City of New York",6,"usda",502000
"Columbia U. in the City of New York",6,"othera",7694000
"Duke U.",7,"all federal r d expenditures",974202000
"Duke U.",7,"dod",61598000
"Duke U.",7,"doe",18482000
"Duke U.",7,"hhs",833339000
"Duke U.",7,"nasa",2223000
"Duke U.",7,"nsf",45599000
"Duke U.",7,"usda",998000
"Duke U.",7,"othera",11963000
"Stanford U.",8,"all federal r d expenditures",943669000
"Stanford U.",8,"dod",87775000
"Stanford U.",8,"doe",31180000
"Stanford U.",8,"hhs",712159000
"Stanford U.",8,"nasa",22178000
"Stanford U.",8,"nsf",79757000
"Stanford U.",8,"usda",1014000
"Stanford U.",8,"othera",9606000
"U. Pennsylvania",9,"all federal r d expenditures",936469000
"U. Pennsylvania",9,"dod",53246000
"U. Pennsylvania",9,"doe",15424000
"U. Pennsylvania",9,"hhs",784145000
"U. Pennsylvania",9,"nasa",2941000
"U. Pennsylvania",9,"nsf",59837000
"U. Pennsylvania",9,"usda",1818000
"U. Pennsylvania",9,"othera",19058000
"U. Pittsburgh, Pittsburgh",10,"all federal r d expenditures",916735000
"U. Pittsburgh, Pittsburgh",10,"dod",70896000
"U. Pittsburgh, Pittsburgh",10,"doe",13238000
"U. Pittsburgh, Pittsburgh",10,"hhs",777420000
"U. Pittsburgh, Pittsburgh",10,"nasa",3546000
"U. Pittsburgh, Pittsburgh",10,"nsf",38493000
"U. Pittsburgh, Pittsburgh",10,"usda",518000
"U. Pittsburgh, Pittsburgh",10,"othera",12624000
"U. North Carolina, Chapel Hill",11,"all federal r d expenditures",907710000
"U. North Carolina, Chapel Hill",11,"dod",26942000
"U. North Carolina, Chapel Hill",11,"doe",10693000
"U. North Carolina, Chapel Hill",11,"hhs",729970000
"U. North Carolina, Chapel Hill",11,"nasa",1887000
"U. North Carolina, Chapel Hill",11,"nsf",48106000
"U. North Carolina, Chapel Hill",11,"usda",2554000
"U. North Carolina, Chapel Hill",11,"othera",87558000
"U. California, Los Angeles",12,"all federal r d expenditures",878571000
"U. California, Los Angeles",12,"dod",53640000
"U. California, Los Angeles",12,"doe",45265000
"U. California, Los Angeles",12,"hhs",652981000
"U. California, Los Angeles",12,"nasa",30978000
"U. California, Los Angeles",12,"nsf",74397000
"U. California, Los Angeles",12,"usda",1055000
"U. California, Los Angeles",12,"othera",20255000
"U. California, San Francisco",13,"all federal r d expenditures",858066000
"U. California, San Francisco",13,"dod",41031000
"U. California, San Francisco",13,"doe",1296000
"U. California, San Francisco",13,"hhs",795553000
"U. California, San Francisco",13,"nasa",606000
"U. California, San Francisco",13,"nsf",10746000
"U. California, San Francisco",13,"usda",370000
"U. California, San Francisco",13,"othera",8464000
"U. Marylandc",14,"all federal r d expenditures",825546000
"U. Marylandc",14,"dod",146036000
"U. Marylandc",14,"doe",26542000
"U. Marylandc",14,"hhs",382208000
"U. Marylandc",14,"nasa",83337000
"U. Marylandc",14,"nsf",66780000
"U. Marylandc",14,"usda",30601000
"U. Marylandc",14,"othera",90042000
"U. Wisconsin-Madison",15,"all federal r d expenditures",816814000
"U. Wisconsin-Madison",15,"dod",44782000
"U. Wisconsin-Madison",15,"doe",90201000
"U. Wisconsin-Madison",15,"hhs",465199000
"U. Wisconsin-Madison",15,"nasa",16235000
"U. Wisconsin-Madison",15,"nsf",113712000
"U. Wisconsin-Madison",15,"usda",36525000
"U. Wisconsin-Madison",15,"othera",50160000
"New York U.",16,"all federal r d expenditures",787204000
"New York U.",16,"dod",21849000
"New York U.",16,"doe",4386000
"New York U.",16,"hhs",696483000
"New York U.",16,"nasa",1829000
"New York U.",16,"nsf",43877000
"New York U.",16,"usda",523000
"New York U.",16,"othera",18257000
"Pennsylvania State U., University Park and Hershey Medical Center",17,"all federal r d expenditures",781303000
"Pennsylvania State U., University Park and Hershey Medical Center",17,"dod",343365000
"Pennsylvania State U., University Park and Hershey Medical Center",17,"doe",44141000
"Pennsylvania State U., University Park and Hershey Medical Center",17,"hhs",186358000
"Pennsylvania State U., University Park and Hershey Medical Center",17,"nasa",20924000
"Pennsylvania State U., University Park and Hershey Medical Center",17,"nsf",84781000
"Pennsylvania State U., University Park and Hershey Medical Center",17,"usda",34662000
"Pennsylvania State U., University Park and Hershey Medical Center",17,"othera",67072000
"Washington U., Saint Louis",18,"all federal r d expenditures",758464000
"Washington U., Saint Louis",18,"dod",25612000
"Washington U., Saint Louis",18,"doe",8503000
"Washington U., Saint Louis",18,"hhs",689724000
"Washington U., Saint Louis",18,"nasa",10851000
"Washington U., Saint Louis",18,"nsf",21715000
"Washington U., Saint Louis",18,"usda",431000
"Washington U., Saint Louis",18,"othera",1628000
"Vanderbilt U. and Vanderbilt U. Medical Center",19,"all federal r d expenditures",751019000
"Vanderbilt U. and Vanderbilt U. Medical Center",19,"dod",35148000
"Vanderbilt U. and Vanderbilt U. Medical Center",19,"doe",11932000
"Vanderbilt U. and Vanderbilt U. Medical Center",19,"hhs",647384000
"Vanderbilt U. and Vanderbilt U. Medical Center",19,"nasa",3815000
"Vanderbilt U. and Vanderbilt U. Medical Center",19,"nsf",29839000
"Vanderbilt U. and Vanderbilt U. Medical Center",19,"usda",795000
"Vanderbilt U. and Vanderbilt U. Medical Center",19,"othera",22106000
"Yale U.",20,"all federal r d expenditures",741198000
"Yale U.",20,"dod",37473000
"Yale U.",20,"doe",10539000
"Yale U.",20,"hhs",639636000
"Yale U.",20,"nasa",2624000
"Yale U.",20,"nsf",39036000
"Yale U.",20,"usda",1146000
"Yale U.",20,"othera",10744000
"Cornell U.",21,"all federal r d expenditures",705132000
"Cornell U.",21,"dod",50537000
"Cornell U.",21,"doe",31129000
"Cornell U.",21,"hhs",423066000
"Cornell U.",21,"nasa",11790000
"Cornell U.",21,"nsf",125089000
"Cornell U.",21,"usda",44545000
"Cornell U.",21,"othera",18976000
"U. Minnesota, Twin Cities",22,"all federal r d expenditures",702483000
"U. Minnesota, Twin Cities",22,"dod",39589000
"U. Minnesota, Twin Cities",22,"doe",28058000
"U. Minnesota, Twin Cities",22,"hhs",479309000
"U. Minnesota, Twin Cities",22,"nasa",9283000
"U. Minnesota, Twin Cities",22,"nsf",81018000
"U. Minnesota, Twin Cities",22,"usda",47660000
"U. Minnesota, Twin Cities",22,"othera",17566000
"Ohio State U.",23,"all federal r d expenditures",694647000
"Ohio State U.",23,"dod",57248000
"Ohio State U.",23,"doe",32099000
"Ohio State U.",23,"hhs",428792000
"Ohio State U.",23,"nasa",8020000
"Ohio State U.",23,"nsf",68295000
"Ohio State U.",23,"usda",34371000
"Ohio State U.",23,"othera",65822000
"U. Southern California",24,"all federal r d expenditures",683819000
"U. Southern California",24,"dod",132806000
"U. Southern California",24,"doe",10477000
"U. Southern California",24,"hhs",456503000
"U. Southern California",24,"nasa",3560000
"U. Southern California",24,"nsf",58556000
"U. Southern California",24,"usda",93000
"U. Southern California",24,"othera",21824000
"Northwestern U.",25,"all federal r d expenditures",678062000
"Northwestern U.",25,"dod",51407000
"Northwestern U.",25,"doe",33607000
"Northwestern U.",25,"hhs",521988000
"Northwestern U.",25,"nasa",4253000
"Northwestern U.",25,"nsf",56367000
"Northwestern U.",25,"usda",318000
"Northwestern U.",25,"othera",10122000
"Emory U.",26,"all federal r d expenditures",664370000
"Emory U.",26,"dod",11443000
"Emory U.",26,"doe",2346000
"Emory U.",26,"hhs",630229000
"Emory U.",26,"nasa",937000
"Emory U.",26,"nsf",12370000
"Emory U.",26,"usda",466000
"Emory U.",26,"othera",6579000
"Icahn School of Medicine at Mount Sinai",27,"all federal r d expenditures",658916000
"Icahn School of Medicine at Mount Sinai",27,"dod",25359000
"Icahn School of Medicine at Mount Sinai",27,"doe",66000
"Icahn School of Medicine at Mount Sinai",27,"hhs",629952000
"Icahn School of Medicine at Mount Sinai",27,"nasa",460000
"Icahn School of Medicine at Mount Sinai",27,"nsf",1230000
"Icahn School of Medicine at Mount Sinai",27,"usda",96000
"Icahn School of Medicine at Mount Sinai",27,"othera",1753000
"Harvard U.",28,"all federal r d expenditures",639953000
"Harvard U.",28,"dod",49624000
"Harvard U.",28,"doe",20120000
"Harvard U.",28,"hhs",490149000
"Harvard U.",28,"nasa",7992000
"Harvard U.",28,"nsf",54965000
"Harvard U.",28,"usda",385000
"Harvard U.",28,"othera",16718000
"U. Texas, Austin",29,"all federal r d expenditures",621223000
"U. Texas, Austin",29,"dod",252267000
"U. Texas, Austin",29,"doe",59115000
"U. Texas, Austin",29,"hhs",128822000
"U. Texas, Austin",29,"nasa",26172000
"U. Texas, Austin",29,"nsf",122660000
"U. Texas, Austin",29,"usda",428000
"U. Texas, Austin",29,"othera",31759000
"Massachusetts Institute of Technology",30,"all federal r d expenditures",559766000
"Massachusetts Institute of Technology",30,"dod",130434000
"Massachusetts Institute of Technology",30,"doe",89574000
"Massachusetts Institute of Technology",30,"hhs",163137000
"Massachusetts Institute of Technology",30,"nasa",38045000
"Massachusetts Institute of Technology",30,"nsf",117488000
"Massachusetts Institute of Technology",30,"usda",0
"Massachusetts Institute of Technology",30,"othera",21088000
"Texas A&M U., College Station and Health Science Center",31,"all federal r d expenditures",546481000
"Texas A&M U., College Station and Health Science Center",31,"dod",88719000
"Texas A&M U., College Station and Health Science Center",31,"doe",47421000
"Texas A&M U., College Station and Health Science Center",31,"hhs",123004000
"Texas A&M U., College Station and Health Science Center",31,"nasa",10485000
"Texas A&M U., College Station and Health Science Center",31,"nsf",142660000
"Texas A&M U., College Station and Health Science Center",31,"usda",52842000
"Texas A&M U., College Station and Health Science Center",31,"othera",81350000
"U. Colorado Boulder",32,"all federal r d expenditures",538715000
"U. Colorado Boulder",32,"dod",41391000
"U. Colorado Boulder",32,"doe",34983000
"U. Colorado Boulder",32,"hhs",70737000
"U. Colorado Boulder",32,"nasa",166802000
"U. Colorado Boulder",32,"nsf",119866000
"U. Colorado Boulder",32,"usda",1640000
"U. Colorado Boulder",32,"othera",103296000
"U. Florida",33,"all federal r d expenditures",529391000
"U. Florida",33,"dod",49481000
"U. Florida",33,"doe",15711000
"U. Florida",33,"hhs",304254000
"U. Florida",33,"nasa",14102000
"U. Florida",33,"nsf",60602000
"U. Florida",33,"usda",50082000
"U. Florida",33,"othera",35159000
"U. California, Berkeley",34,"all federal r d expenditures",496298000
"U. California, Berkeley",34,"dod",44502000
"U. California, Berkeley",34,"doe",51123000
"U. California, Berkeley",34,"hhs",164520000
"U. California, Berkeley",34,"nasa",100825000
"U. California, Berkeley",34,"nsf",101951000
"U. California, Berkeley",34,"usda",3722000
"U. California, Berkeley",34,"othera",29655000
"U. California, Davis",35,"all federal r d expenditures",494847000
"U. California, Davis",35,"dod",24576000
"U. California, Davis",35,"doe",21400000
"U. California, Davis",35,"hhs",303877000
"U. California, Davis",35,"nasa",8390000
"U. California, Davis",35,"nsf",46849000
"U. California, Davis",35,"usda",57989000
"U. California, Davis",35,"othera",31766000
"U. Chicago",36,"all federal r d expenditures",476689000
"U. Chicago",36,"dod",27455000
"U. Chicago",36,"doe",19106000
"U. Chicago",36,"hhs",333843000
"U. Chicago",36,"nasa",9904000
"U. Chicago",36,"nsf",75499000
"U. Chicago",36,"usda",506000
"U. Chicago",36,"othera",10376000
"U. Colorado Anschutz Medical Campus",37,"all federal r d expenditures",474523000
"U. Colorado Anschutz Medical Campus",37,"dod",15486000
"U. Colorado Anschutz Medical Campus",37,"doe",0
"U. Colorado Anschutz Medical Campus",37,"hhs",447861000
"U. Colorado Anschutz Medical Campus",37,"nasa",580000
"U. Colorado Anschutz Medical Campus",37,"nsf",3343000
"U. Colorado Anschutz Medical Campus",37,"usda",32000
"U. Colorado Anschutz Medical Campus",37,"othera",7221000
"U. Illinois, Urbana-Champaign",38,"all federal r d expenditures",460491000
"U. Illinois, Urbana-Champaign",38,"dod",59094000
"U. Illinois, Urbana-Champaign",38,"doe",95415000
"U. Illinois, Urbana-Champaign",38,"hhs",95343000
"U. Illinois, Urbana-Champaign",38,"nasa",12335000
"U. Illinois, Urbana-Champaign",38,"nsf",137092000
"U. Illinois, Urbana-Champaign",38,"usda",27860000
"U. Illinois, Urbana-Champaign",38,"othera",33352000
"U. Alabama, Birmingham",39,"all federal r d expenditures",451880000
"U. Alabama, Birmingham",39,"dod",13923000
"U. Alabama, Birmingham",39,"doe",1949000
"U. Alabama, Birmingham",39,"hhs",417750000
"U. Alabama, Birmingham",39,"nasa",4278000
"U. Alabama, Birmingham",39,"nsf",7969000
"U. Alabama, Birmingham",39,"usda",166000
"U. Alabama, Birmingham",39,"othera",5845000
"Baylor C. of Medicine",40,"all federal r d expenditures",440345000
"Baylor C. of Medicine",40,"dod",17986000
"Baylor C. of Medicine",40,"doe",0
"Baylor C. of Medicine",40,"hhs",377953000
"Baylor C. of Medicine",40,"nasa",15272000
"Baylor C. of Medicine",40,"nsf",5527000
"Baylor C. of Medicine",40,"usda",16990000
"Baylor C. of Medicine",40,"othera",6617000
"Michigan State U.",41,"all federal r d expenditures",435564000
"Michigan State U.",41,"dod",15763000
"Michigan State U.",41,"doe",156742000
"Michigan State U.",41,"hhs",118142000
"Michigan State U.",41,"nasa",4094000
"Michigan State U.",41,"nsf",61082000
"Michigan State U.",41,"usda",37842000
"Michigan State U.",41,"othera",41899000
"U. Arizona",42,"all federal r d expenditures",434700000
"U. Arizona",42,"dod",35142000
"U. Arizona",42,"doe",10952000
"U. Arizona",42,"hhs",219085000
"U. Arizona",42,"nasa",70176000
"U. Arizona",42,"nsf",57350000
"U. Arizona",42,"usda",17750000
"U. Arizona",42,"othera",24245000
"Indiana U., Bloomington",43,"all federal r d expenditures",432223000
"Indiana U., Bloomington",43,"dod",26468000
"Indiana U., Bloomington",43,"doe",6277000
"Indiana U., Bloomington",43,"hhs",331669000
"Indiana U., Bloomington",43,"nasa",977000
"Indiana U., Bloomington",43,"nsf",50384000
"Indiana U., Bloomington",43,"usda",601000
"Indiana U., Bloomington",43,"othera",15847000
"Case Western Reserve U.",44,"all federal r d expenditures",431736000
"Case Western Reserve U.",44,"dod",15146000
"Case Western Reserve U.",44,"doe",9990000
"Case Western Reserve U.",44,"hhs",388194000
"Case Western Reserve U.",44,"nasa",3836000
"Case Western Reserve U.",44,"nsf",10356000
"Case Western Reserve U.",44,"usda",1083000
"Case Western Reserve U.",44,"othera",3131000
"U. Utah",45,"all federal r d expenditures",416079000
"U. Utah",45,"dod",23494000
"U. Utah",45,"doe",54890000
"U. Utah",45,"hhs",277075000
"U. Utah",45,"nasa",4649000
"U. Utah",45,"nsf",51343000
"U. Utah",45,"usda",764000
"U. Utah",45,"othera",3864000
"Boston U.",46,"all federal r d expenditures",409551000
"Boston U.",46,"dod",20847000
"Boston U.",46,"doe",8055000
"Boston U.",46,"hhs",319715000
"Boston U.",46,"nasa",11762000
"Boston U.",46,"nsf",33870000
"Boston U.",46,"usda",453000
"Boston U.",46,"othera",14849000
"Uniformed Services U. of the Health Sciences",47,"all federal r d expenditures",403671000
"Uniformed Services U. of the Health Sciences",47,"dod",396092000
"Uniformed Services U. of the Health Sciences",47,"doe",0
"Uniformed Services U. of the Health Sciences",47,"hhs",7579000
"Uniformed Services U. of the Health Sciences",47,"nasa",0
"Uniformed Services U. of the Health Sciences",47,"nsf",0
"Uniformed Services U. of the Health Sciences",47,"usda",0
"Uniformed Services U. of the Health Sciences",47,"othera",0
"Rutgers, State U. New Jersey, New Brunswick",48,"all federal r d expenditures",400930000
"Rutgers, State U. New Jersey, New Brunswick",48,"dod",19246000
"Rutgers, State U. New Jersey, New Brunswick",48,"doe",9245000
"Rutgers, State U. New Jersey, New Brunswick",48,"hhs",270149000
"Rutgers, State U. New Jersey, New Brunswick",48,"nasa",4150000
"Rutgers, State U. New Jersey, New Brunswick",48,"nsf",47501000
"Rutgers, State U. New Jersey, New Brunswick",48,"usda",20615000
"Rutgers, State U. New Jersey, New Brunswick",48,"othera",30024000
"U. Cincinnati",49,"all federal r d expenditures",391943000
"U. Cincinnati",49,"dod",16982000
"U. Cincinnati",49,"doe",4401000
"U. Cincinnati",49,"hhs",346063000
"U. Cincinnati",49,"nasa",745000
"U. Cincinnati",49,"nsf",14900000
"U. Cincinnati",49,"usda",21000
"U. Cincinnati",49,"othera",8831000
"Purdue U., West Lafayette",50,"all federal r d expenditures",385738000
"Purdue U., West Lafayette",50,"dod",86728000
"Purdue U., West Lafayette",50,"doe",35887000
"Purdue U., West Lafayette",50,"hhs",83845000
"Purdue U., West Lafayette",50,"nasa",15323000
"Purdue U., West Lafayette",50,"nsf",84597000
"Purdue U., West Lafayette",50,"usda",33628000
"Purdue U., West Lafayette",50,"othera",45730000
"Oregon Health and Science U.",51,"all federal r d expenditures",374043000
"Oregon Health and Science U.",51,"dod",11688000
"Oregon Health and Science U.",51,"doe",118000
"Oregon Health and Science U.",51,"hhs",359424000
"Oregon Health and Science U.",51,"nasa",74000
"Oregon Health and Science U.",51,"nsf",1537000
"Oregon Health and Science U.",51,"usda",0
"Oregon Health and Science U.",51,"othera",1202000
"U. Rochester",52,"all federal r d expenditures",368190000
"U. Rochester",52,"dod",14305000
"U. Rochester",52,"doe",106915000
"U. Rochester",52,"hhs",221412000
"U. Rochester",52,"nasa",1766000
"U. Rochester",52,"nsf",21335000
"U. Rochester",52,"usda",0
"U. Rochester",52,"othera",2457000
"U. Virginia, Charlottesville",53,"all federal r d expenditures",354748000
"U. Virginia, Charlottesville",53,"dod",34976000
"U. Virginia, Charlottesville",53,"doe",13314000
"U. Virginia, Charlottesville",53,"hhs",233253000
"U. Virginia, Charlottesville",53,"nasa",4779000
"U. Virginia, Charlottesville",53,"nsf",41133000
"U. Virginia, Charlottesville",53,"usda",1075000
"U. Virginia, Charlottesville",53,"othera",26218000
"Colorado State U., Fort Collins",54,"all federal r d expenditures",354401000
"Colorado State U., Fort Collins",54,"dod",106769000
"Colorado State U., Fort Collins",54,"doe",21728000
"Colorado State U., Fort Collins",54,"hhs",66714000
"Colorado State U., Fort Collins",54,"nasa",12578000
"Colorado State U., Fort Collins",54,"nsf",37561000
"Colorado State U., Fort Collins",54,"usda",53462000
"Colorado State U., Fort Collins",54,"othera",55589000
"Arizona State U.",55,"all federal r d expenditures",340880000
"Arizona State U.",55,"dod",46290000
"Arizona State U.",55,"doe",23210000
"Arizona State U.",55,"hhs",88827000
"Arizona State U.",55,"nasa",43106000
"Arizona State U.",55,"nsf",87368000
"Arizona State U.",55,"usda",3609000
"Arizona State U.",55,"othera",48470000
"U. Texas Southwestern Medical Center",56,"all federal r d expenditures",336126000
"U. Texas Southwestern Medical Center",56,"dod",13067000
"U. Texas Southwestern Medical Center",56,"doe",212000
"U. Texas Southwestern Medical Center",56,"hhs",317632000
"U. Texas Southwestern Medical Center",56,"nasa",1717000
"U. Texas Southwestern Medical Center",56,"nsf",2091000
"U. Texas Southwestern Medical Center",56,"usda",151000
"U. Texas Southwestern Medical Center",56,"othera",1256000
"U. California, Irvine",57,"all federal r d expenditures",335393000
"U. California, Irvine",57,"dod",18949000
"U. California, Irvine",57,"doe",21818000
"U. California, Irvine",57,"hhs",221676000
"U. California, Irvine",57,"nasa",5564000
"U. California, Irvine",57,"nsf",53841000
"U. California, Irvine",57,"usda",149000
"U. California, Irvine",57,"othera",13396000
"U. Iowa",58,"all federal r d expenditures",331824000
"U. Iowa",58,"dod",16153000
"U. Iowa",58,"doe",4514000
"U. Iowa",58,"hhs",232801000
"U. Iowa",58,"nasa",49232000
"U. Iowa",58,"nsf",12035000
"U. Iowa",58,"usda",1252000
"U. Iowa",58,"othera",15837000
"Utah State U.",59,"all federal r d expenditures",322336000
"Utah State U.",59,"dod",170044000
"Utah State U.",59,"doe",4134000
"Utah State U.",59,"hhs",10845000
"Utah State U.",59,"nasa",37647000
"Utah State U.",59,"nsf",16532000
"Utah State U.",59,"usda",11413000
"Utah State U.",59,"othera",71721000
"California Institute of Technology",60,"all federal r d expenditures",310519000
"California Institute of Technology",60,"dod",30414000
"California Institute of Technology",60,"doe",23660000
"California Institute of Technology",60,"hhs",81652000
"California Institute of Technology",60,"nasa",72312000
"California Institute of Technology",60,"nsf",96199000
"California Institute of Technology",60,"usda",2000
"California Institute of Technology",60,"othera",6280000
"U. Miami",61,"all federal r d expenditures",291783000
"U. Miami",61,"dod",28129000
"U. Miami",61,"doe",1772000
"U. Miami",61,"hhs",210961000
"U. Miami",61,"nasa",4350000
"U. Miami",61,"nsf",13748000
"U. Miami",61,"usda",322000
"U. Miami",61,"othera",32501000
"Virginia Polytechnic Institute and State U.",62,"all federal r d expenditures",282152000
"Virginia Polytechnic Institute and State U.",62,"dod",71734000
"Virginia Polytechnic Institute and State U.",62,"doe",19297000
"Virginia Polytechnic Institute and State U.",62,"hhs",61996000
"Virginia Polytechnic Institute and State U.",62,"nasa",8028000
"Virginia Polytechnic Institute and State U.",62,"nsf",58394000
"Virginia Polytechnic Institute and State U.",62,"usda",26449000
"Virginia Polytechnic Institute and State U.",62,"othera",36254000
"U. Nebraska, Lincoln and Medical Centerd",63,"all federal r d expenditures",280120000
"U. Nebraska, Lincoln and Medical Centerd",63,"dod",42877000
"U. Nebraska, Lincoln and Medical Centerd",63,"doe",12226000
"U. Nebraska, Lincoln and Medical Centerd",63,"hhs",138888000
"U. Nebraska, Lincoln and Medical Centerd",63,"nasa",805000
"U. Nebraska, Lincoln and Medical Centerd",63,"nsf",38292000
"U. Nebraska, Lincoln and Medical Centerd",63,"usda",29004000
"U. Nebraska, Lincoln and Medical Centerd",63,"othera",18028000
"Carnegie Mellon U.",64,"all federal r d expenditures",279954000
"Carnegie Mellon U.",64,"dod",121019000
"Carnegie Mellon U.",64,"doe",16363000
"Carnegie Mellon U.",64,"hhs",47817000
"Carnegie Mellon U.",64,"nasa",5753000
"Carnegie Mellon U.",64,"nsf",73377000
"Carnegie Mellon U.",64,"usda",2392000
"Carnegie Mellon U.",64,"othera",13233000
"North Carolina State U.",65,"all federal r d expenditures",279179000
"North Carolina State U.",65,"dod",33966000
"North Carolina State U.",65,"doe",29033000
"North Carolina State U.",65,"hhs",52326000
"North Carolina State U.",65,"nasa",2743000
"North Carolina State U.",65,"nsf",66411000
"North Carolina State U.",65,"usda",58599000
"North Carolina State U.",65,"othera",36101000
"Scripps Research Institute",66,"all federal r d expenditures",278099000
"Scripps Research Institute",66,"dod",4693000
"Scripps Research Institute",66,"doe",388000
"Scripps Research Institute",66,"hhs",269196000
"Scripps Research Institute",66,"nasa",1084000
"Scripps Research Institute",66,"nsf",2301000
"Scripps Research Institute",66,"usda",0
"Scripps Research Institute",66,"othera",437000
"U. Illinois, Chicago",67,"all federal r d expenditures",274424000
"U. Illinois, Chicago",67,"dod",17074000
"U. Illinois, Chicago",67,"doe",12844000
"U. Illinois, Chicago",67,"hhs",205543000
"U. Illinois, Chicago",67,"nasa",448000
"U. Illinois, Chicago",67,"nsf",27352000
"U. Illinois, Chicago",67,"usda",79000
"U. Illinois, Chicago",67,"othera",11084000
"U. Kentucky",68,"all federal r d expenditures",265543000
"U. Kentucky",68,"dod",14714000
"U. Kentucky",68,"doe",10455000
"U. Kentucky",68,"hhs",191087000
"U. Kentucky",68,"nasa",2597000
"U. Kentucky",68,"nsf",20442000
"U. Kentucky",68,"usda",16487000
"U. Kentucky",68,"othera",9761000
"U. Texas M. D. Anderson Cancer Center",69,"all federal r d expenditures",259285000
"U. Texas M. D. Anderson Cancer Center",69,"dod",17584000
"U. Texas M. D. Anderson Cancer Center",69,"doe",0
"U. Texas M. D. Anderson Cancer Center",69,"hhs",239726000
"U. Texas M. D. Anderson Cancer Center",69,"nasa",267000
"U. Texas M. D. Anderson Cancer Center",69,"nsf",988000
"U. Texas M. D. Anderson Cancer Center",69,"usda",3000
"U. Texas M. D. Anderson Cancer Center",69,"othera",717000
"SUNY, U. Buffalo",70,"all federal r d expenditures",257857000
"SUNY, U. Buffalo",70,"dod",62081000
"SUNY, U. Buffalo",70,"doe",9551000
"SUNY, U. Buffalo",70,"hhs",137564000
"SUNY, U. Buffalo",70,"nasa",1728000
"SUNY, U. Buffalo",70,"nsf",33542000
"SUNY, U. Buffalo",70,"usda",702000
"SUNY, U. Buffalo",70,"othera",12689000
"U. South Florida",71,"all federal r d expenditures",242224000
"U. South Florida",71,"dod",18617000
"U. South Florida",71,"doe",2748000
"U. South Florida",71,"hhs",139899000
"U. South Florida",71,"nasa",2697000
"U. South Florida",71,"nsf",16541000
"U. South Florida",71,"usda",82000
"U. South Florida",71,"othera",61640000
"Brown U.",72,"all federal r d expenditures",239744000
"Brown U.",72,"dod",19737000
"Brown U.",72,"doe",7733000
"Brown U.",72,"hhs",165621000
"Brown U.",72,"nasa",5747000
"Brown U.",72,"nsf",34145000
"Brown U.",72,"usda",195000
"Brown U.",72,"othera",6566000
"U. Connecticut",73,"all federal r d expenditures",238701000
"U. Connecticut",73,"dod",22360000
"U. Connecticut",73,"doe",8592000
"U. Connecticut",73,"hhs",135171000
"U. Connecticut",73,"nasa",3343000
"U. Connecticut",73,"nsf",31244000
"U. Connecticut",73,"usda",11514000
"U. Connecticut",73,"othera",26477000
"Woods Hole Oceanographic Institution",74,"all federal r d expenditures",238554000
"Woods Hole Oceanographic Institution",74,"dod",46139000
"Woods Hole Oceanographic Institution",74,"doe",2666000
"Woods Hole Oceanographic Institution",74,"hhs",1638000
"Woods Hole Oceanographic Institution",74,"nasa",10949000
"Woods Hole Oceanographic Institution",74,"nsf",148403000
"Woods Hole Oceanographic Institution",74,"usda",75000
"Woods Hole Oceanographic Institution",74,"othera",28684000
"Albert Einstein C. of Medicine",75,"all federal r d expenditures",230151000
"Albert Einstein C. of Medicine",75,"dod",6328000
"Albert Einstein C. of Medicine",75,"doe",314000
"Albert Einstein C. of Medicine",75,"hhs",223495000
"Albert Einstein C. of Medicine",75,"nasa",0
"Albert Einstein C. of Medicine",75,"nsf",9000
"Albert Einstein C. of Medicine",75,"usda",5000
"Albert Einstein C. of Medicine",75,"othera",0
"U. Massachusetts, Medical School",76,"all federal r d expenditures",223490000
"U. Massachusetts, Medical School",76,"dod",6450000
"U. Massachusetts, Medical School",76,"doe",187000
"U. Massachusetts, Medical School",76,"hhs",214698000
"U. Massachusetts, Medical School",76,"nasa",0
"U. Massachusetts, Medical School",76,"nsf",1270000
"U. Massachusetts, Medical School",76,"usda",243000
"U. Massachusetts, Medical School",76,"othera",642000
"Oregon State U.",77,"all federal r d expenditures",222169000
"Oregon State U.",77,"dod",18957000
"Oregon State U.",77,"doe",20667000
"Oregon State U.",77,"hhs",30512000
"Oregon State U.",77,"nasa",6084000
"Oregon State U.",77,"nsf",68243000
"Oregon State U.",77,"usda",44107000
"Oregon State U.",77,"othera",33599000
"U. Georgia",78,"all federal r d expenditures",221804000
"U. Georgia",78,"dod",8571000
"U. Georgia",78,"doe",16977000
"U. Georgia",78,"hhs",98339000
"U. Georgia",78,"nasa",1184000
"U. Georgia",78,"nsf",32580000
"U. Georgia",78,"usda",42427000
"U. Georgia",78,"othera",21726000
"U. Oklahoma, Norman and Health Science Center",79,"all federal r d expenditures",219964000
"U. Oklahoma, Norman and Health Science Center",79,"dod",17814000
"U. Oklahoma, Norman and Health Science Center",79,"doe",9640000
"U. Oklahoma, Norman and Health Science Center",79,"hhs",92264000
"U. Oklahoma, Norman and Health Science Center",79,"nasa",27360000
"U. Oklahoma, Norman and Health Science Center",79,"nsf",23986000
"U. Oklahoma, Norman and Health Science Center",79,"usda",840000
"U. Oklahoma, Norman and Health Science Center",79,"othera",48060000
"Princeton U.",80,"all federal r d expenditures",219600000
"Princeton U.",80,"dod",25234000
"Princeton U.",80,"doe",28060000
"Princeton U.",80,"hhs",58218000
"Princeton U.",80,"nasa",22689000
"Princeton U.",80,"nsf",70709000
"Princeton U.",80,"usda",931000
"Princeton U.",80,"othera",13759000
"U. Missouri, Columbia",81,"all federal r d expenditures",217091000
"U. Missouri, Columbia",81,"dod",14006000
"U. Missouri, Columbia",81,"doe",4912000
"U. Missouri, Columbia",81,"hhs",114981000
"U. Missouri, Columbia",81,"nasa",1763000
"U. Missouri, Columbia",81,"nsf",18383000
"U. Missouri, Columbia",81,"usda",32057000
"U. Missouri, Columbia",81,"othera",30989000
"U. Dayton",82,"all federal r d expenditures",216729000
"U. Dayton",82,"dod",204029000
"U. Dayton",82,"doe",987000
"U. Dayton",82,"hhs",2274000
"U. Dayton",82,"nasa",341000
"U. Dayton",82,"nsf",1533000
"U. Dayton",82,"usda",0
"U. Dayton",82,"othera",7565000
"U. Kansas",83,"all federal r d expenditures",211111000
"U. Kansas",83,"dod",8006000
"U. Kansas",83,"doe",6051000
"U. Kansas",83,"hhs",134942000
"U. Kansas",83,"nasa",2357000
"U. Kansas",83,"nsf",28554000
"U. Kansas",83,"usda",819000
"U. Kansas",83,"othera",30382000
"Washington State U.",84,"all federal r d expenditures",207086000
"Washington State U.",84,"dod",7770000
"Washington State U.",84,"doe",21866000
"Washington State U.",84,"hhs",65634000
"Washington State U.",84,"nasa",1021000
"Washington State U.",84,"nsf",17645000
"Washington State U.",84,"usda",61410000
"Washington State U.",84,"othera",31740000
"U. New Mexico",85,"all federal r d expenditures",205351000
"U. New Mexico",85,"dod",24162000
"U. New Mexico",85,"doe",15295000
"U. New Mexico",85,"hhs",120363000
"U. New Mexico",85,"nasa",2729000
"U. New Mexico",85,"nsf",33744000
"U. New Mexico",85,"usda",2473000
"U. New Mexico",85,"othera",6585000
"Wake Forest U.",86,"all federal r d expenditures",204713000
"Wake Forest U.",86,"dod",10658000
"Wake Forest U.",86,"doe",446000
"Wake Forest U.",86,"hhs",186595000
"Wake Forest U.",86,"nasa",901000
"Wake Forest U.",86,"nsf",2939000
"Wake Forest U.",86,"usda",381000
"Wake Forest U.",86,"othera",2793000
"U. Delaware",87,"all federal r d expenditures",202469000
"U. Delaware",87,"dod",24933000
"U. Delaware",87,"doe",15436000
"U. Delaware",87,"hhs",53333000
"U. Delaware",87,"nasa",6369000
"U. Delaware",87,"nsf",42731000
"U. Delaware",87,"usda",7014000
"U. Delaware",87,"othera",52653000
"U. Texas Health Science Center, Houston",88,"all federal r d expenditures",197759000
"U. Texas Health Science Center, Houston",88,"dod",10005000
"U. Texas Health Science Center, Houston",88,"doe",25000
"U. Texas Health Science Center, Houston",88,"hhs",179002000
"U. Texas Health Science Center, Houston",88,"nasa",371000
"U. Texas Health Science Center, Houston",88,"nsf",1861000
"U. Texas Health Science Center, Houston",88,"usda",2383000
"U. Texas Health Science Center, Houston",88,"othera",4112000
"Iowa State U.",89,"all federal r d expenditures",195394000
"Iowa State U.",89,"dod",12259000
"Iowa State U.",89,"doe",34045000
"Iowa State U.",89,"hhs",31326000
"Iowa State U.",89,"nasa",4612000
"Iowa State U.",89,"nsf",35809000
"Iowa State U.",89,"usda",50328000
"Iowa State U.",89,"othera",27015000
"Florida State U.",90,"all federal r d expenditures",195323000
"Florida State U.",90,"dod",24311000
"Florida State U.",90,"doe",10765000
"Florida State U.",90,"hhs",46547000
"Florida State U.",90,"nasa",3808000
"Florida State U.",90,"nsf",75363000
"Florida State U.",90,"usda",898000
"Florida State U.",90,"othera",33631000
"SUNY, Stony Brook U.",91,"all federal r d expenditures",192448000
"SUNY, Stony Brook U.",91,"dod",16848000
"SUNY, Stony Brook U.",91,"doe",24003000
"SUNY, Stony Brook U.",91,"hhs",90679000
"SUNY, Stony Brook U.",91,"nasa",4743000
"SUNY, Stony Brook U.",91,"nsf",44682000
"SUNY, Stony Brook U.",91,"usda",289000
"SUNY, Stony Brook U.",91,"othera",11204000
"U. Hawaii, Manoa",92,"all federal r d expenditures",192205000
"U. Hawaii, Manoa",92,"dod",43913000
"U. Hawaii, Manoa",92,"doe",5895000
"U. Hawaii, Manoa",92,"hhs",49521000
"U. Hawaii, Manoa",92,"nasa",12685000
"U. Hawaii, Manoa",92,"nsf",38423000
"U. Hawaii, Manoa",92,"usda",12709000
"U. Hawaii, Manoa",92,"othera",29059000
"Northeastern U.",93,"all federal r d expenditures",186013000
"Northeastern U.",93,"dod",43759000
"Northeastern U.",93,"doe",5837000
"Northeastern U.",93,"hhs",61331000
"Northeastern U.",93,"nasa",1983000
"Northeastern U.",93,"nsf",57624000
"Northeastern U.",93,"usda",116000
"Northeastern U.",93,"othera",15363000
"Virginia Commonwealth U.",94,"all federal r d expenditures",184852000
"Virginia Commonwealth U.",94,"dod",11522000
"Virginia Commonwealth U.",94,"doe",1708000
"Virginia Commonwealth U.",94,"hhs",138334000
"Virginia Commonwealth U.",94,"nasa",885000
"Virginia Commonwealth U.",94,"nsf",6997000
"Virginia Commonwealth U.",94,"usda",1064000
"Virginia Commonwealth U.",94,"othera",24342000
"U. California, Santa Barbara",95,"all federal r d expenditures",179896000
"U. California, Santa Barbara",95,"dod",51327000
"U. California, Santa Barbara",95,"doe",24864000
"U. California, Santa Barbara",95,"hhs",29897000
"U. California, Santa Barbara",95,"nasa",7085000
"U. California, Santa Barbara",95,"nsf",57467000
"U. California, Santa Barbara",95,"usda",693000
"U. California, Santa Barbara",95,"othera",8563000
"Medical U. South Carolina",96,"all federal r d expenditures",168957000
"Medical U. South Carolina",96,"dod",1201000
"Medical U. South Carolina",96,"doe",0
"Medical U. South Carolina",96,"hhs",160174000
"Medical U. South Carolina",96,"nasa",0
"Medical U. South Carolina",96,"nsf",423000
"Medical U. South Carolina",96,"usda",0
"Medical U. South Carolina",96,"othera",7159000
"Dartmouth C. and Dartmouth Hitchcock Medical Center",97,"all federal r d expenditures",168740000
"Dartmouth C. and Dartmouth Hitchcock Medical Center",97,"dod",11106000
"Dartmouth C. and Dartmouth Hitchcock Medical Center",97,"doe",5618000
"Dartmouth C. and Dartmouth Hitchcock Medical Center",97,"hhs",118308000
"Dartmouth C. and Dartmouth Hitchcock Medical Center",97,"nasa",4760000
"Dartmouth C. and Dartmouth Hitchcock Medical Center",97,"nsf",23150000
"Dartmouth C. and Dartmouth Hitchcock Medical Center",97,"usda",408000
"Dartmouth C. and Dartmouth Hitchcock Medical Center",97,"othera",5390000
"George Washington U.",98,"all federal r d expenditures",162892000
"George Washington U.",98,"dod",12721000
"George Washington U.",98,"doe",2739000
"George Washington U.",98,"hhs",114480000
"George Washington U.",98,"nasa",2659000
"George Washington U.",98,"nsf",16167000
"George Washington U.",98,"usda",437000
"George Washington U.",98,"othera",13689000
"U. Alaska, Fairbanks",99,"all federal r d expenditures",156702000
"U. Alaska, Fairbanks",99,"dod",41062000
"U. Alaska, Fairbanks",99,"doe",9402000
"U. Alaska, Fairbanks",99,"hhs",8005000
"U. Alaska, Fairbanks",99,"nasa",25141000
"U. Alaska, Fairbanks",99,"nsf",46220000
"U. Alaska, Fairbanks",99,"usda",3154000
"U. Alaska, Fairbanks",99,"othera",23718000
"Florida International U.",100,"all federal r d expenditures",156381000
"Florida International U.",100,"dod",23309000
"Florida International U.",100,"doe",10226000
"Florida International U.",100,"hhs",52808000
"Florida International U.",100,"nasa",2929000
"Florida International U.",100,"nsf",31761000
"Florida International U.",100,"usda",1093000
"Florida International U.",100,"othera",34255000
"Medical C. Wisconsin",101,"all federal r d expenditures",155403000
"Medical C. Wisconsin",101,"dod",7510000
"Medical C. Wisconsin",101,"doe",0
"Medical C. Wisconsin",101,"hhs",143675000
"Medical C. Wisconsin",101,"nasa",262000
"Medical C. Wisconsin",101,"nsf",446000
"Medical C. Wisconsin",101,"usda",199000
"Medical C. Wisconsin",101,"othera",3311000
"Temple U.",102,"all federal r d expenditures",154516000
"Temple U.",102,"dod",13822000
"Temple U.",102,"doe",3408000
"Temple U.",102,"hhs",118846000
"Temple U.",102,"nasa",221000
"Temple U.",102,"nsf",12823000
"Temple U.",102,"usda",295000
"Temple U.",102,"othera",5101000
"Tufts U.",103,"all federal r d expenditures",154458000
"Tufts U.",103,"dod",13073000
"Tufts U.",103,"doe",3281000
"Tufts U.",103,"hhs",88814000
"Tufts U.",103,"nasa",1192000
"Tufts U.",103,"nsf",12117000
"Tufts U.",103,"usda",18688000
"Tufts U.",103,"othera",17293000
"U. Tennessee, Knoxville",104,"all federal r d expenditures",153637000
"U. Tennessee, Knoxville",104,"dod",26963000
"U. Tennessee, Knoxville",104,"doe",57048000
"U. Tennessee, Knoxville",104,"hhs",13316000
"U. Tennessee, Knoxville",104,"nasa",2738000
"U. Tennessee, Knoxville",104,"nsf",23328000
"U. Tennessee, Knoxville",104,"usda",20159000
"U. Tennessee, Knoxville",104,"othera",10085000
"Tulane U.",105,"all federal r d expenditures",152468000
"Tulane U.",105,"dod",4515000
"Tulane U.",105,"doe",1202000
"Tulane U.",105,"hhs",128199000
"Tulane U.",105,"nasa",793000
"Tulane U.",105,"nsf",9465000
"Tulane U.",105,"usda",862000
"Tulane U.",105,"othera",7432000
"U. New Hampshire",106,"all federal r d expenditures",152377000
"U. New Hampshire",106,"dod",6308000
"U. New Hampshire",106,"doe",5360000
"U. New Hampshire",106,"hhs",21742000
"U. New Hampshire",106,"nasa",64820000
"U. New Hampshire",106,"nsf",20540000
"U. New Hampshire",106,"usda",9100000
"U. New Hampshire",106,"othera",24507000
"Mississippi State U.",107,"all federal r d expenditures",150804000
"Mississippi State U.",107,"dod",34737000
"Mississippi State U.",107,"doe",9088000
"Mississippi State U.",107,"hhs",9637000
"Mississippi State U.",107,"nasa",2751000
"Mississippi State U.",107,"nsf",13209000
"Mississippi State U.",107,"usda",39042000
"Mississippi State U.",107,"othera",42340000
"U. Texas Medical Branch",108,"all federal r d expenditures",150272000
"U. Texas Medical Branch",108,"dod",13840000
"U. Texas Medical Branch",108,"doe",389000
"U. Texas Medical Branch",108,"hhs",133123000
"U. Texas Medical Branch",108,"nasa",851000
"U. Texas Medical Branch",108,"nsf",735000
"U. Texas Medical Branch",108,"usda",742000
"U. Texas Medical Branch",108,"othera",592000
"U. Notre Dame",109,"all federal r d expenditures",147985000
"U. Notre Dame",109,"dod",35688000
"U. Notre Dame",109,"doe",15960000
"U. Notre Dame",109,"hhs",31968000
"U. Notre Dame",109,"nasa",4448000
"U. Notre Dame",109,"nsf",41477000
"U. Notre Dame",109,"usda",1212000
"U. Notre Dame",109,"othera",17232000
"U. Texas Health Science Center, San Antonio",110,"all federal r d expenditures",143730000
"U. Texas Health Science Center, San Antonio",110,"dod",7197000
"U. Texas Health Science Center, San Antonio",110,"doe",0
"U. Texas Health Science Center, San Antonio",110,"hhs",133227000
"U. Texas Health Science Center, San Antonio",110,"nasa",0
"U. Texas Health Science Center, San Antonio",110,"nsf",422000
"U. Texas Health Science Center, San Antonio",110,"usda",0
"U. Texas Health Science Center, San Antonio",110,"othera",2884000
"Montana State U., Bozeman",111,"all federal r d expenditures",142965000
"Montana State U., Bozeman",111,"dod",52929000
"Montana State U., Bozeman",111,"doe",5355000
"Montana State U., Bozeman",111,"hhs",19246000
"Montana State U., Bozeman",111,"nasa",8720000
"Montana State U., Bozeman",111,"nsf",22324000
"Montana State U., Bozeman",111,"usda",19630000
"Montana State U., Bozeman",111,"othera",14761000
"Wichita State U.",112,"all federal r d expenditures",142371000
"Wichita State U.",112,"dod",112906000
"Wichita State U.",112,"doe",749000
"Wichita State U.",112,"hhs",1559000
"Wichita State U.",112,"nasa",3233000
"Wichita State U.",112,"nsf",2787000
"Wichita State U.",112,"usda",19000
"Wichita State U.",112,"othera",21118000
"U. Massachusetts, Amherst",113,"all federal r d expenditures",138849000
"U. Massachusetts, Amherst",113,"dod",14781000
"U. Massachusetts, Amherst",113,"doe",7985000
"U. Massachusetts, Amherst",113,"hhs",46582000
"U. Massachusetts, Amherst",113,"nasa",5263000
"U. Massachusetts, Amherst",113,"nsf",38784000
"U. Massachusetts, Amherst",113,"usda",9883000
"U. Massachusetts, Amherst",113,"othera",15571000
"Clemson U.",114,"all federal r d expenditures",129955000
"Clemson U.",114,"dod",20118000
"Clemson U.",114,"doe",8141000
"Clemson U.",114,"hhs",20724000
"Clemson U.",114,"nasa",2098000
"Clemson U.",114,"nsf",23552000
"Clemson U.",114,"usda",11985000
"Clemson U.",114,"othera",43337000
"U. Vermont",115,"all federal r d expenditures",128645000
"U. Vermont",115,"dod",4713000
"U. Vermont",115,"doe",886000
"U. Vermont",115,"hhs",80259000
"U. Vermont",115,"nasa",1797000
"U. Vermont",115,"nsf",10563000
"U. Vermont",115,"usda",21988000
"U. Vermont",115,"othera",8439000
"Wayne State U.",116,"all federal r d expenditures",128521000
"Wayne State U.",116,"dod",7942000
"Wayne State U.",116,"doe",3296000
"Wayne State U.",116,"hhs",103377000
"Wayne State U.",116,"nasa",261000
"Wayne State U.",116,"nsf",10093000
"Wayne State U.",116,"usda",246000
"Wayne State U.",116,"othera",3306000
"Georgetown U.",117,"all federal r d expenditures",127370000
"Georgetown U.",117,"dod",12035000
"Georgetown U.",117,"doe",1253000
"Georgetown U.",117,"hhs",96381000
"Georgetown U.",117,"nasa",2462000
"Georgetown U.",117,"nsf",6527000
"Georgetown U.",117,"usda",57000
"Georgetown U.",117,"othera",8655000
"Louisiana State U., Baton Rouge",118,"all federal r d expenditures",127243000
"Louisiana State U., Baton Rouge",118,"dod",15251000
"Louisiana State U., Baton Rouge",118,"doe",6220000
"Louisiana State U., Baton Rouge",118,"hhs",50097000
"Louisiana State U., Baton Rouge",118,"nasa",6837000
"Louisiana State U., Baton Rouge",118,"nsf",20103000
"Louisiana State U., Baton Rouge",118,"usda",12045000
"Louisiana State U., Baton Rouge",118,"othera",16690000
"U. Alabama, Huntsville",119,"all federal r d expenditures",126040000
"U. Alabama, Huntsville",119,"dod",67527000
"U. Alabama, Huntsville",119,"doe",1177000
"U. Alabama, Huntsville",119,"hhs",671000
"U. Alabama, Huntsville",119,"nasa",36648000
"U. Alabama, Huntsville",119,"nsf",10710000
"U. Alabama, Huntsville",119,"usda",264000
"U. Alabama, Huntsville",119,"othera",9043000
"Auburn U., Auburn",120,"all federal r d expenditures",125783000
"Auburn U., Auburn",120,"dod",23535000
"Auburn U., Auburn",120,"doe",6113000
"Auburn U., Auburn",120,"hhs",18920000
"Auburn U., Auburn",120,"nasa",7446000
"Auburn U., Auburn",120,"nsf",15636000
"Auburn U., Auburn",120,"usda",31471000
"Auburn U., Auburn",120,"othera",22662000
"George Mason U.",121,"all federal r d expenditures",125437000
"George Mason U.",121,"dod",54139000
"George Mason U.",121,"doe",1057000
"George Mason U.",121,"hhs",24211000
"George Mason U.",121,"nasa",9030000
"George Mason U.",121,"nsf",16347000
"George Mason U.",121,"usda",372000
"George Mason U.",121,"othera",20281000
"U. South Carolina, Columbia",122,"all federal r d expenditures",124330000
"U. South Carolina, Columbia",122,"dod",15506000
"U. South Carolina, Columbia",122,"doe",10157000
"U. South Carolina, Columbia",122,"hhs",66974000
"U. South Carolina, Columbia",122,"nasa",4304000
"U. South Carolina, Columbia",122,"nsf",16472000
"U. South Carolina, Columbia",122,"usda",773000
"U. South Carolina, Columbia",122,"othera",10144000
"U. Central Florida",123,"all federal r d expenditures",124256000
"U. Central Florida",123,"dod",37555000
"U. Central Florida",123,"doe",10896000
"U. Central Florida",123,"hhs",23008000
"U. Central Florida",123,"nasa",12752000
"U. Central Florida",123,"nsf",26673000
"U. Central Florida",123,"usda",404000
"U. Central Florida",123,"othera",12968000
"U. California, Riverside",124,"all federal r d expenditures",120524000
"U. California, Riverside",124,"dod",11529000
"U. California, Riverside",124,"doe",7693000
"U. California, Riverside",124,"hhs",42967000
"U. California, Riverside",124,"nasa",3008000
"U. California, Riverside",124,"nsf",29853000
"U. California, Riverside",124,"usda",19062000
"U. California, Riverside",124,"othera",6412000
"Rice U.",125,"all federal r d expenditures",119853000
"Rice U.",125,"dod",27925000
"Rice U.",125,"doe",11116000
"Rice U.",125,"hhs",32746000
"Rice U.",125,"nasa",4323000
"Rice U.",125,"nsf",40654000
"Rice U.",125,"usda",375000
"Rice U.",125,"othera",2714000
"West Virginia U.",126,"all federal r d expenditures",114708000
"West Virginia U.",126,"dod",4152000
"West Virginia U.",126,"doe",13777000
"West Virginia U.",126,"hhs",55509000
"West Virginia U.",126,"nasa",5500000
"West Virginia U.",126,"nsf",14155000
"West Virginia U.",126,"usda",11701000
"West Virginia U.",126,"othera",9914000
"U. California, Santa Cruz",127,"all federal r d expenditures",112847000
"U. California, Santa Cruz",127,"dod",9431000
"U. California, Santa Cruz",127,"doe",6895000
"U. California, Santa Cruz",127,"hhs",56807000
"U. California, Santa Cruz",127,"nasa",5617000
"U. California, Santa Cruz",127,"nsf",21029000
"U. California, Santa Cruz",127,"usda",1354000
"U. California, Santa Cruz",127,"othera",11714000
"Thomas Jefferson U.",128,"all federal r d expenditures",110366000
"Thomas Jefferson U.",128,"dod",5295000
"Thomas Jefferson U.",128,"doe",119000
"Thomas Jefferson U.",128,"hhs",102067000
"Thomas Jefferson U.",128,"nasa",46000
"Thomas Jefferson U.",128,"nsf",15000
"Thomas Jefferson U.",128,"usda",2699000
"Thomas Jefferson U.",128,"othera",125000
"Drexel U.",129,"all federal r d expenditures",108724000
"Drexel U.",129,"dod",15008000
"Drexel U.",129,"doe",2239000
"Drexel U.",129,"hhs",66855000
"Drexel U.",129,"nasa",434000
"Drexel U.",129,"nsf",16875000
"Drexel U.",129,"usda",231000
"Drexel U.",129,"othera",7082000
"U. Rhode Island",130,"all federal r d expenditures",102056000
"U. Rhode Island",130,"dod",12127000
"U. Rhode Island",130,"doe",1652000
"U. Rhode Island",130,"hhs",26068000
"U. Rhode Island",130,"nasa",763000
"U. Rhode Island",130,"nsf",15519000
"U. Rhode Island",130,"usda",6867000
"U. Rhode Island",130,"othera",39060000
"Rockefeller U.",131,"all federal r d expenditures",101422000
"Rockefeller U.",131,"dod",797000
"Rockefeller U.",131,"doe",9000
"Rockefeller U.",131,"hhs",99873000
"Rockefeller U.",131,"nasa",11000
"Rockefeller U.",131,"nsf",706000
"Rockefeller U.",131,"usda",0
"Rockefeller U.",131,"othera",26000
"U. Louisville",132,"all federal r d expenditures",100890000
"U. Louisville",132,"dod",4794000
"U. Louisville",132,"doe",1455000
"U. Louisville",132,"hhs",80972000
"U. Louisville",132,"nasa",415000
"U. Louisville",132,"nsf",9497000
"U. Louisville",132,"usda",325000
"U. Louisville",132,"othera",3432000
"New Mexico Institute of Mining and Technology",133,"all federal r d expenditures",100873000
"New Mexico Institute of Mining and Technology",133,"dod",27914000
"New Mexico Institute of Mining and Technology",133,"doe",27550000
"New Mexico Institute of Mining and Technology",133,"hhs",1939000
"New Mexico Institute of Mining and Technology",133,"nasa",946000
"New Mexico Institute of Mining and Technology",133,"nsf",8111000
"New Mexico Institute of Mining and Technology",133,"usda",131000
"New Mexico Institute of Mining and Technology",133,"othera",34282000
"U. Oregon",134,"all federal r d expenditures",100265000
"U. Oregon",134,"dod",3179000
"U. Oregon",134,"doe",9006000
"U. Oregon",134,"hhs",51917000
"U. Oregon",134,"nasa",1566000
"U. Oregon",134,"nsf",20542000
"U. Oregon",134,"usda",857000
"U. Oregon",134,"othera",13198000
"U. Houston",135,"all federal r d expenditures",99450000
"U. Houston",135,"dod",8886000
"U. Houston",135,"doe",8303000
"U. Houston",135,"hhs",47430000
"U. Houston",135,"nasa",3862000
"U. Houston",135,"nsf",22004000
"U. Houston",135,"usda",386000
"U. Houston",135,"othera",8579000
"U. Arkansas for Medical Sciences",136,"all federal r d expenditures",94483000
"U. Arkansas for Medical Sciences",136,"dod",2845000
"U. Arkansas for Medical Sciences",136,"doe",0
"U. Arkansas for Medical Sciences",136,"hhs",88064000
"U. Arkansas for Medical Sciences",136,"nasa",629000
"U. Arkansas for Medical Sciences",136,"nsf",1184000
"U. Arkansas for Medical Sciences",136,"usda",590000
"U. Arkansas for Medical Sciences",136,"othera",1171000
"Rush U.",137,"all federal r d expenditures",93180000
"Rush U.",137,"dod",843000
"Rush U.",137,"doe",0
"Rush U.",137,"hhs",92007000
"Rush U.",137,"nasa",166000
"Rush U.",137,"nsf",0
"Rush U.",137,"usda",0
"Rush U.",137,"othera",164000
"U. Maine",138,"all federal r d expenditures",92870000
"U. Maine",138,"dod",25645000
"U. Maine",138,"doe",14654000
"U. Maine",138,"hhs",2878000
"U. Maine",138,"nasa",2837000
"U. Maine",138,"nsf",17637000
"U. Maine",138,"usda",16986000
"U. Maine",138,"othera",12233000
"Georgia State U.",139,"all federal r d expenditures",91331000
"Georgia State U.",139,"dod",2828000
"Georgia State U.",139,"doe",1022000
"Georgia State U.",139,"hhs",58933000
"Georgia State U.",139,"nasa",860000
"Georgia State U.",139,"nsf",13377000
"Georgia State U.",139,"usda",471000
"Georgia State U.",139,"othera",13840000
"U. Maryland, Baltimore County",140,"all federal r d expenditures",86573000
"U. Maryland, Baltimore County",140,"dod",6005000
"U. Maryland, Baltimore County",140,"doe",2044000
"U. Maryland, Baltimore County",140,"hhs",17085000
"U. Maryland, Baltimore County",140,"nasa",42341000
"U. Maryland, Baltimore County",140,"nsf",13537000
"U. Maryland, Baltimore County",140,"usda",2248000
"U. Maryland, Baltimore County",140,"othera",3313000
"U. Alabama, Tuscaloosa",141,"all federal r d expenditures",86244000
"U. Alabama, Tuscaloosa",141,"dod",13447000
"U. Alabama, Tuscaloosa",141,"doe",5599000
"U. Alabama, Tuscaloosa",141,"hhs",17648000
"U. Alabama, Tuscaloosa",141,"nasa",1911000
"U. Alabama, Tuscaloosa",141,"nsf",18364000
"U. Alabama, Tuscaloosa",141,"usda",1613000
"U. Alabama, Tuscaloosa",141,"othera",27662000
"U. Mississippi",142,"all federal r d expenditures",85186000
"U. Mississippi",142,"dod",7862000
"U. Mississippi",142,"doe",901000
"U. Mississippi",142,"hhs",59848000
"U. Mississippi",142,"nasa",867000
"U. Mississippi",142,"nsf",4799000
"U. Mississippi",142,"usda",5998000
"U. Mississippi",142,"othera",4911000
"U. Louisiana, Lafayette",143,"all federal r d expenditures",84898000
"U. Louisiana, Lafayette",143,"dod",3401000
"U. Louisiana, Lafayette",143,"doe",2600000
"U. Louisiana, Lafayette",143,"hhs",36026000
"U. Louisiana, Lafayette",143,"nasa",1145000
"U. Louisiana, Lafayette",143,"nsf",6541000
"U. Louisiana, Lafayette",143,"usda",2508000
"U. Louisiana, Lafayette",143,"othera",32677000
"U. Nevada, Reno",144,"all federal r d expenditures",83603000
"U. Nevada, Reno",144,"dod",5071000
"U. Nevada, Reno",144,"doe",9314000
"U. Nevada, Reno",144,"hhs",29312000
"U. Nevada, Reno",144,"nasa",1870000
"U. Nevada, Reno",144,"nsf",20342000
"U. Nevada, Reno",144,"usda",5750000
"U. Nevada, Reno",144,"othera",11944000
"Kansas State U.",145,"all federal r d expenditures",82610000
"Kansas State U.",145,"dod",3311000
"Kansas State U.",145,"doe",9349000
"Kansas State U.",145,"hhs",15011000
"Kansas State U.",145,"nasa",746000
"Kansas State U.",145,"nsf",15892000
"Kansas State U.",145,"usda",28874000
"Kansas State U.",145,"othera",9427000
"U. Arkansas, Fayetteville",146,"all federal r d expenditures",82164000
"U. Arkansas, Fayetteville",146,"dod",13068000
"U. Arkansas, Fayetteville",146,"doe",5913000
"U. Arkansas, Fayetteville",146,"hhs",13584000
"U. Arkansas, Fayetteville",146,"nasa",1038000
"U. Arkansas, Fayetteville",146,"nsf",22471000
"U. Arkansas, Fayetteville",146,"usda",18169000
"U. Arkansas, Fayetteville",146,"othera",7921000
"U. North Texas, Health Science Center",147,"all federal r d expenditures",77660000
"U. North Texas, Health Science Center",147,"dod",272000
"U. North Texas, Health Science Center",147,"doe",0
"U. North Texas, Health Science Center",147,"hhs",73730000
"U. North Texas, Health Science Center",147,"nasa",0
"U. North Texas, Health Science Center",147,"nsf",164000
"U. North Texas, Health Science Center",147,"usda",0
"U. North Texas, Health Science Center",147,"othera",3494000
"U. Montana, Missoula",148,"all federal r d expenditures",75490000
"U. Montana, Missoula",148,"dod",5712000
"U. Montana, Missoula",148,"doe",878000
"U. Montana, Missoula",148,"hhs",36918000
"U. Montana, Missoula",148,"nasa",1822000
"U. Montana, Missoula",148,"nsf",12241000
"U. Montana, Missoula",148,"usda",5424000
"U. Montana, Missoula",148,"othera",12495000
"New Mexico State U.",149,"all federal r d expenditures",71764000
"New Mexico State U.",149,"dod",19315000
"New Mexico State U.",149,"doe",7663000
"New Mexico State U.",149,"hhs",9105000
"New Mexico State U.",149,"nasa",5073000
"New Mexico State U.",149,"nsf",12984000
"New Mexico State U.",149,"usda",12516000
"New Mexico State U.",149,"othera",5108000
"U. Texas, El Paso",150,"all federal r d expenditures",70873000
"U. Texas, El Paso",150,"dod",12633000
"U. Texas, El Paso",150,"doe",5238000
"U. Texas, El Paso",150,"hhs",21672000
"U. Texas, El Paso",150,"nasa",2622000
"U. Texas, El Paso",150,"nsf",19551000
"U. Texas, El Paso",150,"usda",510000
"U. Texas, El Paso",150,"othera",8647000
"U. Tennessee, Health Science Center",151,"all federal r d expenditures",70676000
"U. Tennessee, Health Science Center",151,"dod",2549000
"U. Tennessee, Health Science Center",151,"doe",0
"U. Tennessee, Health Science Center",151,"hhs",66422000
"U. Tennessee, Health Science Center",151,"nasa",0
"U. Tennessee, Health Science Center",151,"nsf",135000
"U. Tennessee, Health Science Center",151,"usda",24000
"U. Tennessee, Health Science Center",151,"othera",1546000
"New Jersey Institute of Technology",152,"all federal r d expenditures",70080000
"New Jersey Institute of Technology",152,"dod",9550000
"New Jersey Institute of Technology",152,"doe",974000
"New Jersey Institute of Technology",152,"hhs",6630000
"New Jersey Institute of Technology",152,"nasa",3516000
"New Jersey Institute of Technology",152,"nsf",13523000
"New Jersey Institute of Technology",152,"usda",313000
"New Jersey Institute of Technology",152,"othera",35574000
"Colorado School of Mines",153,"all federal r d expenditures",68795000
"Colorado School of Mines",153,"dod",12241000
"Colorado School of Mines",153,"doe",25289000
"Colorado School of Mines",153,"hhs",2769000
"Colorado School of Mines",153,"nasa",3975000
"Colorado School of Mines",153,"nsf",19536000
"Colorado School of Mines",153,"usda",538000
"Colorado School of Mines",153,"othera",4447000
"U. Wyoming",154,"all federal r d expenditures",68467000
"U. Wyoming",154,"dod",1056000
"U. Wyoming",154,"doe",12148000
"U. Wyoming",154,"hhs",16804000
"U. Wyoming",154,"nasa",1022000
"U. Wyoming",154,"nsf",22534000
"U. Wyoming",154,"usda",7158000
"U. Wyoming",154,"othera",7745000
"San Diego State U.",155,"all federal r d expenditures",68045000
"San Diego State U.",155,"dod",6924000
"San Diego State U.",155,"doe",1334000
"San Diego State U.",155,"hhs",40732000
"San Diego State U.",155,"nasa",1209000
"San Diego State U.",155,"nsf",12196000
"San Diego State U.",155,"usda",605000
"San Diego State U.",155,"othera",5045000
"U. Texas, Dallas",156,"all federal r d expenditures",66127000
"U. Texas, Dallas",156,"dod",12884000
"U. Texas, Dallas",156,"doe",4243000
"U. Texas, Dallas",156,"hhs",28004000
"U. Texas, Dallas",156,"nasa",2861000
"U. Texas, Dallas",156,"nsf",17448000
"U. Texas, Dallas",156,"usda",56000
"U. Texas, Dallas",156,"othera",631000
"U. North Dakota",157,"all federal r d expenditures",65890000
"U. North Dakota",157,"dod",5363000
"U. North Dakota",157,"doe",20901000
"U. North Dakota",157,"hhs",21948000
"U. North Dakota",157,"nasa",1870000
"U. North Dakota",157,"nsf",3841000
"U. North Dakota",157,"usda",2051000
"U. North Dakota",157,"othera",9916000
"Augusta U.",158,"all federal r d expenditures",64410000
"Augusta U.",158,"dod",1989000
"Augusta U.",158,"doe",0
"Augusta U.",158,"hhs",61257000
"Augusta U.",158,"nasa",162000
"Augusta U.",158,"nsf",856000
"Augusta U.",158,"usda",0
"Augusta U.",158,"othera",146000
"Oklahoma State U., Stillwater",159,"all federal r d expenditures",64098000
"Oklahoma State U., Stillwater",159,"dod",7661000
"Oklahoma State U., Stillwater",159,"doe",6090000
"Oklahoma State U., Stillwater",159,"hhs",11340000
"Oklahoma State U., Stillwater",159,"nasa",3823000
"Oklahoma State U., Stillwater",159,"nsf",14273000
"Oklahoma State U., Stillwater",159,"usda",14775000
"Oklahoma State U., Stillwater",159,"othera",6136000
"SUNY, U. Albany",160,"all federal r d expenditures",62935000
"SUNY, U. Albany",160,"dod",2319000
"SUNY, U. Albany",160,"doe",1498000
"SUNY, U. Albany",160,"hhs",46250000
"SUNY, U. Albany",160,"nasa",748000
"SUNY, U. Albany",160,"nsf",6624000
"SUNY, U. Albany",160,"usda",676000
"SUNY, U. Albany",160,"othera",4820000
"Naval Postgraduate School",161,"all federal r d expenditures",62715000
"Naval Postgraduate School",161,"dod",56875000
"Naval Postgraduate School",161,"doe",1357000
"Naval Postgraduate School",161,"hhs",0
"Naval Postgraduate School",161,"nasa",1483000
"Naval Postgraduate School",161,"nsf",2092000
"Naval Postgraduate School",161,"usda",0
"Naval Postgraduate School",161,"othera",908000
"U. Idaho",162,"all federal r d expenditures",61531000
"U. Idaho",162,"dod",589000
"U. Idaho",162,"doe",4777000
"U. Idaho",162,"hhs",9337000
"U. Idaho",162,"nasa",3494000
"U. Idaho",162,"nsf",17921000
"U. Idaho",162,"usda",20068000
"U. Idaho",162,"othera",5345000
"U. Massachusetts, Lowell",163,"all federal r d expenditures",61413000
"U. Massachusetts, Lowell",163,"dod",20980000
"U. Massachusetts, Lowell",163,"doe",5058000
"U. Massachusetts, Lowell",163,"hhs",16578000
"U. Massachusetts, Lowell",163,"nasa",2770000
"U. Massachusetts, Lowell",163,"nsf",8163000
"U. Massachusetts, Lowell",163,"usda",240000
"U. Massachusetts, Lowell",163,"othera",7624000
"Texas Tech U.",164,"all federal r d expenditures",58922000
"Texas Tech U.",164,"dod",8205000
"Texas Tech U.",164,"doe",7136000
"Texas Tech U.",164,"hhs",5927000
"Texas Tech U.",164,"nasa",2686000
"Texas Tech U.",164,"nsf",13143000
"Texas Tech U.",164,"usda",5499000
"Texas Tech U.",164,"othera",16326000
"U. Texas, San Antonio",165,"all federal r d expenditures",58171000
"U. Texas, San Antonio",165,"dod",8071000
"U. Texas, San Antonio",165,"doe",9876000
"U. Texas, San Antonio",165,"hhs",20698000
"U. Texas, San Antonio",165,"nasa",2205000
"U. Texas, San Antonio",165,"nsf",8173000
"U. Texas, San Antonio",165,"usda",525000
"U. Texas, San Antonio",165,"othera",8623000
"Cleveland State U.",166,"all federal r d expenditures",56550000
"Cleveland State U.",166,"dod",4053000
"Cleveland State U.",166,"doe",396000
"Cleveland State U.",166,"hhs",46511000
"Cleveland State U.",166,"nasa",361000
"Cleveland State U.",166,"nsf",2375000
"Cleveland State U.",166,"usda",30000
"Cleveland State U.",166,"othera",2824000
"Rensselaer Polytechnic Institute",167,"all federal r d expenditures",56445000
"Rensselaer Polytechnic Institute",167,"dod",11163000
"Rensselaer Polytechnic Institute",167,"doe",11714000
"Rensselaer Polytechnic Institute",167,"hhs",14228000
"Rensselaer Polytechnic Institute",167,"nasa",2619000
"Rensselaer Polytechnic Institute",167,"nsf",14273000
"Rensselaer Polytechnic Institute",167,"usda",0
"Rensselaer Polytechnic Institute",167,"othera",2448000
"U. Texas, Arlington",168,"all federal r d expenditures",56337000
"U. Texas, Arlington",168,"dod",11021000
"U. Texas, Arlington",168,"doe",3474000
"U. Texas, Arlington",168,"hhs",13742000
"U. Texas, Arlington",168,"nasa",2233000
"U. Texas, Arlington",168,"nsf",12822000
"U. Texas, Arlington",168,"usda",1126000
"U. Texas, Arlington",168,"othera",11919000
"Florida A&M U.",169,"all federal r d expenditures",54363000
"Florida A&M U.",169,"dod",1501000
"Florida A&M U.",169,"doe",3360000
"Florida A&M U.",169,"hhs",7576000
"Florida A&M U.",169,"nasa",778000
"Florida A&M U.",169,"nsf",7064000
"Florida A&M U.",169,"usda",10818000
"Florida A&M U.",169,"othera",23266000
"Cold Spring Harbor Laboratory",170,"all federal r d expenditures",54123000
"Cold Spring Harbor Laboratory",170,"dod",2362000
"Cold Spring Harbor Laboratory",170,"doe",397000
"Cold Spring Harbor Laboratory",170,"hhs",44859000
"Cold Spring Harbor Laboratory",170,"nasa",0
"Cold Spring Harbor Laboratory",170,"nsf",4522000
"Cold Spring Harbor Laboratory",170,"usda",1983000
"Cold Spring Harbor Laboratory",170,"othera",0
"North Dakota State U.",171,"all federal r d expenditures",53339000
"North Dakota State U.",171,"dod",8962000
"North Dakota State U.",171,"doe",1011000
"North Dakota State U.",171,"hhs",9047000
"North Dakota State U.",171,"nasa",173000
"North Dakota State U.",171,"nsf",10647000
"North Dakota State U.",171,"usda",16517000
"North Dakota State U.",171,"othera",6982000
"Michigan Technological U.",172,"all federal r d expenditures",52102000
"Michigan Technological U.",172,"dod",18081000
"Michigan Technological U.",172,"doe",6662000
"Michigan Technological U.",172,"hhs",4905000
"Michigan Technological U.",172,"nasa",5735000
"Michigan Technological U.",172,"nsf",9785000
"Michigan Technological U.",172,"usda",2158000
"Michigan Technological U.",172,"othera",4776000
"Northern Arizona U.",173,"all federal r d expenditures",50491000
"Northern Arizona U.",173,"dod",7717000
"Northern Arizona U.",173,"doe",2659000
"Northern Arizona U.",173,"hhs",14539000
"Northern Arizona U.",173,"nasa",5096000
"Northern Arizona U.",173,"nsf",11658000
"Northern Arizona U.",173,"usda",5233000
"Northern Arizona U.",173,"othera",3589000
"U. Southern Mississippi",174,"all federal r d expenditures",48374000
"U. Southern Mississippi",174,"dod",12088000
"U. Southern Mississippi",174,"doe",306000
"U. Southern Mississippi",174,"hhs",4114000
"U. Southern Mississippi",174,"nasa",1945000
"U. Southern Mississippi",174,"nsf",3557000
"U. Southern Mississippi",174,"usda",1415000
"U. Southern Mississippi",174,"othera",24949000
"Howard U.",175,"all federal r d expenditures",47662000
"Howard U.",175,"dod",3763000
"Howard U.",175,"doe",610000
"Howard U.",175,"hhs",33942000
"Howard U.",175,"nasa",554000
"Howard U.",175,"nsf",5937000
"Howard U.",175,"usda",0
"Howard U.",175,"othera",2856000
"U. Puerto Rico, Medical Sciences Campus",176,"all federal r d expenditures",46789000
"U. Puerto Rico, Medical Sciences Campus",176,"dod",437000
"U. Puerto Rico, Medical Sciences Campus",176,"doe",0
"U. Puerto Rico, Medical Sciences Campus",176,"hhs",43095000
"U. Puerto Rico, Medical Sciences Campus",176,"nasa",250000
"U. Puerto Rico, Medical Sciences Campus",176,"nsf",1579000
"U. Puerto Rico, Medical Sciences Campus",176,"usda",9000
"U. Puerto Rico, Medical Sciences Campus",176,"othera",1419000
"Brandeis U.",177,"all federal r d expenditures",46654000
"Brandeis U.",177,"dod",609000
"Brandeis U.",177,"doe",2055000
"Brandeis U.",177,"hhs",35566000
"Brandeis U.",177,"nasa",326000
"Brandeis U.",177,"nsf",7849000
"Brandeis U.",177,"usda",0
"Brandeis U.",177,"othera",249000
"Syracuse U.",178,"all federal r d expenditures",46595000
"Syracuse U.",178,"dod",3574000
"Syracuse U.",178,"doe",2964000
"Syracuse U.",178,"hhs",18297000
"Syracuse U.",178,"nasa",305000
"Syracuse U.",178,"nsf",13639000
"Syracuse U.",178,"usda",1194000
"Syracuse U.",178,"othera",6622000
"Air Force Institute of Technology",179,"all federal r d expenditures",45087000
"Air Force Institute of Technology",179,"dod",41057000
"Air Force Institute of Technology",179,"doe",1607000
"Air Force Institute of Technology",179,"hhs",0
"Air Force Institute of Technology",179,"nasa",20000
"Air Force Institute of Technology",179,"nsf",35000
"Air Force Institute of Technology",179,"usda",0
"Air Force Institute of Technology",179,"othera",2368000
"Texas State U.",180,"all federal r d expenditures",44297000
"Texas State U.",180,"dod",4537000
"Texas State U.",180,"doe",571000
"Texas State U.",180,"hhs",7148000
"Texas State U.",180,"nasa",3376000
"Texas State U.",180,"nsf",6987000
"Texas State U.",180,"usda",1913000
"Texas State U.",180,"othera",19765000
"Saint Louis U.",181,"all federal r d expenditures",44157000
"Saint Louis U.",181,"dod",1378000
"Saint Louis U.",181,"doe",282000
"Saint Louis U.",181,"hhs",36662000
"Saint Louis U.",181,"nasa",208000
"Saint Louis U.",181,"nsf",3267000
"Saint Louis U.",181,"usda",121000
"Saint Louis U.",181,"othera",2239000
"U.S. Air Force Academy",182,"all federal r d expenditures",44056000
"U.S. Air Force Academy",182,"dod",43793000
"U.S. Air Force Academy",182,"doe",90000
"U.S. Air Force Academy",182,"hhs",0
"U.S. Air Force Academy",182,"nasa",146000
"U.S. Air Force Academy",182,"nsf",27000
"U.S. Air Force Academy",182,"usda",0
"U.S. Air Force Academy",182,"othera",0
"Stevens Institute of Technology",183,"all federal r d expenditures",44036000
"Stevens Institute of Technology",183,"dod",29801000
"Stevens Institute of Technology",183,"doe",1345000
"Stevens Institute of Technology",183,"hhs",3275000
"Stevens Institute of Technology",183,"nasa",1131000
"Stevens Institute of Technology",183,"nsf",6241000
"Stevens Institute of Technology",183,"usda",151000
"Stevens Institute of Technology",183,"othera",2092000
"Morehouse School of Medicine",184,"all federal r d expenditures",41069000
"Morehouse School of Medicine",184,"dod",854000
"Morehouse School of Medicine",184,"doe",0
"Morehouse School of Medicine",184,"hhs",39186000
"Morehouse School of Medicine",184,"nasa",0
"Morehouse School of Medicine",184,"nsf",952000
"Morehouse School of Medicine",184,"usda",0
"Morehouse School of Medicine",184,"othera",77000
"Touro U., New York",185,"all federal r d expenditures",40008000
"Touro U., New York",185,"dod",0
"Touro U., New York",185,"doe",0
"Touro U., New York",185,"hhs",40008000
"Touro U., New York",185,"nasa",0
"Touro U., New York",185,"nsf",0
"Touro U., New York",185,"usda",0
"Touro U., New York",185,"othera",0
"Lehigh U.",186,"all federal r d expenditures",39909000
"Lehigh U.",186,"dod",5433000
"Lehigh U.",186,"doe",6430000
"Lehigh U.",186,"hhs",8985000
"Lehigh U.",186,"nasa",391000
"Lehigh U.",186,"nsf",14720000
"Lehigh U.",186,"usda",134000
"Lehigh U.",186,"othera",3816000
"Indiana U.-Purdue U., Indianapolis",187,"all federal r d expenditures",39869000
"Indiana U.-Purdue U., Indianapolis",187,"dod",2065000
"Indiana U.-Purdue U., Indianapolis",187,"doe",1205000
"Indiana U.-Purdue U., Indianapolis",187,"hhs",22924000
"Indiana U.-Purdue U., Indianapolis",187,"nasa",20000
"Indiana U.-Purdue U., Indianapolis",187,"nsf",8876000
"Indiana U.-Purdue U., Indianapolis",187,"usda",147000
"Indiana U.-Purdue U., Indianapolis",187,"othera",4632000
"Boston C.",188,"all federal r d expenditures",39356000
"Boston C.",188,"dod",6761000
"Boston C.",188,"doe",952000
"Boston C.",188,"hhs",17454000
"Boston C.",188,"nasa",332000
"Boston C.",188,"nsf",9110000
"Boston C.",188,"usda",52000
"Boston C.",188,"othera",4695000
"U. Nevada, Las Vegas",189,"all federal r d expenditures",38815000
"U. Nevada, Las Vegas",189,"dod",1127000
"U. Nevada, Las Vegas",189,"doe",5695000
"U. Nevada, Las Vegas",189,"hhs",13063000
"U. Nevada, Las Vegas",189,"nasa",2278000
"U. Nevada, Las Vegas",189,"nsf",8972000
"U. Nevada, Las Vegas",189,"usda",1947000
"U. Nevada, Las Vegas",189,"othera",5733000
"CUNY, City C.",190,"all federal r d expenditures",38669000
"CUNY, City C.",190,"dod",2629000
"CUNY, City C.",190,"doe",2683000
"CUNY, City C.",190,"hhs",13221000
"CUNY, City C.",190,"nasa",2455000
"CUNY, City C.",190,"nsf",11770000
"CUNY, City C.",190,"usda",122000
"CUNY, City C.",190,"othera",5789000
"U. Toledo",191,"all federal r d expenditures",37872000
"U. Toledo",191,"dod",7381000
"U. Toledo",191,"doe",6210000
"U. Toledo",191,"hhs",15343000
"U. Toledo",191,"nasa",3682000
"U. Toledo",191,"nsf",2771000
"U. Toledo",191,"usda",654000
"U. Toledo",191,"othera",1831000
"Worcester Polytechnic Institute",192,"all federal r d expenditures",37736000
"Worcester Polytechnic Institute",192,"dod",10249000
"Worcester Polytechnic Institute",192,"doe",3200000
"Worcester Polytechnic Institute",192,"hhs",5543000
"Worcester Polytechnic Institute",192,"nasa",577000
"Worcester Polytechnic Institute",192,"nsf",13042000
"Worcester Polytechnic Institute",192,"usda",324000
"Worcester Polytechnic Institute",192,"othera",4801000
"Rochester Institute of Technology",193,"all federal r d expenditures",37334000
"Rochester Institute of Technology",193,"dod",6907000
"Rochester Institute of Technology",193,"doe",2565000
"Rochester Institute of Technology",193,"hhs",5597000
"Rochester Institute of Technology",193,"nasa",3210000
"Rochester Institute of Technology",193,"nsf",11449000
"Rochester Institute of Technology",193,"usda",293000
"Rochester Institute of Technology",193,"othera",7313000
"North Carolina A&T State U.",194,"all federal r d expenditures",37152000
"North Carolina A&T State U.",194,"dod",4693000
"North Carolina A&T State U.",194,"doe",3132000
"North Carolina A&T State U.",194,"hhs",4856000
"North Carolina A&T State U.",194,"nasa",2719000
"North Carolina A&T State U.",194,"nsf",9842000
"North Carolina A&T State U.",194,"usda",8379000
"North Carolina A&T State U.",194,"othera",3531000
"Louisiana State U., Health Sciences Center, New Orleans",195,"all federal r d expenditures",35933000
"Louisiana State U., Health Sciences Center, New Orleans",195,"dod",8e+05
"Louisiana State U., Health Sciences Center, New Orleans",195,"doe",0
"Louisiana State U., Health Sciences Center, New Orleans",195,"hhs",34595000
"Louisiana State U., Health Sciences Center, New Orleans",195,"nasa",85000
"Louisiana State U., Health Sciences Center, New Orleans",195,"nsf",58000
"Louisiana State U., Health Sciences Center, New Orleans",195,"usda",0
"Louisiana State U., Health Sciences Center, New Orleans",195,"othera",395000
"Boise State U.",196,"all federal r d expenditures",35801000
"Boise State U.",196,"dod",4780000
"Boise State U.",196,"doe",4229000
"Boise State U.",196,"hhs",7292000
"Boise State U.",196,"nasa",2296000
"Boise State U.",196,"nsf",11813000
"Boise State U.",196,"usda",1663000
"Boise State U.",196,"othera",3728000
"Catholic U. of America",197,"all federal r d expenditures",35502000
"Catholic U. of America",197,"dod",570000
"Catholic U. of America",197,"doe",4193000
"Catholic U. of America",197,"hhs",2416000
"Catholic U. of America",197,"nasa",25243000
"Catholic U. of America",197,"nsf",2580000
"Catholic U. of America",197,"usda",0
"Catholic U. of America",197,"othera",5e+05
"Florida Atlantic U.",198,"all federal r d expenditures",35108000
"Florida Atlantic U.",198,"dod",9229000
"Florida Atlantic U.",198,"doe",642000
"Florida Atlantic U.",198,"hhs",10689000
"Florida Atlantic U.",198,"nasa",873000
"Florida Atlantic U.",198,"nsf",6028000
"Florida Atlantic U.",198,"usda",2722000
"Florida Atlantic U.",198,"othera",4925000
"SUNY, Polytechnic Institute",199,"all federal r d expenditures",34393000
"SUNY, Polytechnic Institute",199,"dod",27332000
"SUNY, Polytechnic Institute",199,"doe",1149000
"SUNY, Polytechnic Institute",199,"hhs",1087000
"SUNY, Polytechnic Institute",199,"nasa",41000
"SUNY, Polytechnic Institute",199,"nsf",2448000
"SUNY, Polytechnic Institute",199,"usda",0
"SUNY, Polytechnic Institute",199,"othera",2336000
"U. North Carolina, Charlotte",200,"all federal r d expenditures",33784000
"U. North Carolina, Charlotte",200,"dod",2923000
"U. North Carolina, Charlotte",200,"doe",4525000
"U. North Carolina, Charlotte",200,"hhs",10351000
"U. North Carolina, Charlotte",200,"nasa",192000
"U. North Carolina, Charlotte",200,"nsf",11761000
"U. North Carolina, Charlotte",200,"usda",66000
"U. North Carolina, Charlotte",200,"othera",3966000
"U. Denver",201,"all federal r d expenditures",33148000
"U. Denver",201,"dod",570000
"U. Denver",201,"doe",130000
"U. Denver",201,"hhs",22422000
"U. Denver",201,"nasa",41000
"U. Denver",201,"nsf",4403000
"U. Denver",201,"usda",154000
"U. Denver",201,"othera",5428000
"William & Mary",202,"all federal r d expenditures",32631000
"William & Mary",202,"dod",2485000
"William & Mary",202,"doe",3284000
"William & Mary",202,"hhs",1800000
"William & Mary",202,"nasa",119000
"William & Mary",202,"nsf",8199000
"William & Mary",202,"usda",278000
"William & Mary",202,"othera",16466000
"Missouri U. of Science and Technology",203,"all federal r d expenditures",32457000
"Missouri U. of Science and Technology",203,"dod",7640000
"Missouri U. of Science and Technology",203,"doe",7851000
"Missouri U. of Science and Technology",203,"hhs",2729000
"Missouri U. of Science and Technology",203,"nasa",2951000
"Missouri U. of Science and Technology",203,"nsf",5360000
"Missouri U. of Science and Technology",203,"usda",125000
"Missouri U. of Science and Technology",203,"othera",5801000
"San Jose State U.",204,"all federal r d expenditures",31780000
"San Jose State U.",204,"dod",453000
"San Jose State U.",204,"doe",909000
"San Jose State U.",204,"hhs",3223000
"San Jose State U.",204,"nasa",17145000
"San Jose State U.",204,"nsf",4847000
"San Jose State U.",204,"usda",130000
"San Jose State U.",204,"othera",5073000
"Portland State U.",205,"all federal r d expenditures",31731000
"Portland State U.",205,"dod",2302000
"Portland State U.",205,"doe",1479000
"Portland State U.",205,"hhs",9367000
"Portland State U.",205,"nasa",610000
"Portland State U.",205,"nsf",8319000
"Portland State U.",205,"usda",711000
"Portland State U.",205,"othera",8943000
"SUNY, Binghamton U.",206,"all federal r d expenditures",31601000
"SUNY, Binghamton U.",206,"dod",5908000
"SUNY, Binghamton U.",206,"doe",1282000
"SUNY, Binghamton U.",206,"hhs",12847000
"SUNY, Binghamton U.",206,"nasa",0
"SUNY, Binghamton U.",206,"nsf",9406000
"SUNY, Binghamton U.",206,"usda",0
"SUNY, Binghamton U.",206,"othera",2158000
"U. North Carolina, Greensboro",207,"all federal r d expenditures",31581000
"U. North Carolina, Greensboro",207,"dod",4e+05
"U. North Carolina, Greensboro",207,"doe",48000
"U. North Carolina, Greensboro",207,"hhs",13358000
"U. North Carolina, Greensboro",207,"nasa",595000
"U. North Carolina, Greensboro",207,"nsf",3856000
"U. North Carolina, Greensboro",207,"usda",1091000
"U. North Carolina, Greensboro",207,"othera",12233000
"Brigham Young U., Provo",208,"all federal r d expenditures",31216000
"Brigham Young U., Provo",208,"dod",4295000
"Brigham Young U., Provo",208,"doe",4032000
"Brigham Young U., Provo",208,"hhs",8287000
"Brigham Young U., Provo",208,"nasa",1908000
"Brigham Young U., Provo",208,"nsf",9148000
"Brigham Young U., Provo",208,"usda",601000
"Brigham Young U., Provo",208,"othera",2945000
"Old Dominion U.",209,"all federal r d expenditures",31104000
"Old Dominion U.",209,"dod",6643000
"Old Dominion U.",209,"doe",4621000
"Old Dominion U.",209,"hhs",4467000
"Old Dominion U.",209,"nasa",1944000
"Old Dominion U.",209,"nsf",7351000
"Old Dominion U.",209,"usda",213000
"Old Dominion U.",209,"othera",5865000
"Van Andel Research Institute",210,"all federal r d expenditures",30934000
"Van Andel Research Institute",210,"dod",990000
"Van Andel Research Institute",210,"doe",217000
"Van Andel Research Institute",210,"hhs",29476000
"Van Andel Research Institute",210,"nasa",0
"Van Andel Research Institute",210,"nsf",251000
"Van Andel Research Institute",210,"usda",0
"Van Andel Research Institute",210,"othera",0
"East Carolina U.",211,"all federal r d expenditures",30851000
"East Carolina U.",211,"dod",2437000
"East Carolina U.",211,"doe",591000
"East Carolina U.",211,"hhs",17090000
"East Carolina U.",211,"nasa",425000
"East Carolina U.",211,"nsf",6791000
"East Carolina U.",211,"usda",130000
"East Carolina U.",211,"othera",3387000
"Morgan State U.",212,"all federal r d expenditures",30451000
"Morgan State U.",212,"dod",4399000
"Morgan State U.",212,"doe",131000
"Morgan State U.",212,"hhs",8464000
"Morgan State U.",212,"nasa",8502000
"Morgan State U.",212,"nsf",4738000
"Morgan State U.",212,"usda",115000
"Morgan State U.",212,"othera",4102000
"SUNY, Upstate Medical U.",213,"all federal r d expenditures",30069000
"SUNY, Upstate Medical U.",213,"dod",1630000
"SUNY, Upstate Medical U.",213,"doe",0
"SUNY, Upstate Medical U.",213,"hhs",28151000
"SUNY, Upstate Medical U.",213,"nasa",0
"SUNY, Upstate Medical U.",213,"nsf",41000
"SUNY, Upstate Medical U.",213,"usda",0
"SUNY, Upstate Medical U.",213,"othera",247000
"U. North Texas, Denton",214,"all federal r d expenditures",30017000
"U. North Texas, Denton",214,"dod",9215000
"U. North Texas, Denton",214,"doe",3793000
"U. North Texas, Denton",214,"hhs",5427000
"U. North Texas, Denton",214,"nasa",558000
"U. North Texas, Denton",214,"nsf",7489000
"U. North Texas, Denton",214,"usda",503000
"U. North Texas, Denton",214,"othera",3032000
"Mercer U.",215,"all federal r d expenditures",29944000
"Mercer U.",215,"dod",26952000
"Mercer U.",215,"doe",0
"Mercer U.",215,"hhs",2494000
"Mercer U.",215,"nasa",37000
"Mercer U.",215,"nsf",421000
"Mercer U.",215,"usda",0
"Mercer U.",215,"othera",40000
"Loyola U., Chicago",216,"all federal r d expenditures",29712000
"Loyola U., Chicago",216,"dod",826000
"Loyola U., Chicago",216,"doe",75000
"Loyola U., Chicago",216,"hhs",24329000
"Loyola U., Chicago",216,"nasa",0
"Loyola U., Chicago",216,"nsf",3318000
"Loyola U., Chicago",216,"usda",16000
"Loyola U., Chicago",216,"othera",1148000
"South Dakota State U.",217,"all federal r d expenditures",28897000
"South Dakota State U.",217,"dod",785000
"South Dakota State U.",217,"doe",283000
"South Dakota State U.",217,"hhs",5649000
"South Dakota State U.",217,"nasa",1089000
"South Dakota State U.",217,"nsf",3067000
"South Dakota State U.",217,"usda",15238000
"South Dakota State U.",217,"othera",2786000
"U. South Alabama",218,"all federal r d expenditures",28637000
"U. South Alabama",218,"dod",3863000
"U. South Alabama",218,"doe",365000
"U. South Alabama",218,"hhs",10008000
"U. South Alabama",218,"nasa",349000
"U. South Alabama",218,"nsf",5486000
"U. South Alabama",218,"usda",894000
"U. South Alabama",218,"othera",7672000
"U. California, Merced",219,"all federal r d expenditures",28576000
"U. California, Merced",219,"dod",1839000
"U. California, Merced",219,"doe",1927000
"U. California, Merced",219,"hhs",7004000
"U. California, Merced",219,"nasa",910000
"U. California, Merced",219,"nsf",10735000
"U. California, Merced",219,"usda",3810000
"U. California, Merced",219,"othera",2351000
"SUNY, Downstate Health Sciences U.",220,"all federal r d expenditures",28543000
"SUNY, Downstate Health Sciences U.",220,"dod",1760000
"SUNY, Downstate Health Sciences U.",220,"doe",0
"SUNY, Downstate Health Sciences U.",220,"hhs",26430000
"SUNY, Downstate Health Sciences U.",220,"nasa",0
"SUNY, Downstate Health Sciences U.",220,"nsf",231000
"SUNY, Downstate Health Sciences U.",220,"usda",0
"SUNY, Downstate Health Sciences U.",220,"othera",122000
"U. Missouri, Kansas City",221,"all federal r d expenditures",28115000
"U. Missouri, Kansas City",221,"dod",11816000
"U. Missouri, Kansas City",221,"doe",150000
"U. Missouri, Kansas City",221,"hhs",12707000
"U. Missouri, Kansas City",221,"nasa",256000
"U. Missouri, Kansas City",221,"nsf",1990000
"U. Missouri, Kansas City",221,"usda",190000
"U. Missouri, Kansas City",221,"othera",1006000
"Illinois Institute of Technology",222,"all federal r d expenditures",28027000
"Illinois Institute of Technology",222,"dod",1194000
"Illinois Institute of Technology",222,"doe",6361000
"Illinois Institute of Technology",222,"hhs",13250000
"Illinois Institute of Technology",222,"nasa",390000
"Illinois Institute of Technology",222,"nsf",4722000
"Illinois Institute of Technology",222,"usda",1032000
"Illinois Institute of Technology",222,"othera",1078000
"U. Massachusetts, Boston",223,"all federal r d expenditures",27098000
"U. Massachusetts, Boston",223,"dod",687000
"U. Massachusetts, Boston",223,"doe",0
"U. Massachusetts, Boston",223,"hhs",11250000
"U. Massachusetts, Boston",223,"nasa",816000
"U. Massachusetts, Boston",223,"nsf",6106000
"U. Massachusetts, Boston",223,"usda",97000
"U. Massachusetts, Boston",223,"othera",8142000
"U. Memphis",224,"all federal r d expenditures",26913000
"U. Memphis",224,"dod",4087000
"U. Memphis",224,"doe",536000
"U. Memphis",224,"hhs",10336000
"U. Memphis",224,"nasa",180000
"U. Memphis",224,"nsf",5771000
"U. Memphis",224,"usda",151000
"U. Memphis",224,"othera",5852000
"U. Wisconsin-Milwaukee",225,"all federal r d expenditures",25612000
"U. Wisconsin-Milwaukee",225,"dod",859000
"U. Wisconsin-Milwaukee",225,"doe",2698000
"U. Wisconsin-Milwaukee",225,"hhs",10328000
"U. Wisconsin-Milwaukee",225,"nasa",503000
"U. Wisconsin-Milwaukee",225,"nsf",8497000
"U. Wisconsin-Milwaukee",225,"usda",379000
"U. Wisconsin-Milwaukee",225,"othera",2348000
"U. Texas Rio Grande Valley",226,"all federal r d expenditures",25068000
"U. Texas Rio Grande Valley",226,"dod",1569000
"U. Texas Rio Grande Valley",226,"doe",1709000
"U. Texas Rio Grande Valley",226,"hhs",10558000
"U. Texas Rio Grande Valley",226,"nasa",132000
"U. Texas Rio Grande Valley",226,"nsf",7382000
"U. Texas Rio Grande Valley",226,"usda",2143000
"U. Texas Rio Grande Valley",226,"othera",1575000
"Delaware State U.",227,"all federal r d expenditures",24167000
"Delaware State U.",227,"dod",3092000
"Delaware State U.",227,"doe",0
"Delaware State U.",227,"hhs",8286000
"Delaware State U.",227,"nasa",101000
"Delaware State U.",227,"nsf",2039000
"Delaware State U.",227,"usda",5147000
"Delaware State U.",227,"othera",5502000
"Embry-Riddle Aeronautical U.",228,"all federal r d expenditures",23733000
"Embry-Riddle Aeronautical U.",228,"dod",4836000
"Embry-Riddle Aeronautical U.",228,"doe",187000
"Embry-Riddle Aeronautical U.",228,"hhs",376000
"Embry-Riddle Aeronautical U.",228,"nasa",1961000
"Embry-Riddle Aeronautical U.",228,"nsf",3619000
"Embry-Riddle Aeronautical U.",228,"usda",107000
"Embry-Riddle Aeronautical U.",228,"othera",12647000
"CUNY, Hunter C.",229,"all federal r d expenditures",22124000
"CUNY, Hunter C.",229,"dod",813000
"CUNY, Hunter C.",229,"doe",828000
"CUNY, Hunter C.",229,"hhs",18145000
"CUNY, Hunter C.",229,"nasa",324000
"CUNY, Hunter C.",229,"nsf",1787000
"CUNY, Hunter C.",229,"usda",0
"CUNY, Hunter C.",229,"othera",227000
"U. Nebraska, Omaha",230,"all federal r d expenditures",22096000
"U. Nebraska, Omaha",230,"dod",2956000
"U. Nebraska, Omaha",230,"doe",0
"U. Nebraska, Omaha",230,"hhs",4908000
"U. Nebraska, Omaha",230,"nasa",6000
"U. Nebraska, Omaha",230,"nsf",3766000
"U. Nebraska, Omaha",230,"usda",0
"U. Nebraska, Omaha",230,"othera",10460000
"Ohio U.",231,"all federal r d expenditures",21919000
"Ohio U.",231,"dod",889000
"Ohio U.",231,"doe",4303000
"Ohio U.",231,"hhs",8034000
"Ohio U.",231,"nasa",424000
"Ohio U.",231,"nsf",2568000
"Ohio U.",231,"usda",134000
"Ohio U.",231,"othera",5567000
"Desert Research Institute",232,"all federal r d expenditures",20061000
"Desert Research Institute",232,"dod",3508000
"Desert Research Institute",232,"doe",6210000
"Desert Research Institute",232,"hhs",1174000
"Desert Research Institute",232,"nasa",1376000
"Desert Research Institute",232,"nsf",2628000
"Desert Research Institute",232,"usda",1080000
"Desert Research Institute",232,"othera",4085000
"Marquette U.",233,"all federal r d expenditures",20055000
"Marquette U.",233,"dod",1924000
"Marquette U.",233,"doe",2952000
"Marquette U.",233,"hhs",10104000
"Marquette U.",233,"nasa",41000
"Marquette U.",233,"nsf",4396000
"Marquette U.",233,"usda",20000
"Marquette U.",233,"othera",618000
"Southern Methodist U.",234,"all federal r d expenditures",19986000
"Southern Methodist U.",234,"dod",4403000
"Southern Methodist U.",234,"doe",1302000
"Southern Methodist U.",234,"hhs",3721000
"Southern Methodist U.",234,"nasa",795000
"Southern Methodist U.",234,"nsf",5520000
"Southern Methodist U.",234,"usda",0
"Southern Methodist U.",234,"othera",4245000
"Marshall U.",235,"all federal r d expenditures",19797000
"Marshall U.",235,"dod",4724000
"Marshall U.",235,"doe",7000
"Marshall U.",235,"hhs",11438000
"Marshall U.",235,"nasa",184000
"Marshall U.",235,"nsf",694000
"Marshall U.",235,"usda",18000
"Marshall U.",235,"othera",2732000
"U.S. Military Academy",236,"all federal r d expenditures",19390000
"U.S. Military Academy",236,"dod",18493000
"U.S. Military Academy",236,"doe",1000
"U.S. Military Academy",236,"hhs",817000
"U.S. Military Academy",236,"nasa",0
"U.S. Military Academy",236,"nsf",79000
"U.S. Military Academy",236,"usda",0
"U.S. Military Academy",236,"othera",0
"California State U., Northridge",237,"all federal r d expenditures",19169000
"California State U., Northridge",237,"dod",1204000
"California State U., Northridge",237,"doe",240000
"California State U., Northridge",237,"hhs",8418000
"California State U., Northridge",237,"nasa",1345000
"California State U., Northridge",237,"nsf",7385000
"California State U., Northridge",237,"usda",102000
"California State U., Northridge",237,"othera",475000
"U. of the Virgin Islands",238,"all federal r d expenditures",19127000
"U. of the Virgin Islands",238,"dod",150000
"U. of the Virgin Islands",238,"doe",0
"U. of the Virgin Islands",238,"hhs",1523000
"U. of the Virgin Islands",238,"nasa",938000
"U. of the Virgin Islands",238,"nsf",8640000
"U. of the Virgin Islands",238,"usda",4090000
"U. of the Virgin Islands",238,"othera",3786000
"Wright State U.",239,"all federal r d expenditures",19081000
"Wright State U.",239,"dod",10171000
"Wright State U.",239,"doe",226000
"Wright State U.",239,"hhs",7150000
"Wright State U.",239,"nasa",173000
"Wright State U.",239,"nsf",647000
"Wright State U.",239,"usda",36000
"Wright State U.",239,"othera",678000
"U. Guam",240,"all federal r d expenditures",18992000
"U. Guam",240,"dod",2748000
"U. Guam",240,"doe",95000
"U. Guam",240,"hhs",2759000
"U. Guam",240,"nasa",682000
"U. Guam",240,"nsf",5195000
"U. Guam",240,"usda",4150000
"U. Guam",240,"othera",3363000
"Louisiana State U., Health Sciences Center, Shreveport",241,"all federal r d expenditures",18742000
"Louisiana State U., Health Sciences Center, Shreveport",241,"dod",125000
"Louisiana State U., Health Sciences Center, Shreveport",241,"doe",0
"Louisiana State U., Health Sciences Center, Shreveport",241,"hhs",18080000
"Louisiana State U., Health Sciences Center, Shreveport",241,"nasa",528000
"Louisiana State U., Health Sciences Center, Shreveport",241,"nsf",9000
"Louisiana State U., Health Sciences Center, Shreveport",241,"usda",0
"Louisiana State U., Health Sciences Center, Shreveport",241,"othera",0
"Rowan U.",242,"all federal r d expenditures",18454000
"Rowan U.",242,"dod",6945000
"Rowan U.",242,"doe",0
"Rowan U.",242,"hhs",6790000
"Rowan U.",242,"nasa",227000
"Rowan U.",242,"nsf",3562000
"Rowan U.",242,"usda",163000
"Rowan U.",242,"othera",767000
"Meharry Medical C.",243,"all federal r d expenditures",18398000
"Meharry Medical C.",243,"dod",159000
"Meharry Medical C.",243,"doe",396000
"Meharry Medical C.",243,"hhs",17321000
"Meharry Medical C.",243,"nasa",0
"Meharry Medical C.",243,"nsf",508000
"Meharry Medical C.",243,"usda",14000
"Meharry Medical C.",243,"othera",0
"Kent State U.",244,"all federal r d expenditures",17959000
"Kent State U.",244,"dod",682000
"Kent State U.",244,"doe",1142000
"Kent State U.",244,"hhs",9106000
"Kent State U.",244,"nasa",164000
"Kent State U.",244,"nsf",5691000
"Kent State U.",244,"usda",23000
"Kent State U.",244,"othera",1151000
"U. West Florida",245,"all federal r d expenditures",17954000
"U. West Florida",245,"dod",5514000
"U. West Florida",245,"doe",12000
"U. West Florida",245,"hhs",921000
"U. West Florida",245,"nasa",0
"U. West Florida",245,"nsf",1396000
"U. West Florida",245,"usda",0
"U. West Florida",245,"othera",10111000
"Eastern Virginia Medical School",246,"all federal r d expenditures",17947000
"Eastern Virginia Medical School",246,"dod",207000
"Eastern Virginia Medical School",246,"doe",0
"Eastern Virginia Medical School",246,"hhs",8650000
"Eastern Virginia Medical School",246,"nasa",671000
"Eastern Virginia Medical School",246,"nsf",1000
"Eastern Virginia Medical School",246,"usda",0
"Eastern Virginia Medical School",246,"othera",8418000
"CUNY, Queens C.",247,"all federal r d expenditures",17811000
"CUNY, Queens C.",247,"dod",672000
"CUNY, Queens C.",247,"doe",9893000
"CUNY, Queens C.",247,"hhs",4122000
"CUNY, Queens C.",247,"nasa",7000
"CUNY, Queens C.",247,"nsf",3015000
"CUNY, Queens C.",247,"usda",54000
"CUNY, Queens C.",247,"othera",48000
"Texas A&M U.-Corpus Christi",248,"all federal r d expenditures",17742000
"Texas A&M U.-Corpus Christi",248,"dod",1036000
"Texas A&M U.-Corpus Christi",248,"doe",132000
"Texas A&M U.-Corpus Christi",248,"hhs",2092000
"Texas A&M U.-Corpus Christi",248,"nasa",416000
"Texas A&M U.-Corpus Christi",248,"nsf",4994000
"Texas A&M U.-Corpus Christi",248,"usda",324000
"Texas A&M U.-Corpus Christi",248,"othera",8748000
"American U.",249,"all federal r d expenditures",17462000
"American U.",249,"dod",1333000
"American U.",249,"doe",162000
"American U.",249,"hhs",2241000
"American U.",249,"nasa",2965000
"American U.",249,"nsf",5629000
"American U.",249,"usda",284000
"American U.",249,"othera",4848000
"Southern Illinois U., Carbondale",250,"all federal r d expenditures",17209000
"Southern Illinois U., Carbondale",250,"dod",1217000
"Southern Illinois U., Carbondale",250,"doe",383000
"Southern Illinois U., Carbondale",250,"hhs",7244000
"Southern Illinois U., Carbondale",250,"nasa",285000
"Southern Illinois U., Carbondale",250,"nsf",2190000
"Southern Illinois U., Carbondale",250,"usda",1691000
"Southern Illinois U., Carbondale",250,"othera",4199000
"U. Colorado Denver",251,"all federal r d expenditures",17181000
"U. Colorado Denver",251,"dod",669000
"U. Colorado Denver",251,"doe",330000
"U. Colorado Denver",251,"hhs",8429000
"U. Colorado Denver",251,"nasa",111000
"U. Colorado Denver",251,"nsf",4345000
"U. Colorado Denver",251,"usda",11000
"U. Colorado Denver",251,"othera",3286000
"Baylor U.",252,"all federal r d expenditures",17147000
"Baylor U.",252,"dod",1973000
"Baylor U.",252,"doe",1647000
"Baylor U.",252,"hhs",6242000
"Baylor U.",252,"nasa",570000
"Baylor U.",252,"nsf",4529000
"Baylor U.",252,"usda",1536000
"Baylor U.",252,"othera",650000
"San Francisco State U.",253,"all federal r d expenditures",16507000
"San Francisco State U.",253,"dod",317000
"San Francisco State U.",253,"doe",319000
"San Francisco State U.",253,"hhs",8627000
"San Francisco State U.",253,"nasa",245000
"San Francisco State U.",253,"nsf",5871000
"San Francisco State U.",253,"usda",1000
"San Francisco State U.",253,"othera",1127000
"Jackson State U.",254,"all federal r d expenditures",16443000
"Jackson State U.",254,"dod",1912000
"Jackson State U.",254,"doe",435000
"Jackson State U.",254,"hhs",5846000
"Jackson State U.",254,"nasa",90000
"Jackson State U.",254,"nsf",5241000
"Jackson State U.",254,"usda",0
"Jackson State U.",254,"othera",2919000
"Rutgers, State U. New Jersey, Newark",255,"all federal r d expenditures",16315000
"Rutgers, State U. New Jersey, Newark",255,"dod",1393000
"Rutgers, State U. New Jersey, Newark",255,"doe",225000
"Rutgers, State U. New Jersey, Newark",255,"hhs",9325000
"Rutgers, State U. New Jersey, Newark",255,"nasa",0
"Rutgers, State U. New Jersey, Newark",255,"nsf",4904000
"Rutgers, State U. New Jersey, Newark",255,"usda",46000
"Rutgers, State U. New Jersey, Newark",255,"othera",422000
"U. Puerto Rico, Rio Piedras",256,"all federal r d expenditures",16053000
"U. Puerto Rico, Rio Piedras",256,"dod",264000
"U. Puerto Rico, Rio Piedras",256,"doe",263000
"U. Puerto Rico, Rio Piedras",256,"hhs",3358000
"U. Puerto Rico, Rio Piedras",256,"nasa",2313000
"U. Puerto Rico, Rio Piedras",256,"nsf",8653000
"U. Puerto Rico, Rio Piedras",256,"usda",627000
"U. Puerto Rico, Rio Piedras",256,"othera",575000
"Tuskegee U.",257,"all federal r d expenditures",16023000
"Tuskegee U.",257,"dod",2003000
"Tuskegee U.",257,"doe",0
"Tuskegee U.",257,"hhs",4243000
"Tuskegee U.",257,"nasa",161000
"Tuskegee U.",257,"nsf",4314000
"Tuskegee U.",257,"usda",4987000
"Tuskegee U.",257,"othera",315000
"Tennessee State U.",258,"all federal r d expenditures",15983000
"Tennessee State U.",258,"dod",242000
"Tennessee State U.",258,"doe",879000
"Tennessee State U.",258,"hhs",1701000
"Tennessee State U.",258,"nasa",59000
"Tennessee State U.",258,"nsf",1899000
"Tennessee State U.",258,"usda",10846000
"Tennessee State U.",258,"othera",357000
"U. Maryland Center for Environmental Science",259,"all federal r d expenditures",15378000
"U. Maryland Center for Environmental Science",259,"dod",232000
"U. Maryland Center for Environmental Science",259,"doe",855000
"U. Maryland Center for Environmental Science",259,"hhs",0
"U. Maryland Center for Environmental Science",259,"nasa",1090000
"U. Maryland Center for Environmental Science",259,"nsf",3719000
"U. Maryland Center for Environmental Science",259,"usda",329000
"U. Maryland Center for Environmental Science",259,"othera",9153000
"North Carolina Central U.",260,"all federal r d expenditures",15188000
"North Carolina Central U.",260,"dod",1316000
"North Carolina Central U.",260,"doe",1236000
"North Carolina Central U.",260,"hhs",8125000
"North Carolina Central U.",260,"nasa",1000
"North Carolina Central U.",260,"nsf",3164000
"North Carolina Central U.",260,"usda",153000
"North Carolina Central U.",260,"othera",1193000
"California Polytechnic State U., San Luis Obispo",261,"all federal r d expenditures",14810000
"California Polytechnic State U., San Luis Obispo",261,"dod",3550000
"California Polytechnic State U., San Luis Obispo",261,"doe",573000
"California Polytechnic State U., San Luis Obispo",261,"hhs",1667000
"California Polytechnic State U., San Luis Obispo",261,"nasa",156000
"California Polytechnic State U., San Luis Obispo",261,"nsf",4267000
"California Polytechnic State U., San Luis Obispo",261,"usda",1743000
"California Polytechnic State U., San Luis Obispo",261,"othera",2854000
"Texas Tech U., Health Sciences Center",262,"all federal r d expenditures",14732000
"Texas Tech U., Health Sciences Center",262,"dod",301000
"Texas Tech U., Health Sciences Center",262,"doe",0
"Texas Tech U., Health Sciences Center",262,"hhs",13810000
"Texas Tech U., Health Sciences Center",262,"nasa",0
"Texas Tech U., Health Sciences Center",262,"nsf",390000
"Texas Tech U., Health Sciences Center",262,"usda",201000
"Texas Tech U., Health Sciences Center",262,"othera",30000
"South Dakota School of Mines and Technology",263,"all federal r d expenditures",14640000
"South Dakota School of Mines and Technology",263,"dod",3749000
"South Dakota School of Mines and Technology",263,"doe",2290000
"South Dakota School of Mines and Technology",263,"hhs",502000
"South Dakota School of Mines and Technology",263,"nasa",1159000
"South Dakota School of Mines and Technology",263,"nsf",6263000
"South Dakota School of Mines and Technology",263,"usda",243000
"South Dakota School of Mines and Technology",263,"othera",434000
"Albany Medical C.",264,"all federal r d expenditures",14193000
"Albany Medical C.",264,"dod",434000
"Albany Medical C.",264,"doe",0
"Albany Medical C.",264,"hhs",13759000
"Albany Medical C.",264,"nasa",0
"Albany Medical C.",264,"nsf",0
"Albany Medical C.",264,"usda",0
"Albany Medical C.",264,"othera",0
"U. Hawaii, system office",265,"all federal r d expenditures",14150000
"U. Hawaii, system office",265,"dod",13426000
"U. Hawaii, system office",265,"doe",0
"U. Hawaii, system office",265,"hhs",0
"U. Hawaii, system office",265,"nasa",150000
"U. Hawaii, system office",265,"nsf",0
"U. Hawaii, system office",265,"usda",0
"U. Hawaii, system office",265,"othera",574000
"U. South Dakota",266,"all federal r d expenditures",14101000
"U. South Dakota",266,"dod",229000
"U. South Dakota",266,"doe",433000
"U. South Dakota",266,"hhs",9481000
"U. South Dakota",266,"nasa",62000
"U. South Dakota",266,"nsf",3275000
"U. South Dakota",266,"usda",0
"U. South Dakota",266,"othera",621000
"California State U., Long Beach",267,"all federal r d expenditures",13758000
"California State U., Long Beach",267,"dod",230000
"California State U., Long Beach",267,"doe",236000
"California State U., Long Beach",267,"hhs",7752000
"California State U., Long Beach",267,"nasa",118000
"California State U., Long Beach",267,"nsf",3518000
"California State U., Long Beach",267,"usda",678000
"California State U., Long Beach",267,"othera",1226000
"U. Massachusetts, Dartmouth",268,"all federal r d expenditures",13742000
"U. Massachusetts, Dartmouth",268,"dod",5972000
"U. Massachusetts, Dartmouth",268,"doe",72000
"U. Massachusetts, Dartmouth",268,"hhs",829000
"U. Massachusetts, Dartmouth",268,"nasa",63000
"U. Massachusetts, Dartmouth",268,"nsf",3949000
"U. Massachusetts, Dartmouth",268,"usda",0
"U. Massachusetts, Dartmouth",268,"othera",2857000
"Illinois State U.",269,"all federal r d expenditures",13612000
"Illinois State U.",269,"dod",155000
"Illinois State U.",269,"doe",2286000
"Illinois State U.",269,"hhs",1011000
"Illinois State U.",269,"nasa",0
"Illinois State U.",269,"nsf",3570000
"Illinois State U.",269,"usda",614000
"Illinois State U.",269,"othera",5976000
"CUNY, Graduate School of Public Health and Health Policy",270,"all federal r d expenditures",13413000
"CUNY, Graduate School of Public Health and Health Policy",270,"dod",0
"CUNY, Graduate School of Public Health and Health Policy",270,"doe",0
"CUNY, Graduate School of Public Health and Health Policy",270,"hhs",12396000
"CUNY, Graduate School of Public Health and Health Policy",270,"nasa",0
"CUNY, Graduate School of Public Health and Health Policy",270,"nsf",218000
"CUNY, Graduate School of Public Health and Health Policy",270,"usda",9000
"CUNY, Graduate School of Public Health and Health Policy",270,"othera",790000
"Charles R. Drew U. of Medicine and Science",271,"all federal r d expenditures",13297000
"Charles R. Drew U. of Medicine and Science",271,"dod",0
"Charles R. Drew U. of Medicine and Science",271,"doe",0
"Charles R. Drew U. of Medicine and Science",271,"hhs",13297000
"Charles R. Drew U. of Medicine and Science",271,"nasa",0
"Charles R. Drew U. of Medicine and Science",271,"nsf",0
"Charles R. Drew U. of Medicine and Science",271,"usda",0
"Charles R. Drew U. of Medicine and Science",271,"othera",0
"Missouri State U.",272,"all federal r d expenditures",12973000
"Missouri State U.",272,"dod",11623000
"Missouri State U.",272,"doe",0
"Missouri State U.",272,"hhs",135000
"Missouri State U.",272,"nasa",139000
"Missouri State U.",272,"nsf",266000
"Missouri State U.",272,"usda",350000
"Missouri State U.",272,"othera",460000
"Xavier U. Louisiana",273,"all federal r d expenditures",12833000
"Xavier U. Louisiana",273,"dod",245000
"Xavier U. Louisiana",273,"doe",20000
"Xavier U. Louisiana",273,"hhs",9845000
"Xavier U. Louisiana",273,"nasa",516000
"Xavier U. Louisiana",273,"nsf",1520000
"Xavier U. Louisiana",273,"usda",29000
"Xavier U. Louisiana",273,"othera",658000
"Creighton U.",274,"all federal r d expenditures",12681000
"Creighton U.",274,"dod",1235000
"Creighton U.",274,"doe",308000
"Creighton U.",274,"hhs",9786000
"Creighton U.",274,"nasa",158000
"Creighton U.",274,"nsf",835000
"Creighton U.",274,"usda",46000
"Creighton U.",274,"othera",313000
"U. Alaska, Anchorage",275,"all federal r d expenditures",12646000
"U. Alaska, Anchorage",275,"dod",948000
"U. Alaska, Anchorage",275,"doe",339000
"U. Alaska, Anchorage",275,"hhs",2985000
"U. Alaska, Anchorage",275,"nasa",485000
"U. Alaska, Anchorage",275,"nsf",3691000
"U. Alaska, Anchorage",275,"usda",89000
"U. Alaska, Anchorage",275,"othera",4109000
"Western Michigan U. and Homer Stryker M.D. School of Medicine",276,"all federal r d expenditures",12631000
"Western Michigan U. and Homer Stryker M.D. School of Medicine",276,"dod",557000
"Western Michigan U. and Homer Stryker M.D. School of Medicine",276,"doe",3292000
"Western Michigan U. and Homer Stryker M.D. School of Medicine",276,"hhs",1509000
"Western Michigan U. and Homer Stryker M.D. School of Medicine",276,"nasa",776000
"Western Michigan U. and Homer Stryker M.D. School of Medicine",276,"nsf",5536000
"Western Michigan U. and Homer Stryker M.D. School of Medicine",276,"usda",3000
"Western Michigan U. and Homer Stryker M.D. School of Medicine",276,"othera",958000
"U. Texas Health Science Center, Tyler",277,"all federal r d expenditures",12555000
"U. Texas Health Science Center, Tyler",277,"dod",110000
"U. Texas Health Science Center, Tyler",277,"doe",178000
"U. Texas Health Science Center, Tyler",277,"hhs",12267000
"U. Texas Health Science Center, Tyler",277,"nasa",0
"U. Texas Health Science Center, Tyler",277,"nsf",0
"U. Texas Health Science Center, Tyler",277,"usda",0
"U. Texas Health Science Center, Tyler",277,"othera",0
"Loma Linda U.",278,"all federal r d expenditures",12485000
"Loma Linda U.",278,"dod",7000
"Loma Linda U.",278,"doe",14000
"Loma Linda U.",278,"hhs",11258000
"Loma Linda U.",278,"nasa",1125000
"Loma Linda U.",278,"nsf",0
"Loma Linda U.",278,"usda",7000
"Loma Linda U.",278,"othera",74000
"Prairie View A&M U.",279,"all federal r d expenditures",12354000
"Prairie View A&M U.",279,"dod",1092000
"Prairie View A&M U.",279,"doe",622000
"Prairie View A&M U.",279,"hhs",68000
"Prairie View A&M U.",279,"nasa",816000
"Prairie View A&M U.",279,"nsf",2469000
"Prairie View A&M U.",279,"usda",6566000
"Prairie View A&M U.",279,"othera",721000
"U. Puerto Rico, Mayaguez",280,"all federal r d expenditures",12260000
"U. Puerto Rico, Mayaguez",280,"dod",791000
"U. Puerto Rico, Mayaguez",280,"doe",843000
"U. Puerto Rico, Mayaguez",280,"hhs",1320000
"U. Puerto Rico, Mayaguez",280,"nasa",195000
"U. Puerto Rico, Mayaguez",280,"nsf",4972000
"U. Puerto Rico, Mayaguez",280,"usda",771000
"U. Puerto Rico, Mayaguez",280,"othera",3368000
"Alabama A&M U.",281,"all federal r d expenditures",12197000
"Alabama A&M U.",281,"dod",1861000
"Alabama A&M U.",281,"doe",747000
"Alabama A&M U.",281,"hhs",6502000
"Alabama A&M U.",281,"nasa",180000
"Alabama A&M U.",281,"nsf",1449000
"Alabama A&M U.",281,"usda",468000
"Alabama A&M U.",281,"othera",990000
"CUNY, Advanced Science Research Center",282,"all federal r d expenditures",11916000
"CUNY, Advanced Science Research Center",282,"dod",5272000
"CUNY, Advanced Science Research Center",282,"doe",488000
"CUNY, Advanced Science Research Center",282,"hhs",4019000
"CUNY, Advanced Science Research Center",282,"nasa",139000
"CUNY, Advanced Science Research Center",282,"nsf",1656000
"CUNY, Advanced Science Research Center",282,"usda",215000
"CUNY, Advanced Science Research Center",282,"othera",127000
"Teachers C., Columbia U.",283,"all federal r d expenditures",11871000
"Teachers C., Columbia U.",283,"dod",0
"Teachers C., Columbia U.",283,"doe",0
"Teachers C., Columbia U.",283,"hhs",1113000
"Teachers C., Columbia U.",283,"nasa",0
"Teachers C., Columbia U.",283,"nsf",2873000
"Teachers C., Columbia U.",283,"usda",0
"Teachers C., Columbia U.",283,"othera",7885000
"Nova Southeastern U.",284,"all federal r d expenditures",11637000
"Nova Southeastern U.",284,"dod",4303000
"Nova Southeastern U.",284,"doe",0
"Nova Southeastern U.",284,"hhs",3786000
"Nova Southeastern U.",284,"nasa",0
"Nova Southeastern U.",284,"nsf",2e+05
"Nova Southeastern U.",284,"usda",1e+05
"Nova Southeastern U.",284,"othera",3248000
"Florida Institute of Technology",285,"all federal r d expenditures",11520000
"Florida Institute of Technology",285,"dod",4892000
"Florida Institute of Technology",285,"doe",583000
"Florida Institute of Technology",285,"hhs",815000
"Florida Institute of Technology",285,"nasa",1728000
"Florida Institute of Technology",285,"nsf",1307000
"Florida Institute of Technology",285,"usda",332000
"Florida Institute of Technology",285,"othera",1863000
"California State U., Sacramento",286,"all federal r d expenditures",11284000
"California State U., Sacramento",286,"dod",0
"California State U., Sacramento",286,"doe",0
"California State U., Sacramento",286,"hhs",315000
"California State U., Sacramento",286,"nasa",0
"California State U., Sacramento",286,"nsf",2115000
"California State U., Sacramento",286,"usda",1021000
"California State U., Sacramento",286,"othera",7833000
"Alcorn State U.",287,"all federal r d expenditures",10996000
"Alcorn State U.",287,"dod",35000
"Alcorn State U.",287,"doe",0
"Alcorn State U.",287,"hhs",277000
"Alcorn State U.",287,"nasa",15000
"Alcorn State U.",287,"nsf",65000
"Alcorn State U.",287,"usda",9485000
"Alcorn State U.",287,"othera",1119000
"Texas Southern U.",288,"all federal r d expenditures",10969000
"Texas Southern U.",288,"dod",0
"Texas Southern U.",288,"doe",0
"Texas Southern U.",288,"hhs",3616000
"Texas Southern U.",288,"nasa",0
"Texas Southern U.",288,"nsf",2232000
"Texas Southern U.",288,"usda",0
"Texas Southern U.",288,"othera",5121000
"Northern Illinois U.",289,"all federal r d expenditures",10849000
"Northern Illinois U.",289,"dod",255000
"Northern Illinois U.",289,"doe",3536000
"Northern Illinois U.",289,"hhs",1268000
"Northern Illinois U.",289,"nasa",189000
"Northern Illinois U.",289,"nsf",3345000
"Northern Illinois U.",289,"usda",18000
"Northern Illinois U.",289,"othera",2238000
"East Tennessee State U.",290,"all federal r d expenditures",10776000
"East Tennessee State U.",290,"dod",124000
"East Tennessee State U.",290,"doe",0
"East Tennessee State U.",290,"hhs",8632000
"East Tennessee State U.",290,"nasa",12000
"East Tennessee State U.",290,"nsf",601000
"East Tennessee State U.",290,"usda",113000
"East Tennessee State U.",290,"othera",1294000
"Miami U.",291,"all federal r d expenditures",10724000
"Miami U.",291,"dod",915000
"Miami U.",291,"doe",0
"Miami U.",291,"hhs",3991000
"Miami U.",291,"nasa",144000
"Miami U.",291,"nsf",4056000
"Miami U.",291,"usda",110000
"Miami U.",291,"othera",1508000
"U. Akron",292,"all federal r d expenditures",10709000
"U. Akron",292,"dod",1988000
"U. Akron",292,"doe",1335000
"U. Akron",292,"hhs",879000
"U. Akron",292,"nasa",1364000
"U. Akron",292,"nsf",4369000
"U. Akron",292,"usda",1000
"U. Akron",292,"othera",773000
"Clarkson U.",293,"all federal r d expenditures",10611000
"Clarkson U.",293,"dod",1942000
"Clarkson U.",293,"doe",294000
"Clarkson U.",293,"hhs",948000
"Clarkson U.",293,"nasa",133000
"Clarkson U.",293,"nsf",5081000
"Clarkson U.",293,"usda",189000
"Clarkson U.",293,"othera",2024000
"U.S. Naval Academy",294,"all federal r d expenditures",10260000
"U.S. Naval Academy",294,"dod",9512000
"U.S. Naval Academy",294,"doe",17000
"U.S. Naval Academy",294,"hhs",0
"U.S. Naval Academy",294,"nasa",50000
"U.S. Naval Academy",294,"nsf",681000
"U.S. Naval Academy",294,"usda",0
"U.S. Naval Academy",294,"othera",0
"U. Maryland, Eastern Shore",295,"all federal r d expenditures",10201000
"U. Maryland, Eastern Shore",295,"dod",882000
"U. Maryland, Eastern Shore",295,"doe",135000
"U. Maryland, Eastern Shore",295,"hhs",427000
"U. Maryland, Eastern Shore",295,"nasa",15000
"U. Maryland, Eastern Shore",295,"nsf",287000
"U. Maryland, Eastern Shore",295,"usda",5377000
"U. Maryland, Eastern Shore",295,"othera",3078000
"Chapman U.",296,"all federal r d expenditures",10015000
"Chapman U.",296,"dod",1950000
"Chapman U.",296,"doe",13000
"Chapman U.",296,"hhs",5558000
"Chapman U.",296,"nasa",188000
"Chapman U.",296,"nsf",953000
"Chapman U.",296,"usda",719000
"Chapman U.",296,"othera",634000
"Tennessee Technological U.",297,"all federal r d expenditures",9975000
"Tennessee Technological U.",297,"dod",635000
"Tennessee Technological U.",297,"doe",2460000
"Tennessee Technological U.",297,"hhs",320000
"Tennessee Technological U.",297,"nasa",82000
"Tennessee Technological U.",297,"nsf",2736000
"Tennessee Technological U.",297,"usda",5e+05
"Tennessee Technological U.",297,"othera",3242000
"Florida Gulf Coast U.",298,"all federal r d expenditures",9858000
"Florida Gulf Coast U.",298,"dod",97000
"Florida Gulf Coast U.",298,"doe",0
"Florida Gulf Coast U.",298,"hhs",1489000
"Florida Gulf Coast U.",298,"nasa",51000
"Florida Gulf Coast U.",298,"nsf",812000
"Florida Gulf Coast U.",298,"usda",45000
"Florida Gulf Coast U.",298,"othera",7364000
"California State U., San Marcos",299,"all federal r d expenditures",9845000
"California State U., San Marcos",299,"dod",2679000
"California State U., San Marcos",299,"doe",88000
"California State U., San Marcos",299,"hhs",2533000
"California State U., San Marcos",299,"nasa",719000
"California State U., San Marcos",299,"nsf",2081000
"California State U., San Marcos",299,"usda",156000
"California State U., San Marcos",299,"othera",1589000
"Oakland U.",300,"all federal r d expenditures",9600000
"Oakland U.",300,"dod",858000
"Oakland U.",300,"doe",27000
"Oakland U.",300,"hhs",5465000
"Oakland U.",300,"nasa",61000
"Oakland U.",300,"nsf",3164000
"Oakland U.",300,"usda",25000
"Oakland U.",300,"othera",0
"Central Michigan U.",301,"all federal r d expenditures",9591000
"Central Michigan U.",301,"dod",612000
"Central Michigan U.",301,"doe",1651000
"Central Michigan U.",301,"hhs",3643000
"Central Michigan U.",301,"nasa",40000
"Central Michigan U.",301,"nsf",1285000
"Central Michigan U.",301,"usda",1000
"Central Michigan U.",301,"othera",2359000
"Montana Technological U.",302,"all federal r d expenditures",9585000
"Montana Technological U.",302,"dod",6621000
"Montana Technological U.",302,"doe",457000
"Montana Technological U.",302,"hhs",567000
"Montana Technological U.",302,"nasa",35000
"Montana Technological U.",302,"nsf",524000
"Montana Technological U.",302,"usda",220000
"Montana Technological U.",302,"othera",1161000
"Texas A&M U.-Kingsville",303,"all federal r d expenditures",9584000
"Texas A&M U.-Kingsville",303,"dod",1048000
"Texas A&M U.-Kingsville",303,"doe",45000
"Texas A&M U.-Kingsville",303,"hhs",1322000
"Texas A&M U.-Kingsville",303,"nasa",454000
"Texas A&M U.-Kingsville",303,"nsf",2329000
"Texas A&M U.-Kingsville",303,"usda",2980000
"Texas A&M U.-Kingsville",303,"othera",1406000
"Hampton U.",304,"all federal r d expenditures",9445000
"Hampton U.",304,"dod",320000
"Hampton U.",304,"doe",1122000
"Hampton U.",304,"hhs",1682000
"Hampton U.",304,"nasa",3496000
"Hampton U.",304,"nsf",2825000
"Hampton U.",304,"usda",0
"Hampton U.",304,"othera",0
"SUNY, C. of Environmental Science and Forestry",305,"all federal r d expenditures",9231000
"SUNY, C. of Environmental Science and Forestry",305,"dod",1091000
"SUNY, C. of Environmental Science and Forestry",305,"doe",119000
"SUNY, C. of Environmental Science and Forestry",305,"hhs",2e+05
"SUNY, C. of Environmental Science and Forestry",305,"nasa",314000
"SUNY, C. of Environmental Science and Forestry",305,"nsf",2311000
"SUNY, C. of Environmental Science and Forestry",305,"usda",2077000
"SUNY, C. of Environmental Science and Forestry",305,"othera",3119000
"Idaho State U.",306,"all federal r d expenditures",9230000
"Idaho State U.",306,"dod",106000
"Idaho State U.",306,"doe",3593000
"Idaho State U.",306,"hhs",1795000
"Idaho State U.",306,"nasa",172000
"Idaho State U.",306,"nsf",3050000
"Idaho State U.",306,"usda",39000
"Idaho State U.",306,"othera",475000
"California State U., Los Angeles",307,"all federal r d expenditures",8973000
"California State U., Los Angeles",307,"dod",186000
"California State U., Los Angeles",307,"doe",119000
"California State U., Los Angeles",307,"hhs",3154000
"California State U., Los Angeles",307,"nasa",212000
"California State U., Los Angeles",307,"nsf",4755000
"California State U., Los Angeles",307,"usda",85000
"California State U., Los Angeles",307,"othera",462000
"Northeast Ohio Medical U.",308,"all federal r d expenditures",8873000
"Northeast Ohio Medical U.",308,"dod",262000
"Northeast Ohio Medical U.",308,"doe",0
"Northeast Ohio Medical U.",308,"hhs",8146000
"Northeast Ohio Medical U.",308,"nasa",0
"Northeast Ohio Medical U.",308,"nsf",409000
"Northeast Ohio Medical U.",308,"usda",0
"Northeast Ohio Medical U.",308,"othera",56000
"Villanova U.",309,"all federal r d expenditures",8741000
"Villanova U.",309,"dod",545000
"Villanova U.",309,"doe",142000
"Villanova U.",309,"hhs",2187000
"Villanova U.",309,"nasa",973000
"Villanova U.",309,"nsf",4300000
"Villanova U.",309,"usda",0
"Villanova U.",309,"othera",594000
"U. Tulsa",310,"all federal r d expenditures",8545000
"U. Tulsa",310,"dod",3591000
"U. Tulsa",310,"doe",819000
"U. Tulsa",310,"hhs",187000
"U. Tulsa",310,"nasa",115000
"U. Tulsa",310,"nsf",2712000
"U. Tulsa",310,"usda",209000
"U. Tulsa",310,"othera",912000
"California State U., East Bay",311,"all federal r d expenditures",8508000
"California State U., East Bay",311,"dod",0
"California State U., East Bay",311,"doe",290000
"California State U., East Bay",311,"hhs",262000
"California State U., East Bay",311,"nasa",23000
"California State U., East Bay",311,"nsf",2033000
"California State U., East Bay",311,"usda",504000
"California State U., East Bay",311,"othera",5396000
"New York Medical C.",312,"all federal r d expenditures",8226000
"New York Medical C.",312,"dod",482000
"New York Medical C.",312,"doe",0
"New York Medical C.",312,"hhs",7744000
"New York Medical C.",312,"nasa",0
"New York Medical C.",312,"nsf",0
"New York Medical C.",312,"usda",0
"New York Medical C.",312,"othera",0
"Bowling Green State U.",313,"all federal r d expenditures",8208000
"Bowling Green State U.",313,"dod",222000
"Bowling Green State U.",313,"doe",373000
"Bowling Green State U.",313,"hhs",2120000
"Bowling Green State U.",313,"nasa",129000
"Bowling Green State U.",313,"nsf",3273000
"Bowling Green State U.",313,"usda",239000
"Bowling Green State U.",313,"othera",1852000
"California State Polytechnic U., Pomona",314,"all federal r d expenditures",8162000
"California State Polytechnic U., Pomona",314,"dod",438000
"California State Polytechnic U., Pomona",314,"doe",227000
"California State Polytechnic U., Pomona",314,"hhs",1048000
"California State Polytechnic U., Pomona",314,"nasa",240000
"California State Polytechnic U., Pomona",314,"nsf",3329000
"California State Polytechnic U., Pomona",314,"usda",780000
"California State Polytechnic U., Pomona",314,"othera",2100000
"Louisiana Tech U.",315,"all federal r d expenditures",8118000
"Louisiana Tech U.",315,"dod",1613000
"Louisiana Tech U.",315,"doe",405000
"Louisiana Tech U.",315,"hhs",1210000
"Louisiana Tech U.",315,"nasa",292000
"Louisiana Tech U.",315,"nsf",3190000
"Louisiana Tech U.",315,"usda",327000
"Louisiana Tech U.",315,"othera",1081000
"U. North Carolina, Wilmington",316,"all federal r d expenditures",8116000
"U. North Carolina, Wilmington",316,"dod",648000
"U. North Carolina, Wilmington",316,"doe",114000
"U. North Carolina, Wilmington",316,"hhs",806000
"U. North Carolina, Wilmington",316,"nasa",249000
"U. North Carolina, Wilmington",316,"nsf",2718000
"U. North Carolina, Wilmington",316,"usda",97000
"U. North Carolina, Wilmington",316,"othera",3484000
"U. North Florida",317,"all federal r d expenditures",8113000
"U. North Florida",317,"dod",173000
"U. North Florida",317,"doe",75000
"U. North Florida",317,"hhs",3533000
"U. North Florida",317,"nasa",86000
"U. North Florida",317,"nsf",1130000
"U. North Florida",317,"usda",2000
"U. North Florida",317,"othera",3114000
"Winston-Salem State U.",318,"all federal r d expenditures",7901000
"Winston-Salem State U.",318,"dod",7000
"Winston-Salem State U.",318,"doe",65000
"Winston-Salem State U.",318,"hhs",2077000
"Winston-Salem State U.",318,"nasa",0
"Winston-Salem State U.",318,"nsf",1235000
"Winston-Salem State U.",318,"usda",0
"Winston-Salem State U.",318,"othera",4517000
"Clark Atlanta U.",319,"all federal r d expenditures",7687000
"Clark Atlanta U.",319,"dod",555000
"Clark Atlanta U.",319,"doe",266000
"Clark Atlanta U.",319,"hhs",3234000
"Clark Atlanta U.",319,"nasa",191000
"Clark Atlanta U.",319,"nsf",3377000
"Clark Atlanta U.",319,"usda",64000
"Clark Atlanta U.",319,"othera",0
"Texas Christian U.",320,"all federal r d expenditures",7627000
"Texas Christian U.",320,"dod",355000
"Texas Christian U.",320,"doe",143000
"Texas Christian U.",320,"hhs",4590000
"Texas Christian U.",320,"nasa",171000
"Texas Christian U.",320,"nsf",594000
"Texas Christian U.",320,"usda",69000
"Texas Christian U.",320,"othera",1705000
"California State U., San Bernardino",321,"all federal r d expenditures",7606000
"California State U., San Bernardino",321,"dod",56000
"California State U., San Bernardino",321,"doe",58000
"California State U., San Bernardino",321,"hhs",1518000
"California State U., San Bernardino",321,"nasa",139000
"California State U., San Bernardino",321,"nsf",4485000
"California State U., San Bernardino",321,"usda",17000
"California State U., San Bernardino",321,"othera",1333000
"Kentucky State U.",322,"all federal r d expenditures",7605000
"Kentucky State U.",322,"dod",0
"Kentucky State U.",322,"doe",0
"Kentucky State U.",322,"hhs",0
"Kentucky State U.",322,"nasa",0
"Kentucky State U.",322,"nsf",0
"Kentucky State U.",322,"usda",7605000
"Kentucky State U.",322,"othera",0
"U. Arkansas, Little Rock",323,"all federal r d expenditures",7544000
"U. Arkansas, Little Rock",323,"dod",2069000
"U. Arkansas, Little Rock",323,"doe",189000
"U. Arkansas, Little Rock",323,"hhs",619000
"U. Arkansas, Little Rock",323,"nasa",1805000
"U. Arkansas, Little Rock",323,"nsf",1575000
"U. Arkansas, Little Rock",323,"usda",1e+05
"U. Arkansas, Little Rock",323,"othera",1187000
"U. Minnesota, Duluth",324,"all federal r d expenditures",7533000
"U. Minnesota, Duluth",324,"dod",325000
"U. Minnesota, Duluth",324,"doe",554000
"U. Minnesota, Duluth",324,"hhs",59000
"U. Minnesota, Duluth",324,"nasa",20000
"U. Minnesota, Duluth",324,"nsf",2476000
"U. Minnesota, Duluth",324,"usda",314000
"U. Minnesota, Duluth",324,"othera",3785000
"Fort Valley State U.",325,"all federal r d expenditures",7505000
"Fort Valley State U.",325,"dod",0
"Fort Valley State U.",325,"doe",0
"Fort Valley State U.",325,"hhs",394000
"Fort Valley State U.",325,"nasa",0
"Fort Valley State U.",325,"nsf",634000
"Fort Valley State U.",325,"usda",6477000
"Fort Valley State U.",325,"othera",0
"CUNY, John Jay C. of Criminal Justice",326,"all federal r d expenditures",7452000
"CUNY, John Jay C. of Criminal Justice",326,"dod",14000
"CUNY, John Jay C. of Criminal Justice",326,"doe",0
"CUNY, John Jay C. of Criminal Justice",326,"hhs",2606000
"CUNY, John Jay C. of Criminal Justice",326,"nasa",0
"CUNY, John Jay C. of Criminal Justice",326,"nsf",1006000
"CUNY, John Jay C. of Criminal Justice",326,"usda",0
"CUNY, John Jay C. of Criminal Justice",326,"othera",3826000
"U. of the District of Columbia",327,"all federal r d expenditures",7367000
"U. of the District of Columbia",327,"dod",1624000
"U. of the District of Columbia",327,"doe",565000
"U. of the District of Columbia",327,"hhs",185000
"U. of the District of Columbia",327,"nasa",632000
"U. of the District of Columbia",327,"nsf",3333000
"U. of the District of Columbia",327,"usda",42000
"U. of the District of Columbia",327,"othera",986000
"Virginia State U.",328,"all federal r d expenditures",7166000
"Virginia State U.",328,"dod",963000
"Virginia State U.",328,"doe",265000
"Virginia State U.",328,"hhs",294000
"Virginia State U.",328,"nasa",79000
"Virginia State U.",328,"nsf",1151000
"Virginia State U.",328,"usda",4360000
"Virginia State U.",328,"othera",54000
"Pacific U.",329,"all federal r d expenditures",7133000
"Pacific U.",329,"dod",0
"Pacific U.",329,"doe",0
"Pacific U.",329,"hhs",3408000
"Pacific U.",329,"nasa",0
"Pacific U.",329,"nsf",2131000
"Pacific U.",329,"usda",0
"Pacific U.",329,"othera",1594000
"Rosalind Franklin U. of Medicine and Science",330,"all federal r d expenditures",7124000
"Rosalind Franklin U. of Medicine and Science",330,"dod",371000
"Rosalind Franklin U. of Medicine and Science",330,"doe",0
"Rosalind Franklin U. of Medicine and Science",330,"hhs",6648000
"Rosalind Franklin U. of Medicine and Science",330,"nasa",6000
"Rosalind Franklin U. of Medicine and Science",330,"nsf",0
"Rosalind Franklin U. of Medicine and Science",330,"usda",0
"Rosalind Franklin U. of Medicine and Science",330,"othera",99000
"Western Washington U.",331,"all federal r d expenditures",6598000
"Western Washington U.",331,"dod",0
"Western Washington U.",331,"doe",0
"Western Washington U.",331,"hhs",330000
"Western Washington U.",331,"nasa",267000
"Western Washington U.",331,"nsf",5695000
"Western Washington U.",331,"usda",18000
"Western Washington U.",331,"othera",288000
"Duquesne U.",332,"all federal r d expenditures",6555000
"Duquesne U.",332,"dod",1242000
"Duquesne U.",332,"doe",21000
"Duquesne U.",332,"hhs",3996000
"Duquesne U.",332,"nasa",0
"Duquesne U.",332,"nsf",476000
"Duquesne U.",332,"usda",18000
"Duquesne U.",332,"othera",802000
"Ball State U.",333,"all federal r d expenditures",6355000
"Ball State U.",333,"dod",58000
"Ball State U.",333,"doe",0
"Ball State U.",333,"hhs",4028000
"Ball State U.",333,"nasa",9000
"Ball State U.",333,"nsf",1196000
"Ball State U.",333,"usda",226000
"Ball State U.",333,"othera",838000
"MGH Institute of Health Professions",334,"all federal r d expenditures",6200000
"MGH Institute of Health Professions",334,"dod",0
"MGH Institute of Health Professions",334,"doe",0
"MGH Institute of Health Professions",334,"hhs",6200000
"MGH Institute of Health Professions",334,"nasa",0
"MGH Institute of Health Professions",334,"nsf",0
"MGH Institute of Health Professions",334,"usda",0
"MGH Institute of Health Professions",334,"othera",0
"Western U. of Health Sciences",335,"all federal r d expenditures",6099000
"Western U. of Health Sciences",335,"dod",530000
"Western U. of Health Sciences",335,"doe",0
"Western U. of Health Sciences",335,"hhs",5092000
"Western U. of Health Sciences",335,"nasa",0
"Western U. of Health Sciences",335,"nsf",5000
"Western U. of Health Sciences",335,"usda",472000
"Western U. of Health Sciences",335,"othera",0
"U. Hawaii, Hilo",336,"all federal r d expenditures",6068000
"U. Hawaii, Hilo",336,"dod",415000
"U. Hawaii, Hilo",336,"doe",31000
"U. Hawaii, Hilo",336,"hhs",811000
"U. Hawaii, Hilo",336,"nasa",179000
"U. Hawaii, Hilo",336,"nsf",671000
"U. Hawaii, Hilo",336,"usda",585000
"U. Hawaii, Hilo",336,"othera",3376000
"California State U., Fullerton",337,"all federal r d expenditures",6049000
"California State U., Fullerton",337,"dod",319000
"California State U., Fullerton",337,"doe",0
"California State U., Fullerton",337,"hhs",2486000
"California State U., Fullerton",337,"nasa",0
"California State U., Fullerton",337,"nsf",2733000
"California State U., Fullerton",337,"usda",86000
"California State U., Fullerton",337,"othera",425000
"U.S. Army War C.",338,"all federal r d expenditures",6035000
"U.S. Army War C.",338,"dod",494000
"U.S. Army War C.",338,"doe",0
"U.S. Army War C.",338,"hhs",197000
"U.S. Army War C.",338,"nasa",0
"U.S. Army War C.",338,"nsf",467000
"U.S. Army War C.",338,"usda",554000
"U.S. Army War C.",338,"othera",4323000
"U. Tennessee, Chattanooga",339,"all federal r d expenditures",6003000
"U. Tennessee, Chattanooga",339,"dod",826000
"U. Tennessee, Chattanooga",339,"doe",1136000
"U. Tennessee, Chattanooga",339,"hhs",332000
"U. Tennessee, Chattanooga",339,"nasa",0
"U. Tennessee, Chattanooga",339,"nsf",3219000
"U. Tennessee, Chattanooga",339,"usda",64000
"U. Tennessee, Chattanooga",339,"othera",426000
"Wesleyan U.",340,"all federal r d expenditures",5955000
"Wesleyan U.",340,"dod",317000
"Wesleyan U.",340,"doe",37000
"Wesleyan U.",340,"hhs",2133000
"Wesleyan U.",340,"nasa",551000
"Wesleyan U.",340,"nsf",2546000
"Wesleyan U.",340,"usda",0
"Wesleyan U.",340,"othera",371000
"Montclair State U.",341,"all federal r d expenditures",5916000
"Montclair State U.",341,"dod",0
"Montclair State U.",341,"doe",43000
"Montclair State U.",341,"hhs",1763000
"Montclair State U.",341,"nasa",67000
"Montclair State U.",341,"nsf",3038000
"Montclair State U.",341,"usda",34000
"Montclair State U.",341,"othera",971000
"Kennesaw State U.",342,"all federal r d expenditures",5908000
"Kennesaw State U.",342,"dod",361000
"Kennesaw State U.",342,"doe",90000
"Kennesaw State U.",342,"hhs",2818000
"Kennesaw State U.",342,"nasa",3000
"Kennesaw State U.",342,"nsf",2472000
"Kennesaw State U.",342,"usda",55000
"Kennesaw State U.",342,"othera",109000
"Naval War C.",343,"all federal r d expenditures",5819000
"Naval War C.",343,"dod",5819000
"Naval War C.",343,"doe",0
"Naval War C.",343,"hhs",0
"Naval War C.",343,"nasa",0
"Naval War C.",343,"nsf",0
"Naval War C.",343,"usda",0
"Naval War C.",343,"othera",0
"Morehouse C.",344,"all federal r d expenditures",5750000
"Morehouse C.",344,"dod",92000
"Morehouse C.",344,"doe",358000
"Morehouse C.",344,"hhs",1419000
"Morehouse C.",344,"nasa",0
"Morehouse C.",344,"nsf",3350000
"Morehouse C.",344,"usda",99000
"Morehouse C.",344,"othera",432000
"California State U., Monterey Bay",345,"all federal r d expenditures",5639000
"California State U., Monterey Bay",345,"dod",59000
"California State U., Monterey Bay",345,"doe",0
"California State U., Monterey Bay",345,"hhs",575000
"California State U., Monterey Bay",345,"nasa",1714000
"California State U., Monterey Bay",345,"nsf",2096000
"California State U., Monterey Bay",345,"usda",607000
"California State U., Monterey Bay",345,"othera",588000
"DePaul U.",346,"all federal r d expenditures",5592000
"DePaul U.",346,"dod",0
"DePaul U.",346,"doe",101000
"DePaul U.",346,"hhs",2807000
"DePaul U.",346,"nasa",345000
"DePaul U.",346,"nsf",2114000
"DePaul U.",346,"usda",0
"DePaul U.",346,"othera",225000
"Central State U.",347,"all federal r d expenditures",5523000
"Central State U.",347,"dod",138000
"Central State U.",347,"doe",0
"Central State U.",347,"hhs",265000
"Central State U.",347,"nasa",18000
"Central State U.",347,"nsf",364000
"Central State U.",347,"usda",4682000
"Central State U.",347,"othera",56000
"Gallaudet U.",347,"all federal r d expenditures",5523000
"Gallaudet U.",347,"dod",132000
"Gallaudet U.",347,"doe",0
"Gallaudet U.",347,"hhs",3271000
"Gallaudet U.",347,"nasa",35000
"Gallaudet U.",347,"nsf",1105000
"Gallaudet U.",347,"usda",0
"Gallaudet U.",347,"othera",980000
"CUNY, Brooklyn C.",349,"all federal r d expenditures",5518000
"CUNY, Brooklyn C.",349,"dod",0
"CUNY, Brooklyn C.",349,"doe",182000
"CUNY, Brooklyn C.",349,"hhs",3790000
"CUNY, Brooklyn C.",349,"nasa",0
"CUNY, Brooklyn C.",349,"nsf",1328000
"CUNY, Brooklyn C.",349,"usda",216000
"CUNY, Brooklyn C.",349,"othera",2000
"Tarleton State U.",350,"all federal r d expenditures",5478000
"Tarleton State U.",350,"dod",0
"Tarleton State U.",350,"doe",0
"Tarleton State U.",350,"hhs",1000
"Tarleton State U.",350,"nasa",0
"Tarleton State U.",350,"nsf",991000
"Tarleton State U.",350,"usda",4467000
"Tarleton State U.",350,"othera",19000
"Langston U.",351,"all federal r d expenditures",5473000
"Langston U.",351,"dod",6e+05
"Langston U.",351,"doe",0
"Langston U.",351,"hhs",111000
"Langston U.",351,"nasa",119000
"Langston U.",351,"nsf",625000
"Langston U.",351,"usda",3984000
"Langston U.",351,"othera",34000
"South Carolina State U.",352,"all federal r d expenditures",5330000
"South Carolina State U.",352,"dod",197000
"South Carolina State U.",352,"doe",558000
"South Carolina State U.",352,"hhs",830000
"South Carolina State U.",352,"nasa",21000
"South Carolina State U.",352,"nsf",620000
"South Carolina State U.",352,"usda",2784000
"South Carolina State U.",352,"othera",320000
"U. New Orleans",353,"all federal r d expenditures",5283000
"U. New Orleans",353,"dod",1529000
"U. New Orleans",353,"doe",38000
"U. New Orleans",353,"hhs",78000
"U. New Orleans",353,"nasa",753000
"U. New Orleans",353,"nsf",1341000
"U. New Orleans",353,"usda",0
"U. New Orleans",353,"othera",1544000
"U. Colorado Colorado Springs",354,"all federal r d expenditures",5205000
"U. Colorado Colorado Springs",354,"dod",1435000
"U. Colorado Colorado Springs",354,"doe",230000
"U. Colorado Colorado Springs",354,"hhs",653000
"U. Colorado Colorado Springs",354,"nasa",68000
"U. Colorado Colorado Springs",354,"nsf",2438000
"U. Colorado Colorado Springs",354,"usda",80000
"U. Colorado Colorado Springs",354,"othera",301000
"Salisbury U.",355,"all federal r d expenditures",5049000
"Salisbury U.",355,"dod",0
"Salisbury U.",355,"doe",0
"Salisbury U.",355,"hhs",2214000
"Salisbury U.",355,"nasa",0
"Salisbury U.",355,"nsf",730000
"Salisbury U.",355,"usda",58000
"Salisbury U.",355,"othera",2047000
"C. Charleston",356,"all federal r d expenditures",5036000
"C. Charleston",356,"dod",0
"C. Charleston",356,"doe",3000
"C. Charleston",356,"hhs",584000
"C. Charleston",356,"nasa",2212000
"C. Charleston",356,"nsf",1067000
"C. Charleston",356,"usda",208000
"C. Charleston",356,"othera",962000
"California State U., Fresno",357,"all federal r d expenditures",4864000
"California State U., Fresno",357,"dod",0
"California State U., Fresno",357,"doe",86000
"California State U., Fresno",357,"hhs",1694000
"California State U., Fresno",357,"nasa",187000
"California State U., Fresno",357,"nsf",1830000
"California State U., Fresno",357,"usda",869000
"California State U., Fresno",357,"othera",198000
"U. New England",358,"all federal r d expenditures",4777000
"U. New England",358,"dod",0
"U. New England",358,"doe",27000
"U. New England",358,"hhs",4328000
"U. New England",358,"nasa",0
"U. New England",358,"nsf",374000
"U. New England",358,"usda",3000
"U. New England",358,"othera",45000
"Oklahoma State U., Center for Health Sciences",359,"all federal r d expenditures",4773000
"Oklahoma State U., Center for Health Sciences",359,"dod",0
"Oklahoma State U., Center for Health Sciences",359,"doe",0
"Oklahoma State U., Center for Health Sciences",359,"hhs",4291000
"Oklahoma State U., Center for Health Sciences",359,"nasa",0
"Oklahoma State U., Center for Health Sciences",359,"nsf",18000
"Oklahoma State U., Center for Health Sciences",359,"usda",285000
"Oklahoma State U., Center for Health Sciences",359,"othera",179000
"Southern U. and A&M C., Agricultural Research and Extension Center",360,"all federal r d expenditures",4688000
"Southern U. and A&M C., Agricultural Research and Extension Center",360,"dod",0
"Southern U. and A&M C., Agricultural Research and Extension Center",360,"doe",0
"Southern U. and A&M C., Agricultural Research and Extension Center",360,"hhs",0
"Southern U. and A&M C., Agricultural Research and Extension Center",360,"nasa",0
"Southern U. and A&M C., Agricultural Research and Extension Center",360,"nsf",0
"Southern U. and A&M C., Agricultural Research and Extension Center",360,"usda",4688000
"Southern U. and A&M C., Agricultural Research and Extension Center",360,"othera",0
"Fordham U.",361,"all federal r d expenditures",4687000
"Fordham U.",361,"dod",64000
"Fordham U.",361,"doe",75000
"Fordham U.",361,"hhs",3132000
"Fordham U.",361,"nasa",0
"Fordham U.",361,"nsf",647000
"Fordham U.",361,"usda",0
"Fordham U.",361,"othera",769000
"Providence C.",362,"all federal r d expenditures",4648000
"Providence C.",362,"dod",177000
"Providence C.",362,"doe",0
"Providence C.",362,"hhs",858000
"Providence C.",362,"nasa",0
"Providence C.",362,"nsf",673000
"Providence C.",362,"usda",0
"Providence C.",362,"othera",2940000
"Lincoln U., Jefferson City",363,"all federal r d expenditures",4610000
"Lincoln U., Jefferson City",363,"dod",0
"Lincoln U., Jefferson City",363,"doe",0
"Lincoln U., Jefferson City",363,"hhs",0
"Lincoln U., Jefferson City",363,"nasa",0
"Lincoln U., Jefferson City",363,"nsf",503000
"Lincoln U., Jefferson City",363,"usda",4107000
"Lincoln U., Jefferson City",363,"othera",0
"Northwest Indian C.",364,"all federal r d expenditures",4595000
"Northwest Indian C.",364,"dod",0
"Northwest Indian C.",364,"doe",0
"Northwest Indian C.",364,"hhs",908000
"Northwest Indian C.",364,"nasa",243000
"Northwest Indian C.",364,"nsf",942000
"Northwest Indian C.",364,"usda",128000
"Northwest Indian C.",364,"othera",2374000
"U. Missouri, Saint Louis",365,"all federal r d expenditures",4569000
"U. Missouri, Saint Louis",365,"dod",182000
"U. Missouri, Saint Louis",365,"doe",0
"U. Missouri, Saint Louis",365,"hhs",2364000
"U. Missouri, Saint Louis",365,"nasa",3000
"U. Missouri, Saint Louis",365,"nsf",1162000
"U. Missouri, Saint Louis",365,"usda",220000
"U. Missouri, Saint Louis",365,"othera",638000
"Spelman C.",366,"all federal r d expenditures",4567000
"Spelman C.",366,"dod",996000
"Spelman C.",366,"doe",60000
"Spelman C.",366,"hhs",871000
"Spelman C.",366,"nasa",85000
"Spelman C.",366,"nsf",2261000
"Spelman C.",366,"usda",78000
"Spelman C.",366,"othera",216000
"CUNY, Lehman C.",367,"all federal r d expenditures",4487000
"CUNY, Lehman C.",367,"dod",66000
"CUNY, Lehman C.",367,"doe",149000
"CUNY, Lehman C.",367,"hhs",2088000
"CUNY, Lehman C.",367,"nasa",254000
"CUNY, Lehman C.",367,"nsf",1839000
"CUNY, Lehman C.",367,"usda",31000
"CUNY, Lehman C.",367,"othera",60000
"Southern U. and A&M C., Baton Rouge",368,"all federal r d expenditures",4444000
"Southern U. and A&M C., Baton Rouge",368,"dod",168000
"Southern U. and A&M C., Baton Rouge",368,"doe",191000
"Southern U. and A&M C., Baton Rouge",368,"hhs",106000
"Southern U. and A&M C., Baton Rouge",368,"nasa",213000
"Southern U. and A&M C., Baton Rouge",368,"nsf",3730000
"Southern U. and A&M C., Baton Rouge",368,"usda",36000
"Southern U. and A&M C., Baton Rouge",368,"othera",0
"U. Detroit Mercy",369,"all federal r d expenditures",4434000
"U. Detroit Mercy",369,"dod",577000
"U. Detroit Mercy",369,"doe",0
"U. Detroit Mercy",369,"hhs",3457000
"U. Detroit Mercy",369,"nasa",0
"U. Detroit Mercy",369,"nsf",352000
"U. Detroit Mercy",369,"usda",0
"U. Detroit Mercy",369,"othera",48000
"Norfolk State U.",370,"all federal r d expenditures",4381000
"Norfolk State U.",370,"dod",580000
"Norfolk State U.",370,"doe",641000
"Norfolk State U.",370,"hhs",87000
"Norfolk State U.",370,"nasa",0
"Norfolk State U.",370,"nsf",2931000
"Norfolk State U.",370,"usda",0
"Norfolk State U.",370,"othera",142000
"Pennsylvania State U., Behrend",371,"all federal r d expenditures",4378000
"Pennsylvania State U., Behrend",371,"dod",61000
"Pennsylvania State U., Behrend",371,"doe",105000
"Pennsylvania State U., Behrend",371,"hhs",0
"Pennsylvania State U., Behrend",371,"nasa",0
"Pennsylvania State U., Behrend",371,"nsf",736000
"Pennsylvania State U., Behrend",371,"usda",141000
"Pennsylvania State U., Behrend",371,"othera",3335000
"U. Baltimore",372,"all federal r d expenditures",4250000
"U. Baltimore",372,"dod",75000
"U. Baltimore",372,"doe",0
"U. Baltimore",372,"hhs",72000
"U. Baltimore",372,"nasa",48000
"U. Baltimore",372,"nsf",137000
"U. Baltimore",372,"usda",0
"U. Baltimore",372,"othera",3918000
"Barnard C.",373,"all federal r d expenditures",4235000
"Barnard C.",373,"dod",0
"Barnard C.",373,"doe",0
"Barnard C.",373,"hhs",1912000
"Barnard C.",373,"nasa",90000
"Barnard C.",373,"nsf",2233000
"Barnard C.",373,"usda",0
"Barnard C.",373,"othera",0
"U. Arkansas, Pine Bluff",374,"all federal r d expenditures",4204000
"U. Arkansas, Pine Bluff",374,"dod",121000
"U. Arkansas, Pine Bluff",374,"doe",10000
"U. Arkansas, Pine Bluff",374,"hhs",230000
"U. Arkansas, Pine Bluff",374,"nasa",11000
"U. Arkansas, Pine Bluff",374,"nsf",590000
"U. Arkansas, Pine Bluff",374,"usda",3085000
"U. Arkansas, Pine Bluff",374,"othera",157000
"U. Washington, Tacoma",375,"all federal r d expenditures",3875000
"U. Washington, Tacoma",375,"dod",75000
"U. Washington, Tacoma",375,"doe",63000
"U. Washington, Tacoma",375,"hhs",475000
"U. Washington, Tacoma",375,"nasa",169000
"U. Washington, Tacoma",375,"nsf",850000
"U. Washington, Tacoma",375,"usda",26000
"U. Washington, Tacoma",375,"othera",2217000
"Middle Tennessee State U.",376,"all federal r d expenditures",3822000
"Middle Tennessee State U.",376,"dod",155000
"Middle Tennessee State U.",376,"doe",45000
"Middle Tennessee State U.",376,"hhs",312000
"Middle Tennessee State U.",376,"nasa",138000
"Middle Tennessee State U.",376,"nsf",1613000
"Middle Tennessee State U.",376,"usda",1026000
"Middle Tennessee State U.",376,"othera",533000
"Fisk U.",377,"all federal r d expenditures",3819000
"Fisk U.",377,"dod",486000
"Fisk U.",377,"doe",194000
"Fisk U.",377,"hhs",374000
"Fisk U.",377,"nasa",0
"Fisk U.",377,"nsf",1637000
"Fisk U.",377,"usda",0
"Fisk U.",377,"othera",1128000
"U. Washington, Bothell",378,"all federal r d expenditures",3787000
"U. Washington, Bothell",378,"dod",540000
"U. Washington, Bothell",378,"doe",0
"U. Washington, Bothell",378,"hhs",509000
"U. Washington, Bothell",378,"nasa",0
"U. Washington, Bothell",378,"nsf",2369000
"U. Washington, Bothell",378,"usda",0
"U. Washington, Bothell",378,"othera",369000
"Chicago State U.",379,"all federal r d expenditures",3756000
"Chicago State U.",379,"dod",0
"Chicago State U.",379,"doe",170000
"Chicago State U.",379,"hhs",68000
"Chicago State U.",379,"nasa",55000
"Chicago State U.",379,"nsf",3463000
"Chicago State U.",379,"usda",0
"Chicago State U.",379,"othera",0
"Towson U.",380,"all federal r d expenditures",3653000
"Towson U.",380,"dod",1419000
"Towson U.",380,"doe",0
"Towson U.",380,"hhs",683000
"Towson U.",380,"nasa",20000
"Towson U.",380,"nsf",858000
"Towson U.",380,"usda",163000
"Towson U.",380,"othera",510000
"Hope C.",381,"all federal r d expenditures",3639000
"Hope C.",381,"dod",0
"Hope C.",381,"doe",0
"Hope C.",381,"hhs",50000
"Hope C.",381,"nasa",104000
"Hope C.",381,"nsf",1048000
"Hope C.",381,"usda",0
"Hope C.",381,"othera",2437000
"Southern Illinois U., Edwardsville",382,"all federal r d expenditures",3621000
"Southern Illinois U., Edwardsville",382,"dod",870000
"Southern Illinois U., Edwardsville",382,"doe",107000
"Southern Illinois U., Edwardsville",382,"hhs",914000
"Southern Illinois U., Edwardsville",382,"nasa",0
"Southern Illinois U., Edwardsville",382,"nsf",901000
"Southern Illinois U., Edwardsville",382,"usda",117000
"Southern Illinois U., Edwardsville",382,"othera",712000
"Georgia Southern U.",383,"all federal r d expenditures",3562000
"Georgia Southern U.",383,"dod",267000
"Georgia Southern U.",383,"doe",287000
"Georgia Southern U.",383,"hhs",555000
"Georgia Southern U.",383,"nasa",32000
"Georgia Southern U.",383,"nsf",1384000
"Georgia Southern U.",383,"usda",0
"Georgia Southern U.",383,"othera",1037000
"U. Wisconsin-Superior",384,"all federal r d expenditures",3559000
"U. Wisconsin-Superior",384,"dod",0
"U. Wisconsin-Superior",384,"doe",0
"U. Wisconsin-Superior",384,"hhs",0
"U. Wisconsin-Superior",384,"nasa",19000
"U. Wisconsin-Superior",384,"nsf",4000
"U. Wisconsin-Superior",384,"usda",0
"U. Wisconsin-Superior",384,"othera",3536000
"California State U., Bakersfield",385,"all federal r d expenditures",3525000
"California State U., Bakersfield",385,"dod",43000
"California State U., Bakersfield",385,"doe",45000
"California State U., Bakersfield",385,"hhs",223000
"California State U., Bakersfield",385,"nasa",0
"California State U., Bakersfield",385,"nsf",438000
"California State U., Bakersfield",385,"usda",349000
"California State U., Bakersfield",385,"othera",2427000
"U. San Diego",386,"all federal r d expenditures",3501000
"U. San Diego",386,"dod",1663000
"U. San Diego",386,"doe",37000
"U. San Diego",386,"hhs",62000
"U. San Diego",386,"nasa",50000
"U. San Diego",386,"nsf",1245000
"U. San Diego",386,"usda",48000
"U. San Diego",386,"othera",396000
"Appalachian State U.",387,"all federal r d expenditures",3497000
"Appalachian State U.",387,"dod",33000
"Appalachian State U.",387,"doe",32000
"Appalachian State U.",387,"hhs",319000
"Appalachian State U.",387,"nasa",79000
"Appalachian State U.",387,"nsf",1978000
"Appalachian State U.",387,"usda",539000
"Appalachian State U.",387,"othera",517000
"Sonoma State U.",388,"all federal r d expenditures",3483000
"Sonoma State U.",388,"dod",120000
"Sonoma State U.",388,"doe",0
"Sonoma State U.",388,"hhs",0
"Sonoma State U.",388,"nasa",1570000
"Sonoma State U.",388,"nsf",1180000
"Sonoma State U.",388,"usda",0
"Sonoma State U.",388,"othera",613000
"James Madison U.",389,"all federal r d expenditures",3475000
"James Madison U.",389,"dod",40000
"James Madison U.",389,"doe",7000
"James Madison U.",389,"hhs",533000
"James Madison U.",389,"nasa",62000
"James Madison U.",389,"nsf",2716000
"James Madison U.",389,"usda",17000
"James Madison U.",389,"othera",1e+05
"U. Michigan, Dearborn",390,"all federal r d expenditures",3464000
"U. Michigan, Dearborn",390,"dod",138000
"U. Michigan, Dearborn",390,"doe",210000
"U. Michigan, Dearborn",390,"hhs",747000
"U. Michigan, Dearborn",390,"nasa",0
"U. Michigan, Dearborn",390,"nsf",1976000
"U. Michigan, Dearborn",390,"usda",0
"U. Michigan, Dearborn",390,"othera",393000
"Santa Clara U.",391,"all federal r d expenditures",3448000
"Santa Clara U.",391,"dod",672000
"Santa Clara U.",391,"doe",0
"Santa Clara U.",391,"hhs",470000
"Santa Clara U.",391,"nasa",214000
"Santa Clara U.",391,"nsf",1488000
"Santa Clara U.",391,"usda",0
"Santa Clara U.",391,"othera",604000
"New Mexico Highlands U.",392,"all federal r d expenditures",3416000
"New Mexico Highlands U.",392,"dod",0
"New Mexico Highlands U.",392,"doe",0
"New Mexico Highlands U.",392,"hhs",173000
"New Mexico Highlands U.",392,"nasa",0
"New Mexico Highlands U.",392,"nsf",3005000
"New Mexico Highlands U.",392,"usda",76000
"New Mexico Highlands U.",392,"othera",162000
"Purdue U., Northwest",393,"all federal r d expenditures",3409000
"Purdue U., Northwest",393,"dod",540000
"Purdue U., Northwest",393,"doe",1199000
"Purdue U., Northwest",393,"hhs",150000
"Purdue U., Northwest",393,"nasa",8000
"Purdue U., Northwest",393,"nsf",896000
"Purdue U., Northwest",393,"usda",85000
"Purdue U., Northwest",393,"othera",531000
"Western Kentucky U.",394,"all federal r d expenditures",3401000
"Western Kentucky U.",394,"dod",1000
"Western Kentucky U.",394,"doe",0
"Western Kentucky U.",394,"hhs",1731000
"Western Kentucky U.",394,"nasa",311000
"Western Kentucky U.",394,"nsf",506000
"Western Kentucky U.",394,"usda",563000
"Western Kentucky U.",394,"othera",289000
"U. North Carolina, Asheville",395,"all federal r d expenditures",3323000
"U. North Carolina, Asheville",395,"dod",28000
"U. North Carolina, Asheville",395,"doe",4000
"U. North Carolina, Asheville",395,"hhs",1884000
"U. North Carolina, Asheville",395,"nasa",136000
"U. North Carolina, Asheville",395,"nsf",403000
"U. North Carolina, Asheville",395,"usda",169000
"U. North Carolina, Asheville",395,"othera",699000
"Sam Houston State U.",396,"all federal r d expenditures",3307000
"Sam Houston State U.",396,"dod",81000
"Sam Houston State U.",396,"doe",0
"Sam Houston State U.",396,"hhs",590000
"Sam Houston State U.",396,"nasa",0
"Sam Houston State U.",396,"nsf",942000
"Sam Houston State U.",396,"usda",635000
"Sam Houston State U.",396,"othera",1059000
"CUNY, C. Staten Island",397,"all federal r d expenditures",3296000
"CUNY, C. Staten Island",397,"dod",92000
"CUNY, C. Staten Island",397,"doe",0
"CUNY, C. Staten Island",397,"hhs",1572000
"CUNY, C. Staten Island",397,"nasa",42000
"CUNY, C. Staten Island",397,"nsf",1488000
"CUNY, C. Staten Island",397,"usda",0
"CUNY, C. Staten Island",397,"othera",102000
"Citadel Military C. South Carolina",398,"all federal r d expenditures",3287000
"Citadel Military C. South Carolina",398,"dod",1742000
"Citadel Military C. South Carolina",398,"doe",0
"Citadel Military C. South Carolina",398,"hhs",31000
"Citadel Military C. South Carolina",398,"nasa",19000
"Citadel Military C. South Carolina",398,"nsf",959000
"Citadel Military C. South Carolina",398,"usda",0
"Citadel Military C. South Carolina",398,"othera",536000
"Western Illinois U.",399,"all federal r d expenditures",3283000
"Western Illinois U.",399,"dod",717000
"Western Illinois U.",399,"doe",180000
"Western Illinois U.",399,"hhs",176000
"Western Illinois U.",399,"nasa",0
"Western Illinois U.",399,"nsf",39000
"Western Illinois U.",399,"usda",2104000
"Western Illinois U.",399,"othera",67000
"California State Polytechnic U., Humboldt",400,"all federal r d expenditures",3280000
"California State Polytechnic U., Humboldt",400,"dod",0
"California State Polytechnic U., Humboldt",400,"doe",0
"California State Polytechnic U., Humboldt",400,"hhs",10000
"California State Polytechnic U., Humboldt",400,"nasa",0
"California State Polytechnic U., Humboldt",400,"nsf",523000
"California State Polytechnic U., Humboldt",400,"usda",1498000
"California State Polytechnic U., Humboldt",400,"othera",1249000
"New York Institute of Technology",401,"all federal r d expenditures",3252000
"New York Institute of Technology",401,"dod",279000
"New York Institute of Technology",401,"doe",0
"New York Institute of Technology",401,"hhs",2075000
"New York Institute of Technology",401,"nasa",26000
"New York Institute of Technology",401,"nsf",872000
"New York Institute of Technology",401,"usda",0
"New York Institute of Technology",401,"othera",0
"California State U., Chico",402,"all federal r d expenditures",3152000
"California State U., Chico",402,"dod",358000
"California State U., Chico",402,"doe",0
"California State U., Chico",402,"hhs",1000
"California State U., Chico",402,"nasa",0
"California State U., Chico",402,"nsf",2456000
"California State U., Chico",402,"usda",246000
"California State U., Chico",402,"othera",91000
"U. of Health Sciences and Pharmacy in St. Louis",403,"all federal r d expenditures",3110000
"U. of Health Sciences and Pharmacy in St. Louis",403,"dod",3000
"U. of Health Sciences and Pharmacy in St. Louis",403,"doe",0
"U. of Health Sciences and Pharmacy in St. Louis",403,"hhs",3107000
"U. of Health Sciences and Pharmacy in St. Louis",403,"nasa",0
"U. of Health Sciences and Pharmacy in St. Louis",403,"nsf",0
"U. of Health Sciences and Pharmacy in St. Louis",403,"usda",0
"U. of Health Sciences and Pharmacy in St. Louis",403,"othera",0
"Arkansas State U., Jonesboro",404,"all federal r d expenditures",3083000
"Arkansas State U., Jonesboro",404,"dod",0
"Arkansas State U., Jonesboro",404,"doe",130000
"Arkansas State U., Jonesboro",404,"hhs",643000
"Arkansas State U., Jonesboro",404,"nasa",15000
"Arkansas State U., Jonesboro",404,"nsf",931000
"Arkansas State U., Jonesboro",404,"usda",881000
"Arkansas State U., Jonesboro",404,"othera",483000
"Troy U.",405,"all federal r d expenditures",3069000
"Troy U.",405,"dod",0
"Troy U.",405,"doe",0
"Troy U.",405,"hhs",0
"Troy U.",405,"nasa",0
"Troy U.",405,"nsf",70000
"Troy U.",405,"usda",234000
"Troy U.",405,"othera",2765000
"Pennsylvania State U., Harrisburg",406,"all federal r d expenditures",3045000
"Pennsylvania State U., Harrisburg",406,"dod",0
"Pennsylvania State U., Harrisburg",406,"doe",0
"Pennsylvania State U., Harrisburg",406,"hhs",2762000
"Pennsylvania State U., Harrisburg",406,"nasa",0
"Pennsylvania State U., Harrisburg",406,"nsf",258000
"Pennsylvania State U., Harrisburg",406,"usda",0
"Pennsylvania State U., Harrisburg",406,"othera",25000
"Rutgers, State U. New Jersey, Camden",407,"all federal r d expenditures",3042000
"Rutgers, State U. New Jersey, Camden",407,"dod",122000
"Rutgers, State U. New Jersey, Camden",407,"doe",84000
"Rutgers, State U. New Jersey, Camden",407,"hhs",302000
"Rutgers, State U. New Jersey, Camden",407,"nasa",0
"Rutgers, State U. New Jersey, Camden",407,"nsf",2203000
"Rutgers, State U. New Jersey, Camden",407,"usda",0
"Rutgers, State U. New Jersey, Camden",407,"othera",331000
"Smith C.",408,"all federal r d expenditures",3013000
"Smith C.",408,"dod",88000
"Smith C.",408,"doe",27000
"Smith C.",408,"hhs",923000
"Smith C.",408,"nasa",220000
"Smith C.",408,"nsf",1485000
"Smith C.",408,"usda",2000
"Smith C.",408,"othera",268000
"Colby C.",409,"all federal r d expenditures",3011000
"Colby C.",409,"dod",0
"Colby C.",409,"doe",0
"Colby C.",409,"hhs",299000
"Colby C.",409,"nasa",123000
"Colby C.",409,"nsf",855000
"Colby C.",409,"usda",1546000
"Colby C.",409,"othera",188000
"U. Northern Iowa",410,"all federal r d expenditures",2975000
"U. Northern Iowa",410,"dod",610000
"U. Northern Iowa",410,"doe",75000
"U. Northern Iowa",410,"hhs",650000
"U. Northern Iowa",410,"nasa",111000
"U. Northern Iowa",410,"nsf",1015000
"U. Northern Iowa",410,"usda",123000
"U. Northern Iowa",410,"othera",391000
"Occidental C.",411,"all federal r d expenditures",2967000
"Occidental C.",411,"dod",0
"Occidental C.",411,"doe",0
"Occidental C.",411,"hhs",156000
"Occidental C.",411,"nasa",60000
"Occidental C.",411,"nsf",2159000
"Occidental C.",411,"usda",111000
"Occidental C.",411,"othera",481000
"U. Central del Caribe",412,"all federal r d expenditures",2929000
"U. Central del Caribe",412,"dod",0
"U. Central del Caribe",412,"doe",0
"U. Central del Caribe",412,"hhs",2929000
"U. Central del Caribe",412,"nasa",0
"U. Central del Caribe",412,"nsf",0
"U. Central del Caribe",412,"usda",0
"U. Central del Caribe",412,"othera",0
"Loyola Marymount U.",413,"all federal r d expenditures",2921000
"Loyola Marymount U.",413,"dod",2000
"Loyola Marymount U.",413,"doe",0
"Loyola Marymount U.",413,"hhs",936000
"Loyola Marymount U.",413,"nasa",0
"Loyola Marymount U.",413,"nsf",289000
"Loyola Marymount U.",413,"usda",0
"Loyola Marymount U.",413,"othera",1694000
"Wellesley C.",413,"all federal r d expenditures",2921000
"Wellesley C.",413,"dod",0
"Wellesley C.",413,"doe",0
"Wellesley C.",413,"hhs",1614000
"Wellesley C.",413,"nasa",92000
"Wellesley C.",413,"nsf",1215000
"Wellesley C.",413,"usda",0
"Wellesley C.",413,"othera",0
"CUNY, system office",415,"all federal r d expenditures",2901000
"CUNY, system office",415,"dod",0
"CUNY, system office",415,"doe",0
"CUNY, system office",415,"hhs",0
"CUNY, system office",415,"nasa",0
"CUNY, system office",415,"nsf",2901000
"CUNY, system office",415,"usda",0
"CUNY, system office",415,"othera",0
"Amherst C.",416,"all federal r d expenditures",2869000
"Amherst C.",416,"dod",0
"Amherst C.",416,"doe",0
"Amherst C.",416,"hhs",822000
"Amherst C.",416,"nasa",145000
"Amherst C.",416,"nsf",1882000
"Amherst C.",416,"usda",16000
"Amherst C.",416,"othera",4000
"Midwestern U.",417,"all federal r d expenditures",2862000
"Midwestern U.",417,"dod",0
"Midwestern U.",417,"doe",0
"Midwestern U.",417,"hhs",2210000
"Midwestern U.",417,"nasa",0
"Midwestern U.",417,"nsf",276000
"Midwestern U.",417,"usda",80000
"Midwestern U.",417,"othera",296000
"Alabama State U.",418,"all federal r d expenditures",2848000
"Alabama State U.",418,"dod",14000
"Alabama State U.",418,"doe",0
"Alabama State U.",418,"hhs",1104000
"Alabama State U.",418,"nasa",354000
"Alabama State U.",418,"nsf",1376000
"Alabama State U.",418,"usda",0
"Alabama State U.",418,"othera",0
"Fort Lewis C.",419,"all federal r d expenditures",2816000
"Fort Lewis C.",419,"dod",0
"Fort Lewis C.",419,"doe",52000
"Fort Lewis C.",419,"hhs",612000
"Fort Lewis C.",419,"nasa",41000
"Fort Lewis C.",419,"nsf",1356000
"Fort Lewis C.",419,"usda",307000
"Fort Lewis C.",419,"othera",448000
"Carleton C.",420,"all federal r d expenditures",2800000
"Carleton C.",420,"dod",0
"Carleton C.",420,"doe",1000
"Carleton C.",420,"hhs",304000
"Carleton C.",420,"nasa",41000
"Carleton C.",420,"nsf",2366000
"Carleton C.",420,"usda",0
"Carleton C.",420,"othera",88000
"West Virginia State U.",420,"all federal r d expenditures",2800000
"West Virginia State U.",420,"dod",18000
"West Virginia State U.",420,"doe",0
"West Virginia State U.",420,"hhs",8000
"West Virginia State U.",420,"nasa",52000
"West Virginia State U.",420,"nsf",152000
"West Virginia State U.",420,"usda",2502000
"West Virginia State U.",420,"othera",68000
"CUNY, Graduate Center",422,"all federal r d expenditures",2792000
"CUNY, Graduate Center",422,"dod",0
"CUNY, Graduate Center",422,"doe",0
"CUNY, Graduate Center",422,"hhs",142000
"CUNY, Graduate Center",422,"nasa",0
"CUNY, Graduate Center",422,"nsf",2385000
"CUNY, Graduate Center",422,"usda",0
"CUNY, Graduate Center",422,"othera",265000
"St. John's U., New York",422,"all federal r d expenditures",2792000
"St. John's U., New York",422,"dod",68000
"St. John's U., New York",422,"doe",0
"St. John's U., New York",422,"hhs",2163000
"St. John's U., New York",422,"nasa",0
"St. John's U., New York",422,"nsf",561000
"St. John's U., New York",422,"usda",0
"St. John's U., New York",422,"othera",0
"Seton Hall U.",424,"all federal r d expenditures",2778000
"Seton Hall U.",424,"dod",519000
"Seton Hall U.",424,"doe",0
"Seton Hall U.",424,"hhs",1226000
"Seton Hall U.",424,"nasa",0
"Seton Hall U.",424,"nsf",420000
"Seton Hall U.",424,"usda",0
"Seton Hall U.",424,"othera",613000
"Pace U.",425,"all federal r d expenditures",2698000
"Pace U.",425,"dod",19000
"Pace U.",425,"doe",547000
"Pace U.",425,"hhs",308000
"Pace U.",425,"nasa",0
"Pace U.",425,"nsf",1824000
"Pace U.",425,"usda",0
"Pace U.",425,"othera",0
"Youngstown State U.",426,"all federal r d expenditures",2691000
"Youngstown State U.",426,"dod",1845000
"Youngstown State U.",426,"doe",8000
"Youngstown State U.",426,"hhs",195000
"Youngstown State U.",426,"nasa",107000
"Youngstown State U.",426,"nsf",484000
"Youngstown State U.",426,"usda",0
"Youngstown State U.",426,"othera",52000
"Saint Joseph's U.",427,"all federal r d expenditures",2680000
"Saint Joseph's U.",427,"dod",0
"Saint Joseph's U.",427,"doe",0
"Saint Joseph's U.",427,"hhs",1022000
"Saint Joseph's U.",427,"nasa",0
"Saint Joseph's U.",427,"nsf",624000
"Saint Joseph's U.",427,"usda",144000
"Saint Joseph's U.",427,"othera",890000
"Tougaloo C.",428,"all federal r d expenditures",2643000
"Tougaloo C.",428,"dod",187000
"Tougaloo C.",428,"doe",57000
"Tougaloo C.",428,"hhs",890000
"Tougaloo C.",428,"nasa",38000
"Tougaloo C.",428,"nsf",1257000
"Tougaloo C.",428,"usda",20000
"Tougaloo C.",428,"othera",194000
"U. Southern Maine",429,"all federal r d expenditures",2598000
"U. Southern Maine",429,"dod",0
"U. Southern Maine",429,"doe",14000
"U. Southern Maine",429,"hhs",2172000
"U. Southern Maine",429,"nasa",114000
"U. Southern Maine",429,"nsf",253000
"U. Southern Maine",429,"usda",0
"U. Southern Maine",429,"othera",45000
"Middlebury C.",430,"all federal r d expenditures",2564000
"Middlebury C.",430,"dod",277000
"Middlebury C.",430,"doe",30000
"Middlebury C.",430,"hhs",1081000
"Middlebury C.",430,"nasa",114000
"Middlebury C.",430,"nsf",1035000
"Middlebury C.",430,"usda",1000
"Middlebury C.",430,"othera",26000
"Eastern Michigan U.",431,"all federal r d expenditures",2521000
"Eastern Michigan U.",431,"dod",22000
"Eastern Michigan U.",431,"doe",0
"Eastern Michigan U.",431,"hhs",1400000
"Eastern Michigan U.",431,"nasa",179000
"Eastern Michigan U.",431,"nsf",820000
"Eastern Michigan U.",431,"usda",0
"Eastern Michigan U.",431,"othera",1e+05
"Saginaw Valley State U.",432,"all federal r d expenditures",2503000
"Saginaw Valley State U.",432,"dod",347000
"Saginaw Valley State U.",432,"doe",581000
"Saginaw Valley State U.",432,"hhs",916000
"Saginaw Valley State U.",432,"nasa",13000
"Saginaw Valley State U.",432,"nsf",284000
"Saginaw Valley State U.",432,"usda",25000
"Saginaw Valley State U.",432,"othera",337000
"Central Washington U.",433,"all federal r d expenditures",2499000
"Central Washington U.",433,"dod",363000
"Central Washington U.",433,"doe",39000
"Central Washington U.",433,"hhs",36000
"Central Washington U.",433,"nasa",278000
"Central Washington U.",433,"nsf",1401000
"Central Washington U.",433,"usda",2000
"Central Washington U.",433,"othera",380000
"CUNY, New York City C. of Technology",434,"all federal r d expenditures",2498000
"CUNY, New York City C. of Technology",434,"dod",717000
"CUNY, New York City C. of Technology",434,"doe",15000
"CUNY, New York City C. of Technology",434,"hhs",8000
"CUNY, New York City C. of Technology",434,"nasa",0
"CUNY, New York City C. of Technology",434,"nsf",1758000
"CUNY, New York City C. of Technology",434,"usda",0
"CUNY, New York City C. of Technology",434,"othera",0
"National Defense U.",435,"all federal r d expenditures",2494000
"National Defense U.",435,"dod",2494000
"National Defense U.",435,"doe",0
"National Defense U.",435,"hhs",0
"National Defense U.",435,"nasa",0
"National Defense U.",435,"nsf",0
"National Defense U.",435,"usda",0
"National Defense U.",435,"othera",0
"Bowie State U.",436,"all federal r d expenditures",2469000
"Bowie State U.",436,"dod",348000
"Bowie State U.",436,"doe",6000
"Bowie State U.",436,"hhs",422000
"Bowie State U.",436,"nasa",237000
"Bowie State U.",436,"nsf",906000
"Bowie State U.",436,"usda",58000
"Bowie State U.",436,"othera",492000
"SUNY, C. of Optometry",436,"all federal r d expenditures",2469000
"SUNY, C. of Optometry",436,"dod",0
"SUNY, C. of Optometry",436,"doe",0
"SUNY, C. of Optometry",436,"hhs",2469000
"SUNY, C. of Optometry",436,"nasa",0
"SUNY, C. of Optometry",436,"nsf",0
"SUNY, C. of Optometry",436,"usda",0
"SUNY, C. of Optometry",436,"othera",0
"California State U., Dominguez Hills",438,"all federal r d expenditures",2457000
"California State U., Dominguez Hills",438,"dod",489000
"California State U., Dominguez Hills",438,"doe",57000
"California State U., Dominguez Hills",438,"hhs",777000
"California State U., Dominguez Hills",438,"nasa",0
"California State U., Dominguez Hills",438,"nsf",826000
"California State U., Dominguez Hills",438,"usda",0
"California State U., Dominguez Hills",438,"othera",308000
"Texas Woman's U.",439,"all federal r d expenditures",2439000
"Texas Woman's U.",439,"dod",0
"Texas Woman's U.",439,"doe",0
"Texas Woman's U.",439,"hhs",912000
"Texas Woman's U.",439,"nasa",0
"Texas Woman's U.",439,"nsf",804000
"Texas Woman's U.",439,"usda",334000
"Texas Woman's U.",439,"othera",389000
"Dakota State U.",440,"all federal r d expenditures",2437000
"Dakota State U.",440,"dod",1273000
"Dakota State U.",440,"doe",0
"Dakota State U.",440,"hhs",0
"Dakota State U.",440,"nasa",0
"Dakota State U.",440,"nsf",1164000
"Dakota State U.",440,"usda",0
"Dakota State U.",440,"othera",0
"Reed C.",441,"all federal r d expenditures",2420000
"Reed C.",441,"dod",152000
"Reed C.",441,"doe",45000
"Reed C.",441,"hhs",951000
"Reed C.",441,"nasa",25000
"Reed C.",441,"nsf",1043000
"Reed C.",441,"usda",11000
"Reed C.",441,"othera",193000
"Texas Tech U., Health Sciences Center, El Paso",442,"all federal r d expenditures",2415000
"Texas Tech U., Health Sciences Center, El Paso",442,"dod",0
"Texas Tech U., Health Sciences Center, El Paso",442,"doe",0
"Texas Tech U., Health Sciences Center, El Paso",442,"hhs",1714000
"Texas Tech U., Health Sciences Center, El Paso",442,"nasa",0
"Texas Tech U., Health Sciences Center, El Paso",442,"nsf",48000
"Texas Tech U., Health Sciences Center, El Paso",442,"usda",0
"Texas Tech U., Health Sciences Center, El Paso",442,"othera",653000
"Northern Kentucky U.",443,"all federal r d expenditures",2413000
"Northern Kentucky U.",443,"dod",0
"Northern Kentucky U.",443,"doe",0
"Northern Kentucky U.",443,"hhs",1688000
"Northern Kentucky U.",443,"nasa",56000
"Northern Kentucky U.",443,"nsf",227000
"Northern Kentucky U.",443,"usda",4000
"Northern Kentucky U.",443,"othera",438000
"Bucknell U.",444,"all federal r d expenditures",2359000
"Bucknell U.",444,"dod",62000
"Bucknell U.",444,"doe",19000
"Bucknell U.",444,"hhs",822000
"Bucknell U.",444,"nasa",46000
"Bucknell U.",444,"nsf",1251000
"Bucknell U.",444,"usda",3000
"Bucknell U.",444,"othera",156000
"Winthrop U.",445,"all federal r d expenditures",2358000
"Winthrop U.",445,"dod",0
"Winthrop U.",445,"doe",0
"Winthrop U.",445,"hhs",703000
"Winthrop U.",445,"nasa",0
"Winthrop U.",445,"nsf",337000
"Winthrop U.",445,"usda",0
"Winthrop U.",445,"othera",1318000
"Haverford C.",446,"all federal r d expenditures",2344000
"Haverford C.",446,"dod",382000
"Haverford C.",446,"doe",0
"Haverford C.",446,"hhs",715000
"Haverford C.",446,"nasa",277000
"Haverford C.",446,"nsf",960000
"Haverford C.",446,"usda",0
"Haverford C.",446,"othera",10000
"Keck Graduate Institute",447,"all federal r d expenditures",2338000
"Keck Graduate Institute",447,"dod",0
"Keck Graduate Institute",447,"doe",0
"Keck Graduate Institute",447,"hhs",1978000
"Keck Graduate Institute",447,"nasa",29000
"Keck Graduate Institute",447,"nsf",204000
"Keck Graduate Institute",447,"usda",0
"Keck Graduate Institute",447,"othera",127000
"Swarthmore C.",448,"all federal r d expenditures",2315000
"Swarthmore C.",448,"dod",0
"Swarthmore C.",448,"doe",11000
"Swarthmore C.",448,"hhs",606000
"Swarthmore C.",448,"nasa",14000
"Swarthmore C.",448,"nsf",1451000
"Swarthmore C.",448,"usda",0
"Swarthmore C.",448,"othera",233000
"Northeastern Illinois U.",449,"all federal r d expenditures",2262000
"Northeastern Illinois U.",449,"dod",0
"Northeastern Illinois U.",449,"doe",0
"Northeastern Illinois U.",449,"hhs",1147000
"Northeastern Illinois U.",449,"nasa",0
"Northeastern Illinois U.",449,"nsf",1064000
"Northeastern Illinois U.",449,"usda",51000
"Northeastern Illinois U.",449,"othera",0
"Lamar U.",450,"all federal r d expenditures",2259000
"Lamar U.",450,"dod",0
"Lamar U.",450,"doe",678000
"Lamar U.",450,"hhs",117000
"Lamar U.",450,"nasa",0
"Lamar U.",450,"nsf",495000
"Lamar U.",450,"usda",170000
"Lamar U.",450,"othera",799000
"Dine C.",451,"all federal r d expenditures",2255000
"Dine C.",451,"dod",0
"Dine C.",451,"doe",0
"Dine C.",451,"hhs",1091000
"Dine C.",451,"nasa",0
"Dine C.",451,"nsf",802000
"Dine C.",451,"usda",346000
"Dine C.",451,"othera",16000
"Clark U.",452,"all federal r d expenditures",2235000
"Clark U.",452,"dod",4000
"Clark U.",452,"doe",0
"Clark U.",452,"hhs",488000
"Clark U.",452,"nasa",97000
"Clark U.",452,"nsf",923000
"Clark U.",452,"usda",513000
"Clark U.",452,"othera",210000
"U. New Haven",453,"all federal r d expenditures",2227000
"U. New Haven",453,"dod",382000
"U. New Haven",453,"doe",0
"U. New Haven",453,"hhs",205000
"U. New Haven",453,"nasa",41000
"U. New Haven",453,"nsf",551000
"U. New Haven",453,"usda",0
"U. New Haven",453,"othera",1048000
"Trinity U.",454,"all federal r d expenditures",2203000
"Trinity U.",454,"dod",0
"Trinity U.",454,"doe",0
"Trinity U.",454,"hhs",1182000
"Trinity U.",454,"nasa",9000
"Trinity U.",454,"nsf",811000
"Trinity U.",454,"usda",76000
"Trinity U.",454,"othera",125000
"Bowdoin C.",455,"all federal r d expenditures",2186000
"Bowdoin C.",455,"dod",0
"Bowdoin C.",455,"doe",0
"Bowdoin C.",455,"hhs",657000
"Bowdoin C.",455,"nasa",111000
"Bowdoin C.",455,"nsf",1297000
"Bowdoin C.",455,"usda",0
"Bowdoin C.",455,"othera",121000
"U. Ana G. Mendez, Gurabo",456,"all federal r d expenditures",2132000
"U. Ana G. Mendez, Gurabo",456,"dod",0
"U. Ana G. Mendez, Gurabo",456,"doe",1318000
"U. Ana G. Mendez, Gurabo",456,"hhs",379000
"U. Ana G. Mendez, Gurabo",456,"nasa",0
"U. Ana G. Mendez, Gurabo",456,"nsf",65000
"U. Ana G. Mendez, Gurabo",456,"usda",12000
"U. Ana G. Mendez, Gurabo",456,"othera",358000
"Toyota Technological Institute, Chicago",457,"all federal r d expenditures",2127000
"Toyota Technological Institute, Chicago",457,"dod",964000
"Toyota Technological Institute, Chicago",457,"doe",0
"Toyota Technological Institute, Chicago",457,"hhs",379000
"Toyota Technological Institute, Chicago",457,"nasa",0
"Toyota Technological Institute, Chicago",457,"nsf",784000
"Toyota Technological Institute, Chicago",457,"usda",0
"Toyota Technological Institute, Chicago",457,"othera",0
"West Texas A&M U.",458,"all federal r d expenditures",2118000
"West Texas A&M U.",458,"dod",984000
"West Texas A&M U.",458,"doe",0
"West Texas A&M U.",458,"hhs",0
"West Texas A&M U.",458,"nasa",0
"West Texas A&M U.",458,"nsf",627000
"West Texas A&M U.",458,"usda",386000
"West Texas A&M U.",458,"othera",121000
"U. Wisconsin-Stevens Point",459,"all federal r d expenditures",2079000
"U. Wisconsin-Stevens Point",459,"dod",0
"U. Wisconsin-Stevens Point",459,"doe",4000
"U. Wisconsin-Stevens Point",459,"hhs",0
"U. Wisconsin-Stevens Point",459,"nasa",7000
"U. Wisconsin-Stevens Point",459,"nsf",121000
"U. Wisconsin-Stevens Point",459,"usda",2e+05
"U. Wisconsin-Stevens Point",459,"othera",1747000
"U. Central Oklahoma",460,"all federal r d expenditures",2071000
"U. Central Oklahoma",460,"dod",540000
"U. Central Oklahoma",460,"doe",142000
"U. Central Oklahoma",460,"hhs",638000
"U. Central Oklahoma",460,"nasa",47000
"U. Central Oklahoma",460,"nsf",367000
"U. Central Oklahoma",460,"usda",34000
"U. Central Oklahoma",460,"othera",303000
"Murray State U.",461,"all federal r d expenditures",2058000
"Murray State U.",461,"dod",0
"Murray State U.",461,"doe",116000
"Murray State U.",461,"hhs",333000
"Murray State U.",461,"nasa",55000
"Murray State U.",461,"nsf",1148000
"Murray State U.",461,"usda",25000
"Murray State U.",461,"othera",381000
"Christopher Newport U.",462,"all federal r d expenditures",2055000
"Christopher Newport U.",462,"dod",108000
"Christopher Newport U.",462,"doe",216000
"Christopher Newport U.",462,"hhs",41000
"Christopher Newport U.",462,"nasa",541000
"Christopher Newport U.",462,"nsf",1131000
"Christopher Newport U.",462,"usda",0
"Christopher Newport U.",462,"othera",18000
"Hofstra U.",463,"all federal r d expenditures",1995000
"Hofstra U.",463,"dod",1000
"Hofstra U.",463,"doe",0
"Hofstra U.",463,"hhs",670000
"Hofstra U.",463,"nasa",0
"Hofstra U.",463,"nsf",1291000
"Hofstra U.",463,"usda",0
"Hofstra U.",463,"othera",33000
"Long Island U.",464,"all federal r d expenditures",1993000
"Long Island U.",464,"dod",1000
"Long Island U.",464,"doe",0
"Long Island U.",464,"hhs",1226000
"Long Island U.",464,"nasa",0
"Long Island U.",464,"nsf",487000
"Long Island U.",464,"usda",274000
"Long Island U.",464,"othera",5000
"Roger Williams U.",465,"all federal r d expenditures",1973000
"Roger Williams U.",465,"dod",70000
"Roger Williams U.",465,"doe",0
"Roger Williams U.",465,"hhs",208000
"Roger Williams U.",465,"nasa",28000
"Roger Williams U.",465,"nsf",547000
"Roger Williams U.",465,"usda",75000
"Roger Williams U.",465,"othera",1045000
"Harvey Mudd C.",466,"all federal r d expenditures",1968000
"Harvey Mudd C.",466,"dod",32000
"Harvey Mudd C.",466,"doe",14000
"Harvey Mudd C.",466,"hhs",2000
"Harvey Mudd C.",466,"nasa",0
"Harvey Mudd C.",466,"nsf",1898000
"Harvey Mudd C.",466,"usda",0
"Harvey Mudd C.",466,"othera",22000
"Texas A&M International U.",467,"all federal r d expenditures",1966000
"Texas A&M International U.",467,"dod",125000
"Texas A&M International U.",467,"doe",50000
"Texas A&M International U.",467,"hhs",145000
"Texas A&M International U.",467,"nasa",0
"Texas A&M International U.",467,"nsf",524000
"Texas A&M International U.",467,"usda",27000
"Texas A&M International U.",467,"othera",1095000
"Alfred U.",468,"all federal r d expenditures",1958000
"Alfred U.",468,"dod",1204000
"Alfred U.",468,"doe",477000
"Alfred U.",468,"hhs",0
"Alfred U.",468,"nasa",8000
"Alfred U.",468,"nsf",228000
"Alfred U.",468,"usda",0
"Alfred U.",468,"othera",41000
"New England C. of Optometry",469,"all federal r d expenditures",1946000
"New England C. of Optometry",469,"dod",0
"New England C. of Optometry",469,"doe",0
"New England C. of Optometry",469,"hhs",1946000
"New England C. of Optometry",469,"nasa",0
"New England C. of Optometry",469,"nsf",0
"New England C. of Optometry",469,"usda",0
"New England C. of Optometry",469,"othera",0
"Hawaii Pacific U.",470,"all federal r d expenditures",1942000
"Hawaii Pacific U.",470,"dod",0
"Hawaii Pacific U.",470,"doe",0
"Hawaii Pacific U.",470,"hhs",921000
"Hawaii Pacific U.",470,"nasa",0
"Hawaii Pacific U.",470,"nsf",271000
"Hawaii Pacific U.",470,"usda",91000
"Hawaii Pacific U.",470,"othera",659000
"Texas A&M U.-Commerce",471,"all federal r d expenditures",1936000
"Texas A&M U.-Commerce",471,"dod",24000
"Texas A&M U.-Commerce",471,"doe",152000
"Texas A&M U.-Commerce",471,"hhs",0
"Texas A&M U.-Commerce",471,"nasa",28000
"Texas A&M U.-Commerce",471,"nsf",849000
"Texas A&M U.-Commerce",471,"usda",231000
"Texas A&M U.-Commerce",471,"othera",652000
"Black Hills State U.",472,"all federal r d expenditures",1918000
"Black Hills State U.",472,"dod",0
"Black Hills State U.",472,"doe",0
"Black Hills State U.",472,"hhs",1025000
"Black Hills State U.",472,"nasa",0
"Black Hills State U.",472,"nsf",839000
"Black Hills State U.",472,"usda",0
"Black Hills State U.",472,"othera",54000
"CUNY, Baruch C.",473,"all federal r d expenditures",1879000
"CUNY, Baruch C.",473,"dod",56000
"CUNY, Baruch C.",473,"doe",347000
"CUNY, Baruch C.",473,"hhs",583000
"CUNY, Baruch C.",473,"nasa",13000
"CUNY, Baruch C.",473,"nsf",813000
"CUNY, Baruch C.",473,"usda",0
"CUNY, Baruch C.",473,"othera",67000
"Kean U.",474,"all federal r d expenditures",1870000
"Kean U.",474,"dod",0
"Kean U.",474,"doe",0
"Kean U.",474,"hhs",244000
"Kean U.",474,"nasa",0
"Kean U.",474,"nsf",979000
"Kean U.",474,"usda",0
"Kean U.",474,"othera",647000
"Coastal Carolina U.",475,"all federal r d expenditures",1847000
"Coastal Carolina U.",475,"dod",73000
"Coastal Carolina U.",475,"doe",231000
"Coastal Carolina U.",475,"hhs",4e+05
"Coastal Carolina U.",475,"nasa",10000
"Coastal Carolina U.",475,"nsf",602000
"Coastal Carolina U.",475,"usda",0
"Coastal Carolina U.",475,"othera",531000
"Fayetteville State U.",475,"all federal r d expenditures",1847000
"Fayetteville State U.",475,"dod",235000
"Fayetteville State U.",475,"doe",0
"Fayetteville State U.",475,"hhs",593000
"Fayetteville State U.",475,"nasa",0
"Fayetteville State U.",475,"nsf",1019000
"Fayetteville State U.",475,"usda",0
"Fayetteville State U.",475,"othera",0
"U. Central Arkansas",477,"all federal r d expenditures",1824000
"U. Central Arkansas",477,"dod",0
"U. Central Arkansas",477,"doe",10000
"U. Central Arkansas",477,"hhs",1210000
"U. Central Arkansas",477,"nasa",50000
"U. Central Arkansas",477,"nsf",333000
"U. Central Arkansas",477,"usda",60000
"U. Central Arkansas",477,"othera",161000
"U. Puerto Rico, Humacao",478,"all federal r d expenditures",1822000
"U. Puerto Rico, Humacao",478,"dod",0
"U. Puerto Rico, Humacao",478,"doe",0
"U. Puerto Rico, Humacao",478,"hhs",420000
"U. Puerto Rico, Humacao",478,"nasa",236000
"U. Puerto Rico, Humacao",478,"nsf",1104000
"U. Puerto Rico, Humacao",478,"usda",0
"U. Puerto Rico, Humacao",478,"othera",62000
"Grand Valley State U.",479,"all federal r d expenditures",1808000
"Grand Valley State U.",479,"dod",0
"Grand Valley State U.",479,"doe",0
"Grand Valley State U.",479,"hhs",626000
"Grand Valley State U.",479,"nasa",262000
"Grand Valley State U.",479,"nsf",391000
"Grand Valley State U.",479,"usda",0
"Grand Valley State U.",479,"othera",529000
"Lawrence Technological U.",480,"all federal r d expenditures",1786000
"Lawrence Technological U.",480,"dod",70000
"Lawrence Technological U.",480,"doe",44000
"Lawrence Technological U.",480,"hhs",0
"Lawrence Technological U.",480,"nasa",0
"Lawrence Technological U.",480,"nsf",356000
"Lawrence Technological U.",480,"usda",0
"Lawrence Technological U.",480,"othera",1316000
"California State U., Channel Islands",481,"all federal r d expenditures",1773000
"California State U., Channel Islands",481,"dod",14000
"California State U., Channel Islands",481,"doe",125000
"California State U., Channel Islands",481,"hhs",394000
"California State U., Channel Islands",481,"nasa",0
"California State U., Channel Islands",481,"nsf",1186000
"California State U., Channel Islands",481,"usda",0
"California State U., Channel Islands",481,"othera",54000
"C. New Jersey",482,"all federal r d expenditures",1755000
"C. New Jersey",482,"dod",0
"C. New Jersey",482,"doe",29000
"C. New Jersey",482,"hhs",310000
"C. New Jersey",482,"nasa",175000
"C. New Jersey",482,"nsf",826000
"C. New Jersey",482,"usda",272000
"C. New Jersey",482,"othera",143000
"U. Nebraska, Kearney",483,"all federal r d expenditures",1739000
"U. Nebraska, Kearney",483,"dod",0
"U. Nebraska, Kearney",483,"doe",0
"U. Nebraska, Kearney",483,"hhs",1132000
"U. Nebraska, Kearney",483,"nasa",22000
"U. Nebraska, Kearney",483,"nsf",356000
"U. Nebraska, Kearney",483,"usda",0
"U. Nebraska, Kearney",483,"othera",229000
"Morehead State U.",484,"all federal r d expenditures",1718000
"Morehead State U.",484,"dod",0
"Morehead State U.",484,"doe",0
"Morehead State U.",484,"hhs",181000
"Morehead State U.",484,"nasa",1388000
"Morehead State U.",484,"nsf",145000
"Morehead State U.",484,"usda",0
"Morehead State U.",484,"othera",4000
"Nevada State C.",485,"all federal r d expenditures",1711000
"Nevada State C.",485,"dod",0
"Nevada State C.",485,"doe",0
"Nevada State C.",485,"hhs",815000
"Nevada State C.",485,"nasa",0
"Nevada State C.",485,"nsf",492000
"Nevada State C.",485,"usda",0
"Nevada State C.",485,"othera",404000
"U. Northern Colorado",486,"all federal r d expenditures",1705000
"U. Northern Colorado",486,"dod",10000
"U. Northern Colorado",486,"doe",0
"U. Northern Colorado",486,"hhs",125000
"U. Northern Colorado",486,"nasa",41000
"U. Northern Colorado",486,"nsf",794000
"U. Northern Colorado",486,"usda",116000
"U. Northern Colorado",486,"othera",619000
"Indiana U. Pennsylvania",487,"all federal r d expenditures",1702000
"Indiana U. Pennsylvania",487,"dod",424000
"Indiana U. Pennsylvania",487,"doe",0
"Indiana U. Pennsylvania",487,"hhs",0
"Indiana U. Pennsylvania",487,"nasa",0
"Indiana U. Pennsylvania",487,"nsf",292000
"Indiana U. Pennsylvania",487,"usda",792000
"Indiana U. Pennsylvania",487,"othera",194000
"Albany State U.",488,"all federal r d expenditures",1681000
"Albany State U.",488,"dod",6000
"Albany State U.",488,"doe",14000
"Albany State U.",488,"hhs",0
"Albany State U.",488,"nasa",64000
"Albany State U.",488,"nsf",462000
"Albany State U.",488,"usda",102000
"Albany State U.",488,"othera",1033000
"Savannah State U.",489,"all federal r d expenditures",1675000
"Savannah State U.",489,"dod",394000
"Savannah State U.",489,"doe",292000
"Savannah State U.",489,"hhs",538000
"Savannah State U.",489,"nasa",0
"Savannah State U.",489,"nsf",328000
"Savannah State U.",489,"usda",0
"Savannah State U.",489,"othera",123000
"Utah Valley U.",490,"all federal r d expenditures",1671000
"Utah Valley U.",490,"dod",0
"Utah Valley U.",490,"doe",0
"Utah Valley U.",490,"hhs",115000
"Utah Valley U.",490,"nasa",116000
"Utah Valley U.",490,"nsf",1421000
"Utah Valley U.",490,"usda",18000
"Utah Valley U.",490,"othera",1000
"Benedict C.",491,"all federal r d expenditures",1665000
"Benedict C.",491,"dod",0
"Benedict C.",491,"doe",467000
"Benedict C.",491,"hhs",299000
"Benedict C.",491,"nasa",116000
"Benedict C.",491,"nsf",316000
"Benedict C.",491,"usda",0
"Benedict C.",491,"othera",467000
"U. Louisiana, Monroe",492,"all federal r d expenditures",1655000
"U. Louisiana, Monroe",492,"dod",0
"U. Louisiana, Monroe",492,"doe",0
"U. Louisiana, Monroe",492,"hhs",1313000
"U. Louisiana, Monroe",492,"nasa",0
"U. Louisiana, Monroe",492,"nsf",15000
"U. Louisiana, Monroe",492,"usda",0
"U. Louisiana, Monroe",492,"othera",327000
"U. Texas, Tyler",493,"all federal r d expenditures",1652000
"U. Texas, Tyler",493,"dod",48000
"U. Texas, Tyler",493,"doe",0
"U. Texas, Tyler",493,"hhs",645000
"U. Texas, Tyler",493,"nasa",4000
"U. Texas, Tyler",493,"nsf",593000
"U. Texas, Tyler",493,"usda",141000
"U. Texas, Tyler",493,"othera",221000
"SUNY, Buffalo State U.",494,"all federal r d expenditures",1615000
"SUNY, Buffalo State U.",494,"dod",53000
"SUNY, Buffalo State U.",494,"doe",0
"SUNY, Buffalo State U.",494,"hhs",12000
"SUNY, Buffalo State U.",494,"nasa",0
"SUNY, Buffalo State U.",494,"nsf",645000
"SUNY, Buffalo State U.",494,"usda",30000
"SUNY, Buffalo State U.",494,"othera",875000
"Mount Holyoke C.",495,"all federal r d expenditures",1612000
"Mount Holyoke C.",495,"dod",0
"Mount Holyoke C.",495,"doe",0
"Mount Holyoke C.",495,"hhs",187000
"Mount Holyoke C.",495,"nasa",95000
"Mount Holyoke C.",495,"nsf",1022000
"Mount Holyoke C.",495,"usda",0
"Mount Holyoke C.",495,"othera",308000
"Western Carolina U.",496,"all federal r d expenditures",1600000
"Western Carolina U.",496,"dod",23000
"Western Carolina U.",496,"doe",0
"Western Carolina U.",496,"hhs",619000
"Western Carolina U.",496,"nasa",32000
"Western Carolina U.",496,"nsf",376000
"Western Carolina U.",496,"usda",115000
"Western Carolina U.",496,"othera",435000
"Pittsburg State U.",497,"all federal r d expenditures",1591000
"Pittsburg State U.",497,"dod",0
"Pittsburg State U.",497,"doe",0
"Pittsburg State U.",497,"hhs",136000
"Pittsburg State U.",497,"nasa",48000
"Pittsburg State U.",497,"nsf",289000
"Pittsburg State U.",497,"usda",14000
"Pittsburg State U.",497,"othera",1104000
"Sul Ross State U.",498,"all federal r d expenditures",1568000
"Sul Ross State U.",498,"dod",0
"Sul Ross State U.",498,"doe",0
"Sul Ross State U.",498,"hhs",0
"Sul Ross State U.",498,"nasa",0
"Sul Ross State U.",498,"nsf",0
"Sul Ross State U.",498,"usda",371000
"Sul Ross State U.",498,"othera",1197000
"Johnson C. Smith U.",499,"all federal r d expenditures",1554000
"Johnson C. Smith U.",499,"dod",0
"Johnson C. Smith U.",499,"doe",0
"Johnson C. Smith U.",499,"hhs",348000
"Johnson C. Smith U.",499,"nasa",0
"Johnson C. Smith U.",499,"nsf",43000
"Johnson C. Smith U.",499,"usda",0
"Johnson C. Smith U.",499,"othera",1163000
"Virginia Military Institute",500,"all federal r d expenditures",1534000
"Virginia Military Institute",500,"dod",1422000
"Virginia Military Institute",500,"doe",0
"Virginia Military Institute",500,"hhs",0
"Virginia Military Institute",500,"nasa",62000
"Virginia Military Institute",500,"nsf",13000
"Virginia Military Institute",500,"usda",37000
"Virginia Military Institute",500,"othera",0
"Colgate U.",501,"all federal r d expenditures",1521000
"Colgate U.",501,"dod",0
"Colgate U.",501,"doe",3000
"Colgate U.",501,"hhs",157000
"Colgate U.",501,"nasa",30000
"Colgate U.",501,"nsf",1270000
"Colgate U.",501,"usda",61000
"Colgate U.",501,"othera",0
"CUNY, York C.",502,"all federal r d expenditures",1504000
"CUNY, York C.",502,"dod",130000
"CUNY, York C.",502,"doe",349000
"CUNY, York C.",502,"hhs",641000
"CUNY, York C.",502,"nasa",25000
"CUNY, York C.",502,"nsf",336000
"CUNY, York C.",502,"usda",0
"CUNY, York C.",502,"othera",23000
"Palmer C. of Chiropractic, Davenport",503,"all federal r d expenditures",1500000
"Palmer C. of Chiropractic, Davenport",503,"dod",0
"Palmer C. of Chiropractic, Davenport",503,"doe",0
"Palmer C. of Chiropractic, Davenport",503,"hhs",1500000
"Palmer C. of Chiropractic, Davenport",503,"nasa",0
"Palmer C. of Chiropractic, Davenport",503,"nsf",0
"Palmer C. of Chiropractic, Davenport",503,"usda",0
"Palmer C. of Chiropractic, Davenport",503,"othera",0
"U. Houston-Downtown",504,"all federal r d expenditures",1495000
"U. Houston-Downtown",504,"dod",43000
"U. Houston-Downtown",504,"doe",0
"U. Houston-Downtown",504,"hhs",129000
"U. Houston-Downtown",504,"nasa",0
"U. Houston-Downtown",504,"nsf",331000
"U. Houston-Downtown",504,"usda",0
"U. Houston-Downtown",504,"othera",992000
"Lake Superior State U.",505,"all federal r d expenditures",1475000
"Lake Superior State U.",505,"dod",25000
"Lake Superior State U.",505,"doe",0
"Lake Superior State U.",505,"hhs",0
"Lake Superior State U.",505,"nasa",0
"Lake Superior State U.",505,"nsf",7000
"Lake Superior State U.",505,"usda",0
"Lake Superior State U.",505,"othera",1443000
"Franklin and Marshall C.",506,"all federal r d expenditures",1469000
"Franklin and Marshall C.",506,"dod",0
"Franklin and Marshall C.",506,"doe",0
"Franklin and Marshall C.",506,"hhs",476000
"Franklin and Marshall C.",506,"nasa",24000
"Franklin and Marshall C.",506,"nsf",752000
"Franklin and Marshall C.",506,"usda",0
"Franklin and Marshall C.",506,"othera",217000
"U. Alaska, Southeast",507,"all federal r d expenditures",1463000
"U. Alaska, Southeast",507,"dod",21000
"U. Alaska, Southeast",507,"doe",0
"U. Alaska, Southeast",507,"hhs",41000
"U. Alaska, Southeast",507,"nasa",28000
"U. Alaska, Southeast",507,"nsf",868000
"U. Alaska, Southeast",507,"usda",58000
"U. Alaska, Southeast",507,"othera",447000
"Bates C.",508,"all federal r d expenditures",1455000
"Bates C.",508,"dod",0
"Bates C.",508,"doe",9000
"Bates C.",508,"hhs",319000
"Bates C.",508,"nasa",33000
"Bates C.",508,"nsf",990000
"Bates C.",508,"usda",0
"Bates C.",508,"othera",104000
"Williams C.",508,"all federal r d expenditures",1455000
"Williams C.",508,"dod",91000
"Williams C.",508,"doe",24000
"Williams C.",508,"hhs",431000
"Williams C.",508,"nasa",43000
"Williams C.",508,"nsf",713000
"Williams C.",508,"usda",9000
"Williams C.",508,"othera",144000
"Southern Connecticut State U.",510,"all federal r d expenditures",1433000
"Southern Connecticut State U.",510,"dod",0
"Southern Connecticut State U.",510,"doe",37000
"Southern Connecticut State U.",510,"hhs",458000
"Southern Connecticut State U.",510,"nasa",166000
"Southern Connecticut State U.",510,"nsf",534000
"Southern Connecticut State U.",510,"usda",1e+05
"Southern Connecticut State U.",510,"othera",138000
"Ferris State U.",511,"all federal r d expenditures",1430000
"Ferris State U.",511,"dod",0
"Ferris State U.",511,"doe",0
"Ferris State U.",511,"hhs",1054000
"Ferris State U.",511,"nasa",0
"Ferris State U.",511,"nsf",376000
"Ferris State U.",511,"usda",0
"Ferris State U.",511,"othera",0
"Claremont Graduate U.",512,"all federal r d expenditures",1422000
"Claremont Graduate U.",512,"dod",22000
"Claremont Graduate U.",512,"doe",122000
"Claremont Graduate U.",512,"hhs",75000
"Claremont Graduate U.",512,"nasa",0
"Claremont Graduate U.",512,"nsf",212000
"Claremont Graduate U.",512,"usda",0
"Claremont Graduate U.",512,"othera",991000
"Claflin U.",513,"all federal r d expenditures",1418000
"Claflin U.",513,"dod",19000
"Claflin U.",513,"doe",571000
"Claflin U.",513,"hhs",463000
"Claflin U.",513,"nasa",0
"Claflin U.",513,"nsf",365000
"Claflin U.",513,"usda",0
"Claflin U.",513,"othera",0
"Austin Peay State U.",514,"all federal r d expenditures",1401000
"Austin Peay State U.",514,"dod",8000
"Austin Peay State U.",514,"doe",0
"Austin Peay State U.",514,"hhs",16000
"Austin Peay State U.",514,"nasa",11000
"Austin Peay State U.",514,"nsf",287000
"Austin Peay State U.",514,"usda",6000
"Austin Peay State U.",514,"othera",1073000
"West Chester U. Pennsylvania",515,"all federal r d expenditures",1386000
"West Chester U. Pennsylvania",515,"dod",163000
"West Chester U. Pennsylvania",515,"doe",0
"West Chester U. Pennsylvania",515,"hhs",352000
"West Chester U. Pennsylvania",515,"nasa",50000
"West Chester U. Pennsylvania",515,"nsf",705000
"West Chester U. Pennsylvania",515,"usda",0
"West Chester U. Pennsylvania",515,"othera",116000
"U. Richmond",516,"all federal r d expenditures",1379000
"U. Richmond",516,"dod",0
"U. Richmond",516,"doe",122000
"U. Richmond",516,"hhs",193000
"U. Richmond",516,"nasa",85000
"U. Richmond",516,"nsf",680000
"U. Richmond",516,"usda",238000
"U. Richmond",516,"othera",61000
"Oregon Institute of Technology",517,"all federal r d expenditures",1375000
"Oregon Institute of Technology",517,"dod",432000
"Oregon Institute of Technology",517,"doe",77000
"Oregon Institute of Technology",517,"hhs",377000
"Oregon Institute of Technology",517,"nasa",68000
"Oregon Institute of Technology",517,"nsf",199000
"Oregon Institute of Technology",517,"usda",49000
"Oregon Institute of Technology",517,"othera",173000
"Norwich U.",518,"all federal r d expenditures",1366000
"Norwich U.",518,"dod",260000
"Norwich U.",518,"doe",0
"Norwich U.",518,"hhs",1028000
"Norwich U.",518,"nasa",6000
"Norwich U.",518,"nsf",0
"Norwich U.",518,"usda",0
"Norwich U.",518,"othera",72000
"Southeastern Louisiana U.",518,"all federal r d expenditures",1366000
"Southeastern Louisiana U.",518,"dod",0
"Southeastern Louisiana U.",518,"doe",0
"Southeastern Louisiana U.",518,"hhs",613000
"Southeastern Louisiana U.",518,"nasa",33000
"Southeastern Louisiana U.",518,"nsf",489000
"Southeastern Louisiana U.",518,"usda",0
"Southeastern Louisiana U.",518,"othera",231000
"Davidson C.",520,"all federal r d expenditures",1340000
"Davidson C.",520,"dod",0
"Davidson C.",520,"doe",35000
"Davidson C.",520,"hhs",640000
"Davidson C.",520,"nasa",10000
"Davidson C.",520,"nsf",629000
"Davidson C.",520,"usda",25000
"Davidson C.",520,"othera",1000
"New School",521,"all federal r d expenditures",1337000
"New School",521,"dod",0
"New School",521,"doe",37000
"New School",521,"hhs",535000
"New School",521,"nasa",0
"New School",521,"nsf",585000
"New School",521,"usda",0
"New School",521,"othera",180000
"United Tribes Technical C.",521,"all federal r d expenditures",1337000
"United Tribes Technical C.",521,"dod",0
"United Tribes Technical C.",521,"doe",349000
"United Tribes Technical C.",521,"hhs",76000
"United Tribes Technical C.",521,"nasa",0
"United Tribes Technical C.",521,"nsf",559000
"United Tribes Technical C.",521,"usda",153000
"United Tribes Technical C.",521,"othera",2e+05
"U. Oklahoma, Tulsa",523,"all federal r d expenditures",1328000
"U. Oklahoma, Tulsa",523,"dod",0
"U. Oklahoma, Tulsa",523,"doe",0
"U. Oklahoma, Tulsa",523,"hhs",1128000
"U. Oklahoma, Tulsa",523,"nasa",2000
"U. Oklahoma, Tulsa",523,"nsf",115000
"U. Oklahoma, Tulsa",523,"usda",0
"U. Oklahoma, Tulsa",523,"othera",83000
"Furman U.",524,"all federal r d expenditures",1300000
"Furman U.",524,"dod",0
"Furman U.",524,"doe",0
"Furman U.",524,"hhs",314000
"Furman U.",524,"nasa",133000
"Furman U.",524,"nsf",776000
"Furman U.",524,"usda",77000
"Furman U.",524,"othera",0
"U. of the Pacific",524,"all federal r d expenditures",1300000
"U. of the Pacific",524,"dod",18000
"U. of the Pacific",524,"doe",0
"U. of the Pacific",524,"hhs",799000
"U. of the Pacific",524,"nasa",10000
"U. of the Pacific",524,"nsf",473000
"U. of the Pacific",524,"usda",0
"U. of the Pacific",524,"othera",0
"U. Puget Sound",524,"all federal r d expenditures",1300000
"U. Puget Sound",524,"dod",0
"U. Puget Sound",524,"doe",0
"U. Puget Sound",524,"hhs",66000
"U. Puget Sound",524,"nasa",10000
"U. Puget Sound",524,"nsf",1224000
"U. Puget Sound",524,"usda",0
"U. Puget Sound",524,"othera",0
"SUNY, Geneseo",527,"all federal r d expenditures",1292000
"SUNY, Geneseo",527,"dod",0
"SUNY, Geneseo",527,"doe",553000
"SUNY, Geneseo",527,"hhs",82000
"SUNY, Geneseo",527,"nasa",57000
"SUNY, Geneseo",527,"nsf",564000
"SUNY, Geneseo",527,"usda",0
"SUNY, Geneseo",527,"othera",36000
"Bryn Mawr C.",528,"all federal r d expenditures",1289000
"Bryn Mawr C.",528,"dod",0
"Bryn Mawr C.",528,"doe",0
"Bryn Mawr C.",528,"hhs",72000
"Bryn Mawr C.",528,"nasa",18000
"Bryn Mawr C.",528,"nsf",1184000
"Bryn Mawr C.",528,"usda",0
"Bryn Mawr C.",528,"othera",15000
"Skidmore C.",529,"all federal r d expenditures",1288000
"Skidmore C.",529,"dod",0
"Skidmore C.",529,"doe",0
"Skidmore C.",529,"hhs",169000
"Skidmore C.",529,"nasa",14000
"Skidmore C.",529,"nsf",672000
"Skidmore C.",529,"usda",0
"Skidmore C.",529,"othera",433000
"Touro U., California",530,"all federal r d expenditures",1279000
"Touro U., California",530,"dod",0
"Touro U., California",530,"doe",0
"Touro U., California",530,"hhs",1251000
"Touro U., California",530,"nasa",0
"Touro U., California",530,"nsf",28000
"Touro U., California",530,"usda",0
"Touro U., California",530,"othera",0
"U. Houston-Clear Lake",531,"all federal r d expenditures",1273000
"U. Houston-Clear Lake",531,"dod",0
"U. Houston-Clear Lake",531,"doe",0
"U. Houston-Clear Lake",531,"hhs",103000
"U. Houston-Clear Lake",531,"nasa",113000
"U. Houston-Clear Lake",531,"nsf",139000
"U. Houston-Clear Lake",531,"usda",0
"U. Houston-Clear Lake",531,"othera",918000
"U. Hartford",532,"all federal r d expenditures",1269000
"U. Hartford",532,"dod",53000
"U. Hartford",532,"doe",17000
"U. Hartford",532,"hhs",71000
"U. Hartford",532,"nasa",879000
"U. Hartford",532,"nsf",52000
"U. Hartford",532,"usda",0
"U. Hartford",532,"othera",197000
"Albany C. of Pharmacy and Health Sciences",533,"all federal r d expenditures",1256000
"Albany C. of Pharmacy and Health Sciences",533,"dod",0
"Albany C. of Pharmacy and Health Sciences",533,"doe",0
"Albany C. of Pharmacy and Health Sciences",533,"hhs",1256000
"Albany C. of Pharmacy and Health Sciences",533,"nasa",0
"Albany C. of Pharmacy and Health Sciences",533,"nsf",0
"Albany C. of Pharmacy and Health Sciences",533,"usda",0
"Albany C. of Pharmacy and Health Sciences",533,"othera",0
"U. Wisconsin-Oshkosh",534,"all federal r d expenditures",1249000
"U. Wisconsin-Oshkosh",534,"dod",0
"U. Wisconsin-Oshkosh",534,"doe",0
"U. Wisconsin-Oshkosh",534,"hhs",538000
"U. Wisconsin-Oshkosh",534,"nasa",0
"U. Wisconsin-Oshkosh",534,"nsf",533000
"U. Wisconsin-Oshkosh",534,"usda",0
"U. Wisconsin-Oshkosh",534,"othera",178000
"Erikson Institute",535,"all federal r d expenditures",1245000
"Erikson Institute",535,"dod",0
"Erikson Institute",535,"doe",0
"Erikson Institute",535,"hhs",0
"Erikson Institute",535,"nasa",0
"Erikson Institute",535,"nsf",0
"Erikson Institute",535,"usda",0
"Erikson Institute",535,"othera",1245000
"U. Hawaii, Maui C.",536,"all federal r d expenditures",1234000
"U. Hawaii, Maui C.",536,"dod",0
"U. Hawaii, Maui C.",536,"doe",6000
"U. Hawaii, Maui C.",536,"hhs",59000
"U. Hawaii, Maui C.",536,"nasa",0
"U. Hawaii, Maui C.",536,"nsf",801000
"U. Hawaii, Maui C.",536,"usda",214000
"U. Hawaii, Maui C.",536,"othera",154000
"Texas A&M U.-San Antonio",537,"all federal r d expenditures",1233000
"Texas A&M U.-San Antonio",537,"dod",0
"Texas A&M U.-San Antonio",537,"doe",0
"Texas A&M U.-San Antonio",537,"hhs",38000
"Texas A&M U.-San Antonio",537,"nasa",0
"Texas A&M U.-San Antonio",537,"nsf",581000
"Texas A&M U.-San Antonio",537,"usda",42000
"Texas A&M U.-San Antonio",537,"othera",572000
"Yeshiva U.",538,"all federal r d expenditures",1229000
"Yeshiva U.",538,"dod",23000
"Yeshiva U.",538,"doe",0
"Yeshiva U.",538,"hhs",559000
"Yeshiva U.",538,"nasa",0
"Yeshiva U.",538,"nsf",419000
"Yeshiva U.",538,"usda",129000
"Yeshiva U.",538,"othera",99000
"Dillard U.",539,"all federal r d expenditures",1228000
"Dillard U.",539,"dod",160000
"Dillard U.",539,"doe",16000
"Dillard U.",539,"hhs",96000
"Dillard U.",539,"nasa",59000
"Dillard U.",539,"nsf",534000
"Dillard U.",539,"usda",0
"Dillard U.",539,"othera",363000
"U. Wisconsin-Green Bay",540,"all federal r d expenditures",1222000
"U. Wisconsin-Green Bay",540,"dod",178000
"U. Wisconsin-Green Bay",540,"doe",76000
"U. Wisconsin-Green Bay",540,"hhs",660000
"U. Wisconsin-Green Bay",540,"nasa",37000
"U. Wisconsin-Green Bay",540,"nsf",152000
"U. Wisconsin-Green Bay",540,"usda",14000
"U. Wisconsin-Green Bay",540,"othera",105000
"Pomona C.",541,"all federal r d expenditures",1205000
"Pomona C.",541,"dod",50000
"Pomona C.",541,"doe",0
"Pomona C.",541,"hhs",335000
"Pomona C.",541,"nasa",65000
"Pomona C.",541,"nsf",755000
"Pomona C.",541,"usda",0
"Pomona C.",541,"othera",0
"Vassar C.",542,"all federal r d expenditures",1204000
"Vassar C.",542,"dod",0
"Vassar C.",542,"doe",0
"Vassar C.",542,"hhs",486000
"Vassar C.",542,"nasa",11000
"Vassar C.",542,"nsf",707000
"Vassar C.",542,"usda",0
"Vassar C.",542,"othera",0
"Florida Polytechnic U.",543,"all federal r d expenditures",1172000
"Florida Polytechnic U.",543,"dod",19000
"Florida Polytechnic U.",543,"doe",364000
"Florida Polytechnic U.",543,"hhs",4e+05
"Florida Polytechnic U.",543,"nasa",18000
"Florida Polytechnic U.",543,"nsf",174000
"Florida Polytechnic U.",543,"usda",0
"Florida Polytechnic U.",543,"othera",197000
"Seattle U.",544,"all federal r d expenditures",1165000
"Seattle U.",544,"dod",16000
"Seattle U.",544,"doe",0
"Seattle U.",544,"hhs",350000
"Seattle U.",544,"nasa",0
"Seattle U.",544,"nsf",759000
"Seattle U.",544,"usda",40000
"Seattle U.",544,"othera",0
"California State U., Stanislaus",545,"all federal r d expenditures",1150000
"California State U., Stanislaus",545,"dod",0
"California State U., Stanislaus",545,"doe",5000
"California State U., Stanislaus",545,"hhs",99000
"California State U., Stanislaus",545,"nasa",37000
"California State U., Stanislaus",545,"nsf",670000
"California State U., Stanislaus",545,"usda",0
"California State U., Stanislaus",545,"othera",339000
"Lafayette C.",546,"all federal r d expenditures",1141000
"Lafayette C.",546,"dod",99000
"Lafayette C.",546,"doe",16000
"Lafayette C.",546,"hhs",109000
"Lafayette C.",546,"nasa",38000
"Lafayette C.",546,"nsf",805000
"Lafayette C.",546,"usda",0
"Lafayette C.",546,"othera",74000
"SUNY, C. Plattsburgh",547,"all federal r d expenditures",1121000
"SUNY, C. Plattsburgh",547,"dod",0
"SUNY, C. Plattsburgh",547,"doe",0
"SUNY, C. Plattsburgh",547,"hhs",217000
"SUNY, C. Plattsburgh",547,"nasa",270000
"SUNY, C. Plattsburgh",547,"nsf",0
"SUNY, C. Plattsburgh",547,"usda",160000
"SUNY, C. Plattsburgh",547,"othera",474000
"Stephen F. Austin State U.",548,"all federal r d expenditures",1098000
"Stephen F. Austin State U.",548,"dod",0
"Stephen F. Austin State U.",548,"doe",0
"Stephen F. Austin State U.",548,"hhs",0
"Stephen F. Austin State U.",548,"nasa",0
"Stephen F. Austin State U.",548,"nsf",378000
"Stephen F. Austin State U.",548,"usda",591000
"Stephen F. Austin State U.",548,"othera",129000
"Macalester C.",549,"all federal r d expenditures",1094000
"Macalester C.",549,"dod",41000
"Macalester C.",549,"doe",0
"Macalester C.",549,"hhs",88000
"Macalester C.",549,"nasa",7000
"Macalester C.",549,"nsf",882000
"Macalester C.",549,"usda",25000
"Macalester C.",549,"othera",51000
"Elizabeth City State U.",550,"all federal r d expenditures",1093000
"Elizabeth City State U.",550,"dod",0
"Elizabeth City State U.",550,"doe",0
"Elizabeth City State U.",550,"hhs",1000
"Elizabeth City State U.",550,"nasa",0
"Elizabeth City State U.",550,"nsf",722000
"Elizabeth City State U.",550,"usda",0
"Elizabeth City State U.",550,"othera",370000
"Kenyon C.",551,"all federal r d expenditures",1092000
"Kenyon C.",551,"dod",0
"Kenyon C.",551,"doe",0
"Kenyon C.",551,"hhs",239000
"Kenyon C.",551,"nasa",0
"Kenyon C.",551,"nsf",811000
"Kenyon C.",551,"usda",42000
"Kenyon C.",551,"othera",0
"U. of the Incarnate Word",552,"all federal r d expenditures",1086000
"U. of the Incarnate Word",552,"dod",470000
"U. of the Incarnate Word",552,"doe",0
"U. of the Incarnate Word",552,"hhs",471000
"U. of the Incarnate Word",552,"nasa",0
"U. of the Incarnate Word",552,"nsf",145000
"U. of the Incarnate Word",552,"usda",0
"U. of the Incarnate Word",552,"othera",0
"Grinnell C.",553,"all federal r d expenditures",1082000
"Grinnell C.",553,"dod",0
"Grinnell C.",553,"doe",0
"Grinnell C.",553,"hhs",0
"Grinnell C.",553,"nasa",0
"Grinnell C.",553,"nsf",1082000
"Grinnell C.",553,"usda",0
"Grinnell C.",553,"othera",0
"Butler U.",554,"all federal r d expenditures",1077000
"Butler U.",554,"dod",0
"Butler U.",554,"doe",0
"Butler U.",554,"hhs",375000
"Butler U.",554,"nasa",76000
"Butler U.",554,"nsf",616000
"Butler U.",554,"usda",0
"Butler U.",554,"othera",10000
"La Sierra U.",555,"all federal r d expenditures",1066000
"La Sierra U.",555,"dod",0
"La Sierra U.",555,"doe",0
"La Sierra U.",555,"hhs",0
"La Sierra U.",555,"nasa",0
"La Sierra U.",555,"nsf",0
"La Sierra U.",555,"usda",0
"La Sierra U.",555,"othera",1066000
"U. Illinois, Springfield",556,"all federal r d expenditures",1057000
"U. Illinois, Springfield",556,"dod",0
"U. Illinois, Springfield",556,"doe",0
"U. Illinois, Springfield",556,"hhs",195000
"U. Illinois, Springfield",556,"nasa",0
"U. Illinois, Springfield",556,"nsf",18000
"U. Illinois, Springfield",556,"usda",3000
"U. Illinois, Springfield",556,"othera",841000
"Claremont McKenna C.",557,"all federal r d expenditures",1035000
"Claremont McKenna C.",557,"dod",109000
"Claremont McKenna C.",557,"doe",0
"Claremont McKenna C.",557,"hhs",94000
"Claremont McKenna C.",557,"nasa",0
"Claremont McKenna C.",557,"nsf",832000
"Claremont McKenna C.",557,"usda",0
"Claremont McKenna C.",557,"othera",0
"U. Wisconsin-Eau Claire",558,"all federal r d expenditures",1027000
"U. Wisconsin-Eau Claire",558,"dod",0
"U. Wisconsin-Eau Claire",558,"doe",91000
"U. Wisconsin-Eau Claire",558,"hhs",360000
"U. Wisconsin-Eau Claire",558,"nasa",0
"U. Wisconsin-Eau Claire",558,"nsf",557000
"U. Wisconsin-Eau Claire",558,"usda",0
"U. Wisconsin-Eau Claire",558,"othera",19000
"Hobart and William Smith Colleges",559,"all federal r d expenditures",1019000
"Hobart and William Smith Colleges",559,"dod",0
"Hobart and William Smith Colleges",559,"doe",0
"Hobart and William Smith Colleges",559,"hhs",10000
"Hobart and William Smith Colleges",559,"nasa",5000
"Hobart and William Smith Colleges",559,"nsf",560000
"Hobart and William Smith Colleges",559,"usda",26000
"Hobart and William Smith Colleges",559,"othera",418000
"Eastern Washington U.",560,"all federal r d expenditures",1015000
"Eastern Washington U.",560,"dod",0
"Eastern Washington U.",560,"doe",210000
"Eastern Washington U.",560,"hhs",19000
"Eastern Washington U.",560,"nasa",0
"Eastern Washington U.",560,"nsf",368000
"Eastern Washington U.",560,"usda",0
"Eastern Washington U.",560,"othera",418000
"U. San Francisco",560,"all federal r d expenditures",1015000
"U. San Francisco",560,"dod",0
"U. San Francisco",560,"doe",0
"U. San Francisco",560,"hhs",477000
"U. San Francisco",560,"nasa",56000
"U. San Francisco",560,"nsf",461000
"U. San Francisco",560,"usda",0
"U. San Francisco",560,"othera",21000
"U. Texas of the Permian Basin",562,"all federal r d expenditures",1013000
"U. Texas of the Permian Basin",562,"dod",0
"U. Texas of the Permian Basin",562,"doe",0
"U. Texas of the Permian Basin",562,"hhs",495000
"U. Texas of the Permian Basin",562,"nasa",0
"U. Texas of the Permian Basin",562,"nsf",174000
"U. Texas of the Permian Basin",562,"usda",0
"U. Texas of the Permian Basin",562,"othera",344000
"Indiana State U.",563,"all federal r d expenditures",980000
"Indiana State U.",563,"dod",0
"Indiana State U.",563,"doe",16000
"Indiana State U.",563,"hhs",282000
"Indiana State U.",563,"nasa",34000
"Indiana State U.",563,"nsf",114000
"Indiana State U.",563,"usda",0
"Indiana State U.",563,"othera",534000
"Drake U.",564,"all federal r d expenditures",954000
"Drake U.",564,"dod",20000
"Drake U.",564,"doe",15000
"Drake U.",564,"hhs",590000
"Drake U.",564,"nasa",55000
"Drake U.",564,"nsf",254000
"Drake U.",564,"usda",20000
"Drake U.",564,"othera",0
"Colorado State U., Pueblo",565,"all federal r d expenditures",952000
"Colorado State U., Pueblo",565,"dod",0
"Colorado State U., Pueblo",565,"doe",0
"Colorado State U., Pueblo",565,"hhs",0
"Colorado State U., Pueblo",565,"nasa",0
"Colorado State U., Pueblo",565,"nsf",798000
"Colorado State U., Pueblo",565,"usda",43000
"Colorado State U., Pueblo",565,"othera",111000
"Abilene Christian U.",566,"all federal r d expenditures",946000
"Abilene Christian U.",566,"dod",0
"Abilene Christian U.",566,"doe",836000
"Abilene Christian U.",566,"hhs",0
"Abilene Christian U.",566,"nasa",15000
"Abilene Christian U.",566,"nsf",0
"Abilene Christian U.",566,"usda",0
"Abilene Christian U.",566,"othera",95000
"Ursinus C.",567,"all federal r d expenditures",942000
"Ursinus C.",567,"dod",7000
"Ursinus C.",567,"doe",14000
"Ursinus C.",567,"hhs",266000
"Ursinus C.",567,"nasa",0
"Ursinus C.",567,"nsf",551000
"Ursinus C.",567,"usda",104000
"Ursinus C.",567,"othera",0
"St. Olaf C.",568,"all federal r d expenditures",933000
"St. Olaf C.",568,"dod",0
"St. Olaf C.",568,"doe",0
"St. Olaf C.",568,"hhs",23000
"St. Olaf C.",568,"nasa",0
"St. Olaf C.",568,"nsf",806000
"St. Olaf C.",568,"usda",0
"St. Olaf C.",568,"othera",104000
"Marian U., Indianapolis",569,"all federal r d expenditures",918000
"Marian U., Indianapolis",569,"dod",0
"Marian U., Indianapolis",569,"doe",0
"Marian U., Indianapolis",569,"hhs",282000
"Marian U., Indianapolis",569,"nasa",0
"Marian U., Indianapolis",569,"nsf",269000
"Marian U., Indianapolis",569,"usda",0
"Marian U., Indianapolis",569,"othera",367000
"East Stroudsburg U. Pennsylvania",570,"all federal r d expenditures",909000
"East Stroudsburg U. Pennsylvania",570,"dod",0
"East Stroudsburg U. Pennsylvania",570,"doe",0
"East Stroudsburg U. Pennsylvania",570,"hhs",0
"East Stroudsburg U. Pennsylvania",570,"nasa",0
"East Stroudsburg U. Pennsylvania",570,"nsf",809000
"East Stroudsburg U. Pennsylvania",570,"usda",85000
"East Stroudsburg U. Pennsylvania",570,"othera",15000
"Minnesota State U., Mankato",571,"all federal r d expenditures",905000
"Minnesota State U., Mankato",571,"dod",55000
"Minnesota State U., Mankato",571,"doe",206000
"Minnesota State U., Mankato",571,"hhs",0
"Minnesota State U., Mankato",571,"nasa",33000
"Minnesota State U., Mankato",571,"nsf",436000
"Minnesota State U., Mankato",571,"usda",20000
"Minnesota State U., Mankato",571,"othera",155000
"SUNY, Oswego",572,"all federal r d expenditures",894000
"SUNY, Oswego",572,"dod",15000
"SUNY, Oswego",572,"doe",24000
"SUNY, Oswego",572,"hhs",378000
"SUNY, Oswego",572,"nasa",1000
"SUNY, Oswego",572,"nsf",429000
"SUNY, Oswego",572,"usda",0
"SUNY, Oswego",572,"othera",47000
"Suffolk U.",573,"all federal r d expenditures",893000
"Suffolk U.",573,"dod",0
"Suffolk U.",573,"doe",0
"Suffolk U.",573,"hhs",103000
"Suffolk U.",573,"nasa",0
"Suffolk U.",573,"nsf",103000
"Suffolk U.",573,"usda",0
"Suffolk U.",573,"othera",687000
"Merrimack C.",574,"all federal r d expenditures",892000
"Merrimack C.",574,"dod",0
"Merrimack C.",574,"doe",0
"Merrimack C.",574,"hhs",865000
"Merrimack C.",574,"nasa",0
"Merrimack C.",574,"nsf",16000
"Merrimack C.",574,"usda",0
"Merrimack C.",574,"othera",11000
"U. South Carolina, Beaufort",575,"all federal r d expenditures",889000
"U. South Carolina, Beaufort",575,"dod",431000
"U. South Carolina, Beaufort",575,"doe",0
"U. South Carolina, Beaufort",575,"hhs",0
"U. South Carolina, Beaufort",575,"nasa",0
"U. South Carolina, Beaufort",575,"nsf",140000
"U. South Carolina, Beaufort",575,"usda",87000
"U. South Carolina, Beaufort",575,"othera",231000
"Northland C.",576,"all federal r d expenditures",880000
"Northland C.",576,"dod",34000
"Northland C.",576,"doe",1000
"Northland C.",576,"hhs",360000
"Northland C.",576,"nasa",17000
"Northland C.",576,"nsf",362000
"Northland C.",576,"usda",5000
"Northland C.",576,"othera",101000
"Oberlin C.",576,"all federal r d expenditures",880000
"Oberlin C.",576,"dod",0
"Oberlin C.",576,"doe",3000
"Oberlin C.",576,"hhs",187000
"Oberlin C.",576,"nasa",0
"Oberlin C.",576,"nsf",678000
"Oberlin C.",576,"usda",0
"Oberlin C.",576,"othera",12000
"U. Scranton",578,"all federal r d expenditures",866000
"U. Scranton",578,"dod",0
"U. Scranton",578,"doe",0
"U. Scranton",578,"hhs",0
"U. Scranton",578,"nasa",228000
"U. Scranton",578,"nsf",568000
"U. Scranton",578,"usda",0
"U. Scranton",578,"othera",70000
"National U. of Natural Medicine",579,"all federal r d expenditures",862000
"National U. of Natural Medicine",579,"dod",0
"National U. of Natural Medicine",579,"doe",0
"National U. of Natural Medicine",579,"hhs",862000
"National U. of Natural Medicine",579,"nasa",0
"National U. of Natural Medicine",579,"nsf",0
"National U. of Natural Medicine",579,"usda",0
"National U. of Natural Medicine",579,"othera",0
"Calvin U.",580,"all federal r d expenditures",854000
"Calvin U.",580,"dod",40000
"Calvin U.",580,"doe",0
"Calvin U.",580,"hhs",134000
"Calvin U.",580,"nasa",0
"Calvin U.",580,"nsf",515000
"Calvin U.",580,"usda",0
"Calvin U.",580,"othera",165000
"Northwestern State U. Louisiana",581,"all federal r d expenditures",822000
"Northwestern State U. Louisiana",581,"dod",0
"Northwestern State U. Louisiana",581,"doe",0
"Northwestern State U. Louisiana",581,"hhs",14000
"Northwestern State U. Louisiana",581,"nasa",0
"Northwestern State U. Louisiana",581,"nsf",0
"Northwestern State U. Louisiana",581,"usda",7000
"Northwestern State U. Louisiana",581,"othera",801000
"SUNY, C. Brockport",582,"all federal r d expenditures",813000
"SUNY, C. Brockport",582,"dod",26000
"SUNY, C. Brockport",582,"doe",0
"SUNY, C. Brockport",582,"hhs",0
"SUNY, C. Brockport",582,"nasa",50000
"SUNY, C. Brockport",582,"nsf",142000
"SUNY, C. Brockport",582,"usda",0
"SUNY, C. Brockport",582,"othera",595000
"Bentley U.",583,"all federal r d expenditures",802000
"Bentley U.",583,"dod",0
"Bentley U.",583,"doe",0
"Bentley U.",583,"hhs",99000
"Bentley U.",583,"nasa",0
"Bentley U.",583,"nsf",620000
"Bentley U.",583,"usda",0
"Bentley U.",583,"othera",83000
"Eastern Kentucky U.",584,"all federal r d expenditures",798000
"Eastern Kentucky U.",584,"dod",0
"Eastern Kentucky U.",584,"doe",0
"Eastern Kentucky U.",584,"hhs",64000
"Eastern Kentucky U.",584,"nasa",0
"Eastern Kentucky U.",584,"nsf",596000
"Eastern Kentucky U.",584,"usda",10000
"Eastern Kentucky U.",584,"othera",128000
"Rhode Island C.",585,"all federal r d expenditures",786000
"Rhode Island C.",585,"dod",98000
"Rhode Island C.",585,"doe",0
"Rhode Island C.",585,"hhs",627000
"Rhode Island C.",585,"nasa",0
"Rhode Island C.",585,"nsf",61000
"Rhode Island C.",585,"usda",0
"Rhode Island C.",585,"othera",0
"U. South Carolina, Aiken",586,"all federal r d expenditures",782000
"U. South Carolina, Aiken",586,"dod",0
"U. South Carolina, Aiken",586,"doe",126000
"U. South Carolina, Aiken",586,"hhs",157000
"U. South Carolina, Aiken",586,"nasa",287000
"U. South Carolina, Aiken",586,"nsf",21000
"U. South Carolina, Aiken",586,"usda",0
"U. South Carolina, Aiken",586,"othera",191000
"Lewis and Clark C.",587,"all federal r d expenditures",776000
"Lewis and Clark C.",587,"dod",0
"Lewis and Clark C.",587,"doe",62000
"Lewis and Clark C.",587,"hhs",0
"Lewis and Clark C.",587,"nasa",0
"Lewis and Clark C.",587,"nsf",714000
"Lewis and Clark C.",587,"usda",0
"Lewis and Clark C.",587,"othera",0
"Arcadia U.",588,"all federal r d expenditures",772000
"Arcadia U.",588,"dod",0
"Arcadia U.",588,"doe",0
"Arcadia U.",588,"hhs",54000
"Arcadia U.",588,"nasa",0
"Arcadia U.",588,"nsf",503000
"Arcadia U.",588,"usda",0
"Arcadia U.",588,"othera",215000
"Monmouth U.",589,"all federal r d expenditures",762000
"Monmouth U.",589,"dod",124000
"Monmouth U.",589,"doe",0
"Monmouth U.",589,"hhs",0
"Monmouth U.",589,"nasa",0
"Monmouth U.",589,"nsf",153000
"Monmouth U.",589,"usda",15000
"Monmouth U.",589,"othera",470000
"U. Puerto Rico, Cayey",590,"all federal r d expenditures",733000
"U. Puerto Rico, Cayey",590,"dod",0
"U. Puerto Rico, Cayey",590,"doe",0
"U. Puerto Rico, Cayey",590,"hhs",474000
"U. Puerto Rico, Cayey",590,"nasa",149000
"U. Puerto Rico, Cayey",590,"nsf",110000
"U. Puerto Rico, Cayey",590,"usda",0
"U. Puerto Rico, Cayey",590,"othera",0
"SUNY, Cobleskill",591,"all federal r d expenditures",730000
"SUNY, Cobleskill",591,"dod",469000
"SUNY, Cobleskill",591,"doe",0
"SUNY, Cobleskill",591,"hhs",0
"SUNY, Cobleskill",591,"nasa",0
"SUNY, Cobleskill",591,"nsf",0
"SUNY, Cobleskill",591,"usda",125000
"SUNY, Cobleskill",591,"othera",136000
"Union C., Schenectady",592,"all federal r d expenditures",729000
"Union C., Schenectady",592,"dod",0
"Union C., Schenectady",592,"doe",0
"Union C., Schenectady",592,"hhs",26000
"Union C., Schenectady",592,"nasa",60000
"Union C., Schenectady",592,"nsf",643000
"Union C., Schenectady",592,"usda",0
"Union C., Schenectady",592,"othera",0
"Milwaukee School of Engineering",593,"all federal r d expenditures",722000
"Milwaukee School of Engineering",593,"dod",0
"Milwaukee School of Engineering",593,"doe",0
"Milwaukee School of Engineering",593,"hhs",204000
"Milwaukee School of Engineering",593,"nasa",26000
"Milwaukee School of Engineering",593,"nsf",492000
"Milwaukee School of Engineering",593,"usda",0
"Milwaukee School of Engineering",593,"othera",0
"U. Wisconsin-La Crosse",594,"all federal r d expenditures",714000
"U. Wisconsin-La Crosse",594,"dod",29000
"U. Wisconsin-La Crosse",594,"doe",0
"U. Wisconsin-La Crosse",594,"hhs",0
"U. Wisconsin-La Crosse",594,"nasa",28000
"U. Wisconsin-La Crosse",594,"nsf",190000
"U. Wisconsin-La Crosse",594,"usda",194000
"U. Wisconsin-La Crosse",594,"othera",273000
"Framingham State U.",595,"all federal r d expenditures",7e+05
"Framingham State U.",595,"dod",0
"Framingham State U.",595,"doe",0
"Framingham State U.",595,"hhs",0
"Framingham State U.",595,"nasa",0
"Framingham State U.",595,"nsf",0
"Framingham State U.",595,"usda",7e+05
"Framingham State U.",595,"othera",0
"St. Cloud State U.",596,"all federal r d expenditures",689000
"St. Cloud State U.",596,"dod",8000
"St. Cloud State U.",596,"doe",0
"St. Cloud State U.",596,"hhs",0
"St. Cloud State U.",596,"nasa",4000
"St. Cloud State U.",596,"nsf",298000
"St. Cloud State U.",596,"usda",63000
"St. Cloud State U.",596,"othera",316000
"Stockton U.",597,"all federal r d expenditures",688000
"Stockton U.",597,"dod",0
"Stockton U.",597,"doe",0
"Stockton U.",597,"hhs",74000
"Stockton U.",597,"nasa",0
"Stockton U.",597,"nsf",45000
"Stockton U.",597,"usda",141000
"Stockton U.",597,"othera",428000
"Trinity C., Hartford",598,"all federal r d expenditures",687000
"Trinity C., Hartford",598,"dod",0
"Trinity C., Hartford",598,"doe",0
"Trinity C., Hartford",598,"hhs",319000
"Trinity C., Hartford",598,"nasa",6000
"Trinity C., Hartford",598,"nsf",341000
"Trinity C., Hartford",598,"usda",0
"Trinity C., Hartford",598,"othera",21000
"Edward Via C. of Osteopathic Medicine",599,"all federal r d expenditures",678000
"Edward Via C. of Osteopathic Medicine",599,"dod",38000
"Edward Via C. of Osteopathic Medicine",599,"doe",0
"Edward Via C. of Osteopathic Medicine",599,"hhs",639000
"Edward Via C. of Osteopathic Medicine",599,"nasa",0
"Edward Via C. of Osteopathic Medicine",599,"nsf",1000
"Edward Via C. of Osteopathic Medicine",599,"usda",0
"Edward Via C. of Osteopathic Medicine",599,"othera",0
"Pepperdine U.",600,"all federal r d expenditures",674000
"Pepperdine U.",600,"dod",84000
"Pepperdine U.",600,"doe",0
"Pepperdine U.",600,"hhs",184000
"Pepperdine U.",600,"nasa",0
"Pepperdine U.",600,"nsf",378000
"Pepperdine U.",600,"usda",25000
"Pepperdine U.",600,"othera",3000
"Robert Morris U.",601,"all federal r d expenditures",664000
"Robert Morris U.",601,"dod",463000
"Robert Morris U.",601,"doe",15000
"Robert Morris U.",601,"hhs",14000
"Robert Morris U.",601,"nasa",0
"Robert Morris U.",601,"nsf",170000
"Robert Morris U.",601,"usda",0
"Robert Morris U.",601,"othera",2000
"Connecticut C.",602,"all federal r d expenditures",648000
"Connecticut C.",602,"dod",34000
"Connecticut C.",602,"doe",0
"Connecticut C.",602,"hhs",215000
"Connecticut C.",602,"nasa",0
"Connecticut C.",602,"nsf",170000
"Connecticut C.",602,"usda",0
"Connecticut C.",602,"othera",229000
"Franklin W. Olin C. of Engineering",603,"all federal r d expenditures",641000
"Franklin W. Olin C. of Engineering",603,"dod",16000
"Franklin W. Olin C. of Engineering",603,"doe",0
"Franklin W. Olin C. of Engineering",603,"hhs",126000
"Franklin W. Olin C. of Engineering",603,"nasa",48000
"Franklin W. Olin C. of Engineering",603,"nsf",415000
"Franklin W. Olin C. of Engineering",603,"usda",0
"Franklin W. Olin C. of Engineering",603,"othera",36000
"Sacred Heart U.",604,"all federal r d expenditures",639000
"Sacred Heart U.",604,"dod",0
"Sacred Heart U.",604,"doe",0
"Sacred Heart U.",604,"hhs",97000
"Sacred Heart U.",604,"nasa",0
"Sacred Heart U.",604,"nsf",423000
"Sacred Heart U.",604,"usda",0
"Sacred Heart U.",604,"othera",119000
"Alaska Pacific U.",605,"all federal r d expenditures",627000
"Alaska Pacific U.",605,"dod",0
"Alaska Pacific U.",605,"doe",0
"Alaska Pacific U.",605,"hhs",0
"Alaska Pacific U.",605,"nasa",60000
"Alaska Pacific U.",605,"nsf",406000
"Alaska Pacific U.",605,"usda",7000
"Alaska Pacific U.",605,"othera",154000
"Colorado C.",606,"all federal r d expenditures",611000
"Colorado C.",606,"dod",0
"Colorado C.",606,"doe",0
"Colorado C.",606,"hhs",0
"Colorado C.",606,"nasa",44000
"Colorado C.",606,"nsf",567000
"Colorado C.",606,"usda",0
"Colorado C.",606,"othera",0
"C. Wooster",607,"all federal r d expenditures",594000
"C. Wooster",607,"dod",69000
"C. Wooster",607,"doe",0
"C. Wooster",607,"hhs",42000
"C. Wooster",607,"nasa",0
"C. Wooster",607,"nsf",470000
"C. Wooster",607,"usda",2000
"C. Wooster",607,"othera",11000
"Northern Michigan U.",608,"all federal r d expenditures",560000
"Northern Michigan U.",608,"dod",0
"Northern Michigan U.",608,"doe",0
"Northern Michigan U.",608,"hhs",40000
"Northern Michigan U.",608,"nasa",0
"Northern Michigan U.",608,"nsf",192000
"Northern Michigan U.",608,"usda",0
"Northern Michigan U.",608,"othera",328000
"Des Moines U.",609,"all federal r d expenditures",556000
"Des Moines U.",609,"dod",0
"Des Moines U.",609,"doe",0
"Des Moines U.",609,"hhs",430000
"Des Moines U.",609,"nasa",0
"Des Moines U.",609,"nsf",4000
"Des Moines U.",609,"usda",0
"Des Moines U.",609,"othera",122000
"U. Wisconsin-River Falls",610,"all federal r d expenditures",551000
"U. Wisconsin-River Falls",610,"dod",0
"U. Wisconsin-River Falls",610,"doe",0
"U. Wisconsin-River Falls",610,"hhs",0
"U. Wisconsin-River Falls",610,"nasa",0
"U. Wisconsin-River Falls",610,"nsf",348000
"U. Wisconsin-River Falls",610,"usda",152000
"U. Wisconsin-River Falls",610,"othera",51000
"Western New England U.",611,"all federal r d expenditures",538000
"Western New England U.",611,"dod",0
"Western New England U.",611,"doe",3000
"Western New England U.",611,"hhs",83000
"Western New England U.",611,"nasa",0
"Western New England U.",611,"nsf",341000
"Western New England U.",611,"usda",0
"Western New England U.",611,"othera",111000
"Southern U., New Orleans",612,"all federal r d expenditures",536000
"Southern U., New Orleans",612,"dod",0
"Southern U., New Orleans",612,"doe",0
"Southern U., New Orleans",612,"hhs",0
"Southern U., New Orleans",612,"nasa",0
"Southern U., New Orleans",612,"nsf",0
"Southern U., New Orleans",612,"usda",0
"Southern U., New Orleans",612,"othera",536000
"Liberty U.",613,"all federal r d expenditures",532000
"Liberty U.",613,"dod",384000
"Liberty U.",613,"doe",0
"Liberty U.",613,"hhs",148000
"Liberty U.",613,"nasa",0
"Liberty U.",613,"nsf",0
"Liberty U.",613,"usda",0
"Liberty U.",613,"othera",0
"U. of St. Thomas (MN)",614,"all federal r d expenditures",531000
"U. of St. Thomas (MN)",614,"dod",140000
"U. of St. Thomas (MN)",614,"doe",0
"U. of St. Thomas (MN)",614,"hhs",93000
"U. of St. Thomas (MN)",614,"nasa",2000
"U. of St. Thomas (MN)",614,"nsf",291000
"U. of St. Thomas (MN)",614,"usda",0
"U. of St. Thomas (MN)",614,"othera",5000
"Gettysburg C.",615,"all federal r d expenditures",517000
"Gettysburg C.",615,"dod",0
"Gettysburg C.",615,"doe",0
"Gettysburg C.",615,"hhs",98000
"Gettysburg C.",615,"nasa",3000
"Gettysburg C.",615,"nsf",412000
"Gettysburg C.",615,"usda",0
"Gettysburg C.",615,"othera",4000
"U. Puerto Rico, Ponce",616,"all federal r d expenditures",510000
"U. Puerto Rico, Ponce",616,"dod",0
"U. Puerto Rico, Ponce",616,"doe",0
"U. Puerto Rico, Ponce",616,"hhs",391000
"U. Puerto Rico, Ponce",616,"nasa",0
"U. Puerto Rico, Ponce",616,"nsf",69000
"U. Puerto Rico, Ponce",616,"usda",0
"U. Puerto Rico, Ponce",616,"othera",50000
"West Virginia School of Osteopathic Medicine",617,"all federal r d expenditures",5e+05
"West Virginia School of Osteopathic Medicine",617,"dod",0
"West Virginia School of Osteopathic Medicine",617,"doe",0
"West Virginia School of Osteopathic Medicine",617,"hhs",5e+05
"West Virginia School of Osteopathic Medicine",617,"nasa",0
"West Virginia School of Osteopathic Medicine",617,"nsf",0
"West Virginia School of Osteopathic Medicine",617,"usda",0
"West Virginia School of Osteopathic Medicine",617,"othera",0
"Willamette U.",618,"all federal r d expenditures",490000
"Willamette U.",618,"dod",0
"Willamette U.",618,"doe",0
"Willamette U.",618,"hhs",114000
"Willamette U.",618,"nasa",0
"Willamette U.",618,"nsf",359000
"Willamette U.",618,"usda",0
"Willamette U.",618,"othera",17000
"Elon U.",619,"all federal r d expenditures",479000
"Elon U.",619,"dod",51000
"Elon U.",619,"doe",0
"Elon U.",619,"hhs",253000
"Elon U.",619,"nasa",0
"Elon U.",619,"nsf",131000
"Elon U.",619,"usda",0
"Elon U.",619,"othera",44000
"U. North Georgia",620,"all federal r d expenditures",477000
"U. North Georgia",620,"dod",130000
"U. North Georgia",620,"doe",0
"U. North Georgia",620,"hhs",0
"U. North Georgia",620,"nasa",2000
"U. North Georgia",620,"nsf",319000
"U. North Georgia",620,"usda",26000
"U. North Georgia",620,"othera",0
"Gustavus Adolphus C.",621,"all federal r d expenditures",467000
"Gustavus Adolphus C.",621,"dod",0
"Gustavus Adolphus C.",621,"doe",0
"Gustavus Adolphus C.",621,"hhs",0
"Gustavus Adolphus C.",621,"nasa",0
"Gustavus Adolphus C.",621,"nsf",383000
"Gustavus Adolphus C.",621,"usda",9000
"Gustavus Adolphus C.",621,"othera",75000
"U. Wisconsin-Platteville",622,"all federal r d expenditures",465000
"U. Wisconsin-Platteville",622,"dod",140000
"U. Wisconsin-Platteville",622,"doe",23000
"U. Wisconsin-Platteville",622,"hhs",89000
"U. Wisconsin-Platteville",622,"nasa",8000
"U. Wisconsin-Platteville",622,"nsf",90000
"U. Wisconsin-Platteville",622,"usda",70000
"U. Wisconsin-Platteville",622,"othera",45000
"Ithaca C.",623,"all federal r d expenditures",453000
"Ithaca C.",623,"dod",0
"Ithaca C.",623,"doe",0
"Ithaca C.",623,"hhs",74000
"Ithaca C.",623,"nasa",0
"Ithaca C.",623,"nsf",379000
"Ithaca C.",623,"usda",0
"Ithaca C.",623,"othera",0
"Whitman C.",624,"all federal r d expenditures",449000
"Whitman C.",624,"dod",24000
"Whitman C.",624,"doe",0
"Whitman C.",624,"hhs",0
"Whitman C.",624,"nasa",0
"Whitman C.",624,"nsf",425000
"Whitman C.",624,"usda",0
"Whitman C.",624,"othera",0
"U. Virginia's C. Wise",625,"all federal r d expenditures",447000
"U. Virginia's C. Wise",625,"dod",0
"U. Virginia's C. Wise",625,"doe",0
"U. Virginia's C. Wise",625,"hhs",0
"U. Virginia's C. Wise",625,"nasa",0
"U. Virginia's C. Wise",625,"nsf",376000
"U. Virginia's C. Wise",625,"usda",39000
"U. Virginia's C. Wise",625,"othera",32000
"Andrews U.",626,"all federal r d expenditures",445000
"Andrews U.",626,"dod",0
"Andrews U.",626,"doe",0
"Andrews U.",626,"hhs",0
"Andrews U.",626,"nasa",304000
"Andrews U.",626,"nsf",141000
"Andrews U.",626,"usda",0
"Andrews U.",626,"othera",0
"Philadelphia C. of Osteopathic Medicine",627,"all federal r d expenditures",442000
"Philadelphia C. of Osteopathic Medicine",627,"dod",0
"Philadelphia C. of Osteopathic Medicine",627,"doe",0
"Philadelphia C. of Osteopathic Medicine",627,"hhs",36000
"Philadelphia C. of Osteopathic Medicine",627,"nasa",0
"Philadelphia C. of Osteopathic Medicine",627,"nsf",406000
"Philadelphia C. of Osteopathic Medicine",627,"usda",0
"Philadelphia C. of Osteopathic Medicine",627,"othera",0
"Bryant U.",628,"all federal r d expenditures",436000
"Bryant U.",628,"dod",0
"Bryant U.",628,"doe",0
"Bryant U.",628,"hhs",257000
"Bryant U.",628,"nasa",3000
"Bryant U.",628,"nsf",176000
"Bryant U.",628,"usda",0
"Bryant U.",628,"othera",0
"Marshall B. Ketchum U.",629,"all federal r d expenditures",433000
"Marshall B. Ketchum U.",629,"dod",50000
"Marshall B. Ketchum U.",629,"doe",0
"Marshall B. Ketchum U.",629,"hhs",361000
"Marshall B. Ketchum U.",629,"nasa",0
"Marshall B. Ketchum U.",629,"nsf",9000
"Marshall B. Ketchum U.",629,"usda",1000
"Marshall B. Ketchum U.",629,"othera",12000
"Lincoln U.",630,"all federal r d expenditures",430000
"Lincoln U.",630,"dod",0
"Lincoln U.",630,"doe",0
"Lincoln U.",630,"hhs",88000
"Lincoln U.",630,"nasa",40000
"Lincoln U.",630,"nsf",228000
"Lincoln U.",630,"usda",74000
"Lincoln U.",630,"othera",0
"Wheaton C., Wheaton",631,"all federal r d expenditures",428000
"Wheaton C., Wheaton",631,"dod",0
"Wheaton C., Wheaton",631,"doe",21000
"Wheaton C., Wheaton",631,"hhs",160000
"Wheaton C., Wheaton",631,"nasa",0
"Wheaton C., Wheaton",631,"nsf",186000
"Wheaton C., Wheaton",631,"usda",0
"Wheaton C., Wheaton",631,"othera",61000
"Manhattan C.",632,"all federal r d expenditures",422000
"Manhattan C.",632,"dod",86000
"Manhattan C.",632,"doe",0
"Manhattan C.",632,"hhs",253000
"Manhattan C.",632,"nasa",0
"Manhattan C.",632,"nsf",68000
"Manhattan C.",632,"usda",0
"Manhattan C.",632,"othera",15000
"Indiana U., South Bend",633,"all federal r d expenditures",420000
"Indiana U., South Bend",633,"dod",0
"Indiana U., South Bend",633,"doe",0
"Indiana U., South Bend",633,"hhs",0
"Indiana U., South Bend",633,"nasa",0
"Indiana U., South Bend",633,"nsf",285000
"Indiana U., South Bend",633,"usda",0
"Indiana U., South Bend",633,"othera",135000
"Hamilton C.",634,"all federal r d expenditures",413000
"Hamilton C.",634,"dod",0
"Hamilton C.",634,"doe",0
"Hamilton C.",634,"hhs",0
"Hamilton C.",634,"nasa",24000
"Hamilton C.",634,"nsf",346000
"Hamilton C.",634,"usda",0
"Hamilton C.",634,"othera",43000
"Canisius U.",635,"all federal r d expenditures",411000
"Canisius U.",635,"dod",212000
"Canisius U.",635,"doe",63000
"Canisius U.",635,"hhs",7000
"Canisius U.",635,"nasa",0
"Canisius U.",635,"nsf",108000
"Canisius U.",635,"usda",0
"Canisius U.",635,"othera",21000
"U. of Mary Washington",636,"all federal r d expenditures",406000
"U. of Mary Washington",636,"dod",0
"U. of Mary Washington",636,"doe",0
"U. of Mary Washington",636,"hhs",0
"U. of Mary Washington",636,"nasa",0
"U. of Mary Washington",636,"nsf",149000
"U. of Mary Washington",636,"usda",0
"U. of Mary Washington",636,"othera",257000
"Marymount U.",637,"all federal r d expenditures",396000
"Marymount U.",637,"dod",0
"Marymount U.",637,"doe",0
"Marymount U.",637,"hhs",83000
"Marymount U.",637,"nasa",20000
"Marymount U.",637,"nsf",293000
"Marymount U.",637,"usda",0
"Marymount U.",637,"othera",0
"Central Connecticut State U.",638,"all federal r d expenditures",393000
"Central Connecticut State U.",638,"dod",0
"Central Connecticut State U.",638,"doe",0
"Central Connecticut State U.",638,"hhs",5000
"Central Connecticut State U.",638,"nasa",38000
"Central Connecticut State U.",638,"nsf",22000
"Central Connecticut State U.",638,"usda",0
"Central Connecticut State U.",638,"othera",328000
"Grambling State U.",639,"all federal r d expenditures",377000
"Grambling State U.",639,"dod",40000
"Grambling State U.",639,"doe",0
"Grambling State U.",639,"hhs",145000
"Grambling State U.",639,"nasa",16000
"Grambling State U.",639,"nsf",74000
"Grambling State U.",639,"usda",0
"Grambling State U.",639,"othera",102000
"St. Edward's U.",640,"all federal r d expenditures",315000
"St. Edward's U.",640,"dod",0
"St. Edward's U.",640,"doe",0
"St. Edward's U.",640,"hhs",78000
"St. Edward's U.",640,"nasa",24000
"St. Edward's U.",640,"nsf",154000
"St. Edward's U.",640,"usda",59000
"St. Edward's U.",640,"othera",0
"Lipscomb U.",641,"all federal r d expenditures",309000
"Lipscomb U.",641,"dod",0
"Lipscomb U.",641,"doe",0
"Lipscomb U.",641,"hhs",65000
"Lipscomb U.",641,"nasa",12000
"Lipscomb U.",641,"nsf",226000
"Lipscomb U.",641,"usda",0
"Lipscomb U.",641,"othera",6000
"Pennsylvania State U., Altoona",642,"all federal r d expenditures",297000
"Pennsylvania State U., Altoona",642,"dod",0
"Pennsylvania State U., Altoona",642,"doe",0
"Pennsylvania State U., Altoona",642,"hhs",0
"Pennsylvania State U., Altoona",642,"nasa",0
"Pennsylvania State U., Altoona",642,"nsf",26000
"Pennsylvania State U., Altoona",642,"usda",0
"Pennsylvania State U., Altoona",642,"othera",271000
"U.S. Coast Guard Academy",643,"all federal r d expenditures",278000
"U.S. Coast Guard Academy",643,"dod",93000
"U.S. Coast Guard Academy",643,"doe",13000
"U.S. Coast Guard Academy",643,"hhs",0
"U.S. Coast Guard Academy",643,"nasa",0
"U.S. Coast Guard Academy",643,"nsf",0
"U.S. Coast Guard Academy",643,"usda",0
"U.S. Coast Guard Academy",643,"othera",172000
"Memorial Sloan Kettering Cancer Center, Louis V. Gerstner Jr. Graduate S. of Biomedical Sciences",644,"all federal r d expenditures",273000
"Memorial Sloan Kettering Cancer Center, Louis V. Gerstner Jr. Graduate S. of Biomedical Sciences",644,"dod",0
"Memorial Sloan Kettering Cancer Center, Louis V. Gerstner Jr. Graduate S. of Biomedical Sciences",644,"doe",0
"Memorial Sloan Kettering Cancer Center, Louis V. Gerstner Jr. Graduate S. of Biomedical Sciences",644,"hhs",148000
"Memorial Sloan Kettering Cancer Center, Louis V. Gerstner Jr. Graduate S. of Biomedical Sciences",644,"nasa",0
"Memorial Sloan Kettering Cancer Center, Louis V. Gerstner Jr. Graduate S. of Biomedical Sciences",644,"nsf",125000
"Memorial Sloan Kettering Cancer Center, Louis V. Gerstner Jr. Graduate S. of Biomedical Sciences",644,"usda",0
"Memorial Sloan Kettering Cancer Center, Louis V. Gerstner Jr. Graduate S. of Biomedical Sciences",644,"othera",0
"Albion C.",645,"all federal r d expenditures",226000
"Albion C.",645,"dod",0
"Albion C.",645,"doe",0
"Albion C.",645,"hhs",0
"Albion C.",645,"nasa",184000
"Albion C.",645,"nsf",42000
"Albion C.",645,"usda",0
"Albion C.",645,"othera",0
"Purdue U., Fort Wayne",645,"all federal r d expenditures",226000
"Purdue U., Fort Wayne",645,"dod",0
"Purdue U., Fort Wayne",645,"doe",0
"Purdue U., Fort Wayne",645,"hhs",54000
"Purdue U., Fort Wayne",645,"nasa",31000
"Purdue U., Fort Wayne",645,"nsf",84000
"Purdue U., Fort Wayne",645,"usda",0
"Purdue U., Fort Wayne",645,"othera",57000
"Babson C.",647,"all federal r d expenditures",224000
"Babson C.",647,"dod",0
"Babson C.",647,"doe",0
"Babson C.",647,"hhs",204000
"Babson C.",647,"nasa",0
"Babson C.",647,"nsf",18000
"Babson C.",647,"usda",0
"Babson C.",647,"othera",2000
"Eastern Connecticut State U.",648,"all federal r d expenditures",210000
"Eastern Connecticut State U.",648,"dod",0
"Eastern Connecticut State U.",648,"doe",0
"Eastern Connecticut State U.",648,"hhs",0
"Eastern Connecticut State U.",648,"nasa",9000
"Eastern Connecticut State U.",648,"nsf",182000
"Eastern Connecticut State U.",648,"usda",1000
"Eastern Connecticut State U.",648,"othera",18000
"Heidelberg U.",649,"all federal r d expenditures",197000
"Heidelberg U.",649,"dod",0
"Heidelberg U.",649,"doe",0
"Heidelberg U.",649,"hhs",0
"Heidelberg U.",649,"nasa",0
"Heidelberg U.",649,"nsf",0
"Heidelberg U.",649,"usda",111000
"Heidelberg U.",649,"othera",86000
"Fairfield U.",650,"all federal r d expenditures",180000
"Fairfield U.",650,"dod",15000
"Fairfield U.",650,"doe",0
"Fairfield U.",650,"hhs",0
"Fairfield U.",650,"nasa",20000
"Fairfield U.",650,"nsf",145000
"Fairfield U.",650,"usda",0
"Fairfield U.",650,"othera",0
"William Paterson U.",651,"all federal r d expenditures",168000
"William Paterson U.",651,"dod",0
"William Paterson U.",651,"doe",0
"William Paterson U.",651,"hhs",45000
"William Paterson U.",651,"nasa",0
"William Paterson U.",651,"nsf",84000
"William Paterson U.",651,"usda",0
"William Paterson U.",651,"othera",39000
"St. Mary's C. Maryland",652,"all federal r d expenditures",152000
"St. Mary's C. Maryland",652,"dod",13000
"St. Mary's C. Maryland",652,"doe",0
"St. Mary's C. Maryland",652,"hhs",0
"St. Mary's C. Maryland",652,"nasa",0
"St. Mary's C. Maryland",652,"nsf",101000
"St. Mary's C. Maryland",652,"usda",0
"St. Mary's C. Maryland",652,"othera",38000
"New C. Florida",653,"all federal r d expenditures",146000
"New C. Florida",653,"dod",21000
"New C. Florida",653,"doe",0
"New C. Florida",653,"hhs",0
"New C. Florida",653,"nasa",0
"New C. Florida",653,"nsf",58000
"New C. Florida",653,"usda",45000
"New C. Florida",653,"othera",22000
"Azusa Pacific U.",654,"all federal r d expenditures",140000
"Azusa Pacific U.",654,"dod",0
"Azusa Pacific U.",654,"doe",0
"Azusa Pacific U.",654,"hhs",114000
"Azusa Pacific U.",654,"nasa",9000
"Azusa Pacific U.",654,"nsf",7000
"Azusa Pacific U.",654,"usda",0
"Azusa Pacific U.",654,"othera",10000
"Radford U.",655,"all federal r d expenditures",109000
"Radford U.",655,"dod",0
"Radford U.",655,"doe",0
"Radford U.",655,"hhs",38000
"Radford U.",655,"nasa",0
"Radford U.",655,"nsf",24000
"Radford U.",655,"usda",8000
"Radford U.",655,"othera",39000
"C. of Saint Benedict",656,"all federal r d expenditures",58000
"C. of Saint Benedict",656,"dod",3000
"C. of Saint Benedict",656,"doe",0
"C. of Saint Benedict",656,"hhs",24000
"C. of Saint Benedict",656,"nasa",0
"C. of Saint Benedict",656,"nsf",26000
"C. of Saint Benedict",656,"usda",0
"C. of Saint Benedict",656,"othera",5000
"Pratt Institute",657,"all federal r d expenditures",50000
"Pratt Institute",657,"dod",0
"Pratt Institute",657,"doe",0
"Pratt Institute",657,"hhs",0
"Pratt Institute",657,"nasa",0
"Pratt Institute",657,"nsf",50000
"Pratt Institute",657,"usda",0
"Pratt Institute",657,"othera",0
"Roseman U. of Health Sciences",658,"all federal r d expenditures",38000
"Roseman U. of Health Sciences",658,"dod",0
"Roseman U. of Health Sciences",658,"doe",0
"Roseman U. of Health Sciences",658,"hhs",38000
"Roseman U. of Health Sciences",658,"nasa",0
"Roseman U. of Health Sciences",658,"nsf",0
"Roseman U. of Health Sciences",658,"usda",0
"Roseman U. of Health Sciences",658,"othera",0
"U. California, Office of the President",659,"all federal r d expenditures",25000
"U. California, Office of the President",659,"dod",0
"U. California, Office of the President",659,"doe",0
"U. California, Office of the President",659,"hhs",0
"U. California, Office of the President",659,"nasa",0
"U. California, Office of the President",659,"nsf",0
"U. California, Office of the President",659,"usda",25000
"U. California, Office of the President",659,"othera",0
"Lincoln Memorial U.",660,"all federal r d expenditures",2000
"Lincoln Memorial U.",660,"dod",0
"Lincoln Memorial U.",660,"doe",0
"Lincoln Memorial U.",660,"hhs",0
"Lincoln Memorial U.",660,"nasa",0
"Lincoln Memorial U.",660,"nsf",0
"Lincoln Memorial U.",660,"usda",2000
"Lincoln Memorial U.",660,"othera",0
