"institution","rank","field","measure_type","dollars"
"All institutions",NA,"all r d expenditures","All",108681008000
"All institutions",NA,"computer and information sciences","All",3617348000
"All institutions",NA,"geosciences atmospheric sciences and ocean sciences","All",4032534000
"All institutions",NA,"life sciences","All",62204360000
"All institutions",NA,"mathematics and statistics","All",1060700000
"All institutions",NA,"physical sciences","All",6944769000
"All institutions",NA,"psychology","All",1637829000
"All institutions",NA,"social sciences","All",3615227000
"All institutions",NA,"sciences nec","All",1194804000
"All institutions",NA,"engineering","All",17468446000
"All institutions",NA,"all non s e fields","All",6904991000
"Johns Hopkins U",1,"all r d expenditures","All",3801585000
"Johns Hopkins U",1,"computer and information sciences","All",309828000
"Johns Hopkins U",1,"geosciences atmospheric sciences and ocean sciences","All",72538000
"Johns Hopkins U",1,"life sciences","All",1264589000
"Johns Hopkins U",1,"mathematics and statistics","All",230354000
"Johns Hopkins U",1,"physical sciences","All",332727000
"Johns Hopkins U",1,"psychology","All",8378000
"Johns Hopkins U",1,"social sciences","All",11336000
"Johns Hopkins U",1,"sciences nec","All",64191000
"Johns Hopkins U",1,"engineering","All",1493689000
"Johns Hopkins U",1,"all non s e fields","All",13955000
"U. California, San Francisco",2,"all r d expenditures","All",2046539000
"U. California, San Francisco",2,"computer and information sciences","All",0
"U. California, San Francisco",2,"geosciences atmospheric sciences and ocean sciences","All",0
"U. California, San Francisco",2,"life sciences","All",1978891000
"U. California, San Francisco",2,"mathematics and statistics","All",0
"U. California, San Francisco",2,"physical sciences","All",67648000
"U. California, San Francisco",2,"psychology","All",0
"U. California, San Francisco",2,"social sciences","All",0
"U. California, San Francisco",2,"sciences nec","All",0
"U. California, San Francisco",2,"engineering","All",0
"U. California, San Francisco",2,"all non s e fields","All",0
"U. Pennsylvania",3,"all r d expenditures","All",1953617000
"U. Pennsylvania",3,"computer and information sciences","All",21066000
"U. Pennsylvania",3,"geosciences atmospheric sciences and ocean sciences","All",2293000
"U. Pennsylvania",3,"life sciences","All",1497834000
"U. Pennsylvania",3,"mathematics and statistics","All",8603000
"U. Pennsylvania",3,"physical sciences","All",72101000
"U. Pennsylvania",3,"psychology","All",17413000
"U. Pennsylvania",3,"social sciences","All",66203000
"U. Pennsylvania",3,"sciences nec","All",9310000
"U. Pennsylvania",3,"engineering","All",112740000
"U. Pennsylvania",3,"all non s e fields","All",146054000
"U. Michigan, Ann Arbor",4,"all r d expenditures","All",1925875000
"U. Michigan, Ann Arbor",4,"computer and information sciences","All",17076000
"U. Michigan, Ann Arbor",4,"geosciences atmospheric sciences and ocean sciences","All",19164000
"U. Michigan, Ann Arbor",4,"life sciences","All",1116866000
"U. Michigan, Ann Arbor",4,"mathematics and statistics","All",21033000
"U. Michigan, Ann Arbor",4,"physical sciences","All",70259000
"U. Michigan, Ann Arbor",4,"psychology","All",23483000
"U. Michigan, Ann Arbor",4,"social sciences","All",217488000
"U. Michigan, Ann Arbor",4,"sciences nec","All",5664000
"U. Michigan, Ann Arbor",4,"engineering","All",324306000
"U. Michigan, Ann Arbor",4,"all non s e fields","All",110536000
"U. Washington, Seattle",5,"all r d expenditures","All",1734091000
"U. Washington, Seattle",5,"computer and information sciences","All",30158000
"U. Washington, Seattle",5,"geosciences atmospheric sciences and ocean sciences","All",162612000
"U. Washington, Seattle",5,"life sciences","All",1175596000
"U. Washington, Seattle",5,"mathematics and statistics","All",9783000
"U. Washington, Seattle",5,"physical sciences","All",69424000
"U. Washington, Seattle",5,"psychology","All",11239000
"U. Washington, Seattle",5,"social sciences","All",23577000
"U. Washington, Seattle",5,"sciences nec","All",1135000
"U. Washington, Seattle",5,"engineering","All",180277000
"U. Washington, Seattle",5,"all non s e fields","All",70290000
"U. Wisconsin-Madison",6,"all r d expenditures","All",1731949000
"U. Wisconsin-Madison",6,"computer and information sciences","All",38571000
"U. Wisconsin-Madison",6,"geosciences atmospheric sciences and ocean sciences","All",77933000
"U. Wisconsin-Madison",6,"life sciences","All",1058529000
"U. Wisconsin-Madison",6,"mathematics and statistics","All",8838000
"U. Wisconsin-Madison",6,"physical sciences","All",113636000
"U. Wisconsin-Madison",6,"psychology","All",13198000
"U. Wisconsin-Madison",6,"social sciences","All",75982000
"U. Wisconsin-Madison",6,"sciences nec","All",57926000
"U. Wisconsin-Madison",6,"engineering","All",171445000
"U. Wisconsin-Madison",6,"all non s e fields","All",115891000
"U. California, Los Angeles",7,"all r d expenditures","All",1721665000
"U. California, Los Angeles",7,"computer and information sciences","All",19118000
"U. California, Los Angeles",7,"geosciences atmospheric sciences and ocean sciences","All",52655000
"U. California, Los Angeles",7,"life sciences","All",1222724000
"U. California, Los Angeles",7,"mathematics and statistics","All",11947000
"U. California, Los Angeles",7,"physical sciences","All",61410000
"U. California, Los Angeles",7,"psychology","All",20440000
"U. California, Los Angeles",7,"social sciences","All",86049000
"U. California, Los Angeles",7,"sciences nec","All",58077000
"U. California, Los Angeles",7,"engineering","All",113969000
"U. California, Los Angeles",7,"all non s e fields","All",75276000
"U. California, San Diego",8,"all r d expenditures","All",1705410000
"U. California, San Diego",8,"computer and information sciences","All",37484000
"U. California, San Diego",8,"geosciences atmospheric sciences and ocean sciences","All",245278000
"U. California, San Diego",8,"life sciences","All",1043913000
"U. California, San Diego",8,"mathematics and statistics","All",5471000
"U. California, San Diego",8,"physical sciences","All",105927000
"U. California, San Diego",8,"psychology","All",13623000
"U. California, San Diego",8,"social sciences","All",23568000
"U. California, San Diego",8,"sciences nec","All",0
"U. California, San Diego",8,"engineering","All",176720000
"U. California, San Diego",8,"all non s e fields","All",53426000
"U. North Carolina, Chapel Hill",9,"all r d expenditures","All",1549617000
"U. North Carolina, Chapel Hill",9,"computer and information sciences","All",41385000
"U. North Carolina, Chapel Hill",9,"geosciences atmospheric sciences and ocean sciences","All",34095000
"U. North Carolina, Chapel Hill",9,"life sciences","All",1141727000
"U. North Carolina, Chapel Hill",9,"mathematics and statistics","All",4894000
"U. North Carolina, Chapel Hill",9,"physical sciences","All",51933000
"U. North Carolina, Chapel Hill",9,"psychology","All",56582000
"U. North Carolina, Chapel Hill",9,"social sciences","All",95692000
"U. North Carolina, Chapel Hill",9,"sciences nec","All",139000
"U. North Carolina, Chapel Hill",9,"engineering","All",49721000
"U. North Carolina, Chapel Hill",9,"all non s e fields","All",73449000
"Stanford U.",10,"all r d expenditures","All",1537846000
"Stanford U.",10,"computer and information sciences","All",27907000
"Stanford U.",10,"geosciences atmospheric sciences and ocean sciences","All",35299000
"Stanford U.",10,"life sciences","All",1119445000
"Stanford U.",10,"mathematics and statistics","All",6455000
"Stanford U.",10,"physical sciences","All",103816000
"Stanford U.",10,"psychology","All",14151000
"Stanford U.",10,"social sciences","All",22966000
"Stanford U.",10,"sciences nec","All",224000
"Stanford U.",10,"engineering","All",158868000
"Stanford U.",10,"all non s e fields","All",48715000
"Duke U.",11,"all r d expenditures","All",1507996000
"Duke U.",11,"computer and information sciences","All",12836000
"Duke U.",11,"geosciences atmospheric sciences and ocean sciences","All",9796000
"Duke U.",11,"life sciences","All",1266314000
"Duke U.",11,"mathematics and statistics","All",8374000
"Duke U.",11,"physical sciences","All",29127000
"Duke U.",11,"psychology","All",10189000
"Duke U.",11,"social sciences","All",43163000
"Duke U.",11,"sciences nec","All",501000
"Duke U.",11,"engineering","All",109885000
"Duke U.",11,"all non s e fields","All",17811000
"New York U.",12,"all r d expenditures","All",1457424000
"New York U.",12,"computer and information sciences","All",16701000
"New York U.",12,"geosciences atmospheric sciences and ocean sciences","All",732000
"New York U.",12,"life sciences","All",1065030000
"New York U.",12,"mathematics and statistics","All",19747000
"New York U.",12,"physical sciences","All",30409000
"New York U.",12,"psychology","All",26613000
"New York U.",12,"social sciences","All",41857000
"New York U.",12,"sciences nec","All",0
"New York U.",12,"engineering","All",132311000
"New York U.",12,"all non s e fields","All",124024000
"Cornell U.",13,"all r d expenditures","All",1451971000
"Cornell U.",13,"computer and information sciences","All",32821000
"Cornell U.",13,"geosciences atmospheric sciences and ocean sciences","All",5762000
"Cornell U.",13,"life sciences","All",1020982000
"Cornell U.",13,"mathematics and statistics","All",4173000
"Cornell U.",13,"physical sciences","All",136751000
"Cornell U.",13,"psychology","All",12439000
"Cornell U.",13,"social sciences","All",30044000
"Cornell U.",13,"sciences nec","All",145000
"Cornell U.",13,"engineering","All",149807000
"Cornell U.",13,"all non s e fields","All",59047000
"Ohio State U.",14,"all r d expenditures","All",1449188000
"Ohio State U.",14,"computer and information sciences","All",31323000
"Ohio State U.",14,"geosciences atmospheric sciences and ocean sciences","All",9777000
"Ohio State U.",14,"life sciences","All",977520000
"Ohio State U.",14,"mathematics and statistics","All",5135000
"Ohio State U.",14,"physical sciences","All",39570000
"Ohio State U.",14,"psychology","All",6403000
"Ohio State U.",14,"social sciences","All",24943000
"Ohio State U.",14,"sciences nec","All",40363000
"Ohio State U.",14,"engineering","All",242745000
"Ohio State U.",14,"all non s e fields","All",71409000
"Harvard U.",15,"all r d expenditures","All",1435218000
"Harvard U.",15,"computer and information sciences","All",28969000
"Harvard U.",15,"geosciences atmospheric sciences and ocean sciences","All",30302000
"Harvard U.",15,"life sciences","All",793236000
"Harvard U.",15,"mathematics and statistics","All",19878000
"Harvard U.",15,"physical sciences","All",134733000
"Harvard U.",15,"psychology","All",8218000
"Harvard U.",15,"social sciences","All",169192000
"Harvard U.",15,"sciences nec","All",12681000
"Harvard U.",15,"engineering","All",99830000
"Harvard U.",15,"all non s e fields","All",138179000
"Georgia Institute of Technology",16,"all r d expenditures","All",1405080000
"Georgia Institute of Technology",16,"computer and information sciences","All",198783000
"Georgia Institute of Technology",16,"geosciences atmospheric sciences and ocean sciences","All",13138000
"Georgia Institute of Technology",16,"life sciences","All",42645000
"Georgia Institute of Technology",16,"mathematics and statistics","All",9953000
"Georgia Institute of Technology",16,"physical sciences","All",39186000
"Georgia Institute of Technology",16,"psychology","All",4464000
"Georgia Institute of Technology",16,"social sciences","All",7944000
"Georgia Institute of Technology",16,"sciences nec","All",0
"Georgia Institute of Technology",16,"engineering","All",1061402000
"Georgia Institute of Technology",16,"all non s e fields","All",27565000
"U. Pittsburgh, Pittsburgh",17,"all r d expenditures","All",1398078000
"U. Pittsburgh, Pittsburgh",17,"computer and information sciences","All",12535000
"U. Pittsburgh, Pittsburgh",17,"geosciences atmospheric sciences and ocean sciences","All",13409000
"U. Pittsburgh, Pittsburgh",17,"life sciences","All",1205739000
"U. Pittsburgh, Pittsburgh",17,"mathematics and statistics","All",5160000
"U. Pittsburgh, Pittsburgh",17,"physical sciences","All",33092000
"U. Pittsburgh, Pittsburgh",17,"psychology","All",16409000
"U. Pittsburgh, Pittsburgh",17,"social sciences","All",5653000
"U. Pittsburgh, Pittsburgh",17,"sciences nec","All",13638000
"U. Pittsburgh, Pittsburgh",17,"engineering","All",82238000
"U. Pittsburgh, Pittsburgh",17,"all non s e fields","All",10205000
"U. Marylandb",18,"all r d expenditures","All",1385302000
"U. Marylandb",18,"computer and information sciences","All",80519000
"U. Marylandb",18,"geosciences atmospheric sciences and ocean sciences","All",87557000
"U. Marylandb",18,"life sciences","All",719375000
"U. Marylandb",18,"mathematics and statistics","All",6039000
"U. Marylandb",18,"physical sciences","All",135422000
"U. Marylandb",18,"psychology","All",11142000
"U. Marylandb",18,"social sciences","All",72987000
"U. Marylandb",18,"sciences nec","All",18057000
"U. Marylandb",18,"engineering","All",183899000
"U. Marylandb",18,"all non s e fields","All",70305000
"Columbia U. in the City of New York",19,"all r d expenditures","All",1341952000
"Columbia U. in the City of New York",19,"computer and information sciences","All",30853000
"Columbia U. in the City of New York",19,"geosciences atmospheric sciences and ocean sciences","All",88243000
"Columbia U. in the City of New York",19,"life sciences","All",980046000
"Columbia U. in the City of New York",19,"mathematics and statistics","All",4294000
"Columbia U. in the City of New York",19,"physical sciences","All",52418000
"Columbia U. in the City of New York",19,"psychology","All",4443000
"Columbia U. in the City of New York",19,"social sciences","All",18686000
"Columbia U. in the City of New York",19,"sciences nec","All",0
"Columbia U. in the City of New York",19,"engineering","All",100161000
"Columbia U. in the City of New York",19,"all non s e fields","All",62808000
"Yale U.",20,"all r d expenditures","All",1326807000
"Yale U.",20,"computer and information sciences","All",11131000
"Yale U.",20,"geosciences atmospheric sciences and ocean sciences","All",7593000
"Yale U.",20,"life sciences","All",1154182000
"Yale U.",20,"mathematics and statistics","All",3906000
"Yale U.",20,"physical sciences","All",63036000
"Yale U.",20,"psychology","All",11027000
"Yale U.",20,"social sciences","All",19496000
"Yale U.",20,"sciences nec","All",829000
"Yale U.",20,"engineering","All",40153000
"Yale U.",20,"all non s e fields","All",15454000
"U. Minnesota, Twin Cities",21,"all r d expenditures","All",1320183000
"U. Minnesota, Twin Cities",21,"computer and information sciences","All",24219000
"U. Minnesota, Twin Cities",21,"geosciences atmospheric sciences and ocean sciences","All",16935000
"U. Minnesota, Twin Cities",21,"life sciences","All",948410000
"U. Minnesota, Twin Cities",21,"mathematics and statistics","All",8376000
"U. Minnesota, Twin Cities",21,"physical sciences","All",47610000
"U. Minnesota, Twin Cities",21,"psychology","All",33730000
"U. Minnesota, Twin Cities",21,"social sciences","All",39384000
"U. Minnesota, Twin Cities",21,"sciences nec","All",3864000
"U. Minnesota, Twin Cities",21,"engineering","All",145670000
"U. Minnesota, Twin Cities",21,"all non s e fields","All",51985000
"Texas A&M U., College Station and Health Science Center",22,"all r d expenditures","All",1277814000
"Texas A&M U., College Station and Health Science Center",22,"computer and information sciences","All",28414000
"Texas A&M U., College Station and Health Science Center",22,"geosciences atmospheric sciences and ocean sciences","All",125114000
"Texas A&M U., College Station and Health Science Center",22,"life sciences","All",464675000
"Texas A&M U., College Station and Health Science Center",22,"mathematics and statistics","All",8774000
"Texas A&M U., College Station and Health Science Center",22,"physical sciences","All",65248000
"Texas A&M U., College Station and Health Science Center",22,"psychology","All",10488000
"Texas A&M U., College Station and Health Science Center",22,"social sciences","All",32324000
"Texas A&M U., College Station and Health Science Center",22,"sciences nec","All",13003000
"Texas A&M U., College Station and Health Science Center",22,"engineering","All",464769000
"Texas A&M U., College Station and Health Science Center",22,"all non s e fields","All",65005000
"U. Texas M. D. Anderson Cancer Center",23,"all r d expenditures","All",1255190000
"U. Texas M. D. Anderson Cancer Center",23,"computer and information sciences","All",0
"U. Texas M. D. Anderson Cancer Center",23,"geosciences atmospheric sciences and ocean sciences","All",0
"U. Texas M. D. Anderson Cancer Center",23,"life sciences","All",1166465000
"U. Texas M. D. Anderson Cancer Center",23,"mathematics and statistics","All",23423000
"U. Texas M. D. Anderson Cancer Center",23,"physical sciences","All",23775000
"U. Texas M. D. Anderson Cancer Center",23,"psychology","All",18290000
"U. Texas M. D. Anderson Cancer Center",23,"social sciences","All",23237000
"U. Texas M. D. Anderson Cancer Center",23,"sciences nec","All",0
"U. Texas M. D. Anderson Cancer Center",23,"engineering","All",0
"U. Texas M. D. Anderson Cancer Center",23,"all non s e fields","All",0
"Vanderbilt U. and Vanderbilt U. Medical Center",24,"all r d expenditures","All",1253156000
"Vanderbilt U. and Vanderbilt U. Medical Center",24,"computer and information sciences","All",24592000
"Vanderbilt U. and Vanderbilt U. Medical Center",24,"geosciences atmospheric sciences and ocean sciences","All",3637000
"Vanderbilt U. and Vanderbilt U. Medical Center",24,"life sciences","All",958220000
"Vanderbilt U. and Vanderbilt U. Medical Center",24,"mathematics and statistics","All",2323000
"Vanderbilt U. and Vanderbilt U. Medical Center",24,"physical sciences","All",30399000
"Vanderbilt U. and Vanderbilt U. Medical Center",24,"psychology","All",17439000
"Vanderbilt U. and Vanderbilt U. Medical Center",24,"social sciences","All",28357000
"Vanderbilt U. and Vanderbilt U. Medical Center",24,"sciences nec","All",0
"Vanderbilt U. and Vanderbilt U. Medical Center",24,"engineering","All",82313000
"Vanderbilt U. and Vanderbilt U. Medical Center",24,"all non s e fields","All",105876000
"U. Florida",25,"all r d expenditures","All",1250201000
"U. Florida",25,"computer and information sciences","All",20449000
"U. Florida",25,"geosciences atmospheric sciences and ocean sciences","All",19578000
"U. Florida",25,"life sciences","All",922704000
"U. Florida",25,"mathematics and statistics","All",2928000
"U. Florida",25,"physical sciences","All",43930000
"U. Florida",25,"psychology","All",15487000
"U. Florida",25,"social sciences","All",17586000
"U. Florida",25,"sciences nec","All",4575000
"U. Florida",25,"engineering","All",150126000
"U. Florida",25,"all non s e fields","All",52838000
"Pennsylvania State U., University Park and Hershey Medical Center",26,"all r d expenditures","All",1206793000
"Pennsylvania State U., University Park and Hershey Medical Center",26,"computer and information sciences","All",108873000
"Pennsylvania State U., University Park and Hershey Medical Center",26,"geosciences atmospheric sciences and ocean sciences","All",33406000
"Pennsylvania State U., University Park and Hershey Medical Center",26,"life sciences","All",346482000
"Pennsylvania State U., University Park and Hershey Medical Center",26,"mathematics and statistics","All",24625000
"Pennsylvania State U., University Park and Hershey Medical Center",26,"physical sciences","All",111514000
"Pennsylvania State U., University Park and Hershey Medical Center",26,"psychology","All",41284000
"Pennsylvania State U., University Park and Hershey Medical Center",26,"social sciences","All",42771000
"Pennsylvania State U., University Park and Hershey Medical Center",26,"sciences nec","All",0
"Pennsylvania State U., University Park and Hershey Medical Center",26,"engineering","All",453476000
"Pennsylvania State U., University Park and Hershey Medical Center",26,"all non s e fields","All",44362000
"Washington U., Saint Louis",27,"all r d expenditures","All",1168861000
"Washington U., Saint Louis",27,"computer and information sciences","All",5859000
"Washington U., Saint Louis",27,"geosciences atmospheric sciences and ocean sciences","All",6986000
"Washington U., Saint Louis",27,"life sciences","All",1043446000
"Washington U., Saint Louis",27,"mathematics and statistics","All",1309000
"Washington U., Saint Louis",27,"physical sciences","All",30262000
"Washington U., Saint Louis",27,"psychology","All",8442000
"Washington U., Saint Louis",27,"social sciences","All",2859000
"Washington U., Saint Louis",27,"sciences nec","All",178000
"Washington U., Saint Louis",27,"engineering","All",33691000
"Washington U., Saint Louis",27,"all non s e fields","All",35829000
"U. Southern California",28,"all r d expenditures","All",1154804000
"U. Southern California",28,"computer and information sciences","All",122842000
"U. Southern California",28,"geosciences atmospheric sciences and ocean sciences","All",20785000
"U. Southern California",28,"life sciences","All",744073000
"U. Southern California",28,"mathematics and statistics","All",2031000
"U. Southern California",28,"physical sciences","All",18195000
"U. Southern California",28,"psychology","All",8053000
"U. Southern California",28,"social sciences","All",81705000
"U. Southern California",28,"sciences nec","All",0
"U. Southern California",28,"engineering","All",82633000
"U. Southern California",28,"all non s e fields","All",74487000
"Northwestern U.",29,"all r d expenditures","All",1114269000
"Northwestern U.",29,"computer and information sciences","All",13831000
"Northwestern U.",29,"geosciences atmospheric sciences and ocean sciences","All",1795000
"Northwestern U.",29,"life sciences","All",816739000
"Northwestern U.",29,"mathematics and statistics","All",2311000
"Northwestern U.",29,"physical sciences","All",97816000
"Northwestern U.",29,"psychology","All",3316000
"Northwestern U.",29,"social sciences","All",23363000
"Northwestern U.",29,"sciences nec","All",22022000
"Northwestern U.",29,"engineering","All",93785000
"Northwestern U.",29,"all non s e fields","All",39291000
"Emory U.",30,"all r d expenditures","All",1094328000
"Emory U.",30,"computer and information sciences","All",5494000
"Emory U.",30,"geosciences atmospheric sciences and ocean sciences","All",3189000
"Emory U.",30,"life sciences","All",998674000
"Emory U.",30,"mathematics and statistics","All",1840000
"Emory U.",30,"physical sciences","All",31085000
"Emory U.",30,"psychology","All",4712000
"Emory U.",30,"social sciences","All",5560000
"Emory U.",30,"sciences nec","All",0
"Emory U.",30,"engineering","All",26414000
"Emory U.",30,"all non s e fields","All",17360000
"U. California, Berkeley",31,"all r d expenditures","All",1076754000
"U. California, Berkeley",31,"computer and information sciences","All",15434000
"U. California, Berkeley",31,"geosciences atmospheric sciences and ocean sciences","All",11609000
"U. California, Berkeley",31,"life sciences","All",290429000
"U. California, Berkeley",31,"mathematics and statistics","All",11060000
"U. California, Berkeley",31,"physical sciences","All",234242000
"U. California, Berkeley",31,"psychology","All",20253000
"U. California, Berkeley",31,"social sciences","All",87836000
"U. California, Berkeley",31,"sciences nec","All",109018000
"U. California, Berkeley",31,"engineering","All",209311000
"U. California, Berkeley",31,"all non s e fields","All",87562000
"U. Texas, Austin",32,"all r d expenditures","All",1035838000
"U. Texas, Austin",32,"computer and information sciences","All",116971000
"U. Texas, Austin",32,"geosciences atmospheric sciences and ocean sciences","All",76120000
"U. Texas, Austin",32,"life sciences","All",188258000
"U. Texas, Austin",32,"mathematics and statistics","All",18889000
"U. Texas, Austin",32,"physical sciences","All",123113000
"U. Texas, Austin",32,"psychology","All",16683000
"U. Texas, Austin",32,"social sciences","All",32781000
"U. Texas, Austin",32,"sciences nec","All",5907000
"U. Texas, Austin",32,"engineering","All",360947000
"U. Texas, Austin",32,"all non s e fields","All",96169000
"Massachusetts Institute of Technology",33,"all r d expenditures","All",1000081000
"Massachusetts Institute of Technology",33,"computer and information sciences","All",119666000
"Massachusetts Institute of Technology",33,"geosciences atmospheric sciences and ocean sciences","All",28790000
"Massachusetts Institute of Technology",33,"life sciences","All",127959000
"Massachusetts Institute of Technology",33,"mathematics and statistics","All",10270000
"Massachusetts Institute of Technology",33,"physical sciences","All",180988000
"Massachusetts Institute of Technology",33,"psychology","All",525000
"Massachusetts Institute of Technology",33,"social sciences","All",55636000
"Massachusetts Institute of Technology",33,"sciences nec","All",21825000
"Massachusetts Institute of Technology",33,"engineering","All",404440000
"Massachusetts Institute of Technology",33,"all non s e fields","All",49982000
"Icahn School of Medicine at Mount Sinai",34,"all r d expenditures","All",972476000
"Icahn School of Medicine at Mount Sinai",34,"computer and information sciences","All",0
"Icahn School of Medicine at Mount Sinai",34,"geosciences atmospheric sciences and ocean sciences","All",0
"Icahn School of Medicine at Mount Sinai",34,"life sciences","All",972476000
"Icahn School of Medicine at Mount Sinai",34,"mathematics and statistics","All",0
"Icahn School of Medicine at Mount Sinai",34,"physical sciences","All",0
"Icahn School of Medicine at Mount Sinai",34,"psychology","All",0
"Icahn School of Medicine at Mount Sinai",34,"social sciences","All",0
"Icahn School of Medicine at Mount Sinai",34,"sciences nec","All",0
"Icahn School of Medicine at Mount Sinai",34,"engineering","All",0
"Icahn School of Medicine at Mount Sinai",34,"all non s e fields","All",0
"U. California, Davis",35,"all r d expenditures","All",962399000
"U. California, Davis",35,"computer and information sciences","All",6959000
"U. California, Davis",35,"geosciences atmospheric sciences and ocean sciences","All",38078000
"U. California, Davis",35,"life sciences","All",682290000
"U. California, Davis",35,"mathematics and statistics","All",4722000
"U. California, Davis",35,"physical sciences","All",36471000
"U. California, Davis",35,"psychology","All",4171000
"U. California, Davis",35,"social sciences","All",38849000
"U. California, Davis",35,"sciences nec","All",10491000
"U. California, Davis",35,"engineering","All",124470000
"U. California, Davis",35,"all non s e fields","All",15898000
"U. Arizona",36,"all r d expenditures","All",955424000
"U. Arizona",36,"computer and information sciences","All",18319000
"U. Arizona",36,"geosciences atmospheric sciences and ocean sciences","All",44173000
"U. Arizona",36,"life sciences","All",522916000
"U. Arizona",36,"mathematics and statistics","All",7530000
"U. Arizona",36,"physical sciences","All",173256000
"U. Arizona",36,"psychology","All",10219000
"U. Arizona",36,"social sciences","All",27542000
"U. Arizona",36,"sciences nec","All",13247000
"U. Arizona",36,"engineering","All",103771000
"U. Arizona",36,"all non s e fields","All",34451000
"Arizona State U.",37,"all r d expenditures","All",903779000
"Arizona State U.",37,"computer and information sciences","All",33267000
"Arizona State U.",37,"geosciences atmospheric sciences and ocean sciences","All",59803000
"Arizona State U.",37,"life sciences","All",179408000
"Arizona State U.",37,"mathematics and statistics","All",2786000
"Arizona State U.",37,"physical sciences","All",59230000
"Arizona State U.",37,"psychology","All",17382000
"Arizona State U.",37,"social sciences","All",93071000
"Arizona State U.",37,"sciences nec","All",30565000
"Arizona State U.",37,"engineering","All",265026000
"Arizona State U.",37,"all non s e fields","All",163241000
"Indiana U., Bloomington",38,"all r d expenditures","All",853056000
"Indiana U., Bloomington",38,"computer and information sciences","All",47950000
"Indiana U., Bloomington",38,"geosciences atmospheric sciences and ocean sciences","All",6894000
"Indiana U., Bloomington",38,"life sciences","All",623240000
"Indiana U., Bloomington",38,"mathematics and statistics","All",3010000
"Indiana U., Bloomington",38,"physical sciences","All",30417000
"Indiana U., Bloomington",38,"psychology","All",16940000
"Indiana U., Bloomington",38,"social sciences","All",44795000
"Indiana U., Bloomington",38,"sciences nec","All",12069000
"Indiana U., Bloomington",38,"engineering","All",25104000
"Indiana U., Bloomington",38,"all non s e fields","All",42637000
"Baylor C. of Medicine",39,"all r d expenditures","All",847305000
"Baylor C. of Medicine",39,"computer and information sciences","All",0
"Baylor C. of Medicine",39,"geosciences atmospheric sciences and ocean sciences","All",0
"Baylor C. of Medicine",39,"life sciences","All",847305000
"Baylor C. of Medicine",39,"mathematics and statistics","All",0
"Baylor C. of Medicine",39,"physical sciences","All",0
"Baylor C. of Medicine",39,"psychology","All",0
"Baylor C. of Medicine",39,"social sciences","All",0
"Baylor C. of Medicine",39,"sciences nec","All",0
"Baylor C. of Medicine",39,"engineering","All",0
"Baylor C. of Medicine",39,"all non s e fields","All",0
"Purdue U., West Lafayette",40,"all r d expenditures","All",844570000
"Purdue U., West Lafayette",40,"computer and information sciences","All",31316000
"Purdue U., West Lafayette",40,"geosciences atmospheric sciences and ocean sciences","All",9201000
"Purdue U., West Lafayette",40,"life sciences","All",282174000
"Purdue U., West Lafayette",40,"mathematics and statistics","All",3115000
"Purdue U., West Lafayette",40,"physical sciences","All",60623000
"Purdue U., West Lafayette",40,"psychology","All",5839000
"Purdue U., West Lafayette",40,"social sciences","All",17096000
"Purdue U., West Lafayette",40,"sciences nec","All",2636000
"Purdue U., West Lafayette",40,"engineering","All",360289000
"Purdue U., West Lafayette",40,"all non s e fields","All",72281000
"Michigan State U.",41,"all r d expenditures","All",844076000
"Michigan State U.",41,"computer and information sciences","All",18855000
"Michigan State U.",41,"geosciences atmospheric sciences and ocean sciences","All",7557000
"Michigan State U.",41,"life sciences","All",377253000
"Michigan State U.",41,"mathematics and statistics","All",13271000
"Michigan State U.",41,"physical sciences","All",207802000
"Michigan State U.",41,"psychology","All",14085000
"Michigan State U.",41,"social sciences","All",46373000
"Michigan State U.",41,"sciences nec","All",16262000
"Michigan State U.",41,"engineering","All",86949000
"Michigan State U.",41,"all non s e fields","All",55669000
"Rutgers, State U. New Jersey, New Brunswick",42,"all r d expenditures","All",831719000
"Rutgers, State U. New Jersey, New Brunswick",42,"computer and information sciences","All",8406000
"Rutgers, State U. New Jersey, New Brunswick",42,"geosciences atmospheric sciences and ocean sciences","All",35546000
"Rutgers, State U. New Jersey, New Brunswick",42,"life sciences","All",619096000
"Rutgers, State U. New Jersey, New Brunswick",42,"mathematics and statistics","All",11898000
"Rutgers, State U. New Jersey, New Brunswick",42,"physical sciences","All",28283000
"Rutgers, State U. New Jersey, New Brunswick",42,"psychology","All",15490000
"Rutgers, State U. New Jersey, New Brunswick",42,"social sciences","All",10539000
"Rutgers, State U. New Jersey, New Brunswick",42,"sciences nec","All",2248000
"Rutgers, State U. New Jersey, New Brunswick",42,"engineering","All",61910000
"Rutgers, State U. New Jersey, New Brunswick",42,"all non s e fields","All",38303000
"U. Illinois, Urbana-Champaign",43,"all r d expenditures","All",821023000
"U. Illinois, Urbana-Champaign",43,"computer and information sciences","All",99934000
"U. Illinois, Urbana-Champaign",43,"geosciences atmospheric sciences and ocean sciences","All",23906000
"U. Illinois, Urbana-Champaign",43,"life sciences","All",245437000
"U. Illinois, Urbana-Champaign",43,"mathematics and statistics","All",5040000
"U. Illinois, Urbana-Champaign",43,"physical sciences","All",84748000
"U. Illinois, Urbana-Champaign",43,"psychology","All",15234000
"U. Illinois, Urbana-Champaign",43,"social sciences","All",9883000
"U. Illinois, Urbana-Champaign",43,"sciences nec","All",17353000
"U. Illinois, Urbana-Champaign",43,"engineering","All",272650000
"U. Illinois, Urbana-Champaign",43,"all non s e fields","All",46838000
"U. Texas Southwestern Medical Center",44,"all r d expenditures","All",800391000
"U. Texas Southwestern Medical Center",44,"computer and information sciences","All",0
"U. Texas Southwestern Medical Center",44,"geosciences atmospheric sciences and ocean sciences","All",0
"U. Texas Southwestern Medical Center",44,"life sciences","All",800391000
"U. Texas Southwestern Medical Center",44,"mathematics and statistics","All",0
"U. Texas Southwestern Medical Center",44,"physical sciences","All",0
"U. Texas Southwestern Medical Center",44,"psychology","All",0
"U. Texas Southwestern Medical Center",44,"social sciences","All",0
"U. Texas Southwestern Medical Center",44,"sciences nec","All",0
"U. Texas Southwestern Medical Center",44,"engineering","All",0
"U. Texas Southwestern Medical Center",44,"all non s e fields","All",0
"U. Alabama, Birmingham",45,"all r d expenditures","All",780479000
"U. Alabama, Birmingham",45,"computer and information sciences","All",1013000
"U. Alabama, Birmingham",45,"geosciences atmospheric sciences and ocean sciences","All",0
"U. Alabama, Birmingham",45,"life sciences","All",721450000
"U. Alabama, Birmingham",45,"mathematics and statistics","All",169000
"U. Alabama, Birmingham",45,"physical sciences","All",5624000
"U. Alabama, Birmingham",45,"psychology","All",11715000
"U. Alabama, Birmingham",45,"social sciences","All",782000
"U. Alabama, Birmingham",45,"sciences nec","All",0
"U. Alabama, Birmingham",45,"engineering","All",28505000
"U. Alabama, Birmingham",45,"all non s e fields","All",11221000
"Boston U.",46,"all r d expenditures","All",773200000
"Boston U.",46,"computer and information sciences","All",22142000
"Boston U.",46,"geosciences atmospheric sciences and ocean sciences","All",10080000
"Boston U.",46,"life sciences","All",486968000
"Boston U.",46,"mathematics and statistics","All",5008000
"Boston U.",46,"physical sciences","All",42374000
"Boston U.",46,"psychology","All",26387000
"Boston U.",46,"social sciences","All",14027000
"Boston U.",46,"sciences nec","All",7622000
"Boston U.",46,"engineering","All",111856000
"Boston U.",46,"all non s e fields","All",46736000
"U. Utah",47,"all r d expenditures","All",723713000
"U. Utah",47,"computer and information sciences","All",249000
"U. Utah",47,"geosciences atmospheric sciences and ocean sciences","All",11126000
"U. Utah",47,"life sciences","All",453037000
"U. Utah",47,"mathematics and statistics","All",3727000
"U. Utah",47,"physical sciences","All",24991000
"U. Utah",47,"psychology","All",5663000
"U. Utah",47,"social sciences","All",14062000
"U. Utah",47,"sciences nec","All",0
"U. Utah",47,"engineering","All",113129000
"U. Utah",47,"all non s e fields","All",97729000
"U. Virginia, Charlottesville",48,"all r d expenditures","All",714457000
"U. Virginia, Charlottesville",48,"computer and information sciences","All",28652000
"U. Virginia, Charlottesville",48,"geosciences atmospheric sciences and ocean sciences","All",7041000
"U. Virginia, Charlottesville",48,"life sciences","All",418932000
"U. Virginia, Charlottesville",48,"mathematics and statistics","All",2301000
"U. Virginia, Charlottesville",48,"physical sciences","All",27920000
"U. Virginia, Charlottesville",48,"psychology","All",7392000
"U. Virginia, Charlottesville",48,"social sciences","All",12798000
"U. Virginia, Charlottesville",48,"sciences nec","All",848000
"U. Virginia, Charlottesville",48,"engineering","All",112702000
"U. Virginia, Charlottesville",48,"all non s e fields","All",95871000
"U. Cincinnati",49,"all r d expenditures","All",698642000
"U. Cincinnati",49,"computer and information sciences","All",4958000
"U. Cincinnati",49,"geosciences atmospheric sciences and ocean sciences","All",1489000
"U. Cincinnati",49,"life sciences","All",567982000
"U. Cincinnati",49,"mathematics and statistics","All",1732000
"U. Cincinnati",49,"physical sciences","All",12181000
"U. Cincinnati",49,"psychology","All",11756000
"U. Cincinnati",49,"social sciences","All",11576000
"U. Cincinnati",49,"sciences nec","All",987000
"U. Cincinnati",49,"engineering","All",54548000
"U. Cincinnati",49,"all non s e fields","All",31433000
"U. Colorado Anschutz Medical Campus",50,"all r d expenditures","All",686026000
"U. Colorado Anschutz Medical Campus",50,"computer and information sciences","All",0
"U. Colorado Anschutz Medical Campus",50,"geosciences atmospheric sciences and ocean sciences","All",183000
"U. Colorado Anschutz Medical Campus",50,"life sciences","All",676151000
"U. Colorado Anschutz Medical Campus",50,"mathematics and statistics","All",0
"U. Colorado Anschutz Medical Campus",50,"physical sciences","All",521000
"U. Colorado Anschutz Medical Campus",50,"psychology","All",1487000
"U. Colorado Anschutz Medical Campus",50,"social sciences","All",394000
"U. Colorado Anschutz Medical Campus",50,"sciences nec","All",0
"U. Colorado Anschutz Medical Campus",50,"engineering","All",842000
"U. Colorado Anschutz Medical Campus",50,"all non s e fields","All",6448000
"U. Iowa",51,"all r d expenditures","All",662134000
"U. Iowa",51,"computer and information sciences","All",4037000
"U. Iowa",51,"geosciences atmospheric sciences and ocean sciences","All",3415000
"U. Iowa",51,"life sciences","All",478820000
"U. Iowa",51,"mathematics and statistics","All",1074000
"U. Iowa",51,"physical sciences","All",63779000
"U. Iowa",51,"psychology","All",10435000
"U. Iowa",51,"social sciences","All",4172000
"U. Iowa",51,"sciences nec","All",2535000
"U. Iowa",51,"engineering","All",57579000
"U. Iowa",51,"all non s e fields","All",36288000
"U. Colorado Boulder",52,"all r d expenditures","All",651924000
"U. Colorado Boulder",52,"computer and information sciences","All",21212000
"U. Colorado Boulder",52,"geosciences atmospheric sciences and ocean sciences","All",140081000
"U. Colorado Boulder",52,"life sciences","All",61853000
"U. Colorado Boulder",52,"mathematics and statistics","All",4116000
"U. Colorado Boulder",52,"physical sciences","All",179084000
"U. Colorado Boulder",52,"psychology","All",16643000
"U. Colorado Boulder",52,"social sciences","All",16815000
"U. Colorado Boulder",52,"sciences nec","All",1576000
"U. Colorado Boulder",52,"engineering","All",175118000
"U. Colorado Boulder",52,"all non s e fields","All",35426000
"North Carolina State U.",53,"all r d expenditures","All",633251000
"North Carolina State U.",53,"computer and information sciences","All",26585000
"North Carolina State U.",53,"geosciences atmospheric sciences and ocean sciences","All",34922000
"North Carolina State U.",53,"life sciences","All",284651000
"North Carolina State U.",53,"mathematics and statistics","All",18035000
"North Carolina State U.",53,"physical sciences","All",28745000
"North Carolina State U.",53,"psychology","All",1887000
"North Carolina State U.",53,"social sciences","All",8771000
"North Carolina State U.",53,"sciences nec","All",16191000
"North Carolina State U.",53,"engineering","All",196594000
"North Carolina State U.",53,"all non s e fields","All",16870000
"U. Chicago",54,"all r d expenditures","All",628302000
"U. Chicago",54,"computer and information sciences","All",34390000
"U. Chicago",54,"geosciences atmospheric sciences and ocean sciences","All",10053000
"U. Chicago",54,"life sciences","All",395289000
"U. Chicago",54,"mathematics and statistics","All",5931000
"U. Chicago",54,"physical sciences","All",78200000
"U. Chicago",54,"psychology","All",9445000
"U. Chicago",54,"social sciences","All",34694000
"U. Chicago",54,"sciences nec","All",0
"U. Chicago",54,"engineering","All",47857000
"U. Chicago",54,"all non s e fields","All",12443000
"U. Nebraska, Lincoln and Medical Centerc",55,"all r d expenditures","All",617372000
"U. Nebraska, Lincoln and Medical Centerc",55,"computer and information sciences","All",10348000
"U. Nebraska, Lincoln and Medical Centerc",55,"geosciences atmospheric sciences and ocean sciences","All",3364000
"U. Nebraska, Lincoln and Medical Centerc",55,"life sciences","All",413555000
"U. Nebraska, Lincoln and Medical Centerc",55,"mathematics and statistics","All",5687000
"U. Nebraska, Lincoln and Medical Centerc",55,"physical sciences","All",37541000
"U. Nebraska, Lincoln and Medical Centerc",55,"psychology","All",17233000
"U. Nebraska, Lincoln and Medical Centerc",55,"social sciences","All",11621000
"U. Nebraska, Lincoln and Medical Centerc",55,"sciences nec","All",928000
"U. Nebraska, Lincoln and Medical Centerc",55,"engineering","All",76802000
"U. Nebraska, Lincoln and Medical Centerc",55,"all non s e fields","All",40293000
"U. California, Irvine",56,"all r d expenditures","All",609614000
"U. California, Irvine",56,"computer and information sciences","All",26089000
"U. California, Irvine",56,"geosciences atmospheric sciences and ocean sciences","All",11236000
"U. California, Irvine",56,"life sciences","All",369735000
"U. California, Irvine",56,"mathematics and statistics","All",8818000
"U. California, Irvine",56,"physical sciences","All",43790000
"U. California, Irvine",56,"psychology","All",14662000
"U. California, Irvine",56,"social sciences","All",13104000
"U. California, Irvine",56,"sciences nec","All",457000
"U. California, Irvine",56,"engineering","All",84902000
"U. California, Irvine",56,"all non s e fields","All",36821000
"Virginia Polytechnic Institute and State U.",57,"all r d expenditures","All",598113000
"Virginia Polytechnic Institute and State U.",57,"computer and information sciences","All",30263000
"Virginia Polytechnic Institute and State U.",57,"geosciences atmospheric sciences and ocean sciences","All",6047000
"Virginia Polytechnic Institute and State U.",57,"life sciences","All",221029000
"Virginia Polytechnic Institute and State U.",57,"mathematics and statistics","All",12051000
"Virginia Polytechnic Institute and State U.",57,"physical sciences","All",22452000
"Virginia Polytechnic Institute and State U.",57,"psychology","All",6359000
"Virginia Polytechnic Institute and State U.",57,"social sciences","All",13608000
"Virginia Polytechnic Institute and State U.",57,"sciences nec","All",0
"Virginia Polytechnic Institute and State U.",57,"engineering","All",261707000
"Virginia Polytechnic Institute and State U.",57,"all non s e fields","All",24597000
"U. Georgia",58,"all r d expenditures","All",570956000
"U. Georgia",58,"computer and information sciences","All",5970000
"U. Georgia",58,"geosciences atmospheric sciences and ocean sciences","All",25512000
"U. Georgia",58,"life sciences","All",343271000
"U. Georgia",58,"mathematics and statistics","All",6927000
"U. Georgia",58,"physical sciences","All",11502000
"U. Georgia",58,"psychology","All",30072000
"U. Georgia",58,"social sciences","All",38671000
"U. Georgia",58,"sciences nec","All",7940000
"U. Georgia",58,"engineering","All",27420000
"U. Georgia",58,"all non s e fields","All",73671000
"Case Western Reserve U.",59,"all r d expenditures","All",553740000
"Case Western Reserve U.",59,"computer and information sciences","All",5998000
"Case Western Reserve U.",59,"geosciences atmospheric sciences and ocean sciences","All",812000
"Case Western Reserve U.",59,"life sciences","All",462781000
"Case Western Reserve U.",59,"mathematics and statistics","All",709000
"Case Western Reserve U.",59,"physical sciences","All",5407000
"Case Western Reserve U.",59,"psychology","All",1840000
"Case Western Reserve U.",59,"social sciences","All",11687000
"Case Western Reserve U.",59,"sciences nec","All",183000
"Case Western Reserve U.",59,"engineering","All",59900000
"Case Western Reserve U.",59,"all non s e fields","All",4423000
"Oregon Health and Science U.",60,"all r d expenditures","All",517742000
"Oregon Health and Science U.",60,"computer and information sciences","All",0
"Oregon Health and Science U.",60,"geosciences atmospheric sciences and ocean sciences","All",0
"Oregon Health and Science U.",60,"life sciences","All",502768000
"Oregon Health and Science U.",60,"mathematics and statistics","All",0
"Oregon Health and Science U.",60,"physical sciences","All",14000
"Oregon Health and Science U.",60,"psychology","All",0
"Oregon Health and Science U.",60,"social sciences","All",0
"Oregon Health and Science U.",60,"sciences nec","All",0
"Oregon Health and Science U.",60,"engineering","All",14960000
"Oregon Health and Science U.",60,"all non s e fields","All",0
"Princeton U.",61,"all r d expenditures","All",513365000
"Princeton U.",61,"computer and information sciences","All",29801000
"Princeton U.",61,"geosciences atmospheric sciences and ocean sciences","All",33668000
"Princeton U.",61,"life sciences","All",128054000
"Princeton U.",61,"mathematics and statistics","All",16810000
"Princeton U.",61,"physical sciences","All",109961000
"Princeton U.",61,"psychology","All",6305000
"Princeton U.",61,"social sciences","All",83793000
"Princeton U.",61,"sciences nec","All",0
"Princeton U.",61,"engineering","All",87035000
"Princeton U.",61,"all non s e fields","All",17938000
"U. Miami",62,"all r d expenditures","All",509951000
"U. Miami",62,"computer and information sciences","All",3156000
"U. Miami",62,"geosciences atmospheric sciences and ocean sciences","All",61748000
"U. Miami",62,"life sciences","All",398810000
"U. Miami",62,"mathematics and statistics","All",1693000
"U. Miami",62,"physical sciences","All",7163000
"U. Miami",62,"psychology","All",18271000
"U. Miami",62,"social sciences","All",2075000
"U. Miami",62,"sciences nec","All",302000
"U. Miami",62,"engineering","All",8034000
"U. Miami",62,"all non s e fields","All",8699000
"U. Kentucky",63,"all r d expenditures","All",504005000
"U. Kentucky",63,"computer and information sciences","All",5019000
"U. Kentucky",63,"geosciences atmospheric sciences and ocean sciences","All",3438000
"U. Kentucky",63,"life sciences","All",381193000
"U. Kentucky",63,"mathematics and statistics","All",1448000
"U. Kentucky",63,"physical sciences","All",8370000
"U. Kentucky",63,"psychology","All",6526000
"U. Kentucky",63,"social sciences","All",6340000
"U. Kentucky",63,"sciences nec","All",14176000
"U. Kentucky",63,"engineering","All",62529000
"U. Kentucky",63,"all non s e fields","All",14966000
"Colorado State U., Fort Collins",64,"all r d expenditures","All",498073000
"Colorado State U., Fort Collins",64,"computer and information sciences","All",4521000
"Colorado State U., Fort Collins",64,"geosciences atmospheric sciences and ocean sciences","All",59772000
"Colorado State U., Fort Collins",64,"life sciences","All",313226000
"Colorado State U., Fort Collins",64,"mathematics and statistics","All",3310000
"Colorado State U., Fort Collins",64,"physical sciences","All",19169000
"Colorado State U., Fort Collins",64,"psychology","All",3362000
"Colorado State U., Fort Collins",64,"social sciences","All",13333000
"Colorado State U., Fort Collins",64,"sciences nec","All",14204000
"Colorado State U., Fort Collins",64,"engineering","All",52539000
"Colorado State U., Fort Collins",64,"all non s e fields","All",14637000
"Uniformed Services U. of the Health Sciences",65,"all r d expenditures","All",496441000
"Uniformed Services U. of the Health Sciences",65,"computer and information sciences","All",0
"Uniformed Services U. of the Health Sciences",65,"geosciences atmospheric sciences and ocean sciences","All",0
"Uniformed Services U. of the Health Sciences",65,"life sciences","All",448540000
"Uniformed Services U. of the Health Sciences",65,"mathematics and statistics","All",0
"Uniformed Services U. of the Health Sciences",65,"physical sciences","All",0
"Uniformed Services U. of the Health Sciences",65,"psychology","All",47901000
"Uniformed Services U. of the Health Sciences",65,"social sciences","All",0
"Uniformed Services U. of the Health Sciences",65,"sciences nec","All",0
"Uniformed Services U. of the Health Sciences",65,"engineering","All",0
"Uniformed Services U. of the Health Sciences",65,"all non s e fields","All",0
"Scripps Research Institute",66,"all r d expenditures","All",494946000
"Scripps Research Institute",66,"computer and information sciences","All",0
"Scripps Research Institute",66,"geosciences atmospheric sciences and ocean sciences","All",0
"Scripps Research Institute",66,"life sciences","All",494946000
"Scripps Research Institute",66,"mathematics and statistics","All",0
"Scripps Research Institute",66,"physical sciences","All",0
"Scripps Research Institute",66,"psychology","All",0
"Scripps Research Institute",66,"social sciences","All",0
"Scripps Research Institute",66,"sciences nec","All",0
"Scripps Research Institute",66,"engineering","All",0
"Scripps Research Institute",66,"all non s e fields","All",0
"U. Illinois, Chicago",67,"all r d expenditures","All",492936000
"U. Illinois, Chicago",67,"computer and information sciences","All",12543000
"U. Illinois, Chicago",67,"geosciences atmospheric sciences and ocean sciences","All",1331000
"U. Illinois, Chicago",67,"life sciences","All",347162000
"U. Illinois, Chicago",67,"mathematics and statistics","All",5823000
"U. Illinois, Chicago",67,"physical sciences","All",28674000
"U. Illinois, Chicago",67,"psychology","All",4041000
"U. Illinois, Chicago",67,"social sciences","All",11499000
"U. Illinois, Chicago",67,"sciences nec","All",12958000
"U. Illinois, Chicago",67,"engineering","All",46820000
"U. Illinois, Chicago",67,"all non s e fields","All",22085000
"California Institute of Technology",68,"all r d expenditures","All",490672000
"California Institute of Technology",68,"computer and information sciences","All",13730000
"California Institute of Technology",68,"geosciences atmospheric sciences and ocean sciences","All",47263000
"California Institute of Technology",68,"life sciences","All",102066000
"California Institute of Technology",68,"mathematics and statistics","All",794000
"California Institute of Technology",68,"physical sciences","All",235054000
"California Institute of Technology",68,"psychology","All",1117000
"California Institute of Technology",68,"social sciences","All",3213000
"California Institute of Technology",68,"sciences nec","All",13285000
"California Institute of Technology",68,"engineering","All",73871000
"California Institute of Technology",68,"all non s e fields","All",279000
"Carnegie Mellon U.",69,"all r d expenditures","All",484757000
"Carnegie Mellon U.",69,"computer and information sciences","All",220946000
"Carnegie Mellon U.",69,"geosciences atmospheric sciences and ocean sciences","All",1549000
"Carnegie Mellon U.",69,"life sciences","All",16878000
"Carnegie Mellon U.",69,"mathematics and statistics","All",16604000
"Carnegie Mellon U.",69,"physical sciences","All",27237000
"Carnegie Mellon U.",69,"psychology","All",10187000
"Carnegie Mellon U.",69,"social sciences","All",12649000
"Carnegie Mellon U.",69,"sciences nec","All",5575000
"Carnegie Mellon U.",69,"engineering","All",155436000
"Carnegie Mellon U.",69,"all non s e fields","All",17696000
"U. Rochester",70,"all r d expenditures","All",481227000
"U. Rochester",70,"computer and information sciences","All",3544000
"U. Rochester",70,"geosciences atmospheric sciences and ocean sciences","All",3103000
"U. Rochester",70,"life sciences","All",304786000
"U. Rochester",70,"mathematics and statistics","All",396000
"U. Rochester",70,"physical sciences","All",124977000
"U. Rochester",70,"psychology","All",6934000
"U. Rochester",70,"social sciences","All",1167000
"U. Rochester",70,"sciences nec","All",10533000
"U. Rochester",70,"engineering","All",22767000
"U. Rochester",70,"all non s e fields","All",3020000
"Virginia Commonwealth U.",71,"all r d expenditures","All",479930000
"Virginia Commonwealth U.",71,"computer and information sciences","All",8058000
"Virginia Commonwealth U.",71,"geosciences atmospheric sciences and ocean sciences","All",180000
"Virginia Commonwealth U.",71,"life sciences","All",320557000
"Virginia Commonwealth U.",71,"mathematics and statistics","All",839000
"Virginia Commonwealth U.",71,"physical sciences","All",5346000
"Virginia Commonwealth U.",71,"psychology","All",12123000
"Virginia Commonwealth U.",71,"social sciences","All",7273000
"Virginia Commonwealth U.",71,"sciences nec","All",0
"Virginia Commonwealth U.",71,"engineering","All",29609000
"Virginia Commonwealth U.",71,"all non s e fields","All",95945000
"SUNY, U. Buffalo",72,"all r d expenditures","All",471569000
"SUNY, U. Buffalo",72,"computer and information sciences","All",20464000
"SUNY, U. Buffalo",72,"geosciences atmospheric sciences and ocean sciences","All",6700000
"SUNY, U. Buffalo",72,"life sciences","All",263888000
"SUNY, U. Buffalo",72,"mathematics and statistics","All",2886000
"SUNY, U. Buffalo",72,"physical sciences","All",15320000
"SUNY, U. Buffalo",72,"psychology","All",5809000
"SUNY, U. Buffalo",72,"social sciences","All",4321000
"SUNY, U. Buffalo",72,"sciences nec","All",2708000
"SUNY, U. Buffalo",72,"engineering","All",123383000
"SUNY, U. Buffalo",72,"all non s e fields","All",26090000
"U. Kansas",73,"all r d expenditures","All",466222000
"U. Kansas",73,"computer and information sciences","All",6179000
"U. Kansas",73,"geosciences atmospheric sciences and ocean sciences","All",15975000
"U. Kansas",73,"life sciences","All",258443000
"U. Kansas",73,"mathematics and statistics","All",751000
"U. Kansas",73,"physical sciences","All",19261000
"U. Kansas",73,"psychology","All",11333000
"U. Kansas",73,"social sciences","All",2220000
"U. Kansas",73,"sciences nec","All",12013000
"U. Kansas",73,"engineering","All",25610000
"U. Kansas",73,"all non s e fields","All",114437000
"U. Missouri, Columbia",74,"all r d expenditures","All",462435000
"U. Missouri, Columbia",74,"computer and information sciences","All",6644000
"U. Missouri, Columbia",74,"geosciences atmospheric sciences and ocean sciences","All",1728000
"U. Missouri, Columbia",74,"life sciences","All",309601000
"U. Missouri, Columbia",74,"mathematics and statistics","All",1583000
"U. Missouri, Columbia",74,"physical sciences","All",57534000
"U. Missouri, Columbia",74,"psychology","All",6593000
"U. Missouri, Columbia",74,"social sciences","All",3972000
"U. Missouri, Columbia",74,"sciences nec","All",2570000
"U. Missouri, Columbia",74,"engineering","All",24365000
"U. Missouri, Columbia",74,"all non s e fields","All",47845000
"U. South Florida",75,"all r d expenditures","All",461390000
"U. South Florida",75,"computer and information sciences","All",18841000
"U. South Florida",75,"geosciences atmospheric sciences and ocean sciences","All",24544000
"U. South Florida",75,"life sciences","All",232123000
"U. South Florida",75,"mathematics and statistics","All",2902000
"U. South Florida",75,"physical sciences","All",10460000
"U. South Florida",75,"psychology","All",7605000
"U. South Florida",75,"social sciences","All",33891000
"U. South Florida",75,"sciences nec","All",1490000
"U. South Florida",75,"engineering","All",62025000
"U. South Florida",75,"all non s e fields","All",67509000
"U. Oklahoma, Norman and Health Science Center",76,"all r d expenditures","All",436964000
"U. Oklahoma, Norman and Health Science Center",76,"computer and information sciences","All",9628000
"U. Oklahoma, Norman and Health Science Center",76,"geosciences atmospheric sciences and ocean sciences","All",83345000
"U. Oklahoma, Norman and Health Science Center",76,"life sciences","All",174395000
"U. Oklahoma, Norman and Health Science Center",76,"mathematics and statistics","All",2621000
"U. Oklahoma, Norman and Health Science Center",76,"physical sciences","All",21859000
"U. Oklahoma, Norman and Health Science Center",76,"psychology","All",5725000
"U. Oklahoma, Norman and Health Science Center",76,"social sciences","All",17870000
"U. Oklahoma, Norman and Health Science Center",76,"sciences nec","All",0
"U. Oklahoma, Norman and Health Science Center",76,"engineering","All",58746000
"U. Oklahoma, Norman and Health Science Center",76,"all non s e fields","All",62775000
"U. Delaware",77,"all r d expenditures","All",428128000
"U. Delaware",77,"computer and information sciences","All",12538000
"U. Delaware",77,"geosciences atmospheric sciences and ocean sciences","All",26658000
"U. Delaware",77,"life sciences","All",89502000
"U. Delaware",77,"mathematics and statistics","All",6401000
"U. Delaware",77,"physical sciences","All",56483000
"U. Delaware",77,"psychology","All",12376000
"U. Delaware",77,"social sciences","All",26345000
"U. Delaware",77,"sciences nec","All",11966000
"U. Delaware",77,"engineering","All",161894000
"U. Delaware",77,"all non s e fields","All",23965000
"Iowa State U.",78,"all r d expenditures","All",420823000
"Iowa State U.",78,"computer and information sciences","All",6326000
"Iowa State U.",78,"geosciences atmospheric sciences and ocean sciences","All",5103000
"Iowa State U.",78,"life sciences","All",172991000
"Iowa State U.",78,"mathematics and statistics","All",19968000
"Iowa State U.",78,"physical sciences","All",31219000
"Iowa State U.",78,"psychology","All",3350000
"Iowa State U.",78,"social sciences","All",8107000
"Iowa State U.",78,"sciences nec","All",435000
"Iowa State U.",78,"engineering","All",140782000
"Iowa State U.",78,"all non s e fields","All",32542000
"Florida State U.",79,"all r d expenditures","All",414463000
"Florida State U.",79,"computer and information sciences","All",10374000
"Florida State U.",79,"geosciences atmospheric sciences and ocean sciences","All",20511000
"Florida State U.",79,"life sciences","All",75107000
"Florida State U.",79,"mathematics and statistics","All",8048000
"Florida State U.",79,"physical sciences","All",78948000
"Florida State U.",79,"psychology","All",19078000
"Florida State U.",79,"social sciences","All",25182000
"Florida State U.",79,"sciences nec","All",6239000
"Florida State U.",79,"engineering","All",67635000
"Florida State U.",79,"all non s e fields","All",103341000
"Utah State U.",80,"all r d expenditures","All",401437000
"Utah State U.",80,"computer and information sciences","All",4436000
"Utah State U.",80,"geosciences atmospheric sciences and ocean sciences","All",2460000
"Utah State U.",80,"life sciences","All",66338000
"Utah State U.",80,"mathematics and statistics","All",1009000
"Utah State U.",80,"physical sciences","All",6477000
"Utah State U.",80,"psychology","All",5720000
"Utah State U.",80,"social sciences","All",1734000
"Utah State U.",80,"sciences nec","All",0
"Utah State U.",80,"engineering","All",308386000
"Utah State U.",80,"all non s e fields","All",4877000
"U. Connecticut",81,"all r d expenditures","All",390165000
"U. Connecticut",81,"computer and information sciences","All",6946000
"U. Connecticut",81,"geosciences atmospheric sciences and ocean sciences","All",11951000
"U. Connecticut",81,"life sciences","All",222563000
"U. Connecticut",81,"mathematics and statistics","All",2934000
"U. Connecticut",81,"physical sciences","All",15372000
"U. Connecticut",81,"psychology","All",30889000
"U. Connecticut",81,"social sciences","All",9126000
"U. Connecticut",81,"sciences nec","All",3119000
"U. Connecticut",81,"engineering","All",72672000
"U. Connecticut",81,"all non s e fields","All",14593000
"Rockefeller U.",82,"all r d expenditures","All",385168000
"Rockefeller U.",82,"computer and information sciences","All",8060000
"Rockefeller U.",82,"geosciences atmospheric sciences and ocean sciences","All",151000
"Rockefeller U.",82,"life sciences","All",369447000
"Rockefeller U.",82,"mathematics and statistics","All",1396000
"Rockefeller U.",82,"physical sciences","All",6114000
"Rockefeller U.",82,"psychology","All",0
"Rockefeller U.",82,"social sciences","All",0
"Rockefeller U.",82,"sciences nec","All",0
"Rockefeller U.",82,"engineering","All",0
"Rockefeller U.",82,"all non s e fields","All",0
"Louisiana State U., Baton Rouge",83,"all r d expenditures","All",384268000
"Louisiana State U., Baton Rouge",83,"computer and information sciences","All",10527000
"Louisiana State U., Baton Rouge",83,"geosciences atmospheric sciences and ocean sciences","All",41171000
"Louisiana State U., Baton Rouge",83,"life sciences","All",181370000
"Louisiana State U., Baton Rouge",83,"mathematics and statistics","All",8112000
"Louisiana State U., Baton Rouge",83,"physical sciences","All",36946000
"Louisiana State U., Baton Rouge",83,"psychology","All",1077000
"Louisiana State U., Baton Rouge",83,"social sciences","All",5824000
"Louisiana State U., Baton Rouge",83,"sciences nec","All",12114000
"Louisiana State U., Baton Rouge",83,"engineering","All",63779000
"Louisiana State U., Baton Rouge",83,"all non s e fields","All",23348000
"Washington State U.",84,"all r d expenditures","All",378744000
"Washington State U.",84,"computer and information sciences","All",8664000
"Washington State U.",84,"geosciences atmospheric sciences and ocean sciences","All",10521000
"Washington State U.",84,"life sciences","All",220515000
"Washington State U.",84,"mathematics and statistics","All",383000
"Washington State U.",84,"physical sciences","All",27495000
"Washington State U.",84,"psychology","All",4278000
"Washington State U.",84,"social sciences","All",11439000
"Washington State U.",84,"sciences nec","All",3404000
"Washington State U.",84,"engineering","All",47254000
"Washington State U.",84,"all non s e fields","All",44791000
"U. Texas Health Science Center, Houston",85,"all r d expenditures","All",374105000
"U. Texas Health Science Center, Houston",85,"computer and information sciences","All",0
"U. Texas Health Science Center, Houston",85,"geosciences atmospheric sciences and ocean sciences","All",0
"U. Texas Health Science Center, Houston",85,"life sciences","All",374105000
"U. Texas Health Science Center, Houston",85,"mathematics and statistics","All",0
"U. Texas Health Science Center, Houston",85,"physical sciences","All",0
"U. Texas Health Science Center, Houston",85,"psychology","All",0
"U. Texas Health Science Center, Houston",85,"social sciences","All",0
"U. Texas Health Science Center, Houston",85,"sciences nec","All",0
"U. Texas Health Science Center, Houston",85,"engineering","All",0
"U. Texas Health Science Center, Houston",85,"all non s e fields","All",0
"Dartmouth C. and Dartmouth Hitchcock Medical Center",86,"all r d expenditures","All",366856000
"Dartmouth C. and Dartmouth Hitchcock Medical Center",86,"computer and information sciences","All",18309000
"Dartmouth C. and Dartmouth Hitchcock Medical Center",86,"geosciences atmospheric sciences and ocean sciences","All",9202000
"Dartmouth C. and Dartmouth Hitchcock Medical Center",86,"life sciences","All",179246000
"Dartmouth C. and Dartmouth Hitchcock Medical Center",86,"mathematics and statistics","All",10328000
"Dartmouth C. and Dartmouth Hitchcock Medical Center",86,"physical sciences","All",24630000
"Dartmouth C. and Dartmouth Hitchcock Medical Center",86,"psychology","All",15408000
"Dartmouth C. and Dartmouth Hitchcock Medical Center",86,"social sciences","All",22605000
"Dartmouth C. and Dartmouth Hitchcock Medical Center",86,"sciences nec","All",3097000
"Dartmouth C. and Dartmouth Hitchcock Medical Center",86,"engineering","All",41232000
"Dartmouth C. and Dartmouth Hitchcock Medical Center",86,"all non s e fields","All",42799000
"Wichita State U.",87,"all r d expenditures","All",366848000
"Wichita State U.",87,"computer and information sciences","All",0
"Wichita State U.",87,"geosciences atmospheric sciences and ocean sciences","All",162000
"Wichita State U.",87,"life sciences","All",7402000
"Wichita State U.",87,"mathematics and statistics","All",758000
"Wichita State U.",87,"physical sciences","All",2802000
"Wichita State U.",87,"psychology","All",1138000
"Wichita State U.",87,"social sciences","All",1530000
"Wichita State U.",87,"sciences nec","All",0
"Wichita State U.",87,"engineering","All",336096000
"Wichita State U.",87,"all non s e fields","All",16960000
"George Washington U.",88,"all r d expenditures","All",360260000
"George Washington U.",88,"computer and information sciences","All",9922000
"George Washington U.",88,"geosciences atmospheric sciences and ocean sciences","All",1115000
"George Washington U.",88,"life sciences","All",186518000
"George Washington U.",88,"mathematics and statistics","All",1737000
"George Washington U.",88,"physical sciences","All",8736000
"George Washington U.",88,"psychology","All",5528000
"George Washington U.",88,"social sciences","All",38480000
"George Washington U.",88,"sciences nec","All",11498000
"George Washington U.",88,"engineering","All",29442000
"George Washington U.",88,"all non s e fields","All",67284000
"Brown U.",89,"all r d expenditures","All",353591000
"Brown U.",89,"computer and information sciences","All",19235000
"Brown U.",89,"geosciences atmospheric sciences and ocean sciences","All",13244000
"Brown U.",89,"life sciences","All",176938000
"Brown U.",89,"mathematics and statistics","All",16873000
"Brown U.",89,"physical sciences","All",18064000
"Brown U.",89,"psychology","All",10682000
"Brown U.",89,"social sciences","All",41238000
"Brown U.",89,"sciences nec","All",12212000
"Brown U.",89,"engineering","All",27640000
"Brown U.",89,"all non s e fields","All",17465000
"Auburn U., Auburn",90,"all r d expenditures","All",349273000
"Auburn U., Auburn",90,"computer and information sciences","All",6337000
"Auburn U., Auburn",90,"geosciences atmospheric sciences and ocean sciences","All",5277000
"Auburn U., Auburn",90,"life sciences","All",147192000
"Auburn U., Auburn",90,"mathematics and statistics","All",4229000
"Auburn U., Auburn",90,"physical sciences","All",19616000
"Auburn U., Auburn",90,"psychology","All",3763000
"Auburn U., Auburn",90,"social sciences","All",4507000
"Auburn U., Auburn",90,"sciences nec","All",3879000
"Auburn U., Auburn",90,"engineering","All",108344000
"Auburn U., Auburn",90,"all non s e fields","All",46129000
"Medical C. Wisconsin",91,"all r d expenditures","All",346691000
"Medical C. Wisconsin",91,"computer and information sciences","All",0
"Medical C. Wisconsin",91,"geosciences atmospheric sciences and ocean sciences","All",0
"Medical C. Wisconsin",91,"life sciences","All",338863000
"Medical C. Wisconsin",91,"mathematics and statistics","All",0
"Medical C. Wisconsin",91,"physical sciences","All",0
"Medical C. Wisconsin",91,"psychology","All",0
"Medical C. Wisconsin",91,"social sciences","All",0
"Medical C. Wisconsin",91,"sciences nec","All",0
"Medical C. Wisconsin",91,"engineering","All",7828000
"Medical C. Wisconsin",91,"all non s e fields","All",0
"U. Tennessee, Knoxville",92,"all r d expenditures","All",338847000
"U. Tennessee, Knoxville",92,"computer and information sciences","All",8009000
"U. Tennessee, Knoxville",92,"geosciences atmospheric sciences and ocean sciences","All",3939000
"U. Tennessee, Knoxville",92,"life sciences","All",110556000
"U. Tennessee, Knoxville",92,"mathematics and statistics","All",3447000
"U. Tennessee, Knoxville",92,"physical sciences","All",25471000
"U. Tennessee, Knoxville",92,"psychology","All",4134000
"U. Tennessee, Knoxville",92,"social sciences","All",10761000
"U. Tennessee, Knoxville",92,"sciences nec","All",22268000
"U. Tennessee, Knoxville",92,"engineering","All",116222000
"U. Tennessee, Knoxville",92,"all non s e fields","All",34040000
"Oregon State U.",93,"all r d expenditures","All",337985000
"Oregon State U.",93,"computer and information sciences","All",5346000
"Oregon State U.",93,"geosciences atmospheric sciences and ocean sciences","All",57207000
"Oregon State U.",93,"life sciences","All",175883000
"Oregon State U.",93,"mathematics and statistics","All",1358000
"Oregon State U.",93,"physical sciences","All",7604000
"Oregon State U.",93,"psychology","All",1398000
"Oregon State U.",93,"social sciences","All",7579000
"Oregon State U.",93,"sciences nec","All",3718000
"Oregon State U.",93,"engineering","All",71532000
"Oregon State U.",93,"all non s e fields","All",6360000
"Georgetown U.",94,"all r d expenditures","All",337006000
"Georgetown U.",94,"computer and information sciences","All",18504000
"Georgetown U.",94,"geosciences atmospheric sciences and ocean sciences","All",0
"Georgetown U.",94,"life sciences","All",198724000
"Georgetown U.",94,"mathematics and statistics","All",2853000
"Georgetown U.",94,"physical sciences","All",13835000
"Georgetown U.",94,"psychology","All",2003000
"Georgetown U.",94,"social sciences","All",45315000
"Georgetown U.",94,"sciences nec","All",3033000
"Georgetown U.",94,"engineering","All",0
"Georgetown U.",94,"all non s e fields","All",52739000
"Albert Einstein C. of Medicine",95,"all r d expenditures","All",336238000
"Albert Einstein C. of Medicine",95,"computer and information sciences","All",0
"Albert Einstein C. of Medicine",95,"geosciences atmospheric sciences and ocean sciences","All",0
"Albert Einstein C. of Medicine",95,"life sciences","All",336238000
"Albert Einstein C. of Medicine",95,"mathematics and statistics","All",0
"Albert Einstein C. of Medicine",95,"physical sciences","All",0
"Albert Einstein C. of Medicine",95,"psychology","All",0
"Albert Einstein C. of Medicine",95,"social sciences","All",0
"Albert Einstein C. of Medicine",95,"sciences nec","All",0
"Albert Einstein C. of Medicine",95,"engineering","All",0
"Albert Einstein C. of Medicine",95,"all non s e fields","All",0
"Medical U. South Carolina",96,"all r d expenditures","All",333826000
"Medical U. South Carolina",96,"computer and information sciences","All",0
"Medical U. South Carolina",96,"geosciences atmospheric sciences and ocean sciences","All",0
"Medical U. South Carolina",96,"life sciences","All",333826000
"Medical U. South Carolina",96,"mathematics and statistics","All",0
"Medical U. South Carolina",96,"physical sciences","All",0
"Medical U. South Carolina",96,"psychology","All",0
"Medical U. South Carolina",96,"social sciences","All",0
"Medical U. South Carolina",96,"sciences nec","All",0
"Medical U. South Carolina",96,"engineering","All",0
"Medical U. South Carolina",96,"all non s e fields","All",0
"U. Notre Dame",97,"all r d expenditures","All",331943000
"U. Notre Dame",97,"computer and information sciences","All",23170000
"U. Notre Dame",97,"geosciences atmospheric sciences and ocean sciences","All",0
"U. Notre Dame",97,"life sciences","All",35232000
"U. Notre Dame",97,"mathematics and statistics","All",5775000
"U. Notre Dame",97,"physical sciences","All",59388000
"U. Notre Dame",97,"psychology","All",6586000
"U. Notre Dame",97,"social sciences","All",16096000
"U. Notre Dame",97,"sciences nec","All",17065000
"U. Notre Dame",97,"engineering","All",113853000
"U. Notre Dame",97,"all non s e fields","All",54778000
"U. Massachusetts, Medical School",98,"all r d expenditures","All",326731000
"U. Massachusetts, Medical School",98,"computer and information sciences","All",0
"U. Massachusetts, Medical School",98,"geosciences atmospheric sciences and ocean sciences","All",0
"U. Massachusetts, Medical School",98,"life sciences","All",326731000
"U. Massachusetts, Medical School",98,"mathematics and statistics","All",0
"U. Massachusetts, Medical School",98,"physical sciences","All",0
"U. Massachusetts, Medical School",98,"psychology","All",0
"U. Massachusetts, Medical School",98,"social sciences","All",0
"U. Massachusetts, Medical School",98,"sciences nec","All",0
"U. Massachusetts, Medical School",98,"engineering","All",0
"U. Massachusetts, Medical School",98,"all non s e fields","All",0
"SUNY, Stony Brook U.",99,"all r d expenditures","All",324531000
"SUNY, Stony Brook U.",99,"computer and information sciences","All",15550000
"SUNY, Stony Brook U.",99,"geosciences atmospheric sciences and ocean sciences","All",39762000
"SUNY, Stony Brook U.",99,"life sciences","All",136089000
"SUNY, Stony Brook U.",99,"mathematics and statistics","All",7442000
"SUNY, Stony Brook U.",99,"physical sciences","All",49245000
"SUNY, Stony Brook U.",99,"psychology","All",5969000
"SUNY, Stony Brook U.",99,"social sciences","All",2869000
"SUNY, Stony Brook U.",99,"sciences nec","All",20112000
"SUNY, Stony Brook U.",99,"engineering","All",40873000
"SUNY, Stony Brook U.",99,"all non s e fields","All",6620000
"Mississippi State U.",100,"all r d expenditures","All",319684000
"Mississippi State U.",100,"computer and information sciences","All",11570000
"Mississippi State U.",100,"geosciences atmospheric sciences and ocean sciences","All",16521000
"Mississippi State U.",100,"life sciences","All",145647000
"Mississippi State U.",100,"mathematics and statistics","All",1979000
"Mississippi State U.",100,"physical sciences","All",13806000
"Mississippi State U.",100,"psychology","All",2421000
"Mississippi State U.",100,"social sciences","All",25913000
"Mississippi State U.",100,"sciences nec","All",3289000
"Mississippi State U.",100,"engineering","All",78080000
"Mississippi State U.",100,"all non s e fields","All",20458000
"U. New Mexico",101,"all r d expenditures","All",316026000
"U. New Mexico",101,"computer and information sciences","All",4816000
"U. New Mexico",101,"geosciences atmospheric sciences and ocean sciences","All",7551000
"U. New Mexico",101,"life sciences","All",204109000
"U. New Mexico",101,"mathematics and statistics","All",1012000
"U. New Mexico",101,"physical sciences","All",11065000
"U. New Mexico",101,"psychology","All",7440000
"U. New Mexico",101,"social sciences","All",13113000
"U. New Mexico",101,"sciences nec","All",8015000
"U. New Mexico",101,"engineering","All",51318000
"U. New Mexico",101,"all non s e fields","All",7587000
"U. Hawaii, Manoa",102,"all r d expenditures","All",313143000
"U. Hawaii, Manoa",102,"computer and information sciences","All",22818000
"U. Hawaii, Manoa",102,"geosciences atmospheric sciences and ocean sciences","All",88512000
"U. Hawaii, Manoa",102,"life sciences","All",133335000
"U. Hawaii, Manoa",102,"mathematics and statistics","All",593000
"U. Hawaii, Manoa",102,"physical sciences","All",25554000
"U. Hawaii, Manoa",102,"psychology","All",603000
"U. Hawaii, Manoa",102,"social sciences","All",2906000
"U. Hawaii, Manoa",102,"sciences nec","All",5914000
"U. Hawaii, Manoa",102,"engineering","All",29058000
"U. Hawaii, Manoa",102,"all non s e fields","All",3850000
"Wake Forest U.",103,"all r d expenditures","All",308972000
"Wake Forest U.",103,"computer and information sciences","All",629000
"Wake Forest U.",103,"geosciences atmospheric sciences and ocean sciences","All",0
"Wake Forest U.",103,"life sciences","All",291310000
"Wake Forest U.",103,"mathematics and statistics","All",716000
"Wake Forest U.",103,"physical sciences","All",2331000
"Wake Forest U.",103,"psychology","All",704000
"Wake Forest U.",103,"social sciences","All",3798000
"Wake Forest U.",103,"sciences nec","All",0
"Wake Forest U.",103,"engineering","All",1499000
"Wake Forest U.",103,"all non s e fields","All",7985000
"Florida International U.",104,"all r d expenditures","All",306434000
"Florida International U.",104,"computer and information sciences","All",22726000
"Florida International U.",104,"geosciences atmospheric sciences and ocean sciences","All",29061000
"Florida International U.",104,"life sciences","All",71169000
"Florida International U.",104,"mathematics and statistics","All",3628000
"Florida International U.",104,"physical sciences","All",31704000
"Florida International U.",104,"psychology","All",41054000
"Florida International U.",104,"social sciences","All",21873000
"Florida International U.",104,"sciences nec","All",3554000
"Florida International U.",104,"engineering","All",56199000
"Florida International U.",104,"all non s e fields","All",25466000
"U. California, Santa Barbara",105,"all r d expenditures","All",305483000
"U. California, Santa Barbara",105,"computer and information sciences","All",23101000
"U. California, Santa Barbara",105,"geosciences atmospheric sciences and ocean sciences","All",38926000
"U. California, Santa Barbara",105,"life sciences","All",13211000
"U. California, Santa Barbara",105,"mathematics and statistics","All",1759000
"U. California, Santa Barbara",105,"physical sciences","All",68503000
"U. California, Santa Barbara",105,"psychology","All",4387000
"U. California, Santa Barbara",105,"social sciences","All",11052000
"U. California, Santa Barbara",105,"sciences nec","All",18612000
"U. California, Santa Barbara",105,"engineering","All",111017000
"U. California, Santa Barbara",105,"all non s e fields","All",14915000
"Temple U.",106,"all r d expenditures","All",292029000
"Temple U.",106,"computer and information sciences","All",5498000
"Temple U.",106,"geosciences atmospheric sciences and ocean sciences","All",1323000
"Temple U.",106,"life sciences","All",227767000
"Temple U.",106,"mathematics and statistics","All",1004000
"Temple U.",106,"physical sciences","All",15792000
"Temple U.",106,"psychology","All",11114000
"Temple U.",106,"social sciences","All",3521000
"Temple U.",106,"sciences nec","All",844000
"Temple U.",106,"engineering","All",8815000
"Temple U.",106,"all non s e fields","All",16351000
"Northeastern U.",107,"all r d expenditures","All",288558000
"Northeastern U.",107,"computer and information sciences","All",28375000
"Northeastern U.",107,"geosciences atmospheric sciences and ocean sciences","All",5205000
"Northeastern U.",107,"life sciences","All",46459000
"Northeastern U.",107,"mathematics and statistics","All",1443000
"Northeastern U.",107,"physical sciences","All",33512000
"Northeastern U.",107,"psychology","All",12014000
"Northeastern U.",107,"social sciences","All",11463000
"Northeastern U.",107,"sciences nec","All",0
"Northeastern U.",107,"engineering","All",119529000
"Northeastern U.",107,"all non s e fields","All",30558000
"Woods Hole Oceanographic Institution",108,"all r d expenditures","All",287825000
"Woods Hole Oceanographic Institution",108,"computer and information sciences","All",0
"Woods Hole Oceanographic Institution",108,"geosciences atmospheric sciences and ocean sciences","All",194513000
"Woods Hole Oceanographic Institution",108,"life sciences","All",0
"Woods Hole Oceanographic Institution",108,"mathematics and statistics","All",0
"Woods Hole Oceanographic Institution",108,"physical sciences","All",0
"Woods Hole Oceanographic Institution",108,"psychology","All",0
"Woods Hole Oceanographic Institution",108,"social sciences","All",0
"Woods Hole Oceanographic Institution",108,"sciences nec","All",0
"Woods Hole Oceanographic Institution",108,"engineering","All",93312000
"Woods Hole Oceanographic Institution",108,"all non s e fields","All",0
"Clemson U.",109,"all r d expenditures","All",286503000
"Clemson U.",109,"computer and information sciences","All",9428000
"Clemson U.",109,"geosciences atmospheric sciences and ocean sciences","All",0
"Clemson U.",109,"life sciences","All",81964000
"Clemson U.",109,"mathematics and statistics","All",2131000
"Clemson U.",109,"physical sciences","All",12096000
"Clemson U.",109,"psychology","All",3826000
"Clemson U.",109,"social sciences","All",7532000
"Clemson U.",109,"sciences nec","All",0
"Clemson U.",109,"engineering","All",103188000
"Clemson U.",109,"all non s e fields","All",66338000
"SUNY, Polytechnic Institute",110,"all r d expenditures","All",284677000
"SUNY, Polytechnic Institute",110,"computer and information sciences","All",18000
"SUNY, Polytechnic Institute",110,"geosciences atmospheric sciences and ocean sciences","All",0
"SUNY, Polytechnic Institute",110,"life sciences","All",2369000
"SUNY, Polytechnic Institute",110,"mathematics and statistics","All",0
"SUNY, Polytechnic Institute",110,"physical sciences","All",0
"SUNY, Polytechnic Institute",110,"psychology","All",0
"SUNY, Polytechnic Institute",110,"social sciences","All",0
"SUNY, Polytechnic Institute",110,"sciences nec","All",0
"SUNY, Polytechnic Institute",110,"engineering","All",282110000
"SUNY, Polytechnic Institute",110,"all non s e fields","All",180000
"U. Texas Health Science Center, San Antonio",111,"all r d expenditures","All",281078000
"U. Texas Health Science Center, San Antonio",111,"computer and information sciences","All",0
"U. Texas Health Science Center, San Antonio",111,"geosciences atmospheric sciences and ocean sciences","All",0
"U. Texas Health Science Center, San Antonio",111,"life sciences","All",281078000
"U. Texas Health Science Center, San Antonio",111,"mathematics and statistics","All",0
"U. Texas Health Science Center, San Antonio",111,"physical sciences","All",0
"U. Texas Health Science Center, San Antonio",111,"psychology","All",0
"U. Texas Health Science Center, San Antonio",111,"social sciences","All",0
"U. Texas Health Science Center, San Antonio",111,"sciences nec","All",0
"U. Texas Health Science Center, San Antonio",111,"engineering","All",0
"U. Texas Health Science Center, San Antonio",111,"all non s e fields","All",0
"U. Massachusetts, Amherst",112,"all r d expenditures","All",268657000
"U. Massachusetts, Amherst",112,"computer and information sciences","All",30057000
"U. Massachusetts, Amherst",112,"geosciences atmospheric sciences and ocean sciences","All",4835000
"U. Massachusetts, Amherst",112,"life sciences","All",79726000
"U. Massachusetts, Amherst",112,"mathematics and statistics","All",3383000
"U. Massachusetts, Amherst",112,"physical sciences","All",27580000
"U. Massachusetts, Amherst",112,"psychology","All",9888000
"U. Massachusetts, Amherst",112,"social sciences","All",8461000
"U. Massachusetts, Amherst",112,"sciences nec","All",880000
"U. Massachusetts, Amherst",112,"engineering","All",82841000
"U. Massachusetts, Amherst",112,"all non s e fields","All",21006000
"U. South Carolina, Columbia",113,"all r d expenditures","All",262207000
"U. South Carolina, Columbia",113,"computer and information sciences","All",4491000
"U. South Carolina, Columbia",113,"geosciences atmospheric sciences and ocean sciences","All",9266000
"U. South Carolina, Columbia",113,"life sciences","All",108934000
"U. South Carolina, Columbia",113,"mathematics and statistics","All",4385000
"U. South Carolina, Columbia",113,"physical sciences","All",5158000
"U. South Carolina, Columbia",113,"psychology","All",13699000
"U. South Carolina, Columbia",113,"social sciences","All",21393000
"U. South Carolina, Columbia",113,"sciences nec","All",8000
"U. South Carolina, Columbia",113,"engineering","All",47155000
"U. South Carolina, Columbia",113,"all non s e fields","All",47718000
"Tulane U.",114,"all r d expenditures","All",258439000
"Tulane U.",114,"computer and information sciences","All",1712000
"Tulane U.",114,"geosciences atmospheric sciences and ocean sciences","All",7662000
"Tulane U.",114,"life sciences","All",209699000
"Tulane U.",114,"mathematics and statistics","All",977000
"Tulane U.",114,"physical sciences","All",5633000
"Tulane U.",114,"psychology","All",2938000
"Tulane U.",114,"social sciences","All",6522000
"Tulane U.",114,"sciences nec","All",0
"Tulane U.",114,"engineering","All",6779000
"Tulane U.",114,"all non s e fields","All",16517000
"Thomas Jefferson U.",115,"all r d expenditures","All",258345000
"Thomas Jefferson U.",115,"computer and information sciences","All",0
"Thomas Jefferson U.",115,"geosciences atmospheric sciences and ocean sciences","All",0
"Thomas Jefferson U.",115,"life sciences","All",258291000
"Thomas Jefferson U.",115,"mathematics and statistics","All",0
"Thomas Jefferson U.",115,"physical sciences","All",0
"Thomas Jefferson U.",115,"psychology","All",0
"Thomas Jefferson U.",115,"social sciences","All",0
"Thomas Jefferson U.",115,"sciences nec","All",0
"Thomas Jefferson U.",115,"engineering","All",33000
"Thomas Jefferson U.",115,"all non s e fields","All",21000
"Rice U.",116,"all r d expenditures","All",255115000
"Rice U.",116,"computer and information sciences","All",12530000
"Rice U.",116,"geosciences atmospheric sciences and ocean sciences","All",6249000
"Rice U.",116,"life sciences","All",19778000
"Rice U.",116,"mathematics and statistics","All",7338000
"Rice U.",116,"physical sciences","All",43704000
"Rice U.",116,"psychology","All",5420000
"Rice U.",116,"social sciences","All",24172000
"Rice U.",116,"sciences nec","All",627000
"Rice U.",116,"engineering","All",129719000
"Rice U.",116,"all non s e fields","All",5578000
"George Mason U.",117,"all r d expenditures","All",252239000
"George Mason U.",117,"computer and information sciences","All",22076000
"George Mason U.",117,"geosciences atmospheric sciences and ocean sciences","All",17068000
"George Mason U.",117,"life sciences","All",37589000
"George Mason U.",117,"mathematics and statistics","All",2657000
"George Mason U.",117,"physical sciences","All",7098000
"George Mason U.",117,"psychology","All",4323000
"George Mason U.",117,"social sciences","All",73092000
"George Mason U.",117,"sciences nec","All",1e+05
"George Mason U.",117,"engineering","All",61036000
"George Mason U.",117,"all non s e fields","All",27200000
"Wayne State U.",118,"all r d expenditures","All",250911000
"Wayne State U.",118,"computer and information sciences","All",3578000
"Wayne State U.",118,"geosciences atmospheric sciences and ocean sciences","All",182000
"Wayne State U.",118,"life sciences","All",182874000
"Wayne State U.",118,"mathematics and statistics","All",717000
"Wayne State U.",118,"physical sciences","All",23226000
"Wayne State U.",118,"psychology","All",3539000
"Wayne State U.",118,"social sciences","All",1775000
"Wayne State U.",118,"sciences nec","All",8448000
"Wayne State U.",118,"engineering","All",13718000
"Wayne State U.",118,"all non s e fields","All",12854000
"Tufts U.",119,"all r d expenditures","All",247276000
"Tufts U.",119,"computer and information sciences","All",4526000
"Tufts U.",119,"geosciences atmospheric sciences and ocean sciences","All",2008000
"Tufts U.",119,"life sciences","All",138203000
"Tufts U.",119,"mathematics and statistics","All",4607000
"Tufts U.",119,"physical sciences","All",10498000
"Tufts U.",119,"psychology","All",6701000
"Tufts U.",119,"social sciences","All",17786000
"Tufts U.",119,"sciences nec","All",18361000
"Tufts U.",119,"engineering","All",34614000
"Tufts U.",119,"all non s e fields","All",9972000
"U. Central Florida",120,"all r d expenditures","All",247259000
"U. Central Florida",120,"computer and information sciences","All",30129000
"U. Central Florida",120,"geosciences atmospheric sciences and ocean sciences","All",6932000
"U. Central Florida",120,"life sciences","All",39523000
"U. Central Florida",120,"mathematics and statistics","All",2971000
"U. Central Florida",120,"physical sciences","All",45916000
"U. Central Florida",120,"psychology","All",9837000
"U. Central Florida",120,"social sciences","All",8249000
"U. Central Florida",120,"sciences nec","All",6424000
"U. Central Florida",120,"engineering","All",68340000
"U. Central Florida",120,"all non s e fields","All",28938000
"West Virginia U.",121,"all r d expenditures","All",246173000
"West Virginia U.",121,"computer and information sciences","All",2155000
"West Virginia U.",121,"geosciences atmospheric sciences and ocean sciences","All",5036000
"West Virginia U.",121,"life sciences","All",153092000
"West Virginia U.",121,"mathematics and statistics","All",448000
"West Virginia U.",121,"physical sciences","All",16296000
"West Virginia U.",121,"psychology","All",1929000
"West Virginia U.",121,"social sciences","All",4192000
"West Virginia U.",121,"sciences nec","All",1552000
"West Virginia U.",121,"engineering","All",50052000
"West Virginia U.",121,"all non s e fields","All",11421000
"Texas Tech U.",122,"all r d expenditures","All",240107000
"Texas Tech U.",122,"computer and information sciences","All",5472000
"Texas Tech U.",122,"geosciences atmospheric sciences and ocean sciences","All",11667000
"Texas Tech U.",122,"life sciences","All",74439000
"Texas Tech U.",122,"mathematics and statistics","All",4501000
"Texas Tech U.",122,"physical sciences","All",15057000
"Texas Tech U.",122,"psychology","All",8343000
"Texas Tech U.",122,"social sciences","All",13213000
"Texas Tech U.",122,"sciences nec","All",0
"Texas Tech U.",122,"engineering","All",53564000
"Texas Tech U.",122,"all non s e fields","All",53851000
"Georgia State U.",123,"all r d expenditures","All",237493000
"Georgia State U.",123,"computer and information sciences","All",6583000
"Georgia State U.",123,"geosciences atmospheric sciences and ocean sciences","All",1883000
"Georgia State U.",123,"life sciences","All",84391000
"Georgia State U.",123,"mathematics and statistics","All",2428000
"Georgia State U.",123,"physical sciences","All",19102000
"Georgia State U.",123,"psychology","All",12584000
"Georgia State U.",123,"social sciences","All",37953000
"Georgia State U.",123,"sciences nec","All",0
"Georgia State U.",123,"engineering","All",0
"Georgia State U.",123,"all non s e fields","All",72569000
"U. Vermont",124,"all r d expenditures","All",233806000
"U. Vermont",124,"computer and information sciences","All",3361000
"U. Vermont",124,"geosciences atmospheric sciences and ocean sciences","All",4650000
"U. Vermont",124,"life sciences","All",167760000
"U. Vermont",124,"mathematics and statistics","All",2319000
"U. Vermont",124,"physical sciences","All",3944000
"U. Vermont",124,"psychology","All",4830000
"U. Vermont",124,"social sciences","All",9950000
"U. Vermont",124,"sciences nec","All",2642000
"U. Vermont",124,"engineering","All",18270000
"U. Vermont",124,"all non s e fields","All",16080000
"U. Texas Medical Branch",125,"all r d expenditures","All",233192000
"U. Texas Medical Branch",125,"computer and information sciences","All",0
"U. Texas Medical Branch",125,"geosciences atmospheric sciences and ocean sciences","All",0
"U. Texas Medical Branch",125,"life sciences","All",225795000
"U. Texas Medical Branch",125,"mathematics and statistics","All",0
"U. Texas Medical Branch",125,"physical sciences","All",0
"U. Texas Medical Branch",125,"psychology","All",0
"U. Texas Medical Branch",125,"social sciences","All",0
"U. Texas Medical Branch",125,"sciences nec","All",0
"U. Texas Medical Branch",125,"engineering","All",7397000
"U. Texas Medical Branch",125,"all non s e fields","All",0
"U. Houston",126,"all r d expenditures","All",231942000
"U. Houston",126,"computer and information sciences","All",9325000
"U. Houston",126,"geosciences atmospheric sciences and ocean sciences","All",12509000
"U. Houston",126,"life sciences","All",46297000
"U. Houston",126,"mathematics and statistics","All",7605000
"U. Houston",126,"physical sciences","All",27682000
"U. Houston",126,"psychology","All",19682000
"U. Houston",126,"social sciences","All",4721000
"U. Houston",126,"sciences nec","All",1101000
"U. Houston",126,"engineering","All",67684000
"U. Houston",126,"all non s e fields","All",35336000
"Montana State U., Bozeman",127,"all r d expenditures","All",229682000
"Montana State U., Bozeman",127,"computer and information sciences","All",3175000
"Montana State U., Bozeman",127,"geosciences atmospheric sciences and ocean sciences","All",6124000
"Montana State U., Bozeman",127,"life sciences","All",81492000
"Montana State U., Bozeman",127,"mathematics and statistics","All",2828000
"Montana State U., Bozeman",127,"physical sciences","All",27448000
"Montana State U., Bozeman",127,"psychology","All",956000
"Montana State U., Bozeman",127,"social sciences","All",1903000
"Montana State U., Bozeman",127,"sciences nec","All",14374000
"Montana State U., Bozeman",127,"engineering","All",67024000
"Montana State U., Bozeman",127,"all non s e fields","All",24358000
"U. Dayton",128,"all r d expenditures","All",228723000
"U. Dayton",128,"computer and information sciences","All",23693000
"U. Dayton",128,"geosciences atmospheric sciences and ocean sciences","All",743000
"U. Dayton",128,"life sciences","All",1695000
"U. Dayton",128,"mathematics and statistics","All",98000
"U. Dayton",128,"physical sciences","All",385000
"U. Dayton",128,"psychology","All",180000
"U. Dayton",128,"social sciences","All",121000
"U. Dayton",128,"sciences nec","All",0
"U. Dayton",128,"engineering","All",198049000
"U. Dayton",128,"all non s e fields","All",3759000
"Oklahoma State U., Stillwater",129,"all r d expenditures","All",226498000
"Oklahoma State U., Stillwater",129,"computer and information sciences","All",3598000
"Oklahoma State U., Stillwater",129,"geosciences atmospheric sciences and ocean sciences","All",4254000
"Oklahoma State U., Stillwater",129,"life sciences","All",92203000
"Oklahoma State U., Stillwater",129,"mathematics and statistics","All",4680000
"Oklahoma State U., Stillwater",129,"physical sciences","All",9993000
"Oklahoma State U., Stillwater",129,"psychology","All",7181000
"Oklahoma State U., Stillwater",129,"social sciences","All",10445000
"Oklahoma State U., Stillwater",129,"sciences nec","All",11514000
"Oklahoma State U., Stillwater",129,"engineering","All",44510000
"Oklahoma State U., Stillwater",129,"all non s e fields","All",38120000
"U. Louisiana, Lafayette",130,"all r d expenditures","All",225924000
"U. Louisiana, Lafayette",130,"computer and information sciences","All",27922000
"U. Louisiana, Lafayette",130,"geosciences atmospheric sciences and ocean sciences","All",4887000
"U. Louisiana, Lafayette",130,"life sciences","All",98792000
"U. Louisiana, Lafayette",130,"mathematics and statistics","All",3236000
"U. Louisiana, Lafayette",130,"physical sciences","All",4358000
"U. Louisiana, Lafayette",130,"psychology","All",95000
"U. Louisiana, Lafayette",130,"social sciences","All",4916000
"U. Louisiana, Lafayette",130,"sciences nec","All",1479000
"U. Louisiana, Lafayette",130,"engineering","All",35532000
"U. Louisiana, Lafayette",130,"all non s e fields","All",44707000
"U. New Hampshire",131,"all r d expenditures","All",223683000
"U. New Hampshire",131,"computer and information sciences","All",1505000
"U. New Hampshire",131,"geosciences atmospheric sciences and ocean sciences","All",99189000
"U. New Hampshire",131,"life sciences","All",54290000
"U. New Hampshire",131,"mathematics and statistics","All",1738000
"U. New Hampshire",131,"physical sciences","All",5689000
"U. New Hampshire",131,"psychology","All",1110000
"U. New Hampshire",131,"social sciences","All",17256000
"U. New Hampshire",131,"sciences nec","All",0
"U. New Hampshire",131,"engineering","All",29519000
"U. New Hampshire",131,"all non s e fields","All",13387000
"U. Arkansas, Fayetteville",132,"all r d expenditures","All",221525000
"U. Arkansas, Fayetteville",132,"computer and information sciences","All",7865000
"U. Arkansas, Fayetteville",132,"geosciences atmospheric sciences and ocean sciences","All",2987000
"U. Arkansas, Fayetteville",132,"life sciences","All",96316000
"U. Arkansas, Fayetteville",132,"mathematics and statistics","All",896000
"U. Arkansas, Fayetteville",132,"physical sciences","All",19209000
"U. Arkansas, Fayetteville",132,"psychology","All",2080000
"U. Arkansas, Fayetteville",132,"social sciences","All",7479000
"U. Arkansas, Fayetteville",132,"sciences nec","All",5694000
"U. Arkansas, Fayetteville",132,"engineering","All",49645000
"U. Arkansas, Fayetteville",132,"all non s e fields","All",29354000
"U. Louisville",133,"all r d expenditures","All",220568000
"U. Louisville",133,"computer and information sciences","All",91000
"U. Louisville",133,"geosciences atmospheric sciences and ocean sciences","All",65000
"U. Louisville",133,"life sciences","All",171778000
"U. Louisville",133,"mathematics and statistics","All",519000
"U. Louisville",133,"physical sciences","All",3003000
"U. Louisville",133,"psychology","All",3767000
"U. Louisville",133,"social sciences","All",1653000
"U. Louisville",133,"sciences nec","All",583000
"U. Louisville",133,"engineering","All",24702000
"U. Louisville",133,"all non s e fields","All",14407000
"U. Alaska, Fairbanks",134,"all r d expenditures","All",218041000
"U. Alaska, Fairbanks",134,"computer and information sciences","All",222000
"U. Alaska, Fairbanks",134,"geosciences atmospheric sciences and ocean sciences","All",111890000
"U. Alaska, Fairbanks",134,"life sciences","All",38729000
"U. Alaska, Fairbanks",134,"mathematics and statistics","All",338000
"U. Alaska, Fairbanks",134,"physical sciences","All",13507000
"U. Alaska, Fairbanks",134,"psychology","All",3000
"U. Alaska, Fairbanks",134,"social sciences","All",4498000
"U. Alaska, Fairbanks",134,"sciences nec","All",16108000
"U. Alaska, Fairbanks",134,"engineering","All",31211000
"U. Alaska, Fairbanks",134,"all non s e fields","All",1535000
"Kansas State U.",135,"all r d expenditures","All",217992000
"Kansas State U.",135,"computer and information sciences","All",3858000
"Kansas State U.",135,"geosciences atmospheric sciences and ocean sciences","All",299000
"Kansas State U.",135,"life sciences","All",129457000
"Kansas State U.",135,"mathematics and statistics","All",3353000
"Kansas State U.",135,"physical sciences","All",12230000
"Kansas State U.",135,"psychology","All",4857000
"Kansas State U.",135,"social sciences","All",10652000
"Kansas State U.",135,"sciences nec","All",8279000
"Kansas State U.",135,"engineering","All",30352000
"Kansas State U.",135,"all non s e fields","All",14655000
"U. California, Riverside",136,"all r d expenditures","All",214802000
"U. California, Riverside",136,"computer and information sciences","All",7414000
"U. California, Riverside",136,"geosciences atmospheric sciences and ocean sciences","All",12654000
"U. California, Riverside",136,"life sciences","All",108803000
"U. California, Riverside",136,"mathematics and statistics","All",2694000
"U. California, Riverside",136,"physical sciences","All",18535000
"U. California, Riverside",136,"psychology","All",6971000
"U. California, Riverside",136,"social sciences","All",10057000
"U. California, Riverside",136,"sciences nec","All",2877000
"U. California, Riverside",136,"engineering","All",36650000
"U. California, Riverside",136,"all non s e fields","All",8147000
"U. Arkansas for Medical Sciences",137,"all r d expenditures","All",209409000
"U. Arkansas for Medical Sciences",137,"computer and information sciences","All",0
"U. Arkansas for Medical Sciences",137,"geosciences atmospheric sciences and ocean sciences","All",0
"U. Arkansas for Medical Sciences",137,"life sciences","All",209409000
"U. Arkansas for Medical Sciences",137,"mathematics and statistics","All",0
"U. Arkansas for Medical Sciences",137,"physical sciences","All",0
"U. Arkansas for Medical Sciences",137,"psychology","All",0
"U. Arkansas for Medical Sciences",137,"social sciences","All",0
"U. Arkansas for Medical Sciences",137,"sciences nec","All",0
"U. Arkansas for Medical Sciences",137,"engineering","All",0
"U. Arkansas for Medical Sciences",137,"all non s e fields","All",0
"U. California, Santa Cruz",138,"all r d expenditures","All",203883000
"U. California, Santa Cruz",138,"computer and information sciences","All",8695000
"U. California, Santa Cruz",138,"geosciences atmospheric sciences and ocean sciences","All",39967000
"U. California, Santa Cruz",138,"life sciences","All",34549000
"U. California, Santa Cruz",138,"mathematics and statistics","All",605000
"U. California, Santa Cruz",138,"physical sciences","All",43696000
"U. California, Santa Cruz",138,"psychology","All",1226000
"U. California, Santa Cruz",138,"social sciences","All",7665000
"U. California, Santa Cruz",138,"sciences nec","All",680000
"U. California, Santa Cruz",138,"engineering","All",57256000
"U. California, Santa Cruz",138,"all non s e fields","All",9544000
"North Dakota State U.",139,"all r d expenditures","All",190330000
"North Dakota State U.",139,"computer and information sciences","All",3422000
"North Dakota State U.",139,"geosciences atmospheric sciences and ocean sciences","All",472000
"North Dakota State U.",139,"life sciences","All",122001000
"North Dakota State U.",139,"mathematics and statistics","All",970000
"North Dakota State U.",139,"physical sciences","All",11009000
"North Dakota State U.",139,"psychology","All",2750000
"North Dakota State U.",139,"social sciences","All",8600000
"North Dakota State U.",139,"sciences nec","All",5117000
"North Dakota State U.",139,"engineering","All",25034000
"North Dakota State U.",139,"all non s e fields","All",10955000
"U. Maine",140,"all r d expenditures","All",188690000
"U. Maine",140,"computer and information sciences","All",2517000
"U. Maine",140,"geosciences atmospheric sciences and ocean sciences","All",27518000
"U. Maine",140,"life sciences","All",46999000
"U. Maine",140,"mathematics and statistics","All",718000
"U. Maine",140,"physical sciences","All",7816000
"U. Maine",140,"psychology","All",742000
"U. Maine",140,"social sciences","All",2212000
"U. Maine",140,"sciences nec","All",16590000
"U. Maine",140,"engineering","All",72340000
"U. Maine",140,"all non s e fields","All",11238000
"U. Nevada, Reno",141,"all r d expenditures","All",188505000
"U. Nevada, Reno",141,"computer and information sciences","All",4617000
"U. Nevada, Reno",141,"geosciences atmospheric sciences and ocean sciences","All",19059000
"U. Nevada, Reno",141,"life sciences","All",77346000
"U. Nevada, Reno",141,"mathematics and statistics","All",1408000
"U. Nevada, Reno",141,"physical sciences","All",11696000
"U. Nevada, Reno",141,"psychology","All",5242000
"U. Nevada, Reno",141,"social sciences","All",6324000
"U. Nevada, Reno",141,"sciences nec","All",3437000
"U. Nevada, Reno",141,"engineering","All",41198000
"U. Nevada, Reno",141,"all non s e fields","All",18178000
"U. Alabama, Tuscaloosa",142,"all r d expenditures","All",184880000
"U. Alabama, Tuscaloosa",142,"computer and information sciences","All",18813000
"U. Alabama, Tuscaloosa",142,"geosciences atmospheric sciences and ocean sciences","All",16822000
"U. Alabama, Tuscaloosa",142,"life sciences","All",23853000
"U. Alabama, Tuscaloosa",142,"mathematics and statistics","All",2918000
"U. Alabama, Tuscaloosa",142,"physical sciences","All",11124000
"U. Alabama, Tuscaloosa",142,"psychology","All",5690000
"U. Alabama, Tuscaloosa",142,"social sciences","All",13350000
"U. Alabama, Tuscaloosa",142,"sciences nec","All",264000
"U. Alabama, Tuscaloosa",142,"engineering","All",51029000
"U. Alabama, Tuscaloosa",142,"all non s e fields","All",41017000
"Syracuse U.",143,"all r d expenditures","All",183850000
"Syracuse U.",143,"computer and information sciences","All",7300000
"Syracuse U.",143,"geosciences atmospheric sciences and ocean sciences","All",3549000
"Syracuse U.",143,"life sciences","All",18677000
"Syracuse U.",143,"mathematics and statistics","All",2855000
"Syracuse U.",143,"physical sciences","All",20189000
"Syracuse U.",143,"psychology","All",3515000
"Syracuse U.",143,"social sciences","All",15676000
"Syracuse U.",143,"sciences nec","All",1381000
"Syracuse U.",143,"engineering","All",24796000
"Syracuse U.",143,"all non s e fields","All",85912000
"U. North Dakota",144,"all r d expenditures","All",182195000
"U. North Dakota",144,"computer and information sciences","All",4136000
"U. North Dakota",144,"geosciences atmospheric sciences and ocean sciences","All",7444000
"U. North Dakota",144,"life sciences","All",36939000
"U. North Dakota",144,"mathematics and statistics","All",444000
"U. North Dakota",144,"physical sciences","All",7486000
"U. North Dakota",144,"psychology","All",4993000
"U. North Dakota",144,"social sciences","All",1725000
"U. North Dakota",144,"sciences nec","All",156000
"U. North Dakota",144,"engineering","All",105141000
"U. North Dakota",144,"all non s e fields","All",13731000
"U. Mississippi",145,"all r d expenditures","All",172176000
"U. Mississippi",145,"computer and information sciences","All",1418000
"U. Mississippi",145,"geosciences atmospheric sciences and ocean sciences","All",2219000
"U. Mississippi",145,"life sciences","All",106290000
"U. Mississippi",145,"mathematics and statistics","All",1042000
"U. Mississippi",145,"physical sciences","All",13565000
"U. Mississippi",145,"psychology","All",1918000
"U. Mississippi",145,"social sciences","All",4488000
"U. Mississippi",145,"sciences nec","All",718000
"U. Mississippi",145,"engineering","All",11818000
"U. Mississippi",145,"all non s e fields","All",28700000
"Drexel U.",146,"all r d expenditures","All",169583000
"Drexel U.",146,"computer and information sciences","All",6621000
"Drexel U.",146,"geosciences atmospheric sciences and ocean sciences","All",0
"Drexel U.",146,"life sciences","All",94232000
"Drexel U.",146,"mathematics and statistics","All",617000
"Drexel U.",146,"physical sciences","All",3102000
"Drexel U.",146,"psychology","All",4336000
"Drexel U.",146,"social sciences","All",1739000
"Drexel U.",146,"sciences nec","All",1662000
"Drexel U.",146,"engineering","All",44002000
"Drexel U.",146,"all non s e fields","All",13272000
"U. Oregon",147,"all r d expenditures","All",164500000
"U. Oregon",147,"computer and information sciences","All",6807000
"U. Oregon",147,"geosciences atmospheric sciences and ocean sciences","All",8392000
"U. Oregon",147,"life sciences","All",63107000
"U. Oregon",147,"mathematics and statistics","All",1828000
"U. Oregon",147,"physical sciences","All",18110000
"U. Oregon",147,"psychology","All",22362000
"U. Oregon",147,"social sciences","All",5585000
"U. Oregon",147,"sciences nec","All",1817000
"U. Oregon",147,"engineering","All",5844000
"U. Oregon",147,"all non s e fields","All",30648000
"U. Alabama, Huntsville",148,"all r d expenditures","All",163428000
"U. Alabama, Huntsville",148,"computer and information sciences","All",47962000
"U. Alabama, Huntsville",148,"geosciences atmospheric sciences and ocean sciences","All",24941000
"U. Alabama, Huntsville",148,"life sciences","All",3100000
"U. Alabama, Huntsville",148,"mathematics and statistics","All",775000
"U. Alabama, Huntsville",148,"physical sciences","All",19243000
"U. Alabama, Huntsville",148,"psychology","All",405000
"U. Alabama, Huntsville",148,"social sciences","All",1910000
"U. Alabama, Huntsville",148,"sciences nec","All",0
"U. Alabama, Huntsville",148,"engineering","All",55164000
"U. Alabama, Huntsville",148,"all non s e fields","All",9928000
"New Jersey Institute of Technology",149,"all r d expenditures","All",161078000
"New Jersey Institute of Technology",149,"computer and information sciences","All",12638000
"New Jersey Institute of Technology",149,"geosciences atmospheric sciences and ocean sciences","All",0
"New Jersey Institute of Technology",149,"life sciences","All",24332000
"New Jersey Institute of Technology",149,"mathematics and statistics","All",5475000
"New Jersey Institute of Technology",149,"physical sciences","All",18434000
"New Jersey Institute of Technology",149,"psychology","All",0
"New Jersey Institute of Technology",149,"social sciences","All",625000
"New Jersey Institute of Technology",149,"sciences nec","All",277000
"New Jersey Institute of Technology",149,"engineering","All",90849000
"New Jersey Institute of Technology",149,"all non s e fields","All",8448000
"U. Texas, San Antonio",150,"all r d expenditures","All",158453000
"U. Texas, San Antonio",150,"computer and information sciences","All",22722000
"U. Texas, San Antonio",150,"geosciences atmospheric sciences and ocean sciences","All",4765000
"U. Texas, San Antonio",150,"life sciences","All",31428000
"U. Texas, San Antonio",150,"mathematics and statistics","All",1782000
"U. Texas, San Antonio",150,"physical sciences","All",12226000
"U. Texas, San Antonio",150,"psychology","All",3133000
"U. Texas, San Antonio",150,"social sciences","All",12152000
"U. Texas, San Antonio",150,"sciences nec","All",1929000
"U. Texas, San Antonio",150,"engineering","All",25584000
"U. Texas, San Antonio",150,"all non s e fields","All",42732000
"San Diego State U.",151,"all r d expenditures","All",158013000
"San Diego State U.",151,"computer and information sciences","All",2902000
"San Diego State U.",151,"geosciences atmospheric sciences and ocean sciences","All",2911000
"San Diego State U.",151,"life sciences","All",46665000
"San Diego State U.",151,"mathematics and statistics","All",4198000
"San Diego State U.",151,"physical sciences","All",10039000
"San Diego State U.",151,"psychology","All",23094000
"San Diego State U.",151,"social sciences","All",7749000
"San Diego State U.",151,"sciences nec","All",8999000
"San Diego State U.",151,"engineering","All",16138000
"San Diego State U.",151,"all non s e fields","All",35318000
"U. Wyoming",152,"all r d expenditures","All",150124000
"U. Wyoming",152,"computer and information sciences","All",1958000
"U. Wyoming",152,"geosciences atmospheric sciences and ocean sciences","All",21692000
"U. Wyoming",152,"life sciences","All",57427000
"U. Wyoming",152,"mathematics and statistics","All",1816000
"U. Wyoming",152,"physical sciences","All",3585000
"U. Wyoming",152,"psychology","All",907000
"U. Wyoming",152,"social sciences","All",5624000
"U. Wyoming",152,"sciences nec","All",23805000
"U. Wyoming",152,"engineering","All",23084000
"U. Wyoming",152,"all non s e fields","All",10226000
"U. Texas, Arlington",153,"all r d expenditures","All",147265000
"U. Texas, Arlington",153,"computer and information sciences","All",9165000
"U. Texas, Arlington",153,"geosciences atmospheric sciences and ocean sciences","All",1228000
"U. Texas, Arlington",153,"life sciences","All",23340000
"U. Texas, Arlington",153,"mathematics and statistics","All",3317000
"U. Texas, Arlington",153,"physical sciences","All",20371000
"U. Texas, Arlington",153,"psychology","All",2416000
"U. Texas, Arlington",153,"social sciences","All",150000
"U. Texas, Arlington",153,"sciences nec","All",0
"U. Texas, Arlington",153,"engineering","All",64548000
"U. Texas, Arlington",153,"all non s e fields","All",22730000
"U. Texas, Dallas",154,"all r d expenditures","All",146779000
"U. Texas, Dallas",154,"computer and information sciences","All",10213000
"U. Texas, Dallas",154,"geosciences atmospheric sciences and ocean sciences","All",973000
"U. Texas, Dallas",154,"life sciences","All",39684000
"U. Texas, Dallas",154,"mathematics and statistics","All",1616000
"U. Texas, Dallas",154,"physical sciences","All",17707000
"U. Texas, Dallas",154,"psychology","All",4915000
"U. Texas, Dallas",154,"social sciences","All",2513000
"U. Texas, Dallas",154,"sciences nec","All",28000
"U. Texas, Dallas",154,"engineering","All",55368000
"U. Texas, Dallas",154,"all non s e fields","All",13762000
"U. Texas, El Paso",155,"all r d expenditures","All",145724000
"U. Texas, El Paso",155,"computer and information sciences","All",8443000
"U. Texas, El Paso",155,"geosciences atmospheric sciences and ocean sciences","All",4729000
"U. Texas, El Paso",155,"life sciences","All",35325000
"U. Texas, El Paso",155,"mathematics and statistics","All",2552000
"U. Texas, El Paso",155,"physical sciences","All",12207000
"U. Texas, El Paso",155,"psychology","All",6453000
"U. Texas, El Paso",155,"social sciences","All",4319000
"U. Texas, El Paso",155,"sciences nec","All",3722000
"U. Texas, El Paso",155,"engineering","All",45627000
"U. Texas, El Paso",155,"all non s e fields","All",22347000
"U. Maryland, Baltimore County",156,"all r d expenditures","All",144262000
"U. Maryland, Baltimore County",156,"computer and information sciences","All",17976000
"U. Maryland, Baltimore County",156,"geosciences atmospheric sciences and ocean sciences","All",34435000
"U. Maryland, Baltimore County",156,"life sciences","All",14790000
"U. Maryland, Baltimore County",156,"mathematics and statistics","All",2353000
"U. Maryland, Baltimore County",156,"physical sciences","All",25604000
"U. Maryland, Baltimore County",156,"psychology","All",3086000
"U. Maryland, Baltimore County",156,"social sciences","All",20411000
"U. Maryland, Baltimore County",156,"sciences nec","All",3001000
"U. Maryland, Baltimore County",156,"engineering","All",10631000
"U. Maryland, Baltimore County",156,"all non s e fields","All",11975000
"U. Rhode Island",157,"all r d expenditures","All",144013000
"U. Rhode Island",157,"computer and information sciences","All",2484000
"U. Rhode Island",157,"geosciences atmospheric sciences and ocean sciences","All",61366000
"U. Rhode Island",157,"life sciences","All",36874000
"U. Rhode Island",157,"mathematics and statistics","All",57000
"U. Rhode Island",157,"physical sciences","All",6026000
"U. Rhode Island",157,"psychology","All",3779000
"U. Rhode Island",157,"social sciences","All",4447000
"U. Rhode Island",157,"sciences nec","All",4195000
"U. Rhode Island",157,"engineering","All",14637000
"U. Rhode Island",157,"all non s e fields","All",10148000
"SUNY, Binghamton U.",158,"all r d expenditures","All",141685000
"SUNY, Binghamton U.",158,"computer and information sciences","All",7948000
"SUNY, Binghamton U.",158,"geosciences atmospheric sciences and ocean sciences","All",1540000
"SUNY, Binghamton U.",158,"life sciences","All",15773000
"SUNY, Binghamton U.",158,"mathematics and statistics","All",3122000
"SUNY, Binghamton U.",158,"physical sciences","All",16702000
"SUNY, Binghamton U.",158,"psychology","All",10713000
"SUNY, Binghamton U.",158,"social sciences","All",20938000
"SUNY, Binghamton U.",158,"sciences nec","All",0
"SUNY, Binghamton U.",158,"engineering","All",45755000
"SUNY, Binghamton U.",158,"all non s e fields","All",19194000
"SUNY, U. Albany",159,"all r d expenditures","All",141671000
"SUNY, U. Albany",159,"computer and information sciences","All",6022000
"SUNY, U. Albany",159,"geosciences atmospheric sciences and ocean sciences","All",15430000
"SUNY, U. Albany",159,"life sciences","All",55543000
"SUNY, U. Albany",159,"mathematics and statistics","All",2531000
"SUNY, U. Albany",159,"physical sciences","All",12431000
"SUNY, U. Albany",159,"psychology","All",4133000
"SUNY, U. Albany",159,"social sciences","All",16605000
"SUNY, U. Albany",159,"sciences nec","All",0
"SUNY, U. Albany",159,"engineering","All",4562000
"SUNY, U. Albany",159,"all non s e fields","All",24414000
"Texas State U.",160,"all r d expenditures","All",141291000
"Texas State U.",160,"computer and information sciences","All",5633000
"Texas State U.",160,"geosciences atmospheric sciences and ocean sciences","All",7467000
"Texas State U.",160,"life sciences","All",20212000
"Texas State U.",160,"mathematics and statistics","All",3465000
"Texas State U.",160,"physical sciences","All",6776000
"Texas State U.",160,"psychology","All",329000
"Texas State U.",160,"social sciences","All",10760000
"Texas State U.",160,"sciences nec","All",4272000
"Texas State U.",160,"engineering","All",11165000
"Texas State U.",160,"all non s e fields","All",71212000
"Augusta U.",161,"all r d expenditures","All",139121000
"Augusta U.",161,"computer and information sciences","All",896000
"Augusta U.",161,"geosciences atmospheric sciences and ocean sciences","All",0
"Augusta U.",161,"life sciences","All",134668000
"Augusta U.",161,"mathematics and statistics","All",136000
"Augusta U.",161,"physical sciences","All",187000
"Augusta U.",161,"psychology","All",177000
"Augusta U.",161,"social sciences","All",94000
"Augusta U.",161,"sciences nec","All",0
"Augusta U.",161,"engineering","All",0
"Augusta U.",161,"all non s e fields","All",2963000
"Brigham Young U., Provo",162,"all r d expenditures","All",137748000
"Brigham Young U., Provo",162,"computer and information sciences","All",7241000
"Brigham Young U., Provo",162,"geosciences atmospheric sciences and ocean sciences","All",1351000
"Brigham Young U., Provo",162,"life sciences","All",27160000
"Brigham Young U., Provo",162,"mathematics and statistics","All",5651000
"Brigham Young U., Provo",162,"physical sciences","All",10717000
"Brigham Young U., Provo",162,"psychology","All",2863000
"Brigham Young U., Provo",162,"social sciences","All",9403000
"Brigham Young U., Provo",162,"sciences nec","All",67000
"Brigham Young U., Provo",162,"engineering","All",26923000
"Brigham Young U., Provo",162,"all non s e fields","All",46372000
"U. Idaho",163,"all r d expenditures","All",135901000
"U. Idaho",163,"computer and information sciences","All",5340000
"U. Idaho",163,"geosciences atmospheric sciences and ocean sciences","All",5351000
"U. Idaho",163,"life sciences","All",93469000
"U. Idaho",163,"mathematics and statistics","All",812000
"U. Idaho",163,"physical sciences","All",3021000
"U. Idaho",163,"psychology","All",364000
"U. Idaho",163,"social sciences","All",3845000
"U. Idaho",163,"sciences nec","All",3262000
"U. Idaho",163,"engineering","All",13229000
"U. Idaho",163,"all non s e fields","All",7208000
"U. Montana, Missoula",164,"all r d expenditures","All",133958000
"U. Montana, Missoula",164,"computer and information sciences","All",1971000
"U. Montana, Missoula",164,"geosciences atmospheric sciences and ocean sciences","All",5945000
"U. Montana, Missoula",164,"life sciences","All",81610000
"U. Montana, Missoula",164,"mathematics and statistics","All",1003000
"U. Montana, Missoula",164,"physical sciences","All",9031000
"U. Montana, Missoula",164,"psychology","All",710000
"U. Montana, Missoula",164,"social sciences","All",22266000
"U. Montana, Missoula",164,"sciences nec","All",0
"U. Montana, Missoula",164,"engineering","All",0
"U. Montana, Missoula",164,"all non s e fields","All",11422000
"Rush U.",165,"all r d expenditures","All",132394000
"Rush U.",165,"computer and information sciences","All",0
"Rush U.",165,"geosciences atmospheric sciences and ocean sciences","All",0
"Rush U.",165,"life sciences","All",128200000
"Rush U.",165,"mathematics and statistics","All",0
"Rush U.",165,"physical sciences","All",0
"Rush U.",165,"psychology","All",4194000
"Rush U.",165,"social sciences","All",0
"Rush U.",165,"sciences nec","All",0
"Rush U.",165,"engineering","All",0
"Rush U.",165,"all non s e fields","All",0
"U. Tennessee, Health Science Center",166,"all r d expenditures","All",130472000
"U. Tennessee, Health Science Center",166,"computer and information sciences","All",4000
"U. Tennessee, Health Science Center",166,"geosciences atmospheric sciences and ocean sciences","All",0
"U. Tennessee, Health Science Center",166,"life sciences","All",128251000
"U. Tennessee, Health Science Center",166,"mathematics and statistics","All",0
"U. Tennessee, Health Science Center",166,"physical sciences","All",0
"U. Tennessee, Health Science Center",166,"psychology","All",0
"U. Tennessee, Health Science Center",166,"social sciences","All",0
"U. Tennessee, Health Science Center",166,"sciences nec","All",1175000
"U. Tennessee, Health Science Center",166,"engineering","All",683000
"U. Tennessee, Health Science Center",166,"all non s e fields","All",359000
"New Mexico State U.",167,"all r d expenditures","All",126337000
"New Mexico State U.",167,"computer and information sciences","All",5075000
"New Mexico State U.",167,"geosciences atmospheric sciences and ocean sciences","All",4514000
"New Mexico State U.",167,"life sciences","All",55765000
"New Mexico State U.",167,"mathematics and statistics","All",170000
"New Mexico State U.",167,"physical sciences","All",12826000
"New Mexico State U.",167,"psychology","All",312000
"New Mexico State U.",167,"social sciences","All",701000
"New Mexico State U.",167,"sciences nec","All",4087000
"New Mexico State U.",167,"engineering","All",40884000
"New Mexico State U.",167,"all non s e fields","All",2003000
"Rensselaer Polytechnic Institute",168,"all r d expenditures","All",121706000
"Rensselaer Polytechnic Institute",168,"computer and information sciences","All",13075000
"Rensselaer Polytechnic Institute",168,"geosciences atmospheric sciences and ocean sciences","All",1961000
"Rensselaer Polytechnic Institute",168,"life sciences","All",8077000
"Rensselaer Polytechnic Institute",168,"mathematics and statistics","All",3783000
"Rensselaer Polytechnic Institute",168,"physical sciences","All",12723000
"Rensselaer Polytechnic Institute",168,"psychology","All",3870000
"Rensselaer Polytechnic Institute",168,"social sciences","All",1412000
"Rensselaer Polytechnic Institute",168,"sciences nec","All",0
"Rensselaer Polytechnic Institute",168,"engineering","All",66158000
"Rensselaer Polytechnic Institute",168,"all non s e fields","All",10647000
"New Mexico Institute of Mining and Technology",169,"all r d expenditures","All",118735000
"New Mexico Institute of Mining and Technology",169,"computer and information sciences","All",14923000
"New Mexico Institute of Mining and Technology",169,"geosciences atmospheric sciences and ocean sciences","All",16521000
"New Mexico Institute of Mining and Technology",169,"life sciences","All",558000
"New Mexico Institute of Mining and Technology",169,"mathematics and statistics","All",157000
"New Mexico Institute of Mining and Technology",169,"physical sciences","All",7124000
"New Mexico Institute of Mining and Technology",169,"psychology","All",464000
"New Mexico Institute of Mining and Technology",169,"social sciences","All",0
"New Mexico Institute of Mining and Technology",169,"sciences nec","All",0
"New Mexico Institute of Mining and Technology",169,"engineering","All",76286000
"New Mexico Institute of Mining and Technology",169,"all non s e fields","All",2702000
"Cold Spring Harbor Laboratory",170,"all r d expenditures","All",117483000
"Cold Spring Harbor Laboratory",170,"computer and information sciences","All",0
"Cold Spring Harbor Laboratory",170,"geosciences atmospheric sciences and ocean sciences","All",0
"Cold Spring Harbor Laboratory",170,"life sciences","All",117483000
"Cold Spring Harbor Laboratory",170,"mathematics and statistics","All",0
"Cold Spring Harbor Laboratory",170,"physical sciences","All",0
"Cold Spring Harbor Laboratory",170,"psychology","All",0
"Cold Spring Harbor Laboratory",170,"social sciences","All",0
"Cold Spring Harbor Laboratory",170,"sciences nec","All",0
"Cold Spring Harbor Laboratory",170,"engineering","All",0
"Cold Spring Harbor Laboratory",170,"all non s e fields","All",0
"U. Massachusetts, Lowell",171,"all r d expenditures","All",117336000
"U. Massachusetts, Lowell",171,"computer and information sciences","All",8478000
"U. Massachusetts, Lowell",171,"geosciences atmospheric sciences and ocean sciences","All",1436000
"U. Massachusetts, Lowell",171,"life sciences","All",17363000
"U. Massachusetts, Lowell",171,"mathematics and statistics","All",1434000
"U. Massachusetts, Lowell",171,"physical sciences","All",19076000
"U. Massachusetts, Lowell",171,"psychology","All",1435000
"U. Massachusetts, Lowell",171,"social sciences","All",7826000
"U. Massachusetts, Lowell",171,"sciences nec","All",0
"U. Massachusetts, Lowell",171,"engineering","All",51877000
"U. Massachusetts, Lowell",171,"all non s e fields","All",8411000
"U. North Texas, Denton",172,"all r d expenditures","All",106665000
"U. North Texas, Denton",172,"computer and information sciences","All",12171000
"U. North Texas, Denton",172,"geosciences atmospheric sciences and ocean sciences","All",538000
"U. North Texas, Denton",172,"life sciences","All",16228000
"U. North Texas, Denton",172,"mathematics and statistics","All",1879000
"U. North Texas, Denton",172,"physical sciences","All",9854000
"U. North Texas, Denton",172,"psychology","All",3758000
"U. North Texas, Denton",172,"social sciences","All",4801000
"U. North Texas, Denton",172,"sciences nec","All",0
"U. North Texas, Denton",172,"engineering","All",27249000
"U. North Texas, Denton",172,"all non s e fields","All",30187000
"Colorado School of Mines",173,"all r d expenditures","All",104297000
"Colorado School of Mines",173,"computer and information sciences","All",3677000
"Colorado School of Mines",173,"geosciences atmospheric sciences and ocean sciences","All",13053000
"Colorado School of Mines",173,"life sciences","All",1960000
"Colorado School of Mines",173,"mathematics and statistics","All",969000
"Colorado School of Mines",173,"physical sciences","All",18977000
"Colorado School of Mines",173,"psychology","All",46000
"Colorado School of Mines",173,"social sciences","All",1088000
"Colorado School of Mines",173,"sciences nec","All",345000
"Colorado School of Mines",173,"engineering","All",61175000
"Colorado School of Mines",173,"all non s e fields","All",3007000
"Michigan Technological U.",174,"all r d expenditures","All",103819000
"Michigan Technological U.",174,"computer and information sciences","All",8624000
"Michigan Technological U.",174,"geosciences atmospheric sciences and ocean sciences","All",16557000
"Michigan Technological U.",174,"life sciences","All",11201000
"Michigan Technological U.",174,"mathematics and statistics","All",2076000
"Michigan Technological U.",174,"physical sciences","All",4747000
"Michigan Technological U.",174,"psychology","All",826000
"Michigan Technological U.",174,"social sciences","All",1343000
"Michigan Technological U.",174,"sciences nec","All",974000
"Michigan Technological U.",174,"engineering","All",54177000
"Michigan Technological U.",174,"all non s e fields","All",3294000
"Brandeis U.",175,"all r d expenditures","All",103653000
"Brandeis U.",175,"computer and information sciences","All",2955000
"Brandeis U.",175,"geosciences atmospheric sciences and ocean sciences","All",0
"Brandeis U.",175,"life sciences","All",32578000
"Brandeis U.",175,"mathematics and statistics","All",2203000
"Brandeis U.",175,"physical sciences","All",17131000
"Brandeis U.",175,"psychology","All",5142000
"Brandeis U.",175,"social sciences","All",25241000
"Brandeis U.",175,"sciences nec","All",1038000
"Brandeis U.",175,"engineering","All",5918000
"Brandeis U.",175,"all non s e fields","All",11447000
"Touro U., New York",176,"all r d expenditures","All",100547000
"Touro U., New York",176,"computer and information sciences","All",0
"Touro U., New York",176,"geosciences atmospheric sciences and ocean sciences","All",0
"Touro U., New York",176,"life sciences","All",100542000
"Touro U., New York",176,"mathematics and statistics","All",0
"Touro U., New York",176,"physical sciences","All",0
"Touro U., New York",176,"psychology","All",0
"Touro U., New York",176,"social sciences","All",0
"Touro U., New York",176,"sciences nec","All",0
"Touro U., New York",176,"engineering","All",0
"Touro U., New York",176,"all non s e fields","All",5000
"U. Memphis",177,"all r d expenditures","All",100042000
"U. Memphis",177,"computer and information sciences","All",8935000
"U. Memphis",177,"geosciences atmospheric sciences and ocean sciences","All",4386000
"U. Memphis",177,"life sciences","All",10618000
"U. Memphis",177,"mathematics and statistics","All",510000
"U. Memphis",177,"physical sciences","All",3870000
"U. Memphis",177,"psychology","All",7084000
"U. Memphis",177,"social sciences","All",10088000
"U. Memphis",177,"sciences nec","All",7492000
"U. Memphis",177,"engineering","All",14577000
"U. Memphis",177,"all non s e fields","All",32482000
"U. Nevada, Las Vegas",178,"all r d expenditures","All",98751000
"U. Nevada, Las Vegas",178,"computer and information sciences","All",2120000
"U. Nevada, Las Vegas",178,"geosciences atmospheric sciences and ocean sciences","All",5803000
"U. Nevada, Las Vegas",178,"life sciences","All",36005000
"U. Nevada, Las Vegas",178,"mathematics and statistics","All",2558000
"U. Nevada, Las Vegas",178,"physical sciences","All",11407000
"U. Nevada, Las Vegas",178,"psychology","All",2027000
"U. Nevada, Las Vegas",178,"social sciences","All",7566000
"U. Nevada, Las Vegas",178,"sciences nec","All",910000
"U. Nevada, Las Vegas",178,"engineering","All",13866000
"U. Nevada, Las Vegas",178,"all non s e fields","All",16489000
"U. North Texas, Health Science Center",179,"all r d expenditures","All",94652000
"U. North Texas, Health Science Center",179,"computer and information sciences","All",0
"U. North Texas, Health Science Center",179,"geosciences atmospheric sciences and ocean sciences","All",0
"U. North Texas, Health Science Center",179,"life sciences","All",93494000
"U. North Texas, Health Science Center",179,"mathematics and statistics","All",0
"U. North Texas, Health Science Center",179,"physical sciences","All",0
"U. North Texas, Health Science Center",179,"psychology","All",0
"U. North Texas, Health Science Center",179,"social sciences","All",1158000
"U. North Texas, Health Science Center",179,"sciences nec","All",0
"U. North Texas, Health Science Center",179,"engineering","All",0
"U. North Texas, Health Science Center",179,"all non s e fields","All",0
"U. North Carolina, Charlotte",180,"all r d expenditures","All",92027000
"U. North Carolina, Charlotte",180,"computer and information sciences","All",11068000
"U. North Carolina, Charlotte",180,"geosciences atmospheric sciences and ocean sciences","All",2523000
"U. North Carolina, Charlotte",180,"life sciences","All",11443000
"U. North Carolina, Charlotte",180,"mathematics and statistics","All",2704000
"U. North Carolina, Charlotte",180,"physical sciences","All",7278000
"U. North Carolina, Charlotte",180,"psychology","All",1960000
"U. North Carolina, Charlotte",180,"social sciences","All",7825000
"U. North Carolina, Charlotte",180,"sciences nec","All",0
"U. North Carolina, Charlotte",180,"engineering","All",23417000
"U. North Carolina, Charlotte",180,"all non s e fields","All",23809000
"Cleveland State U.",181,"all r d expenditures","All",87941000
"Cleveland State U.",181,"computer and information sciences","All",0
"Cleveland State U.",181,"geosciences atmospheric sciences and ocean sciences","All",0
"Cleveland State U.",181,"life sciences","All",52377000
"Cleveland State U.",181,"mathematics and statistics","All",901000
"Cleveland State U.",181,"physical sciences","All",1610000
"Cleveland State U.",181,"psychology","All",769000
"Cleveland State U.",181,"social sciences","All",7143000
"Cleveland State U.",181,"sciences nec","All",0
"Cleveland State U.",181,"engineering","All",15061000
"Cleveland State U.",181,"all non s e fields","All",10080000
"Indiana U.-Purdue U., Indianapolis",182,"all r d expenditures","All",87648000
"Indiana U.-Purdue U., Indianapolis",182,"computer and information sciences","All",6191000
"Indiana U.-Purdue U., Indianapolis",182,"geosciences atmospheric sciences and ocean sciences","All",1598000
"Indiana U.-Purdue U., Indianapolis",182,"life sciences","All",27536000
"Indiana U.-Purdue U., Indianapolis",182,"mathematics and statistics","All",601000
"Indiana U.-Purdue U., Indianapolis",182,"physical sciences","All",3382000
"Indiana U.-Purdue U., Indianapolis",182,"psychology","All",3439000
"Indiana U.-Purdue U., Indianapolis",182,"social sciences","All",18507000
"Indiana U.-Purdue U., Indianapolis",182,"sciences nec","All",2959000
"Indiana U.-Purdue U., Indianapolis",182,"engineering","All",9390000
"Indiana U.-Purdue U., Indianapolis",182,"all non s e fields","All",14045000
"Saint Louis U.",183,"all r d expenditures","All",85921000
"Saint Louis U.",183,"computer and information sciences","All",1566000
"Saint Louis U.",183,"geosciences atmospheric sciences and ocean sciences","All",7307000
"Saint Louis U.",183,"life sciences","All",56051000
"Saint Louis U.",183,"mathematics and statistics","All",222000
"Saint Louis U.",183,"physical sciences","All",4726000
"Saint Louis U.",183,"psychology","All",281000
"Saint Louis U.",183,"social sciences","All",2485000
"Saint Louis U.",183,"sciences nec","All",0
"Saint Louis U.",183,"engineering","All",3187000
"Saint Louis U.",183,"all non s e fields","All",10096000
"Howard U.",184,"all r d expenditures","All",84756000
"Howard U.",184,"computer and information sciences","All",7235000
"Howard U.",184,"geosciences atmospheric sciences and ocean sciences","All",0
"Howard U.",184,"life sciences","All",48554000
"Howard U.",184,"mathematics and statistics","All",369000
"Howard U.",184,"physical sciences","All",7016000
"Howard U.",184,"psychology","All",1976000
"Howard U.",184,"social sciences","All",1671000
"Howard U.",184,"sciences nec","All",0
"Howard U.",184,"engineering","All",11221000
"Howard U.",184,"all non s e fields","All",6714000
"San Jose State U.",185,"all r d expenditures","All",83406000
"San Jose State U.",185,"computer and information sciences","All",570000
"San Jose State U.",185,"geosciences atmospheric sciences and ocean sciences","All",16140000
"San Jose State U.",185,"life sciences","All",6431000
"San Jose State U.",185,"mathematics and statistics","All",1522000
"San Jose State U.",185,"physical sciences","All",5800000
"San Jose State U.",185,"psychology","All",16798000
"San Jose State U.",185,"social sciences","All",4400000
"San Jose State U.",185,"sciences nec","All",0
"San Jose State U.",185,"engineering","All",9496000
"San Jose State U.",185,"all non s e fields","All",22249000
"U. Texas Rio Grande Valley",186,"all r d expenditures","All",82444000
"U. Texas Rio Grande Valley",186,"computer and information sciences","All",2540000
"U. Texas Rio Grande Valley",186,"geosciences atmospheric sciences and ocean sciences","All",2766000
"U. Texas Rio Grande Valley",186,"life sciences","All",37668000
"U. Texas Rio Grande Valley",186,"mathematics and statistics","All",3845000
"U. Texas Rio Grande Valley",186,"physical sciences","All",5214000
"U. Texas Rio Grande Valley",186,"psychology","All",1268000
"U. Texas Rio Grande Valley",186,"social sciences","All",4897000
"U. Texas Rio Grande Valley",186,"sciences nec","All",63000
"U. Texas Rio Grande Valley",186,"engineering","All",11028000
"U. Texas Rio Grande Valley",186,"all non s e fields","All",13155000
"Baylor U.",187,"all r d expenditures","All",82074000
"Baylor U.",187,"computer and information sciences","All",2063000
"Baylor U.",187,"geosciences atmospheric sciences and ocean sciences","All",4243000
"Baylor U.",187,"life sciences","All",13879000
"Baylor U.",187,"mathematics and statistics","All",1604000
"Baylor U.",187,"physical sciences","All",11399000
"Baylor U.",187,"psychology","All",5848000
"Baylor U.",187,"social sciences","All",3585000
"Baylor U.",187,"sciences nec","All",4335000
"Baylor U.",187,"engineering","All",11454000
"Baylor U.",187,"all non s e fields","All",23664000
"William & Mary",188,"all r d expenditures","All",81815000
"William & Mary",188,"computer and information sciences","All",3779000
"William & Mary",188,"geosciences atmospheric sciences and ocean sciences","All",43485000
"William & Mary",188,"life sciences","All",4618000
"William & Mary",188,"mathematics and statistics","All",382000
"William & Mary",188,"physical sciences","All",7096000
"William & Mary",188,"psychology","All",202000
"William & Mary",188,"social sciences","All",11684000
"William & Mary",188,"sciences nec","All",377000
"William & Mary",188,"engineering","All",0
"William & Mary",188,"all non s e fields","All",10192000
"Boston C.",189,"all r d expenditures","All",81425000
"Boston C.",189,"computer and information sciences","All",1408000
"Boston C.",189,"geosciences atmospheric sciences and ocean sciences","All",9394000
"Boston C.",189,"life sciences","All",11638000
"Boston C.",189,"mathematics and statistics","All",1377000
"Boston C.",189,"physical sciences","All",13121000
"Boston C.",189,"psychology","All",4748000
"Boston C.",189,"social sciences","All",11542000
"Boston C.",189,"sciences nec","All",0
"Boston C.",189,"engineering","All",592000
"Boston C.",189,"all non s e fields","All",27605000
"Van Andel Research Institute",190,"all r d expenditures","All",80748000
"Van Andel Research Institute",190,"computer and information sciences","All",0
"Van Andel Research Institute",190,"geosciences atmospheric sciences and ocean sciences","All",0
"Van Andel Research Institute",190,"life sciences","All",80748000
"Van Andel Research Institute",190,"mathematics and statistics","All",0
"Van Andel Research Institute",190,"physical sciences","All",0
"Van Andel Research Institute",190,"psychology","All",0
"Van Andel Research Institute",190,"social sciences","All",0
"Van Andel Research Institute",190,"sciences nec","All",0
"Van Andel Research Institute",190,"engineering","All",0
"Van Andel Research Institute",190,"all non s e fields","All",0
"Florida Atlantic U.",191,"all r d expenditures","All",77593000
"Florida Atlantic U.",191,"computer and information sciences","All",4999000
"Florida Atlantic U.",191,"geosciences atmospheric sciences and ocean sciences","All",890000
"Florida Atlantic U.",191,"life sciences","All",35633000
"Florida Atlantic U.",191,"mathematics and statistics","All",1112000
"Florida Atlantic U.",191,"physical sciences","All",3509000
"Florida Atlantic U.",191,"psychology","All",2749000
"Florida Atlantic U.",191,"social sciences","All",1089000
"Florida Atlantic U.",191,"sciences nec","All",0
"Florida Atlantic U.",191,"engineering","All",17629000
"Florida Atlantic U.",191,"all non s e fields","All",9983000
"Northern Arizona U.",192,"all r d expenditures","All",77533000
"Northern Arizona U.",192,"computer and information sciences","All",4797000
"Northern Arizona U.",192,"geosciences atmospheric sciences and ocean sciences","All",5518000
"Northern Arizona U.",192,"life sciences","All",48110000
"Northern Arizona U.",192,"mathematics and statistics","All",34000
"Northern Arizona U.",192,"physical sciences","All",7952000
"Northern Arizona U.",192,"psychology","All",196000
"Northern Arizona U.",192,"social sciences","All",520000
"Northern Arizona U.",192,"sciences nec","All",1472000
"Northern Arizona U.",192,"engineering","All",5880000
"Northern Arizona U.",192,"all non s e fields","All",3054000
"Naval Postgraduate School",193,"all r d expenditures","All",77364000
"Naval Postgraduate School",193,"computer and information sciences","All",9987000
"Naval Postgraduate School",193,"geosciences atmospheric sciences and ocean sciences","All",11189000
"Naval Postgraduate School",193,"life sciences","All",529000
"Naval Postgraduate School",193,"mathematics and statistics","All",2375000
"Naval Postgraduate School",193,"physical sciences","All",4107000
"Naval Postgraduate School",193,"psychology","All",365000
"Naval Postgraduate School",193,"social sciences","All",8103000
"Naval Postgraduate School",193,"sciences nec","All",7577000
"Naval Postgraduate School",193,"engineering","All",27413000
"Naval Postgraduate School",193,"all non s e fields","All",5719000
"American U.",194,"all r d expenditures","All",76041000
"American U.",194,"computer and information sciences","All",733000
"American U.",194,"geosciences atmospheric sciences and ocean sciences","All",1082000
"American U.",194,"life sciences","All",1584000
"American U.",194,"mathematics and statistics","All",1501000
"American U.",194,"physical sciences","All",4853000
"American U.",194,"psychology","All",1266000
"American U.",194,"social sciences","All",18962000
"American U.",194,"sciences nec","All",5880000
"American U.",194,"engineering","All",0
"American U.",194,"all non s e fields","All",40180000
"U. Southern Mississippi",195,"all r d expenditures","All",75034000
"U. Southern Mississippi",195,"computer and information sciences","All",311000
"U. Southern Mississippi",195,"geosciences atmospheric sciences and ocean sciences","All",28664000
"U. Southern Mississippi",195,"life sciences","All",10616000
"U. Southern Mississippi",195,"mathematics and statistics","All",0
"U. Southern Mississippi",195,"physical sciences","All",12954000
"U. Southern Mississippi",195,"psychology","All",17000
"U. Southern Mississippi",195,"social sciences","All",2151000
"U. Southern Mississippi",195,"sciences nec","All",0
"U. Southern Mississippi",195,"engineering","All",10921000
"U. Southern Mississippi",195,"all non s e fields","All",9400000
"Rochester Institute of Technology",196,"all r d expenditures","All",72405000
"Rochester Institute of Technology",196,"computer and information sciences","All",12888000
"Rochester Institute of Technology",196,"geosciences atmospheric sciences and ocean sciences","All",0
"Rochester Institute of Technology",196,"life sciences","All",2005000
"Rochester Institute of Technology",196,"mathematics and statistics","All",2542000
"Rochester Institute of Technology",196,"physical sciences","All",15762000
"Rochester Institute of Technology",196,"psychology","All",538000
"Rochester Institute of Technology",196,"social sciences","All",3259000
"Rochester Institute of Technology",196,"sciences nec","All",0
"Rochester Institute of Technology",196,"engineering","All",28126000
"Rochester Institute of Technology",196,"all non s e fields","All",7285000
"South Dakota State U.",197,"all r d expenditures","All",71340000
"South Dakota State U.",197,"computer and information sciences","All",49000
"South Dakota State U.",197,"geosciences atmospheric sciences and ocean sciences","All",1193000
"South Dakota State U.",197,"life sciences","All",55010000
"South Dakota State U.",197,"mathematics and statistics","All",691000
"South Dakota State U.",197,"physical sciences","All",2892000
"South Dakota State U.",197,"psychology","All",324000
"South Dakota State U.",197,"social sciences","All",1426000
"South Dakota State U.",197,"sciences nec","All",0
"South Dakota State U.",197,"engineering","All",8819000
"South Dakota State U.",197,"all non s e fields","All",936000
"Old Dominion U.",198,"all r d expenditures","All",71334000
"Old Dominion U.",198,"computer and information sciences","All",3127000
"Old Dominion U.",198,"geosciences atmospheric sciences and ocean sciences","All",4434000
"Old Dominion U.",198,"life sciences","All",13232000
"Old Dominion U.",198,"mathematics and statistics","All",1043000
"Old Dominion U.",198,"physical sciences","All",8733000
"Old Dominion U.",198,"psychology","All",1647000
"Old Dominion U.",198,"social sciences","All",1887000
"Old Dominion U.",198,"sciences nec","All",0
"Old Dominion U.",198,"engineering","All",32001000
"Old Dominion U.",198,"all non s e fields","All",5230000
"U. Massachusetts, Boston",199,"all r d expenditures","All",70978000
"U. Massachusetts, Boston",199,"computer and information sciences","All",1944000
"U. Massachusetts, Boston",199,"geosciences atmospheric sciences and ocean sciences","All",4352000
"U. Massachusetts, Boston",199,"life sciences","All",12213000
"U. Massachusetts, Boston",199,"mathematics and statistics","All",820000
"U. Massachusetts, Boston",199,"physical sciences","All",3981000
"U. Massachusetts, Boston",199,"psychology","All",6030000
"U. Massachusetts, Boston",199,"social sciences","All",12589000
"U. Massachusetts, Boston",199,"sciences nec","All",564000
"U. Massachusetts, Boston",199,"engineering","All",1298000
"U. Massachusetts, Boston",199,"all non s e fields","All",27187000
"Louisiana State U., Health Sciences Center, New Orleans",200,"all r d expenditures","All",68707000
"Louisiana State U., Health Sciences Center, New Orleans",200,"computer and information sciences","All",0
"Louisiana State U., Health Sciences Center, New Orleans",200,"geosciences atmospheric sciences and ocean sciences","All",0
"Louisiana State U., Health Sciences Center, New Orleans",200,"life sciences","All",68707000
"Louisiana State U., Health Sciences Center, New Orleans",200,"mathematics and statistics","All",0
"Louisiana State U., Health Sciences Center, New Orleans",200,"physical sciences","All",0
"Louisiana State U., Health Sciences Center, New Orleans",200,"psychology","All",0
"Louisiana State U., Health Sciences Center, New Orleans",200,"social sciences","All",0
"Louisiana State U., Health Sciences Center, New Orleans",200,"sciences nec","All",0
"Louisiana State U., Health Sciences Center, New Orleans",200,"engineering","All",0
"Louisiana State U., Health Sciences Center, New Orleans",200,"all non s e fields","All",0
"U. Toledo",201,"all r d expenditures","All",67656000
"U. Toledo",201,"computer and information sciences","All",0
"U. Toledo",201,"geosciences atmospheric sciences and ocean sciences","All",6117000
"U. Toledo",201,"life sciences","All",32455000
"U. Toledo",201,"mathematics and statistics","All",55000
"U. Toledo",201,"physical sciences","All",11716000
"U. Toledo",201,"psychology","All",359000
"U. Toledo",201,"social sciences","All",63000
"U. Toledo",201,"sciences nec","All",0
"U. Toledo",201,"engineering","All",11520000
"U. Toledo",201,"all non s e fields","All",5371000
"East Carolina U.",202,"all r d expenditures","All",67082000
"East Carolina U.",202,"computer and information sciences","All",1095000
"East Carolina U.",202,"geosciences atmospheric sciences and ocean sciences","All",6772000
"East Carolina U.",202,"life sciences","All",43941000
"East Carolina U.",202,"mathematics and statistics","All",90000
"East Carolina U.",202,"physical sciences","All",2274000
"East Carolina U.",202,"psychology","All",1788000
"East Carolina U.",202,"social sciences","All",1476000
"East Carolina U.",202,"sciences nec","All",0
"East Carolina U.",202,"engineering","All",3013000
"East Carolina U.",202,"all non s e fields","All",6633000
"Worcester Polytechnic Institute",203,"all r d expenditures","All",66353000
"Worcester Polytechnic Institute",203,"computer and information sciences","All",10974000
"Worcester Polytechnic Institute",203,"geosciences atmospheric sciences and ocean sciences","All",0
"Worcester Polytechnic Institute",203,"life sciences","All",3170000
"Worcester Polytechnic Institute",203,"mathematics and statistics","All",3402000
"Worcester Polytechnic Institute",203,"physical sciences","All",4748000
"Worcester Polytechnic Institute",203,"psychology","All",0
"Worcester Polytechnic Institute",203,"social sciences","All",1824000
"Worcester Polytechnic Institute",203,"sciences nec","All",0
"Worcester Polytechnic Institute",203,"engineering","All",37920000
"Worcester Polytechnic Institute",203,"all non s e fields","All",4315000
"Florida A&M U.",204,"all r d expenditures","All",65159000
"Florida A&M U.",204,"computer and information sciences","All",220000
"Florida A&M U.",204,"geosciences atmospheric sciences and ocean sciences","All",5377000
"Florida A&M U.",204,"life sciences","All",31768000
"Florida A&M U.",204,"mathematics and statistics","All",33000
"Florida A&M U.",204,"physical sciences","All",2201000
"Florida A&M U.",204,"psychology","All",120000
"Florida A&M U.",204,"social sciences","All",467000
"Florida A&M U.",204,"sciences nec","All",0
"Florida A&M U.",204,"engineering","All",9530000
"Florida A&M U.",204,"all non s e fields","All",15443000
"U. California, Office of the President",205,"all r d expenditures","All",63629000
"U. California, Office of the President",205,"computer and information sciences","All",0
"U. California, Office of the President",205,"geosciences atmospheric sciences and ocean sciences","All",0
"U. California, Office of the President",205,"life sciences","All",54407000
"U. California, Office of the President",205,"mathematics and statistics","All",0
"U. California, Office of the President",205,"physical sciences","All",8957000
"U. California, Office of the President",205,"psychology","All",0
"U. California, Office of the President",205,"social sciences","All",0
"U. California, Office of the President",205,"sciences nec","All",0
"U. California, Office of the President",205,"engineering","All",0
"U. California, Office of the President",205,"all non s e fields","All",265000
"CUNY, City C.",206,"all r d expenditures","All",63159000
"CUNY, City C.",206,"computer and information sciences","All",358000
"CUNY, City C.",206,"geosciences atmospheric sciences and ocean sciences","All",1627000
"CUNY, City C.",206,"life sciences","All",8800000
"CUNY, City C.",206,"mathematics and statistics","All",358000
"CUNY, City C.",206,"physical sciences","All",10061000
"CUNY, City C.",206,"psychology","All",1297000
"CUNY, City C.",206,"social sciences","All",76000
"CUNY, City C.",206,"sciences nec","All",4000
"CUNY, City C.",206,"engineering","All",21627000
"CUNY, City C.",206,"all non s e fields","All",18951000
"North Carolina A&T State U.",207,"all r d expenditures","All",62307000
"North Carolina A&T State U.",207,"computer and information sciences","All",1884000
"North Carolina A&T State U.",207,"geosciences atmospheric sciences and ocean sciences","All",0
"North Carolina A&T State U.",207,"life sciences","All",22995000
"North Carolina A&T State U.",207,"mathematics and statistics","All",1149000
"North Carolina A&T State U.",207,"physical sciences","All",3306000
"North Carolina A&T State U.",207,"psychology","All",95000
"North Carolina A&T State U.",207,"social sciences","All",111000
"North Carolina A&T State U.",207,"sciences nec","All",2056000
"North Carolina A&T State U.",207,"engineering","All",20925000
"North Carolina A&T State U.",207,"all non s e fields","All",9786000
"U. California, Merced",208,"all r d expenditures","All",62279000
"U. California, Merced",208,"computer and information sciences","All",1864000
"U. California, Merced",208,"geosciences atmospheric sciences and ocean sciences","All",3811000
"U. California, Merced",208,"life sciences","All",10265000
"U. California, Merced",208,"mathematics and statistics","All",1650000
"U. California, Merced",208,"physical sciences","All",6930000
"U. California, Merced",208,"psychology","All",365000
"U. California, Merced",208,"social sciences","All",4460000
"U. California, Merced",208,"sciences nec","All",4708000
"U. California, Merced",208,"engineering","All",21052000
"U. California, Merced",208,"all non s e fields","All",7174000
"Missouri U. of Science and Technology",209,"all r d expenditures","All",61496000
"Missouri U. of Science and Technology",209,"computer and information sciences","All",2948000
"Missouri U. of Science and Technology",209,"geosciences atmospheric sciences and ocean sciences","All",0
"Missouri U. of Science and Technology",209,"life sciences","All",1359000
"Missouri U. of Science and Technology",209,"mathematics and statistics","All",230000
"Missouri U. of Science and Technology",209,"physical sciences","All",3747000
"Missouri U. of Science and Technology",209,"psychology","All",310000
"Missouri U. of Science and Technology",209,"social sciences","All",14000
"Missouri U. of Science and Technology",209,"sciences nec","All",886000
"Missouri U. of Science and Technology",209,"engineering","All",51351000
"Missouri U. of Science and Technology",209,"all non s e fields","All",651000
"U. Puerto Rico, Medical Sciences Campus",210,"all r d expenditures","All",61235000
"U. Puerto Rico, Medical Sciences Campus",210,"computer and information sciences","All",0
"U. Puerto Rico, Medical Sciences Campus",210,"geosciences atmospheric sciences and ocean sciences","All",250000
"U. Puerto Rico, Medical Sciences Campus",210,"life sciences","All",60985000
"U. Puerto Rico, Medical Sciences Campus",210,"mathematics and statistics","All",0
"U. Puerto Rico, Medical Sciences Campus",210,"physical sciences","All",0
"U. Puerto Rico, Medical Sciences Campus",210,"psychology","All",0
"U. Puerto Rico, Medical Sciences Campus",210,"social sciences","All",0
"U. Puerto Rico, Medical Sciences Campus",210,"sciences nec","All",0
"U. Puerto Rico, Medical Sciences Campus",210,"engineering","All",0
"U. Puerto Rico, Medical Sciences Campus",210,"all non s e fields","All",0
"U. Wisconsin-Milwaukee",211,"all r d expenditures","All",60712000
"U. Wisconsin-Milwaukee",211,"computer and information sciences","All",399000
"U. Wisconsin-Milwaukee",211,"geosciences atmospheric sciences and ocean sciences","All",9007000
"U. Wisconsin-Milwaukee",211,"life sciences","All",10761000
"U. Wisconsin-Milwaukee",211,"mathematics and statistics","All",198000
"U. Wisconsin-Milwaukee",211,"physical sciences","All",9286000
"U. Wisconsin-Milwaukee",211,"psychology","All",5341000
"U. Wisconsin-Milwaukee",211,"social sciences","All",5609000
"U. Wisconsin-Milwaukee",211,"sciences nec","All",3244000
"U. Wisconsin-Milwaukee",211,"engineering","All",9725000
"U. Wisconsin-Milwaukee",211,"all non s e fields","All",7142000
"Stevens Institute of Technology",212,"all r d expenditures","All",60685000
"Stevens Institute of Technology",212,"computer and information sciences","All",4997000
"Stevens Institute of Technology",212,"geosciences atmospheric sciences and ocean sciences","All",0
"Stevens Institute of Technology",212,"life sciences","All",157000
"Stevens Institute of Technology",212,"mathematics and statistics","All",464000
"Stevens Institute of Technology",212,"physical sciences","All",2841000
"Stevens Institute of Technology",212,"psychology","All",0
"Stevens Institute of Technology",212,"social sciences","All",193000
"Stevens Institute of Technology",212,"sciences nec","All",0
"Stevens Institute of Technology",212,"engineering","All",50295000
"Stevens Institute of Technology",212,"all non s e fields","All",1738000
"Ohio U.",213,"all r d expenditures","All",59877000
"Ohio U.",213,"computer and information sciences","All",290000
"Ohio U.",213,"geosciences atmospheric sciences and ocean sciences","All",2475000
"Ohio U.",213,"life sciences","All",20740000
"Ohio U.",213,"mathematics and statistics","All",18000
"Ohio U.",213,"physical sciences","All",6865000
"Ohio U.",213,"psychology","All",3242000
"Ohio U.",213,"social sciences","All",1855000
"Ohio U.",213,"sciences nec","All",0
"Ohio U.",213,"engineering","All",16193000
"Ohio U.",213,"all non s e fields","All",8199000
"Southern Methodist U.",214,"all r d expenditures","All",59749000
"Southern Methodist U.",214,"computer and information sciences","All",518000
"Southern Methodist U.",214,"geosciences atmospheric sciences and ocean sciences","All",5716000
"Southern Methodist U.",214,"life sciences","All",3187000
"Southern Methodist U.",214,"mathematics and statistics","All",2199000
"Southern Methodist U.",214,"physical sciences","All",9217000
"Southern Methodist U.",214,"psychology","All",1872000
"Southern Methodist U.",214,"social sciences","All",2227000
"Southern Methodist U.",214,"sciences nec","All",3765000
"Southern Methodist U.",214,"engineering","All",8535000
"Southern Methodist U.",214,"all non s e fields","All",22513000
"Kent State U.",215,"all r d expenditures","All",58984000
"Kent State U.",215,"computer and information sciences","All",2228000
"Kent State U.",215,"geosciences atmospheric sciences and ocean sciences","All",1472000
"Kent State U.",215,"life sciences","All",11557000
"Kent State U.",215,"mathematics and statistics","All",1591000
"Kent State U.",215,"physical sciences","All",10220000
"Kent State U.",215,"psychology","All",5320000
"Kent State U.",215,"social sciences","All",6091000
"Kent State U.",215,"sciences nec","All",1908000
"Kent State U.",215,"engineering","All",1904000
"Kent State U.",215,"all non s e fields","All",16693000
"Southern Illinois U., Carbondale",216,"all r d expenditures","All",58291000
"Southern Illinois U., Carbondale",216,"computer and information sciences","All",893000
"Southern Illinois U., Carbondale",216,"geosciences atmospheric sciences and ocean sciences","All",2121000
"Southern Illinois U., Carbondale",216,"life sciences","All",38745000
"Southern Illinois U., Carbondale",216,"mathematics and statistics","All",133000
"Southern Illinois U., Carbondale",216,"physical sciences","All",2547000
"Southern Illinois U., Carbondale",216,"psychology","All",1348000
"Southern Illinois U., Carbondale",216,"social sciences","All",3644000
"Southern Illinois U., Carbondale",216,"sciences nec","All",1618000
"Southern Illinois U., Carbondale",216,"engineering","All",3183000
"Southern Illinois U., Carbondale",216,"all non s e fields","All",4059000
"Morehouse School of Medicine",217,"all r d expenditures","All",57125000
"Morehouse School of Medicine",217,"computer and information sciences","All",0
"Morehouse School of Medicine",217,"geosciences atmospheric sciences and ocean sciences","All",0
"Morehouse School of Medicine",217,"life sciences","All",57125000
"Morehouse School of Medicine",217,"mathematics and statistics","All",0
"Morehouse School of Medicine",217,"physical sciences","All",0
"Morehouse School of Medicine",217,"psychology","All",0
"Morehouse School of Medicine",217,"social sciences","All",0
"Morehouse School of Medicine",217,"sciences nec","All",0
"Morehouse School of Medicine",217,"engineering","All",0
"Morehouse School of Medicine",217,"all non s e fields","All",0
"Air Force Institute of Technology",218,"all r d expenditures","All",56848000
"Air Force Institute of Technology",218,"computer and information sciences","All",9028000
"Air Force Institute of Technology",218,"geosciences atmospheric sciences and ocean sciences","All",1271000
"Air Force Institute of Technology",218,"life sciences","All",0
"Air Force Institute of Technology",218,"mathematics and statistics","All",375000
"Air Force Institute of Technology",218,"physical sciences","All",8942000
"Air Force Institute of Technology",218,"psychology","All",0
"Air Force Institute of Technology",218,"social sciences","All",0
"Air Force Institute of Technology",218,"sciences nec","All",0
"Air Force Institute of Technology",218,"engineering","All",37232000
"Air Force Institute of Technology",218,"all non s e fields","All",0
"Lehigh U.",219,"all r d expenditures","All",56301000
"Lehigh U.",219,"computer and information sciences","All",2725000
"Lehigh U.",219,"geosciences atmospheric sciences and ocean sciences","All",1439000
"Lehigh U.",219,"life sciences","All",8884000
"Lehigh U.",219,"mathematics and statistics","All",489000
"Lehigh U.",219,"physical sciences","All",5588000
"Lehigh U.",219,"psychology","All",739000
"Lehigh U.",219,"social sciences","All",602000
"Lehigh U.",219,"sciences nec","All",39000
"Lehigh U.",219,"engineering","All",32406000
"Lehigh U.",219,"all non s e fields","All",3390000
"U. Missouri, Kansas City",220,"all r d expenditures","All",54565000
"U. Missouri, Kansas City",220,"computer and information sciences","All",1344000
"U. Missouri, Kansas City",220,"geosciences atmospheric sciences and ocean sciences","All",388000
"U. Missouri, Kansas City",220,"life sciences","All",27493000
"U. Missouri, Kansas City",220,"mathematics and statistics","All",0
"U. Missouri, Kansas City",220,"physical sciences","All",1556000
"U. Missouri, Kansas City",220,"psychology","All",714000
"U. Missouri, Kansas City",220,"social sciences","All",508000
"U. Missouri, Kansas City",220,"sciences nec","All",1640000
"U. Missouri, Kansas City",220,"engineering","All",16959000
"U. Missouri, Kansas City",220,"all non s e fields","All",3963000
"CUNY, Graduate Center",221,"all r d expenditures","All",54089000
"CUNY, Graduate Center",221,"computer and information sciences","All",1079000
"CUNY, Graduate Center",221,"geosciences atmospheric sciences and ocean sciences","All",881000
"CUNY, Graduate Center",221,"life sciences","All",3725000
"CUNY, Graduate Center",221,"mathematics and statistics","All",1564000
"CUNY, Graduate Center",221,"physical sciences","All",2993000
"CUNY, Graduate Center",221,"psychology","All",5510000
"CUNY, Graduate Center",221,"social sciences","All",14400000
"CUNY, Graduate Center",221,"sciences nec","All",354000
"CUNY, Graduate Center",221,"engineering","All",206000
"CUNY, Graduate Center",221,"all non s e fields","All",23377000
"U. Denver",222,"all r d expenditures","All",53484000
"U. Denver",222,"computer and information sciences","All",511000
"U. Denver",222,"geosciences atmospheric sciences and ocean sciences","All",110000
"U. Denver",222,"life sciences","All",7747000
"U. Denver",222,"mathematics and statistics","All",106000
"U. Denver",222,"physical sciences","All",2249000
"U. Denver",222,"psychology","All",8183000
"U. Denver",222,"social sciences","All",7023000
"U. Denver",222,"sciences nec","All",84000
"U. Denver",222,"engineering","All",3612000
"U. Denver",222,"all non s e fields","All",23859000
"U. Maryland Center for Environmental Science",223,"all r d expenditures","All",53233000
"U. Maryland Center for Environmental Science",223,"computer and information sciences","All",0
"U. Maryland Center for Environmental Science",223,"geosciences atmospheric sciences and ocean sciences","All",42880000
"U. Maryland Center for Environmental Science",223,"life sciences","All",9006000
"U. Maryland Center for Environmental Science",223,"mathematics and statistics","All",0
"U. Maryland Center for Environmental Science",223,"physical sciences","All",132000
"U. Maryland Center for Environmental Science",223,"psychology","All",0
"U. Maryland Center for Environmental Science",223,"social sciences","All",318000
"U. Maryland Center for Environmental Science",223,"sciences nec","All",150000
"U. Maryland Center for Environmental Science",223,"engineering","All",0
"U. Maryland Center for Environmental Science",223,"all non s e fields","All",747000
"SUNY, Upstate Medical U.",224,"all r d expenditures","All",53219000
"SUNY, Upstate Medical U.",224,"computer and information sciences","All",0
"SUNY, Upstate Medical U.",224,"geosciences atmospheric sciences and ocean sciences","All",0
"SUNY, Upstate Medical U.",224,"life sciences","All",53219000
"SUNY, Upstate Medical U.",224,"mathematics and statistics","All",0
"SUNY, Upstate Medical U.",224,"physical sciences","All",0
"SUNY, Upstate Medical U.",224,"psychology","All",0
"SUNY, Upstate Medical U.",224,"social sciences","All",0
"SUNY, Upstate Medical U.",224,"sciences nec","All",0
"SUNY, Upstate Medical U.",224,"engineering","All",0
"SUNY, Upstate Medical U.",224,"all non s e fields","All",0
"U. South Alabama",225,"all r d expenditures","All",53182000
"U. South Alabama",225,"computer and information sciences","All",632000
"U. South Alabama",225,"geosciences atmospheric sciences and ocean sciences","All",11611000
"U. South Alabama",225,"life sciences","All",26117000
"U. South Alabama",225,"mathematics and statistics","All",584000
"U. South Alabama",225,"physical sciences","All",970000
"U. South Alabama",225,"psychology","All",4059000
"U. South Alabama",225,"social sciences","All",767000
"U. South Alabama",225,"sciences nec","All",0
"U. South Alabama",225,"engineering","All",7228000
"U. South Alabama",225,"all non s e fields","All",1214000
"Boise State U.",226,"all r d expenditures","All",52989000
"Boise State U.",226,"computer and information sciences","All",3449000
"Boise State U.",226,"geosciences atmospheric sciences and ocean sciences","All",4255000
"Boise State U.",226,"life sciences","All",12924000
"Boise State U.",226,"mathematics and statistics","All",646000
"Boise State U.",226,"physical sciences","All",7828000
"Boise State U.",226,"psychology","All",324000
"Boise State U.",226,"social sciences","All",2564000
"Boise State U.",226,"sciences nec","All",973000
"Boise State U.",226,"engineering","All",17088000
"Boise State U.",226,"all non s e fields","All",2938000
"Loyola U., Chicago",227,"all r d expenditures","All",52445000
"Loyola U., Chicago",227,"computer and information sciences","All",973000
"Loyola U., Chicago",227,"geosciences atmospheric sciences and ocean sciences","All",0
"Loyola U., Chicago",227,"life sciences","All",44733000
"Loyola U., Chicago",227,"mathematics and statistics","All",82000
"Loyola U., Chicago",227,"physical sciences","All",1796000
"Loyola U., Chicago",227,"psychology","All",1343000
"Loyola U., Chicago",227,"social sciences","All",1578000
"Loyola U., Chicago",227,"sciences nec","All",0
"Loyola U., Chicago",227,"engineering","All",151000
"Loyola U., Chicago",227,"all non s e fields","All",1789000
"Nova Southeastern U.",228,"all r d expenditures","All",50173000
"Nova Southeastern U.",228,"computer and information sciences","All",1022000
"Nova Southeastern U.",228,"geosciences atmospheric sciences and ocean sciences","All",12274000
"Nova Southeastern U.",228,"life sciences","All",26746000
"Nova Southeastern U.",228,"mathematics and statistics","All",268000
"Nova Southeastern U.",228,"physical sciences","All",359000
"Nova Southeastern U.",228,"psychology","All",2278000
"Nova Southeastern U.",228,"social sciences","All",2439000
"Nova Southeastern U.",228,"sciences nec","All",1366000
"Nova Southeastern U.",228,"engineering","All",108000
"Nova Southeastern U.",228,"all non s e fields","All",3313000
"Texas Tech U., Health Sciences Center",229,"all r d expenditures","All",48638000
"Texas Tech U., Health Sciences Center",229,"computer and information sciences","All",0
"Texas Tech U., Health Sciences Center",229,"geosciences atmospheric sciences and ocean sciences","All",0
"Texas Tech U., Health Sciences Center",229,"life sciences","All",47072000
"Texas Tech U., Health Sciences Center",229,"mathematics and statistics","All",0
"Texas Tech U., Health Sciences Center",229,"physical sciences","All",0
"Texas Tech U., Health Sciences Center",229,"psychology","All",0
"Texas Tech U., Health Sciences Center",229,"social sciences","All",0
"Texas Tech U., Health Sciences Center",229,"sciences nec","All",0
"Texas Tech U., Health Sciences Center",229,"engineering","All",0
"Texas Tech U., Health Sciences Center",229,"all non s e fields","All",1566000
"Marquette U.",230,"all r d expenditures","All",47819000
"Marquette U.",230,"computer and information sciences","All",1831000
"Marquette U.",230,"geosciences atmospheric sciences and ocean sciences","All",0
"Marquette U.",230,"life sciences","All",17556000
"Marquette U.",230,"mathematics and statistics","All",921000
"Marquette U.",230,"physical sciences","All",2115000
"Marquette U.",230,"psychology","All",1335000
"Marquette U.",230,"social sciences","All",717000
"Marquette U.",230,"sciences nec","All",0
"Marquette U.",230,"engineering","All",12351000
"Marquette U.",230,"all non s e fields","All",10993000
"Rowan U.",231,"all r d expenditures","All",47810000
"Rowan U.",231,"computer and information sciences","All",606000
"Rowan U.",231,"geosciences atmospheric sciences and ocean sciences","All",1549000
"Rowan U.",231,"life sciences","All",11750000
"Rowan U.",231,"mathematics and statistics","All",795000
"Rowan U.",231,"physical sciences","All",3480000
"Rowan U.",231,"psychology","All",1934000
"Rowan U.",231,"social sciences","All",1280000
"Rowan U.",231,"sciences nec","All",139000
"Rowan U.",231,"engineering","All",19322000
"Rowan U.",231,"all non s e fields","All",6955000
"Catholic U. of America",232,"all r d expenditures","All",47022000
"Catholic U. of America",232,"computer and information sciences","All",118000
"Catholic U. of America",232,"geosciences atmospheric sciences and ocean sciences","All",0
"Catholic U. of America",232,"life sciences","All",1689000
"Catholic U. of America",232,"mathematics and statistics","All",202000
"Catholic U. of America",232,"physical sciences","All",32191000
"Catholic U. of America",232,"psychology","All",1232000
"Catholic U. of America",232,"social sciences","All",935000
"Catholic U. of America",232,"sciences nec","All",0
"Catholic U. of America",232,"engineering","All",3217000
"Catholic U. of America",232,"all non s e fields","All",7438000
"Portland State U.",233,"all r d expenditures","All",46324000
"Portland State U.",233,"computer and information sciences","All",1971000
"Portland State U.",233,"geosciences atmospheric sciences and ocean sciences","All",2147000
"Portland State U.",233,"life sciences","All",14371000
"Portland State U.",233,"mathematics and statistics","All",1505000
"Portland State U.",233,"physical sciences","All",1932000
"Portland State U.",233,"psychology","All",1554000
"Portland State U.",233,"social sciences","All",6170000
"Portland State U.",233,"sciences nec","All",53000
"Portland State U.",233,"engineering","All",7108000
"Portland State U.",233,"all non s e fields","All",9513000
"Mercer U.",234,"all r d expenditures","All",45247000
"Mercer U.",234,"computer and information sciences","All",147000
"Mercer U.",234,"geosciences atmospheric sciences and ocean sciences","All",0
"Mercer U.",234,"life sciences","All",8788000
"Mercer U.",234,"mathematics and statistics","All",238000
"Mercer U.",234,"physical sciences","All",1664000
"Mercer U.",234,"psychology","All",268000
"Mercer U.",234,"social sciences","All",115000
"Mercer U.",234,"sciences nec","All",159000
"Mercer U.",234,"engineering","All",33284000
"Mercer U.",234,"all non s e fields","All",584000
"Western Michigan U. and Homer Stryker M.D. School of Medicine",235,"all r d expenditures","All",45157000
"Western Michigan U. and Homer Stryker M.D. School of Medicine",235,"computer and information sciences","All",665000
"Western Michigan U. and Homer Stryker M.D. School of Medicine",235,"geosciences atmospheric sciences and ocean sciences","All",3043000
"Western Michigan U. and Homer Stryker M.D. School of Medicine",235,"life sciences","All",8797000
"Western Michigan U. and Homer Stryker M.D. School of Medicine",235,"mathematics and statistics","All",1191000
"Western Michigan U. and Homer Stryker M.D. School of Medicine",235,"physical sciences","All",1823000
"Western Michigan U. and Homer Stryker M.D. School of Medicine",235,"psychology","All",1580000
"Western Michigan U. and Homer Stryker M.D. School of Medicine",235,"social sciences","All",3312000
"Western Michigan U. and Homer Stryker M.D. School of Medicine",235,"sciences nec","All",108000
"Western Michigan U. and Homer Stryker M.D. School of Medicine",235,"engineering","All",14491000
"Western Michigan U. and Homer Stryker M.D. School of Medicine",235,"all non s e fields","All",10147000
"U.S. Air Force Academy",236,"all r d expenditures","All",44880000
"U.S. Air Force Academy",236,"computer and information sciences","All",1285000
"U.S. Air Force Academy",236,"geosciences atmospheric sciences and ocean sciences","All",53000
"U.S. Air Force Academy",236,"life sciences","All",4130000
"U.S. Air Force Academy",236,"mathematics and statistics","All",34000
"U.S. Air Force Academy",236,"physical sciences","All",1679000
"U.S. Air Force Academy",236,"psychology","All",0
"U.S. Air Force Academy",236,"social sciences","All",118000
"U.S. Air Force Academy",236,"sciences nec","All",1014000
"U.S. Air Force Academy",236,"engineering","All",36441000
"U.S. Air Force Academy",236,"all non s e fields","All",126000
"U. North Carolina, Greensboro",237,"all r d expenditures","All",44521000
"U. North Carolina, Greensboro",237,"computer and information sciences","All",1076000
"U. North Carolina, Greensboro",237,"geosciences atmospheric sciences and ocean sciences","All",31000
"U. North Carolina, Greensboro",237,"life sciences","All",13196000
"U. North Carolina, Greensboro",237,"mathematics and statistics","All",470000
"U. North Carolina, Greensboro",237,"physical sciences","All",5687000
"U. North Carolina, Greensboro",237,"psychology","All",3445000
"U. North Carolina, Greensboro",237,"social sciences","All",1370000
"U. North Carolina, Greensboro",237,"sciences nec","All",18000
"U. North Carolina, Greensboro",237,"engineering","All",0
"U. North Carolina, Greensboro",237,"all non s e fields","All",19228000
"Morgan State U.",238,"all r d expenditures","All",43868000
"Morgan State U.",238,"computer and information sciences","All",1109000
"Morgan State U.",238,"geosciences atmospheric sciences and ocean sciences","All",8663000
"Morgan State U.",238,"life sciences","All",10795000
"Morgan State U.",238,"mathematics and statistics","All",356000
"Morgan State U.",238,"physical sciences","All",3287000
"Morgan State U.",238,"psychology","All",286000
"Morgan State U.",238,"social sciences","All",1864000
"Morgan State U.",238,"sciences nec","All",0
"Morgan State U.",238,"engineering","All",10725000
"Morgan State U.",238,"all non s e fields","All",6783000
"East Tennessee State U.",239,"all r d expenditures","All",42335000
"East Tennessee State U.",239,"computer and information sciences","All",0
"East Tennessee State U.",239,"geosciences atmospheric sciences and ocean sciences","All",298000
"East Tennessee State U.",239,"life sciences","All",19166000
"East Tennessee State U.",239,"mathematics and statistics","All",19000
"East Tennessee State U.",239,"physical sciences","All",404000
"East Tennessee State U.",239,"psychology","All",44000
"East Tennessee State U.",239,"social sciences","All",48000
"East Tennessee State U.",239,"sciences nec","All",2000
"East Tennessee State U.",239,"engineering","All",87000
"East Tennessee State U.",239,"all non s e fields","All",22267000
"U. Massachusetts, Dartmouth",240,"all r d expenditures","All",42018000
"U. Massachusetts, Dartmouth",240,"computer and information sciences","All",3116000
"U. Massachusetts, Dartmouth",240,"geosciences atmospheric sciences and ocean sciences","All",16141000
"U. Massachusetts, Dartmouth",240,"life sciences","All",3229000
"U. Massachusetts, Dartmouth",240,"mathematics and statistics","All",2210000
"U. Massachusetts, Dartmouth",240,"physical sciences","All",3547000
"U. Massachusetts, Dartmouth",240,"psychology","All",38000
"U. Massachusetts, Dartmouth",240,"social sciences","All",313000
"U. Massachusetts, Dartmouth",240,"sciences nec","All",0
"U. Massachusetts, Dartmouth",240,"engineering","All",11936000
"U. Massachusetts, Dartmouth",240,"all non s e fields","All",1488000
"Chapman U.",241,"all r d expenditures","All",41791000
"Chapman U.",241,"computer and information sciences","All",851000
"Chapman U.",241,"geosciences atmospheric sciences and ocean sciences","All",364000
"Chapman U.",241,"life sciences","All",17909000
"Chapman U.",241,"mathematics and statistics","All",0
"Chapman U.",241,"physical sciences","All",2106000
"Chapman U.",241,"psychology","All",1096000
"Chapman U.",241,"social sciences","All",3528000
"Chapman U.",241,"sciences nec","All",0
"Chapman U.",241,"engineering","All",2041000
"Chapman U.",241,"all non s e fields","All",13896000
"U. West Florida",242,"all r d expenditures","All",40454000
"U. West Florida",242,"computer and information sciences","All",7321000
"U. West Florida",242,"geosciences atmospheric sciences and ocean sciences","All",9000
"U. West Florida",242,"life sciences","All",3187000
"U. West Florida",242,"mathematics and statistics","All",22000
"U. West Florida",242,"physical sciences","All",1719000
"U. West Florida",242,"psychology","All",339000
"U. West Florida",242,"social sciences","All",3209000
"U. West Florida",242,"sciences nec","All",40000
"U. West Florida",242,"engineering","All",1322000
"U. West Florida",242,"all non s e fields","All",23286000
"Georgia Southern U.",243,"all r d expenditures","All",40026000
"Georgia Southern U.",243,"computer and information sciences","All",1032000
"Georgia Southern U.",243,"geosciences atmospheric sciences and ocean sciences","All",884000
"Georgia Southern U.",243,"life sciences","All",7695000
"Georgia Southern U.",243,"mathematics and statistics","All",1542000
"Georgia Southern U.",243,"physical sciences","All",6163000
"Georgia Southern U.",243,"psychology","All",1027000
"Georgia Southern U.",243,"social sciences","All",4880000
"Georgia Southern U.",243,"sciences nec","All",50000
"Georgia Southern U.",243,"engineering","All",4200000
"Georgia Southern U.",243,"all non s e fields","All",12553000
"Texas A&M U.-Corpus Christi",244,"all r d expenditures","All",39305000
"Texas A&M U.-Corpus Christi",244,"computer and information sciences","All",982000
"Texas A&M U.-Corpus Christi",244,"geosciences atmospheric sciences and ocean sciences","All",15556000
"Texas A&M U.-Corpus Christi",244,"life sciences","All",4745000
"Texas A&M U.-Corpus Christi",244,"mathematics and statistics","All",126000
"Texas A&M U.-Corpus Christi",244,"physical sciences","All",1643000
"Texas A&M U.-Corpus Christi",244,"psychology","All",9000
"Texas A&M U.-Corpus Christi",244,"social sciences","All",1030000
"Texas A&M U.-Corpus Christi",244,"sciences nec","All",1336000
"Texas A&M U.-Corpus Christi",244,"engineering","All",9507000
"Texas A&M U.-Corpus Christi",244,"all non s e fields","All",4371000
"Montclair State U.",245,"all r d expenditures","All",38209000
"Montclair State U.",245,"computer and information sciences","All",1332000
"Montclair State U.",245,"geosciences atmospheric sciences and ocean sciences","All",2352000
"Montclair State U.",245,"life sciences","All",5509000
"Montclair State U.",245,"mathematics and statistics","All",1684000
"Montclair State U.",245,"physical sciences","All",2520000
"Montclair State U.",245,"psychology","All",6448000
"Montclair State U.",245,"social sciences","All",4747000
"Montclair State U.",245,"sciences nec","All",0
"Montclair State U.",245,"engineering","All",402000
"Montclair State U.",245,"all non s e fields","All",13215000
"Oakland U.",246,"all r d expenditures","All",37263000
"Oakland U.",246,"computer and information sciences","All",4406000
"Oakland U.",246,"geosciences atmospheric sciences and ocean sciences","All",0
"Oakland U.",246,"life sciences","All",11634000
"Oakland U.",246,"mathematics and statistics","All",63000
"Oakland U.",246,"physical sciences","All",10708000
"Oakland U.",246,"psychology","All",456000
"Oakland U.",246,"social sciences","All",68000
"Oakland U.",246,"sciences nec","All",0
"Oakland U.",246,"engineering","All",9138000
"Oakland U.",246,"all non s e fields","All",790000
"CUNY, Hunter C.",247,"all r d expenditures","All",37172000
"CUNY, Hunter C.",247,"computer and information sciences","All",1805000
"CUNY, Hunter C.",247,"geosciences atmospheric sciences and ocean sciences","All",1258000
"CUNY, Hunter C.",247,"life sciences","All",10272000
"CUNY, Hunter C.",247,"mathematics and statistics","All",262000
"CUNY, Hunter C.",247,"physical sciences","All",5712000
"CUNY, Hunter C.",247,"psychology","All",8218000
"CUNY, Hunter C.",247,"social sciences","All",1537000
"CUNY, Hunter C.",247,"sciences nec","All",0
"CUNY, Hunter C.",247,"engineering","All",0
"CUNY, Hunter C.",247,"all non s e fields","All",8108000
"California Polytechnic State U., San Luis Obispo",248,"all r d expenditures","All",35830000
"California Polytechnic State U., San Luis Obispo",248,"computer and information sciences","All",186000
"California Polytechnic State U., San Luis Obispo",248,"geosciences atmospheric sciences and ocean sciences","All",1768000
"California Polytechnic State U., San Luis Obispo",248,"life sciences","All",10928000
"California Polytechnic State U., San Luis Obispo",248,"mathematics and statistics","All",2996000
"California Polytechnic State U., San Luis Obispo",248,"physical sciences","All",5010000
"California Polytechnic State U., San Luis Obispo",248,"psychology","All",21000
"California Polytechnic State U., San Luis Obispo",248,"social sciences","All",463000
"California Polytechnic State U., San Luis Obispo",248,"sciences nec","All",0
"California Polytechnic State U., San Luis Obispo",248,"engineering","All",9181000
"California Polytechnic State U., San Luis Obispo",248,"all non s e fields","All",5277000
"Louisiana State U., Health Sciences Center, Shreveport",249,"all r d expenditures","All",35624000
"Louisiana State U., Health Sciences Center, Shreveport",249,"computer and information sciences","All",0
"Louisiana State U., Health Sciences Center, Shreveport",249,"geosciences atmospheric sciences and ocean sciences","All",0
"Louisiana State U., Health Sciences Center, Shreveport",249,"life sciences","All",35624000
"Louisiana State U., Health Sciences Center, Shreveport",249,"mathematics and statistics","All",0
"Louisiana State U., Health Sciences Center, Shreveport",249,"physical sciences","All",0
"Louisiana State U., Health Sciences Center, Shreveport",249,"psychology","All",0
"Louisiana State U., Health Sciences Center, Shreveport",249,"social sciences","All",0
"Louisiana State U., Health Sciences Center, Shreveport",249,"sciences nec","All",0
"Louisiana State U., Health Sciences Center, Shreveport",249,"engineering","All",0
"Louisiana State U., Health Sciences Center, Shreveport",249,"all non s e fields","All",0
"SUNY, Downstate Health Sciences U.",250,"all r d expenditures","All",35600000
"SUNY, Downstate Health Sciences U.",250,"computer and information sciences","All",0
"SUNY, Downstate Health Sciences U.",250,"geosciences atmospheric sciences and ocean sciences","All",0
"SUNY, Downstate Health Sciences U.",250,"life sciences","All",35600000
"SUNY, Downstate Health Sciences U.",250,"mathematics and statistics","All",0
"SUNY, Downstate Health Sciences U.",250,"physical sciences","All",0
"SUNY, Downstate Health Sciences U.",250,"psychology","All",0
"SUNY, Downstate Health Sciences U.",250,"social sciences","All",0
"SUNY, Downstate Health Sciences U.",250,"sciences nec","All",0
"SUNY, Downstate Health Sciences U.",250,"engineering","All",0
"SUNY, Downstate Health Sciences U.",250,"all non s e fields","All",0
"San Francisco State U.",251,"all r d expenditures","All",34466000
"San Francisco State U.",251,"computer and information sciences","All",2172000
"San Francisco State U.",251,"geosciences atmospheric sciences and ocean sciences","All",3055000
"San Francisco State U.",251,"life sciences","All",14372000
"San Francisco State U.",251,"mathematics and statistics","All",1155000
"San Francisco State U.",251,"physical sciences","All",2867000
"San Francisco State U.",251,"psychology","All",1912000
"San Francisco State U.",251,"social sciences","All",3053000
"San Francisco State U.",251,"sciences nec","All",1561000
"San Francisco State U.",251,"engineering","All",1967000
"San Francisco State U.",251,"all non s e fields","All",2352000
"Teachers C., Columbia U.",252,"all r d expenditures","All",34183000
"Teachers C., Columbia U.",252,"computer and information sciences","All",2791000
"Teachers C., Columbia U.",252,"geosciences atmospheric sciences and ocean sciences","All",0
"Teachers C., Columbia U.",252,"life sciences","All",6595000
"Teachers C., Columbia U.",252,"mathematics and statistics","All",0
"Teachers C., Columbia U.",252,"physical sciences","All",0
"Teachers C., Columbia U.",252,"psychology","All",2232000
"Teachers C., Columbia U.",252,"social sciences","All",22332000
"Teachers C., Columbia U.",252,"sciences nec","All",0
"Teachers C., Columbia U.",252,"engineering","All",0
"Teachers C., Columbia U.",252,"all non s e fields","All",233000
"Marshall U.",253,"all r d expenditures","All",33693000
"Marshall U.",253,"computer and information sciences","All",284000
"Marshall U.",253,"geosciences atmospheric sciences and ocean sciences","All",456000
"Marshall U.",253,"life sciences","All",21925000
"Marshall U.",253,"mathematics and statistics","All",44000
"Marshall U.",253,"physical sciences","All",1501000
"Marshall U.",253,"psychology","All",0
"Marshall U.",253,"social sciences","All",81000
"Marshall U.",253,"sciences nec","All",0
"Marshall U.",253,"engineering","All",5227000
"Marshall U.",253,"all non s e fields","All",4175000
"Delaware State U.",254,"all r d expenditures","All",33499000
"Delaware State U.",254,"computer and information sciences","All",1071000
"Delaware State U.",254,"geosciences atmospheric sciences and ocean sciences","All",1451000
"Delaware State U.",254,"life sciences","All",20808000
"Delaware State U.",254,"mathematics and statistics","All",803000
"Delaware State U.",254,"physical sciences","All",5666000
"Delaware State U.",254,"psychology","All",473000
"Delaware State U.",254,"social sciences","All",787000
"Delaware State U.",254,"sciences nec","All",1296000
"Delaware State U.",254,"engineering","All",419000
"Delaware State U.",254,"all non s e fields","All",725000
"Illinois Institute of Technology",255,"all r d expenditures","All",33021000
"Illinois Institute of Technology",255,"computer and information sciences","All",3514000
"Illinois Institute of Technology",255,"geosciences atmospheric sciences and ocean sciences","All",94000
"Illinois Institute of Technology",255,"life sciences","All",12293000
"Illinois Institute of Technology",255,"mathematics and statistics","All",412000
"Illinois Institute of Technology",255,"physical sciences","All",3038000
"Illinois Institute of Technology",255,"psychology","All",0
"Illinois Institute of Technology",255,"social sciences","All",14000
"Illinois Institute of Technology",255,"sciences nec","All",158000
"Illinois Institute of Technology",255,"engineering","All",13311000
"Illinois Institute of Technology",255,"all non s e fields","All",187000
"Illinois State U.",256,"all r d expenditures","All",32961000
"Illinois State U.",256,"computer and information sciences","All",353000
"Illinois State U.",256,"geosciences atmospheric sciences and ocean sciences","All",620000
"Illinois State U.",256,"life sciences","All",5174000
"Illinois State U.",256,"mathematics and statistics","All",255000
"Illinois State U.",256,"physical sciences","All",2138000
"Illinois State U.",256,"psychology","All",54000
"Illinois State U.",256,"social sciences","All",1093000
"Illinois State U.",256,"sciences nec","All",0
"Illinois State U.",256,"engineering","All",0
"Illinois State U.",256,"all non s e fields","All",23274000
"SUNY, C. of Environmental Science and Forestry",257,"all r d expenditures","All",32682000
"SUNY, C. of Environmental Science and Forestry",257,"computer and information sciences","All",314000
"SUNY, C. of Environmental Science and Forestry",257,"geosciences atmospheric sciences and ocean sciences","All",1743000
"SUNY, C. of Environmental Science and Forestry",257,"life sciences","All",22461000
"SUNY, C. of Environmental Science and Forestry",257,"mathematics and statistics","All",3000
"SUNY, C. of Environmental Science and Forestry",257,"physical sciences","All",2106000
"SUNY, C. of Environmental Science and Forestry",257,"psychology","All",2535000
"SUNY, C. of Environmental Science and Forestry",257,"social sciences","All",61000
"SUNY, C. of Environmental Science and Forestry",257,"sciences nec","All",0
"SUNY, C. of Environmental Science and Forestry",257,"engineering","All",2095000
"SUNY, C. of Environmental Science and Forestry",257,"all non s e fields","All",1364000
"Kennesaw State U.",258,"all r d expenditures","All",32497000
"Kennesaw State U.",258,"computer and information sciences","All",4916000
"Kennesaw State U.",258,"geosciences atmospheric sciences and ocean sciences","All",0
"Kennesaw State U.",258,"life sciences","All",7045000
"Kennesaw State U.",258,"mathematics and statistics","All",876000
"Kennesaw State U.",258,"physical sciences","All",323000
"Kennesaw State U.",258,"psychology","All",15000
"Kennesaw State U.",258,"social sciences","All",426000
"Kennesaw State U.",258,"sciences nec","All",0
"Kennesaw State U.",258,"engineering","All",3445000
"Kennesaw State U.",258,"all non s e fields","All",15451000
"U. Texas Health Science Center, Tyler",259,"all r d expenditures","All",32077000
"U. Texas Health Science Center, Tyler",259,"computer and information sciences","All",0
"U. Texas Health Science Center, Tyler",259,"geosciences atmospheric sciences and ocean sciences","All",0
"U. Texas Health Science Center, Tyler",259,"life sciences","All",32077000
"U. Texas Health Science Center, Tyler",259,"mathematics and statistics","All",0
"U. Texas Health Science Center, Tyler",259,"physical sciences","All",0
"U. Texas Health Science Center, Tyler",259,"psychology","All",0
"U. Texas Health Science Center, Tyler",259,"social sciences","All",0
"U. Texas Health Science Center, Tyler",259,"sciences nec","All",0
"U. Texas Health Science Center, Tyler",259,"engineering","All",0
"U. Texas Health Science Center, Tyler",259,"all non s e fields","All",0
"Louisiana Tech U.",260,"all r d expenditures","All",31676000
"Louisiana Tech U.",260,"computer and information sciences","All",2582000
"Louisiana Tech U.",260,"geosciences atmospheric sciences and ocean sciences","All",0
"Louisiana Tech U.",260,"life sciences","All",3732000
"Louisiana Tech U.",260,"mathematics and statistics","All",969000
"Louisiana Tech U.",260,"physical sciences","All",2519000
"Louisiana Tech U.",260,"psychology","All",184000
"Louisiana Tech U.",260,"social sciences","All",604000
"Louisiana Tech U.",260,"sciences nec","All",0
"Louisiana Tech U.",260,"engineering","All",15078000
"Louisiana Tech U.",260,"all non s e fields","All",6008000
"Villanova U.",261,"all r d expenditures","All",31513000
"Villanova U.",261,"computer and information sciences","All",430000
"Villanova U.",261,"geosciences atmospheric sciences and ocean sciences","All",952000
"Villanova U.",261,"life sciences","All",4709000
"Villanova U.",261,"mathematics and statistics","All",163000
"Villanova U.",261,"physical sciences","All",3239000
"Villanova U.",261,"psychology","All",1128000
"Villanova U.",261,"social sciences","All",1737000
"Villanova U.",261,"sciences nec","All",0
"Villanova U.",261,"engineering","All",11370000
"Villanova U.",261,"all non s e fields","All",7785000
"U. Nebraska, Omaha",262,"all r d expenditures","All",30841000
"U. Nebraska, Omaha",262,"computer and information sciences","All",5913000
"U. Nebraska, Omaha",262,"geosciences atmospheric sciences and ocean sciences","All",177000
"U. Nebraska, Omaha",262,"life sciences","All",7248000
"U. Nebraska, Omaha",262,"mathematics and statistics","All",652000
"U. Nebraska, Omaha",262,"physical sciences","All",556000
"U. Nebraska, Omaha",262,"psychology","All",221000
"U. Nebraska, Omaha",262,"social sciences","All",3291000
"U. Nebraska, Omaha",262,"sciences nec","All",9208000
"U. Nebraska, Omaha",262,"engineering","All",1782000
"U. Nebraska, Omaha",262,"all non s e fields","All",1793000
"Desert Research Institute",263,"all r d expenditures","All",30716000
"Desert Research Institute",263,"computer and information sciences","All",0
"Desert Research Institute",263,"geosciences atmospheric sciences and ocean sciences","All",27742000
"Desert Research Institute",263,"life sciences","All",2974000
"Desert Research Institute",263,"mathematics and statistics","All",0
"Desert Research Institute",263,"physical sciences","All",0
"Desert Research Institute",263,"psychology","All",0
"Desert Research Institute",263,"social sciences","All",0
"Desert Research Institute",263,"sciences nec","All",0
"Desert Research Institute",263,"engineering","All",0
"Desert Research Institute",263,"all non s e fields","All",0
"U. South Dakota",264,"all r d expenditures","All",29855000
"U. South Dakota",264,"computer and information sciences","All",334000
"U. South Dakota",264,"geosciences atmospheric sciences and ocean sciences","All",0
"U. South Dakota",264,"life sciences","All",17382000
"U. South Dakota",264,"mathematics and statistics","All",236000
"U. South Dakota",264,"physical sciences","All",4481000
"U. South Dakota",264,"psychology","All",1711000
"U. South Dakota",264,"social sciences","All",1083000
"U. South Dakota",264,"sciences nec","All",224000
"U. South Dakota",264,"engineering","All",1153000
"U. South Dakota",264,"all non s e fields","All",3251000
"Rutgers, State U. New Jersey, Newark",265,"all r d expenditures","All",29787000
"Rutgers, State U. New Jersey, Newark",265,"computer and information sciences","All",1107000
"Rutgers, State U. New Jersey, Newark",265,"geosciences atmospheric sciences and ocean sciences","All",3154000
"Rutgers, State U. New Jersey, Newark",265,"life sciences","All",11575000
"Rutgers, State U. New Jersey, Newark",265,"mathematics and statistics","All",0
"Rutgers, State U. New Jersey, Newark",265,"physical sciences","All",4188000
"Rutgers, State U. New Jersey, Newark",265,"psychology","All",1638000
"Rutgers, State U. New Jersey, Newark",265,"social sciences","All",3265000
"Rutgers, State U. New Jersey, Newark",265,"sciences nec","All",171000
"Rutgers, State U. New Jersey, Newark",265,"engineering","All",0
"Rutgers, State U. New Jersey, Newark",265,"all non s e fields","All",4689000
"U. Puerto Rico, Rio Piedras",266,"all r d expenditures","All",29202000
"U. Puerto Rico, Rio Piedras",266,"computer and information sciences","All",783000
"U. Puerto Rico, Rio Piedras",266,"geosciences atmospheric sciences and ocean sciences","All",2644000
"U. Puerto Rico, Rio Piedras",266,"life sciences","All",3451000
"U. Puerto Rico, Rio Piedras",266,"mathematics and statistics","All",157000
"U. Puerto Rico, Rio Piedras",266,"physical sciences","All",5852000
"U. Puerto Rico, Rio Piedras",266,"psychology","All",76000
"U. Puerto Rico, Rio Piedras",266,"social sciences","All",1443000
"U. Puerto Rico, Rio Piedras",266,"sciences nec","All",3953000
"U. Puerto Rico, Rio Piedras",266,"engineering","All",2930000
"U. Puerto Rico, Rio Piedras",266,"all non s e fields","All",7913000
"Northern Illinois U.",267,"all r d expenditures","All",29134000
"Northern Illinois U.",267,"computer and information sciences","All",1297000
"Northern Illinois U.",267,"geosciences atmospheric sciences and ocean sciences","All",1540000
"Northern Illinois U.",267,"life sciences","All",2809000
"Northern Illinois U.",267,"mathematics and statistics","All",114000
"Northern Illinois U.",267,"physical sciences","All",6765000
"Northern Illinois U.",267,"psychology","All",893000
"Northern Illinois U.",267,"social sciences","All",5104000
"Northern Illinois U.",267,"sciences nec","All",0
"Northern Illinois U.",267,"engineering","All",4565000
"Northern Illinois U.",267,"all non s e fields","All",6047000
"Creighton U.",268,"all r d expenditures","All",28443000
"Creighton U.",268,"computer and information sciences","All",1196000
"Creighton U.",268,"geosciences atmospheric sciences and ocean sciences","All",0
"Creighton U.",268,"life sciences","All",21496000
"Creighton U.",268,"mathematics and statistics","All",309000
"Creighton U.",268,"physical sciences","All",2097000
"Creighton U.",268,"psychology","All",348000
"Creighton U.",268,"social sciences","All",1209000
"Creighton U.",268,"sciences nec","All",0
"Creighton U.",268,"engineering","All",0
"Creighton U.",268,"all non s e fields","All",1788000
"Miami U.",269,"all r d expenditures","All",28430000
"Miami U.",269,"computer and information sciences","All",750000
"Miami U.",269,"geosciences atmospheric sciences and ocean sciences","All",768000
"Miami U.",269,"life sciences","All",7968000
"Miami U.",269,"mathematics and statistics","All",636000
"Miami U.",269,"physical sciences","All",4186000
"Miami U.",269,"psychology","All",2246000
"Miami U.",269,"social sciences","All",1166000
"Miami U.",269,"sciences nec","All",0
"Miami U.",269,"engineering","All",4562000
"Miami U.",269,"all non s e fields","All",6148000
"Tennessee State U.",270,"all r d expenditures","All",28246000
"Tennessee State U.",270,"computer and information sciences","All",1412000
"Tennessee State U.",270,"geosciences atmospheric sciences and ocean sciences","All",0
"Tennessee State U.",270,"life sciences","All",16921000
"Tennessee State U.",270,"mathematics and statistics","All",0
"Tennessee State U.",270,"physical sciences","All",369000
"Tennessee State U.",270,"psychology","All",152000
"Tennessee State U.",270,"social sciences","All",0
"Tennessee State U.",270,"sciences nec","All",0
"Tennessee State U.",270,"engineering","All",3026000
"Tennessee State U.",270,"all non s e fields","All",6366000
"California State U., Sacramento",271,"all r d expenditures","All",28027000
"California State U., Sacramento",271,"computer and information sciences","All",212000
"California State U., Sacramento",271,"geosciences atmospheric sciences and ocean sciences","All",850000
"California State U., Sacramento",271,"life sciences","All",1182000
"California State U., Sacramento",271,"mathematics and statistics","All",112000
"California State U., Sacramento",271,"physical sciences","All",630000
"California State U., Sacramento",271,"psychology","All",176000
"California State U., Sacramento",271,"social sciences","All",2511000
"California State U., Sacramento",271,"sciences nec","All",6623000
"California State U., Sacramento",271,"engineering","All",11433000
"California State U., Sacramento",271,"all non s e fields","All",4298000
"Embry-Riddle Aeronautical U.",272,"all r d expenditures","All",27451000
"Embry-Riddle Aeronautical U.",272,"computer and information sciences","All",2014000
"Embry-Riddle Aeronautical U.",272,"geosciences atmospheric sciences and ocean sciences","All",2085000
"Embry-Riddle Aeronautical U.",272,"life sciences","All",636000
"Embry-Riddle Aeronautical U.",272,"mathematics and statistics","All",681000
"Embry-Riddle Aeronautical U.",272,"physical sciences","All",6884000
"Embry-Riddle Aeronautical U.",272,"psychology","All",0
"Embry-Riddle Aeronautical U.",272,"social sciences","All",135000
"Embry-Riddle Aeronautical U.",272,"sciences nec","All",0
"Embry-Riddle Aeronautical U.",272,"engineering","All",13774000
"Embry-Riddle Aeronautical U.",272,"all non s e fields","All",1242000
"CUNY, Graduate School of Public Health and Health Policy",273,"all r d expenditures","All",26651000
"CUNY, Graduate School of Public Health and Health Policy",273,"computer and information sciences","All",0
"CUNY, Graduate School of Public Health and Health Policy",273,"geosciences atmospheric sciences and ocean sciences","All",0
"CUNY, Graduate School of Public Health and Health Policy",273,"life sciences","All",25876000
"CUNY, Graduate School of Public Health and Health Policy",273,"mathematics and statistics","All",0
"CUNY, Graduate School of Public Health and Health Policy",273,"physical sciences","All",0
"CUNY, Graduate School of Public Health and Health Policy",273,"psychology","All",775000
"CUNY, Graduate School of Public Health and Health Policy",273,"social sciences","All",0
"CUNY, Graduate School of Public Health and Health Policy",273,"sciences nec","All",0
"CUNY, Graduate School of Public Health and Health Policy",273,"engineering","All",0
"CUNY, Graduate School of Public Health and Health Policy",273,"all non s e fields","All",0
"Texas A&M U.-Kingsville",274,"all r d expenditures","All",26401000
"Texas A&M U.-Kingsville",274,"computer and information sciences","All",784000
"Texas A&M U.-Kingsville",274,"geosciences atmospheric sciences and ocean sciences","All",215000
"Texas A&M U.-Kingsville",274,"life sciences","All",18205000
"Texas A&M U.-Kingsville",274,"mathematics and statistics","All",0
"Texas A&M U.-Kingsville",274,"physical sciences","All",265000
"Texas A&M U.-Kingsville",274,"psychology","All",72000
"Texas A&M U.-Kingsville",274,"social sciences","All",24000
"Texas A&M U.-Kingsville",274,"sciences nec","All",255000
"Texas A&M U.-Kingsville",274,"engineering","All",5130000
"Texas A&M U.-Kingsville",274,"all non s e fields","All",1451000
"Wright State U.",275,"all r d expenditures","All",26189000
"Wright State U.",275,"computer and information sciences","All",5443000
"Wright State U.",275,"geosciences atmospheric sciences and ocean sciences","All",474000
"Wright State U.",275,"life sciences","All",13117000
"Wright State U.",275,"mathematics and statistics","All",75000
"Wright State U.",275,"physical sciences","All",715000
"Wright State U.",275,"psychology","All",1371000
"Wright State U.",275,"social sciences","All",0
"Wright State U.",275,"sciences nec","All",95000
"Wright State U.",275,"engineering","All",4819000
"Wright State U.",275,"all non s e fields","All",80000
"California State U., Fullerton",276,"all r d expenditures","All",25811000
"California State U., Fullerton",276,"computer and information sciences","All",1299000
"California State U., Fullerton",276,"geosciences atmospheric sciences and ocean sciences","All",902000
"California State U., Fullerton",276,"life sciences","All",5538000
"California State U., Fullerton",276,"mathematics and statistics","All",887000
"California State U., Fullerton",276,"physical sciences","All",2331000
"California State U., Fullerton",276,"psychology","All",918000
"California State U., Fullerton",276,"social sciences","All",2253000
"California State U., Fullerton",276,"sciences nec","All",1397000
"California State U., Fullerton",276,"engineering","All",1355000
"California State U., Fullerton",276,"all non s e fields","All",8931000
"Tuskegee U.",277,"all r d expenditures","All",25625000
"Tuskegee U.",277,"computer and information sciences","All",923000
"Tuskegee U.",277,"geosciences atmospheric sciences and ocean sciences","All",0
"Tuskegee U.",277,"life sciences","All",18189000
"Tuskegee U.",277,"mathematics and statistics","All",616000
"Tuskegee U.",277,"physical sciences","All",2141000
"Tuskegee U.",277,"psychology","All",0
"Tuskegee U.",277,"social sciences","All",5000
"Tuskegee U.",277,"sciences nec","All",472000
"Tuskegee U.",277,"engineering","All",3262000
"Tuskegee U.",277,"all non s e fields","All",17000
"U. Minnesota, Duluth",278,"all r d expenditures","All",25534000
"U. Minnesota, Duluth",278,"computer and information sciences","All",257000
"U. Minnesota, Duluth",278,"geosciences atmospheric sciences and ocean sciences","All",621000
"U. Minnesota, Duluth",278,"life sciences","All",20530000
"U. Minnesota, Duluth",278,"mathematics and statistics","All",248000
"U. Minnesota, Duluth",278,"physical sciences","All",619000
"U. Minnesota, Duluth",278,"psychology","All",473000
"U. Minnesota, Duluth",278,"social sciences","All",326000
"U. Minnesota, Duluth",278,"sciences nec","All",0
"U. Minnesota, Duluth",278,"engineering","All",1878000
"U. Minnesota, Duluth",278,"all non s e fields","All",582000
"CUNY, Queens C.",279,"all r d expenditures","All",25492000
"CUNY, Queens C.",279,"computer and information sciences","All",442000
"CUNY, Queens C.",279,"geosciences atmospheric sciences and ocean sciences","All",680000
"CUNY, Queens C.",279,"life sciences","All",16586000
"CUNY, Queens C.",279,"mathematics and statistics","All",380000
"CUNY, Queens C.",279,"physical sciences","All",2163000
"CUNY, Queens C.",279,"psychology","All",2523000
"CUNY, Queens C.",279,"social sciences","All",1325000
"CUNY, Queens C.",279,"sciences nec","All",617000
"CUNY, Queens C.",279,"engineering","All",0
"CUNY, Queens C.",279,"all non s e fields","All",776000
"Clarkson U.",280,"all r d expenditures","All",25399000
"Clarkson U.",280,"computer and information sciences","All",780000
"Clarkson U.",280,"geosciences atmospheric sciences and ocean sciences","All",170000
"Clarkson U.",280,"life sciences","All",1725000
"Clarkson U.",280,"mathematics and statistics","All",830000
"Clarkson U.",280,"physical sciences","All",4148000
"Clarkson U.",280,"psychology","All",87000
"Clarkson U.",280,"social sciences","All",514000
"Clarkson U.",280,"sciences nec","All",0
"Clarkson U.",280,"engineering","All",14568000
"Clarkson U.",280,"all non s e fields","All",2577000
"Central Michigan U.",281,"all r d expenditures","All",25363000
"Central Michigan U.",281,"computer and information sciences","All",50000
"Central Michigan U.",281,"geosciences atmospheric sciences and ocean sciences","All",933000
"Central Michigan U.",281,"life sciences","All",18284000
"Central Michigan U.",281,"mathematics and statistics","All",46000
"Central Michigan U.",281,"physical sciences","All",2004000
"Central Michigan U.",281,"psychology","All",201000
"Central Michigan U.",281,"social sciences","All",173000
"Central Michigan U.",281,"sciences nec","All",1932000
"Central Michigan U.",281,"engineering","All",377000
"Central Michigan U.",281,"all non s e fields","All",1363000
"Florida Gulf Coast U.",282,"all r d expenditures","All",24899000
"Florida Gulf Coast U.",282,"computer and information sciences","All",3000
"Florida Gulf Coast U.",282,"geosciences atmospheric sciences and ocean sciences","All",3744000
"Florida Gulf Coast U.",282,"life sciences","All",2748000
"Florida Gulf Coast U.",282,"mathematics and statistics","All",77000
"Florida Gulf Coast U.",282,"physical sciences","All",376000
"Florida Gulf Coast U.",282,"psychology","All",50000
"Florida Gulf Coast U.",282,"social sciences","All",285000
"Florida Gulf Coast U.",282,"sciences nec","All",0
"Florida Gulf Coast U.",282,"engineering","All",221000
"Florida Gulf Coast U.",282,"all non s e fields","All",17395000
"U. Tulsa",283,"all r d expenditures","All",24845000
"U. Tulsa",283,"computer and information sciences","All",4897000
"U. Tulsa",283,"geosciences atmospheric sciences and ocean sciences","All",137000
"U. Tulsa",283,"life sciences","All",1499000
"U. Tulsa",283,"mathematics and statistics","All",4000
"U. Tulsa",283,"physical sciences","All",961000
"U. Tulsa",283,"psychology","All",859000
"U. Tulsa",283,"social sciences","All",553000
"U. Tulsa",283,"sciences nec","All",0
"U. Tulsa",283,"engineering","All",10991000
"U. Tulsa",283,"all non s e fields","All",4944000
"Texas Christian U.",284,"all r d expenditures","All",24050000
"Texas Christian U.",284,"computer and information sciences","All",84000
"Texas Christian U.",284,"geosciences atmospheric sciences and ocean sciences","All",980000
"Texas Christian U.",284,"life sciences","All",3632000
"Texas Christian U.",284,"mathematics and statistics","All",483000
"Texas Christian U.",284,"physical sciences","All",3625000
"Texas Christian U.",284,"psychology","All",1474000
"Texas Christian U.",284,"social sciences","All",10000
"Texas Christian U.",284,"sciences nec","All",5239000
"Texas Christian U.",284,"engineering","All",95000
"Texas Christian U.",284,"all non s e fields","All",8428000
"Eastern Virginia Medical School",285,"all r d expenditures","All",23991000
"Eastern Virginia Medical School",285,"computer and information sciences","All",0
"Eastern Virginia Medical School",285,"geosciences atmospheric sciences and ocean sciences","All",0
"Eastern Virginia Medical School",285,"life sciences","All",23991000
"Eastern Virginia Medical School",285,"mathematics and statistics","All",0
"Eastern Virginia Medical School",285,"physical sciences","All",0
"Eastern Virginia Medical School",285,"psychology","All",0
"Eastern Virginia Medical School",285,"social sciences","All",0
"Eastern Virginia Medical School",285,"sciences nec","All",0
"Eastern Virginia Medical School",285,"engineering","All",0
"Eastern Virginia Medical School",285,"all non s e fields","All",0
"Fordham U.",286,"all r d expenditures","All",23832000
"Fordham U.",286,"computer and information sciences","All",393000
"Fordham U.",286,"geosciences atmospheric sciences and ocean sciences","All",60000
"Fordham U.",286,"life sciences","All",1566000
"Fordham U.",286,"mathematics and statistics","All",396000
"Fordham U.",286,"physical sciences","All",1226000
"Fordham U.",286,"psychology","All",3003000
"Fordham U.",286,"social sciences","All",1619000
"Fordham U.",286,"sciences nec","All",0
"Fordham U.",286,"engineering","All",0
"Fordham U.",286,"all non s e fields","All",15569000
"Tarleton State U.",287,"all r d expenditures","All",23345000
"Tarleton State U.",287,"computer and information sciences","All",282000
"Tarleton State U.",287,"geosciences atmospheric sciences and ocean sciences","All",2037000
"Tarleton State U.",287,"life sciences","All",10879000
"Tarleton State U.",287,"mathematics and statistics","All",211000
"Tarleton State U.",287,"physical sciences","All",409000
"Tarleton State U.",287,"psychology","All",537000
"Tarleton State U.",287,"social sciences","All",962000
"Tarleton State U.",287,"sciences nec","All",2370000
"Tarleton State U.",287,"engineering","All",857000
"Tarleton State U.",287,"all non s e fields","All",4801000
"U. North Florida",288,"all r d expenditures","All",23269000
"U. North Florida",288,"computer and information sciences","All",861000
"U. North Florida",288,"geosciences atmospheric sciences and ocean sciences","All",9000
"U. North Florida",288,"life sciences","All",2718000
"U. North Florida",288,"mathematics and statistics","All",27000
"U. North Florida",288,"physical sciences","All",1544000
"U. North Florida",288,"psychology","All",1744000
"U. North Florida",288,"social sciences","All",1011000
"U. North Florida",288,"sciences nec","All",0
"U. North Florida",288,"engineering","All",4313000
"U. North Florida",288,"all non s e fields","All",11042000
"Albany Medical C.",289,"all r d expenditures","All",23259000
"Albany Medical C.",289,"computer and information sciences","All",0
"Albany Medical C.",289,"geosciences atmospheric sciences and ocean sciences","All",0
"Albany Medical C.",289,"life sciences","All",23259000
"Albany Medical C.",289,"mathematics and statistics","All",0
"Albany Medical C.",289,"physical sciences","All",0
"Albany Medical C.",289,"psychology","All",0
"Albany Medical C.",289,"social sciences","All",0
"Albany Medical C.",289,"sciences nec","All",0
"Albany Medical C.",289,"engineering","All",0
"Albany Medical C.",289,"all non s e fields","All",0
"California State U., Northridge",290,"all r d expenditures","All",23093000
"California State U., Northridge",290,"computer and information sciences","All",329000
"California State U., Northridge",290,"geosciences atmospheric sciences and ocean sciences","All",1969000
"California State U., Northridge",290,"life sciences","All",7147000
"California State U., Northridge",290,"mathematics and statistics","All",480000
"California State U., Northridge",290,"physical sciences","All",8180000
"California State U., Northridge",290,"psychology","All",676000
"California State U., Northridge",290,"social sciences","All",597000
"California State U., Northridge",290,"sciences nec","All",242000
"California State U., Northridge",290,"engineering","All",2209000
"California State U., Northridge",290,"all non s e fields","All",1264000
"CUNY, John Jay C. of Criminal Justice",291,"all r d expenditures","All",22967000
"CUNY, John Jay C. of Criminal Justice",291,"computer and information sciences","All",6000
"CUNY, John Jay C. of Criminal Justice",291,"geosciences atmospheric sciences and ocean sciences","All",0
"CUNY, John Jay C. of Criminal Justice",291,"life sciences","All",419000
"CUNY, John Jay C. of Criminal Justice",291,"mathematics and statistics","All",342000
"CUNY, John Jay C. of Criminal Justice",291,"physical sciences","All",723000
"CUNY, John Jay C. of Criminal Justice",291,"psychology","All",2412000
"CUNY, John Jay C. of Criminal Justice",291,"social sciences","All",2511000
"CUNY, John Jay C. of Criminal Justice",291,"sciences nec","All",83000
"CUNY, John Jay C. of Criminal Justice",291,"engineering","All",0
"CUNY, John Jay C. of Criminal Justice",291,"all non s e fields","All",16471000
"New School",292,"all r d expenditures","All",22680000
"New School",292,"computer and information sciences","All",41000
"New School",292,"geosciences atmospheric sciences and ocean sciences","All",239000
"New School",292,"life sciences","All",1440000
"New School",292,"mathematics and statistics","All",0
"New School",292,"physical sciences","All",0
"New School",292,"psychology","All",1040000
"New School",292,"social sciences","All",7393000
"New School",292,"sciences nec","All",2576000
"New School",292,"engineering","All",3565000
"New School",292,"all non s e fields","All",6386000
"U. Colorado Denver",293,"all r d expenditures","All",22530000
"U. Colorado Denver",293,"computer and information sciences","All",573000
"U. Colorado Denver",293,"geosciences atmospheric sciences and ocean sciences","All",893000
"U. Colorado Denver",293,"life sciences","All",5291000
"U. Colorado Denver",293,"mathematics and statistics","All",1613000
"U. Colorado Denver",293,"physical sciences","All",1924000
"U. Colorado Denver",293,"psychology","All",1218000
"U. Colorado Denver",293,"social sciences","All",432000
"U. Colorado Denver",293,"sciences nec","All",16000
"U. Colorado Denver",293,"engineering","All",4511000
"U. Colorado Denver",293,"all non s e fields","All",6059000
"U. Guam",294,"all r d expenditures","All",22388000
"U. Guam",294,"computer and information sciences","All",0
"U. Guam",294,"geosciences atmospheric sciences and ocean sciences","All",7715000
"U. Guam",294,"life sciences","All",13548000
"U. Guam",294,"mathematics and statistics","All",160000
"U. Guam",294,"physical sciences","All",266000
"U. Guam",294,"psychology","All",0
"U. Guam",294,"social sciences","All",126000
"U. Guam",294,"sciences nec","All",0
"U. Guam",294,"engineering","All",0
"U. Guam",294,"all non s e fields","All",573000
"Loma Linda U.",295,"all r d expenditures","All",22262000
"Loma Linda U.",295,"computer and information sciences","All",0
"Loma Linda U.",295,"geosciences atmospheric sciences and ocean sciences","All",0
"Loma Linda U.",295,"life sciences","All",20844000
"Loma Linda U.",295,"mathematics and statistics","All",0
"Loma Linda U.",295,"physical sciences","All",0
"Loma Linda U.",295,"psychology","All",1413000
"Loma Linda U.",295,"social sciences","All",0
"Loma Linda U.",295,"sciences nec","All",0
"Loma Linda U.",295,"engineering","All",0
"Loma Linda U.",295,"all non s e fields","All",5000
"Meharry Medical C.",296,"all r d expenditures","All",22002000
"Meharry Medical C.",296,"computer and information sciences","All",508000
"Meharry Medical C.",296,"geosciences atmospheric sciences and ocean sciences","All",0
"Meharry Medical C.",296,"life sciences","All",21494000
"Meharry Medical C.",296,"mathematics and statistics","All",0
"Meharry Medical C.",296,"physical sciences","All",0
"Meharry Medical C.",296,"psychology","All",0
"Meharry Medical C.",296,"social sciences","All",0
"Meharry Medical C.",296,"sciences nec","All",0
"Meharry Medical C.",296,"engineering","All",0
"Meharry Medical C.",296,"all non s e fields","All",0
"Southern Illinois U., Edwardsville",297,"all r d expenditures","All",21927000
"Southern Illinois U., Edwardsville",297,"computer and information sciences","All",129000
"Southern Illinois U., Edwardsville",297,"geosciences atmospheric sciences and ocean sciences","All",321000
"Southern Illinois U., Edwardsville",297,"life sciences","All",12048000
"Southern Illinois U., Edwardsville",297,"mathematics and statistics","All",0
"Southern Illinois U., Edwardsville",297,"physical sciences","All",955000
"Southern Illinois U., Edwardsville",297,"psychology","All",104000
"Southern Illinois U., Edwardsville",297,"social sciences","All",212000
"Southern Illinois U., Edwardsville",297,"sciences nec","All",361000
"Southern Illinois U., Edwardsville",297,"engineering","All",6427000
"Southern Illinois U., Edwardsville",297,"all non s e fields","All",1370000
"U. North Carolina, Wilmington",298,"all r d expenditures","All",21879000
"U. North Carolina, Wilmington",298,"computer and information sciences","All",1169000
"U. North Carolina, Wilmington",298,"geosciences atmospheric sciences and ocean sciences","All",7843000
"U. North Carolina, Wilmington",298,"life sciences","All",7597000
"U. North Carolina, Wilmington",298,"mathematics and statistics","All",53000
"U. North Carolina, Wilmington",298,"physical sciences","All",1317000
"U. North Carolina, Wilmington",298,"psychology","All",272000
"U. North Carolina, Wilmington",298,"social sciences","All",1321000
"U. North Carolina, Wilmington",298,"sciences nec","All",384000
"U. North Carolina, Wilmington",298,"engineering","All",1317000
"U. North Carolina, Wilmington",298,"all non s e fields","All",606000
"Prairie View A&M U.",299,"all r d expenditures","All",21791000
"Prairie View A&M U.",299,"computer and information sciences","All",671000
"Prairie View A&M U.",299,"geosciences atmospheric sciences and ocean sciences","All",2000
"Prairie View A&M U.",299,"life sciences","All",10328000
"Prairie View A&M U.",299,"mathematics and statistics","All",40000
"Prairie View A&M U.",299,"physical sciences","All",1545000
"Prairie View A&M U.",299,"psychology","All",5000
"Prairie View A&M U.",299,"social sciences","All",431000
"Prairie View A&M U.",299,"sciences nec","All",4000
"Prairie View A&M U.",299,"engineering","All",5101000
"Prairie View A&M U.",299,"all non s e fields","All",3664000
"U. Akron",300,"all r d expenditures","All",21525000
"U. Akron",300,"computer and information sciences","All",132000
"U. Akron",300,"geosciences atmospheric sciences and ocean sciences","All",261000
"U. Akron",300,"life sciences","All",1185000
"U. Akron",300,"mathematics and statistics","All",78000
"U. Akron",300,"physical sciences","All",9555000
"U. Akron",300,"psychology","All",435000
"U. Akron",300,"social sciences","All",131000
"U. Akron",300,"sciences nec","All",150000
"U. Akron",300,"engineering","All",8851000
"U. Akron",300,"all non s e fields","All",747000
"California State U., Long Beach",301,"all r d expenditures","All",21458000
"California State U., Long Beach",301,"computer and information sciences","All",542000
"California State U., Long Beach",301,"geosciences atmospheric sciences and ocean sciences","All",514000
"California State U., Long Beach",301,"life sciences","All",7345000
"California State U., Long Beach",301,"mathematics and statistics","All",534000
"California State U., Long Beach",301,"physical sciences","All",2993000
"California State U., Long Beach",301,"psychology","All",2056000
"California State U., Long Beach",301,"social sciences","All",1113000
"California State U., Long Beach",301,"sciences nec","All",365000
"California State U., Long Beach",301,"engineering","All",3160000
"California State U., Long Beach",301,"all non s e fields","All",2836000
"California State U., East Bay",302,"all r d expenditures","All",21312000
"California State U., East Bay",302,"computer and information sciences","All",136000
"California State U., East Bay",302,"geosciences atmospheric sciences and ocean sciences","All",671000
"California State U., East Bay",302,"life sciences","All",2537000
"California State U., East Bay",302,"mathematics and statistics","All",180000
"California State U., East Bay",302,"physical sciences","All",999000
"California State U., East Bay",302,"psychology","All",418000
"California State U., East Bay",302,"social sciences","All",936000
"California State U., East Bay",302,"sciences nec","All",0
"California State U., East Bay",302,"engineering","All",155000
"California State U., East Bay",302,"all non s e fields","All",15280000
"James Madison U.",303,"all r d expenditures","All",21265000
"James Madison U.",303,"computer and information sciences","All",1156000
"James Madison U.",303,"geosciences atmospheric sciences and ocean sciences","All",1073000
"James Madison U.",303,"life sciences","All",4300000
"James Madison U.",303,"mathematics and statistics","All",301000
"James Madison U.",303,"physical sciences","All",2525000
"James Madison U.",303,"psychology","All",985000
"James Madison U.",303,"social sciences","All",673000
"James Madison U.",303,"sciences nec","All",31000
"James Madison U.",303,"engineering","All",576000
"James Madison U.",303,"all non s e fields","All",9645000
"Tennessee Technological U.",304,"all r d expenditures","All",20797000
"Tennessee Technological U.",304,"computer and information sciences","All",3548000
"Tennessee Technological U.",304,"geosciences atmospheric sciences and ocean sciences","All",51000
"Tennessee Technological U.",304,"life sciences","All",4713000
"Tennessee Technological U.",304,"mathematics and statistics","All",0
"Tennessee Technological U.",304,"physical sciences","All",682000
"Tennessee Technological U.",304,"psychology","All",189000
"Tennessee Technological U.",304,"social sciences","All",68000
"Tennessee Technological U.",304,"sciences nec","All",1000
"Tennessee Technological U.",304,"engineering","All",9802000
"Tennessee Technological U.",304,"all non s e fields","All",1743000
"Bowling Green State U.",305,"all r d expenditures","All",20726000
"Bowling Green State U.",305,"computer and information sciences","All",456000
"Bowling Green State U.",305,"geosciences atmospheric sciences and ocean sciences","All",2062000
"Bowling Green State U.",305,"life sciences","All",4114000
"Bowling Green State U.",305,"mathematics and statistics","All",163000
"Bowling Green State U.",305,"physical sciences","All",1994000
"Bowling Green State U.",305,"psychology","All",885000
"Bowling Green State U.",305,"social sciences","All",4328000
"Bowling Green State U.",305,"sciences nec","All",110000
"Bowling Green State U.",305,"engineering","All",189000
"Bowling Green State U.",305,"all non s e fields","All",6425000
"U.S. Military Academy",306,"all r d expenditures","All",20493000
"U.S. Military Academy",306,"computer and information sciences","All",4064000
"U.S. Military Academy",306,"geosciences atmospheric sciences and ocean sciences","All",144000
"U.S. Military Academy",306,"life sciences","All",167000
"U.S. Military Academy",306,"mathematics and statistics","All",2073000
"U.S. Military Academy",306,"physical sciences","All",408000
"U.S. Military Academy",306,"psychology","All",192000
"U.S. Military Academy",306,"social sciences","All",5737000
"U.S. Military Academy",306,"sciences nec","All",0
"U.S. Military Academy",306,"engineering","All",7462000
"U.S. Military Academy",306,"all non s e fields","All",246000
"U. New Orleans",307,"all r d expenditures","All",20396000
"U. New Orleans",307,"computer and information sciences","All",2579000
"U. New Orleans",307,"geosciences atmospheric sciences and ocean sciences","All",947000
"U. New Orleans",307,"life sciences","All",1181000
"U. New Orleans",307,"mathematics and statistics","All",642000
"U. New Orleans",307,"physical sciences","All",2094000
"U. New Orleans",307,"psychology","All",1034000
"U. New Orleans",307,"social sciences","All",1908000
"U. New Orleans",307,"sciences nec","All",523000
"U. New Orleans",307,"engineering","All",2509000
"U. New Orleans",307,"all non s e fields","All",6979000
"South Dakota School of Mines and Technology",308,"all r d expenditures","All",20337000
"South Dakota School of Mines and Technology",308,"computer and information sciences","All",325000
"South Dakota School of Mines and Technology",308,"geosciences atmospheric sciences and ocean sciences","All",0
"South Dakota School of Mines and Technology",308,"life sciences","All",0
"South Dakota School of Mines and Technology",308,"mathematics and statistics","All",95000
"South Dakota School of Mines and Technology",308,"physical sciences","All",4365000
"South Dakota School of Mines and Technology",308,"psychology","All",0
"South Dakota School of Mines and Technology",308,"social sciences","All",0
"South Dakota School of Mines and Technology",308,"sciences nec","All",0
"South Dakota School of Mines and Technology",308,"engineering","All",15552000
"South Dakota School of Mines and Technology",308,"all non s e fields","All",0
"U. of the Virgin Islands",309,"all r d expenditures","All",20259000
"U. of the Virgin Islands",309,"computer and information sciences","All",267000
"U. of the Virgin Islands",309,"geosciences atmospheric sciences and ocean sciences","All",8729000
"U. of the Virgin Islands",309,"life sciences","All",8130000
"U. of the Virgin Islands",309,"mathematics and statistics","All",679000
"U. of the Virgin Islands",309,"physical sciences","All",1130000
"U. of the Virgin Islands",309,"psychology","All",0
"U. of the Virgin Islands",309,"social sciences","All",534000
"U. of the Virgin Islands",309,"sciences nec","All",0
"U. of the Virgin Islands",309,"engineering","All",790000
"U. of the Virgin Islands",309,"all non s e fields","All",0
"U. Alaska, Anchorage",310,"all r d expenditures","All",19850000
"U. Alaska, Anchorage",310,"computer and information sciences","All",165000
"U. Alaska, Anchorage",310,"geosciences atmospheric sciences and ocean sciences","All",2790000
"U. Alaska, Anchorage",310,"life sciences","All",9605000
"U. Alaska, Anchorage",310,"mathematics and statistics","All",0
"U. Alaska, Anchorage",310,"physical sciences","All",505000
"U. Alaska, Anchorage",310,"psychology","All",0
"U. Alaska, Anchorage",310,"social sciences","All",2384000
"U. Alaska, Anchorage",310,"sciences nec","All",1440000
"U. Alaska, Anchorage",310,"engineering","All",1878000
"U. Alaska, Anchorage",310,"all non s e fields","All",1083000
"Charles R. Drew U. of Medicine and Science",311,"all r d expenditures","All",19551000
"Charles R. Drew U. of Medicine and Science",311,"computer and information sciences","All",0
"Charles R. Drew U. of Medicine and Science",311,"geosciences atmospheric sciences and ocean sciences","All",0
"Charles R. Drew U. of Medicine and Science",311,"life sciences","All",19551000
"Charles R. Drew U. of Medicine and Science",311,"mathematics and statistics","All",0
"Charles R. Drew U. of Medicine and Science",311,"physical sciences","All",0
"Charles R. Drew U. of Medicine and Science",311,"psychology","All",0
"Charles R. Drew U. of Medicine and Science",311,"social sciences","All",0
"Charles R. Drew U. of Medicine and Science",311,"sciences nec","All",0
"Charles R. Drew U. of Medicine and Science",311,"engineering","All",0
"Charles R. Drew U. of Medicine and Science",311,"all non s e fields","All",0
"Jackson State U.",312,"all r d expenditures","All",19457000
"Jackson State U.",312,"computer and information sciences","All",383000
"Jackson State U.",312,"geosciences atmospheric sciences and ocean sciences","All",0
"Jackson State U.",312,"life sciences","All",6183000
"Jackson State U.",312,"mathematics and statistics","All",128000
"Jackson State U.",312,"physical sciences","All",7333000
"Jackson State U.",312,"psychology","All",167000
"Jackson State U.",312,"social sciences","All",559000
"Jackson State U.",312,"sciences nec","All",618000
"Jackson State U.",312,"engineering","All",3214000
"Jackson State U.",312,"all non s e fields","All",872000
"Alcorn State U.",313,"all r d expenditures","All",19141000
"Alcorn State U.",313,"computer and information sciences","All",0
"Alcorn State U.",313,"geosciences atmospheric sciences and ocean sciences","All",0
"Alcorn State U.",313,"life sciences","All",11432000
"Alcorn State U.",313,"mathematics and statistics","All",0
"Alcorn State U.",313,"physical sciences","All",0
"Alcorn State U.",313,"psychology","All",0
"Alcorn State U.",313,"social sciences","All",6360000
"Alcorn State U.",313,"sciences nec","All",0
"Alcorn State U.",313,"engineering","All",1349000
"Alcorn State U.",313,"all non s e fields","All",0
"California State Polytechnic U., Humboldt",314,"all r d expenditures","All",18800000
"California State Polytechnic U., Humboldt",314,"computer and information sciences","All",39000
"California State Polytechnic U., Humboldt",314,"geosciences atmospheric sciences and ocean sciences","All",1264000
"California State Polytechnic U., Humboldt",314,"life sciences","All",6526000
"California State Polytechnic U., Humboldt",314,"mathematics and statistics","All",32000
"California State Polytechnic U., Humboldt",314,"physical sciences","All",1038000
"California State Polytechnic U., Humboldt",314,"psychology","All",4000
"California State Polytechnic U., Humboldt",314,"social sciences","All",2072000
"California State Polytechnic U., Humboldt",314,"sciences nec","All",735000
"California State Polytechnic U., Humboldt",314,"engineering","All",5920000
"California State Polytechnic U., Humboldt",314,"all non s e fields","All",1170000
"North Carolina Central U.",315,"all r d expenditures","All",18477000
"North Carolina Central U.",315,"computer and information sciences","All",157000
"North Carolina Central U.",315,"geosciences atmospheric sciences and ocean sciences","All",261000
"North Carolina Central U.",315,"life sciences","All",7115000
"North Carolina Central U.",315,"mathematics and statistics","All",0
"North Carolina Central U.",315,"physical sciences","All",5524000
"North Carolina Central U.",315,"psychology","All",0
"North Carolina Central U.",315,"social sciences","All",357000
"North Carolina Central U.",315,"sciences nec","All",293000
"North Carolina Central U.",315,"engineering","All",2317000
"North Carolina Central U.",315,"all non s e fields","All",2453000
"Montana Technological U.",316,"all r d expenditures","All",18375000
"Montana Technological U.",316,"computer and information sciences","All",49000
"Montana Technological U.",316,"geosciences atmospheric sciences and ocean sciences","All",11289000
"Montana Technological U.",316,"life sciences","All",803000
"Montana Technological U.",316,"mathematics and statistics","All",0
"Montana Technological U.",316,"physical sciences","All",83000
"Montana Technological U.",316,"psychology","All",0
"Montana Technological U.",316,"social sciences","All",0
"Montana Technological U.",316,"sciences nec","All",0
"Montana Technological U.",316,"engineering","All",6151000
"Montana Technological U.",316,"all non s e fields","All",0
"Idaho State U.",317,"all r d expenditures","All",17548000
"Idaho State U.",317,"computer and information sciences","All",1596000
"Idaho State U.",317,"geosciences atmospheric sciences and ocean sciences","All",1893000
"Idaho State U.",317,"life sciences","All",5984000
"Idaho State U.",317,"mathematics and statistics","All",70000
"Idaho State U.",317,"physical sciences","All",1225000
"Idaho State U.",317,"psychology","All",43000
"Idaho State U.",317,"social sciences","All",183000
"Idaho State U.",317,"sciences nec","All",826000
"Idaho State U.",317,"engineering","All",5435000
"Idaho State U.",317,"all non s e fields","All",293000
"CUNY, Advanced Science Research Center",318,"all r d expenditures","All",17309000
"CUNY, Advanced Science Research Center",318,"computer and information sciences","All",0
"CUNY, Advanced Science Research Center",318,"geosciences atmospheric sciences and ocean sciences","All",570000
"CUNY, Advanced Science Research Center",318,"life sciences","All",5548000
"CUNY, Advanced Science Research Center",318,"mathematics and statistics","All",0
"CUNY, Advanced Science Research Center",318,"physical sciences","All",9285000
"CUNY, Advanced Science Research Center",318,"psychology","All",0
"CUNY, Advanced Science Research Center",318,"social sciences","All",0
"CUNY, Advanced Science Research Center",318,"sciences nec","All",0
"CUNY, Advanced Science Research Center",318,"engineering","All",1871000
"CUNY, Advanced Science Research Center",318,"all non s e fields","All",35000
"Towson U.",319,"all r d expenditures","All",17198000
"Towson U.",319,"computer and information sciences","All",2485000
"Towson U.",319,"geosciences atmospheric sciences and ocean sciences","All",508000
"Towson U.",319,"life sciences","All",3100000
"Towson U.",319,"mathematics and statistics","All",899000
"Towson U.",319,"physical sciences","All",1576000
"Towson U.",319,"psychology","All",923000
"Towson U.",319,"social sciences","All",2217000
"Towson U.",319,"sciences nec","All",114000
"Towson U.",319,"engineering","All",0
"Towson U.",319,"all non s e fields","All",5376000
"New York Medical C.",320,"all r d expenditures","All",17113000
"New York Medical C.",320,"computer and information sciences","All",0
"New York Medical C.",320,"geosciences atmospheric sciences and ocean sciences","All",0
"New York Medical C.",320,"life sciences","All",17113000
"New York Medical C.",320,"mathematics and statistics","All",0
"New York Medical C.",320,"physical sciences","All",0
"New York Medical C.",320,"psychology","All",0
"New York Medical C.",320,"social sciences","All",0
"New York Medical C.",320,"sciences nec","All",0
"New York Medical C.",320,"engineering","All",0
"New York Medical C.",320,"all non s e fields","All",0
"Florida Institute of Technology",321,"all r d expenditures","All",16859000
"Florida Institute of Technology",321,"computer and information sciences","All",3416000
"Florida Institute of Technology",321,"geosciences atmospheric sciences and ocean sciences","All",3062000
"Florida Institute of Technology",321,"life sciences","All",1682000
"Florida Institute of Technology",321,"mathematics and statistics","All",210000
"Florida Institute of Technology",321,"physical sciences","All",2408000
"Florida Institute of Technology",321,"psychology","All",819000
"Florida Institute of Technology",321,"social sciences","All",0
"Florida Institute of Technology",321,"sciences nec","All",0
"Florida Institute of Technology",321,"engineering","All",5021000
"Florida Institute of Technology",321,"all non s e fields","All",241000
"Long Island U.",322,"all r d expenditures","All",16612000
"Long Island U.",322,"computer and information sciences","All",234000
"Long Island U.",322,"geosciences atmospheric sciences and ocean sciences","All",59000
"Long Island U.",322,"life sciences","All",9621000
"Long Island U.",322,"mathematics and statistics","All",226000
"Long Island U.",322,"physical sciences","All",1015000
"Long Island U.",322,"psychology","All",1131000
"Long Island U.",322,"social sciences","All",681000
"Long Island U.",322,"sciences nec","All",0
"Long Island U.",322,"engineering","All",0
"Long Island U.",322,"all non s e fields","All",3645000
"Texas Southern U.",323,"all r d expenditures","All",16287000
"Texas Southern U.",323,"computer and information sciences","All",1e+05
"Texas Southern U.",323,"geosciences atmospheric sciences and ocean sciences","All",0
"Texas Southern U.",323,"life sciences","All",11092000
"Texas Southern U.",323,"mathematics and statistics","All",125000
"Texas Southern U.",323,"physical sciences","All",1823000
"Texas Southern U.",323,"psychology","All",661000
"Texas Southern U.",323,"social sciences","All",1096000
"Texas Southern U.",323,"sciences nec","All",0
"Texas Southern U.",323,"engineering","All",75000
"Texas Southern U.",323,"all non s e fields","All",1315000
"Western Washington U.",324,"all r d expenditures","All",15874000
"Western Washington U.",324,"computer and information sciences","All",482000
"Western Washington U.",324,"geosciences atmospheric sciences and ocean sciences","All",3008000
"Western Washington U.",324,"life sciences","All",864000
"Western Washington U.",324,"mathematics and statistics","All",536000
"Western Washington U.",324,"physical sciences","All",3100000
"Western Washington U.",324,"psychology","All",904000
"Western Washington U.",324,"social sciences","All",1173000
"Western Washington U.",324,"sciences nec","All",1765000
"Western Washington U.",324,"engineering","All",884000
"Western Washington U.",324,"all non s e fields","All",3158000
"Alabama A&M U.",325,"all r d expenditures","All",15588000
"Alabama A&M U.",325,"computer and information sciences","All",557000
"Alabama A&M U.",325,"geosciences atmospheric sciences and ocean sciences","All",0
"Alabama A&M U.",325,"life sciences","All",9197000
"Alabama A&M U.",325,"mathematics and statistics","All",118000
"Alabama A&M U.",325,"physical sciences","All",1143000
"Alabama A&M U.",325,"psychology","All",310000
"Alabama A&M U.",325,"social sciences","All",447000
"Alabama A&M U.",325,"sciences nec","All",0
"Alabama A&M U.",325,"engineering","All",3018000
"Alabama A&M U.",325,"all non s e fields","All",798000
"Fort Valley State U.",326,"all r d expenditures","All",15536000
"Fort Valley State U.",326,"computer and information sciences","All",0
"Fort Valley State U.",326,"geosciences atmospheric sciences and ocean sciences","All",70000
"Fort Valley State U.",326,"life sciences","All",15331000
"Fort Valley State U.",326,"mathematics and statistics","All",17000
"Fort Valley State U.",326,"physical sciences","All",118000
"Fort Valley State U.",326,"psychology","All",0
"Fort Valley State U.",326,"social sciences","All",0
"Fort Valley State U.",326,"sciences nec","All",0
"Fort Valley State U.",326,"engineering","All",0
"Fort Valley State U.",326,"all non s e fields","All",0
"Xavier U. Louisiana",327,"all r d expenditures","All",15519000
"Xavier U. Louisiana",327,"computer and information sciences","All",540000
"Xavier U. Louisiana",327,"geosciences atmospheric sciences and ocean sciences","All",0
"Xavier U. Louisiana",327,"life sciences","All",7030000
"Xavier U. Louisiana",327,"mathematics and statistics","All",0
"Xavier U. Louisiana",327,"physical sciences","All",7701000
"Xavier U. Louisiana",327,"psychology","All",0
"Xavier U. Louisiana",327,"social sciences","All",91000
"Xavier U. Louisiana",327,"sciences nec","All",0
"Xavier U. Louisiana",327,"engineering","All",135000
"Xavier U. Louisiana",327,"all non s e fields","All",22000
"Duquesne U.",328,"all r d expenditures","All",14989000
"Duquesne U.",328,"computer and information sciences","All",0
"Duquesne U.",328,"geosciences atmospheric sciences and ocean sciences","All",236000
"Duquesne U.",328,"life sciences","All",10506000
"Duquesne U.",328,"mathematics and statistics","All",83000
"Duquesne U.",328,"physical sciences","All",726000
"Duquesne U.",328,"psychology","All",83000
"Duquesne U.",328,"social sciences","All",253000
"Duquesne U.",328,"sciences nec","All",0
"Duquesne U.",328,"engineering","All",187000
"Duquesne U.",328,"all non s e fields","All",2915000
"U. Tennessee, Chattanooga",329,"all r d expenditures","All",14671000
"U. Tennessee, Chattanooga",329,"computer and information sciences","All",684000
"U. Tennessee, Chattanooga",329,"geosciences atmospheric sciences and ocean sciences","All",4000
"U. Tennessee, Chattanooga",329,"life sciences","All",1055000
"U. Tennessee, Chattanooga",329,"mathematics and statistics","All",608000
"U. Tennessee, Chattanooga",329,"physical sciences","All",662000
"U. Tennessee, Chattanooga",329,"psychology","All",395000
"U. Tennessee, Chattanooga",329,"social sciences","All",208000
"U. Tennessee, Chattanooga",329,"sciences nec","All",4516000
"U. Tennessee, Chattanooga",329,"engineering","All",4138000
"U. Tennessee, Chattanooga",329,"all non s e fields","All",2401000
"Missouri State U.",330,"all r d expenditures","All",14654000
"Missouri State U.",330,"computer and information sciences","All",0
"Missouri State U.",330,"geosciences atmospheric sciences and ocean sciences","All",228000
"Missouri State U.",330,"life sciences","All",1438000
"Missouri State U.",330,"mathematics and statistics","All",0
"Missouri State U.",330,"physical sciences","All",164000
"Missouri State U.",330,"psychology","All",71000
"Missouri State U.",330,"social sciences","All",120000
"Missouri State U.",330,"sciences nec","All",0
"Missouri State U.",330,"engineering","All",12633000
"Missouri State U.",330,"all non s e fields","All",0
"Salisbury U.",331,"all r d expenditures","All",14557000
"Salisbury U.",331,"computer and information sciences","All",357000
"Salisbury U.",331,"geosciences atmospheric sciences and ocean sciences","All",2719000
"Salisbury U.",331,"life sciences","All",1962000
"Salisbury U.",331,"mathematics and statistics","All",133000
"Salisbury U.",331,"physical sciences","All",396000
"Salisbury U.",331,"psychology","All",39000
"Salisbury U.",331,"social sciences","All",532000
"Salisbury U.",331,"sciences nec","All",36000
"Salisbury U.",331,"engineering","All",3000
"Salisbury U.",331,"all non s e fields","All",8380000
"U. Hawaii, system office",332,"all r d expenditures","All",14172000
"U. Hawaii, system office",332,"computer and information sciences","All",574000
"U. Hawaii, system office",332,"geosciences atmospheric sciences and ocean sciences","All",13598000
"U. Hawaii, system office",332,"life sciences","All",0
"U. Hawaii, system office",332,"mathematics and statistics","All",0
"U. Hawaii, system office",332,"physical sciences","All",0
"U. Hawaii, system office",332,"psychology","All",0
"U. Hawaii, system office",332,"social sciences","All",0
"U. Hawaii, system office",332,"sciences nec","All",0
"U. Hawaii, system office",332,"engineering","All",0
"U. Hawaii, system office",332,"all non s e fields","All",0
"Loyola Marymount U.",333,"all r d expenditures","All",14086000
"Loyola Marymount U.",333,"computer and information sciences","All",98000
"Loyola Marymount U.",333,"geosciences atmospheric sciences and ocean sciences","All",13000
"Loyola Marymount U.",333,"life sciences","All",1620000
"Loyola Marymount U.",333,"mathematics and statistics","All",0
"Loyola Marymount U.",333,"physical sciences","All",252000
"Loyola Marymount U.",333,"psychology","All",1992000
"Loyola Marymount U.",333,"social sciences","All",2507000
"Loyola Marymount U.",333,"sciences nec","All",334000
"Loyola Marymount U.",333,"engineering","All",0
"Loyola Marymount U.",333,"all non s e fields","All",7270000
"U. Puerto Rico, Mayaguez",334,"all r d expenditures","All",13989000
"U. Puerto Rico, Mayaguez",334,"computer and information sciences","All",333000
"U. Puerto Rico, Mayaguez",334,"geosciences atmospheric sciences and ocean sciences","All",1976000
"U. Puerto Rico, Mayaguez",334,"life sciences","All",368000
"U. Puerto Rico, Mayaguez",334,"mathematics and statistics","All",51000
"U. Puerto Rico, Mayaguez",334,"physical sciences","All",2339000
"U. Puerto Rico, Mayaguez",334,"psychology","All",0
"U. Puerto Rico, Mayaguez",334,"social sciences","All",177000
"U. Puerto Rico, Mayaguez",334,"sciences nec","All",0
"U. Puerto Rico, Mayaguez",334,"engineering","All",7401000
"U. Puerto Rico, Mayaguez",334,"all non s e fields","All",1344000
"Virginia State U.",335,"all r d expenditures","All",13504000
"Virginia State U.",335,"computer and information sciences","All",102000
"Virginia State U.",335,"geosciences atmospheric sciences and ocean sciences","All",45000
"Virginia State U.",335,"life sciences","All",8961000
"Virginia State U.",335,"mathematics and statistics","All",36000
"Virginia State U.",335,"physical sciences","All",144000
"Virginia State U.",335,"psychology","All",323000
"Virginia State U.",335,"social sciences","All",16000
"Virginia State U.",335,"sciences nec","All",1000
"Virginia State U.",335,"engineering","All",2110000
"Virginia State U.",335,"all non s e fields","All",1766000
"DePaul U.",336,"all r d expenditures","All",13267000
"DePaul U.",336,"computer and information sciences","All",1399000
"DePaul U.",336,"geosciences atmospheric sciences and ocean sciences","All",456000
"DePaul U.",336,"life sciences","All",3609000
"DePaul U.",336,"mathematics and statistics","All",168000
"DePaul U.",336,"physical sciences","All",16000
"DePaul U.",336,"psychology","All",267000
"DePaul U.",336,"social sciences","All",544000
"DePaul U.",336,"sciences nec","All",0
"DePaul U.",336,"engineering","All",106000
"DePaul U.",336,"all non s e fields","All",6702000
"Texas Tech U., Health Sciences Center, El Paso",337,"all r d expenditures","All",13189000
"Texas Tech U., Health Sciences Center, El Paso",337,"computer and information sciences","All",0
"Texas Tech U., Health Sciences Center, El Paso",337,"geosciences atmospheric sciences and ocean sciences","All",0
"Texas Tech U., Health Sciences Center, El Paso",337,"life sciences","All",11829000
"Texas Tech U., Health Sciences Center, El Paso",337,"mathematics and statistics","All",0
"Texas Tech U., Health Sciences Center, El Paso",337,"physical sciences","All",0
"Texas Tech U., Health Sciences Center, El Paso",337,"psychology","All",0
"Texas Tech U., Health Sciences Center, El Paso",337,"social sciences","All",0
"Texas Tech U., Health Sciences Center, El Paso",337,"sciences nec","All",0
"Texas Tech U., Health Sciences Center, El Paso",337,"engineering","All",0
"Texas Tech U., Health Sciences Center, El Paso",337,"all non s e fields","All",1360000
"California State U., San Bernardino",338,"all r d expenditures","All",13152000
"California State U., San Bernardino",338,"computer and information sciences","All",1228000
"California State U., San Bernardino",338,"geosciences atmospheric sciences and ocean sciences","All",239000
"California State U., San Bernardino",338,"life sciences","All",1559000
"California State U., San Bernardino",338,"mathematics and statistics","All",462000
"California State U., San Bernardino",338,"physical sciences","All",3067000
"California State U., San Bernardino",338,"psychology","All",3229000
"California State U., San Bernardino",338,"social sciences","All",349000
"California State U., San Bernardino",338,"sciences nec","All",208000
"California State U., San Bernardino",338,"engineering","All",1108000
"California State U., San Bernardino",338,"all non s e fields","All",1703000
"Northeast Ohio Medical U.",339,"all r d expenditures","All",13116000
"Northeast Ohio Medical U.",339,"computer and information sciences","All",0
"Northeast Ohio Medical U.",339,"geosciences atmospheric sciences and ocean sciences","All",137000
"Northeast Ohio Medical U.",339,"life sciences","All",12577000
"Northeast Ohio Medical U.",339,"mathematics and statistics","All",0
"Northeast Ohio Medical U.",339,"physical sciences","All",0
"Northeast Ohio Medical U.",339,"psychology","All",0
"Northeast Ohio Medical U.",339,"social sciences","All",290000
"Northeast Ohio Medical U.",339,"sciences nec","All",91000
"Northeast Ohio Medical U.",339,"engineering","All",0
"Northeast Ohio Medical U.",339,"all non s e fields","All",21000
"U. San Diego",340,"all r d expenditures","All",12902000
"U. San Diego",340,"computer and information sciences","All",0
"U. San Diego",340,"geosciences atmospheric sciences and ocean sciences","All",190000
"U. San Diego",340,"life sciences","All",541000
"U. San Diego",340,"mathematics and statistics","All",2125000
"U. San Diego",340,"physical sciences","All",1758000
"U. San Diego",340,"psychology","All",166000
"U. San Diego",340,"social sciences","All",1150000
"U. San Diego",340,"sciences nec","All",0
"U. San Diego",340,"engineering","All",608000
"U. San Diego",340,"all non s e fields","All",6364000
"U. Missouri, Saint Louis",341,"all r d expenditures","All",12808000
"U. Missouri, Saint Louis",341,"computer and information sciences","All",225000
"U. Missouri, Saint Louis",341,"geosciences atmospheric sciences and ocean sciences","All",28000
"U. Missouri, Saint Louis",341,"life sciences","All",5767000
"U. Missouri, Saint Louis",341,"mathematics and statistics","All",135000
"U. Missouri, Saint Louis",341,"physical sciences","All",1336000
"U. Missouri, Saint Louis",341,"psychology","All",680000
"U. Missouri, Saint Louis",341,"social sciences","All",2250000
"U. Missouri, Saint Louis",341,"sciences nec","All",195000
"U. Missouri, Saint Louis",341,"engineering","All",38000
"U. Missouri, Saint Louis",341,"all non s e fields","All",2154000
"Midwestern U.",342,"all r d expenditures","All",12725000
"Midwestern U.",342,"computer and information sciences","All",0
"Midwestern U.",342,"geosciences atmospheric sciences and ocean sciences","All",0
"Midwestern U.",342,"life sciences","All",12725000
"Midwestern U.",342,"mathematics and statistics","All",0
"Midwestern U.",342,"physical sciences","All",0
"Midwestern U.",342,"psychology","All",0
"Midwestern U.",342,"social sciences","All",0
"Midwestern U.",342,"sciences nec","All",0
"Midwestern U.",342,"engineering","All",0
"Midwestern U.",342,"all non s e fields","All",0
"Oklahoma State U., Center for Health Sciences",343,"all r d expenditures","All",12500000
"Oklahoma State U., Center for Health Sciences",343,"computer and information sciences","All",107000
"Oklahoma State U., Center for Health Sciences",343,"geosciences atmospheric sciences and ocean sciences","All",0
"Oklahoma State U., Center for Health Sciences",343,"life sciences","All",9376000
"Oklahoma State U., Center for Health Sciences",343,"mathematics and statistics","All",0
"Oklahoma State U., Center for Health Sciences",343,"physical sciences","All",0
"Oklahoma State U., Center for Health Sciences",343,"psychology","All",2998000
"Oklahoma State U., Center for Health Sciences",343,"social sciences","All",0
"Oklahoma State U., Center for Health Sciences",343,"sciences nec","All",0
"Oklahoma State U., Center for Health Sciences",343,"engineering","All",0
"Oklahoma State U., Center for Health Sciences",343,"all non s e fields","All",19000
"Sam Houston State U.",344,"all r d expenditures","All",11760000
"Sam Houston State U.",344,"computer and information sciences","All",109000
"Sam Houston State U.",344,"geosciences atmospheric sciences and ocean sciences","All",86000
"Sam Houston State U.",344,"life sciences","All",1829000
"Sam Houston State U.",344,"mathematics and statistics","All",455000
"Sam Houston State U.",344,"physical sciences","All",467000
"Sam Houston State U.",344,"psychology","All",208000
"Sam Houston State U.",344,"social sciences","All",4784000
"Sam Houston State U.",344,"sciences nec","All",0
"Sam Houston State U.",344,"engineering","All",109000
"Sam Houston State U.",344,"all non s e fields","All",3713000
"Ball State U.",345,"all r d expenditures","All",11650000
"Ball State U.",345,"computer and information sciences","All",56000
"Ball State U.",345,"geosciences atmospheric sciences and ocean sciences","All",0
"Ball State U.",345,"life sciences","All",5898000
"Ball State U.",345,"mathematics and statistics","All",1e+05
"Ball State U.",345,"physical sciences","All",1277000
"Ball State U.",345,"psychology","All",446000
"Ball State U.",345,"social sciences","All",570000
"Ball State U.",345,"sciences nec","All",0
"Ball State U.",345,"engineering","All",32000
"Ball State U.",345,"all non s e fields","All",3271000
"Rosalind Franklin U. of Medicine and Science",346,"all r d expenditures","All",11629000
"Rosalind Franklin U. of Medicine and Science",346,"computer and information sciences","All",0
"Rosalind Franklin U. of Medicine and Science",346,"geosciences atmospheric sciences and ocean sciences","All",0
"Rosalind Franklin U. of Medicine and Science",346,"life sciences","All",11116000
"Rosalind Franklin U. of Medicine and Science",346,"mathematics and statistics","All",0
"Rosalind Franklin U. of Medicine and Science",346,"physical sciences","All",0
"Rosalind Franklin U. of Medicine and Science",346,"psychology","All",513000
"Rosalind Franklin U. of Medicine and Science",346,"social sciences","All",0
"Rosalind Franklin U. of Medicine and Science",346,"sciences nec","All",0
"Rosalind Franklin U. of Medicine and Science",346,"engineering","All",0
"Rosalind Franklin U. of Medicine and Science",346,"all non s e fields","All",0
"Kentucky State U.",347,"all r d expenditures","All",11591000
"Kentucky State U.",347,"computer and information sciences","All",13000
"Kentucky State U.",347,"geosciences atmospheric sciences and ocean sciences","All",0
"Kentucky State U.",347,"life sciences","All",11578000
"Kentucky State U.",347,"mathematics and statistics","All",0
"Kentucky State U.",347,"physical sciences","All",0
"Kentucky State U.",347,"psychology","All",0
"Kentucky State U.",347,"social sciences","All",0
"Kentucky State U.",347,"sciences nec","All",0
"Kentucky State U.",347,"engineering","All",0
"Kentucky State U.",347,"all non s e fields","All",0
"Clark U.",348,"all r d expenditures","All",11539000
"Clark U.",348,"computer and information sciences","All",326000
"Clark U.",348,"geosciences atmospheric sciences and ocean sciences","All",1430000
"Clark U.",348,"life sciences","All",3733000
"Clark U.",348,"mathematics and statistics","All",15000
"Clark U.",348,"physical sciences","All",1435000
"Clark U.",348,"psychology","All",613000
"Clark U.",348,"social sciences","All",3741000
"Clark U.",348,"sciences nec","All",0
"Clark U.",348,"engineering","All",0
"Clark U.",348,"all non s e fields","All",246000
"California State U., San Marcos",349,"all r d expenditures","All",11443000
"California State U., San Marcos",349,"computer and information sciences","All",640000
"California State U., San Marcos",349,"geosciences atmospheric sciences and ocean sciences","All",229000
"California State U., San Marcos",349,"life sciences","All",2102000
"California State U., San Marcos",349,"mathematics and statistics","All",52000
"California State U., San Marcos",349,"physical sciences","All",1109000
"California State U., San Marcos",349,"psychology","All",894000
"California State U., San Marcos",349,"social sciences","All",140000
"California State U., San Marcos",349,"sciences nec","All",4551000
"California State U., San Marcos",349,"engineering","All",937000
"California State U., San Marcos",349,"all non s e fields","All",789000
"California State U., Fresno",350,"all r d expenditures","All",11411000
"California State U., Fresno",350,"computer and information sciences","All",219000
"California State U., Fresno",350,"geosciences atmospheric sciences and ocean sciences","All",221000
"California State U., Fresno",350,"life sciences","All",6128000
"California State U., Fresno",350,"mathematics and statistics","All",909000
"California State U., Fresno",350,"physical sciences","All",1295000
"California State U., Fresno",350,"psychology","All",186000
"California State U., Fresno",350,"social sciences","All",401000
"California State U., Fresno",350,"sciences nec","All",0
"California State U., Fresno",350,"engineering","All",1450000
"California State U., Fresno",350,"all non s e fields","All",602000
"Central State U.",351,"all r d expenditures","All",11123000
"Central State U.",351,"computer and information sciences","All",0
"Central State U.",351,"geosciences atmospheric sciences and ocean sciences","All",163000
"Central State U.",351,"life sciences","All",10270000
"Central State U.",351,"mathematics and statistics","All",59000
"Central State U.",351,"physical sciences","All",352000
"Central State U.",351,"psychology","All",0
"Central State U.",351,"social sciences","All",0
"Central State U.",351,"sciences nec","All",124000
"Central State U.",351,"engineering","All",155000
"Central State U.",351,"all non s e fields","All",0
"U.S. Naval Academy",352,"all r d expenditures","All",10920000
"U.S. Naval Academy",352,"computer and information sciences","All",1179000
"U.S. Naval Academy",352,"geosciences atmospheric sciences and ocean sciences","All",439000
"U.S. Naval Academy",352,"life sciences","All",0
"U.S. Naval Academy",352,"mathematics and statistics","All",1044000
"U.S. Naval Academy",352,"physical sciences","All",2148000
"U.S. Naval Academy",352,"psychology","All",0
"U.S. Naval Academy",352,"social sciences","All",262000
"U.S. Naval Academy",352,"sciences nec","All",0
"U.S. Naval Academy",352,"engineering","All",5848000
"U.S. Naval Academy",352,"all non s e fields","All",0
"U. Michigan, Dearborn",353,"all r d expenditures","All",10839000
"U. Michigan, Dearborn",353,"computer and information sciences","All",8000
"U. Michigan, Dearborn",353,"geosciences atmospheric sciences and ocean sciences","All",0
"U. Michigan, Dearborn",353,"life sciences","All",270000
"U. Michigan, Dearborn",353,"mathematics and statistics","All",416000
"U. Michigan, Dearborn",353,"physical sciences","All",515000
"U. Michigan, Dearborn",353,"psychology","All",319000
"U. Michigan, Dearborn",353,"social sciences","All",193000
"U. Michigan, Dearborn",353,"sciences nec","All",112000
"U. Michigan, Dearborn",353,"engineering","All",8414000
"U. Michigan, Dearborn",353,"all non s e fields","All",592000
"Wesleyan U.",354,"all r d expenditures","All",10828000
"Wesleyan U.",354,"computer and information sciences","All",0
"Wesleyan U.",354,"geosciences atmospheric sciences and ocean sciences","All",963000
"Wesleyan U.",354,"life sciences","All",1998000
"Wesleyan U.",354,"mathematics and statistics","All",659000
"Wesleyan U.",354,"physical sciences","All",2538000
"Wesleyan U.",354,"psychology","All",1193000
"Wesleyan U.",354,"social sciences","All",250000
"Wesleyan U.",354,"sciences nec","All",85000
"Wesleyan U.",354,"engineering","All",0
"Wesleyan U.",354,"all non s e fields","All",3142000
"U. Maryland, Eastern Shore",355,"all r d expenditures","All",10730000
"U. Maryland, Eastern Shore",355,"computer and information sciences","All",0
"U. Maryland, Eastern Shore",355,"geosciences atmospheric sciences and ocean sciences","All",3388000
"U. Maryland, Eastern Shore",355,"life sciences","All",7264000
"U. Maryland, Eastern Shore",355,"mathematics and statistics","All",0
"U. Maryland, Eastern Shore",355,"physical sciences","All",15000
"U. Maryland, Eastern Shore",355,"psychology","All",0
"U. Maryland, Eastern Shore",355,"social sciences","All",0
"U. Maryland, Eastern Shore",355,"sciences nec","All",0
"U. Maryland, Eastern Shore",355,"engineering","All",63000
"U. Maryland, Eastern Shore",355,"all non s e fields","All",0
"California State Polytechnic U., Pomona",356,"all r d expenditures","All",10722000
"California State Polytechnic U., Pomona",356,"computer and information sciences","All",432000
"California State Polytechnic U., Pomona",356,"geosciences atmospheric sciences and ocean sciences","All",4000
"California State Polytechnic U., Pomona",356,"life sciences","All",4204000
"California State Polytechnic U., Pomona",356,"mathematics and statistics","All",106000
"California State Polytechnic U., Pomona",356,"physical sciences","All",1453000
"California State Polytechnic U., Pomona",356,"psychology","All",19000
"California State Polytechnic U., Pomona",356,"social sciences","All",93000
"California State Polytechnic U., Pomona",356,"sciences nec","All",50000
"California State Polytechnic U., Pomona",356,"engineering","All",1673000
"California State Polytechnic U., Pomona",356,"all non s e fields","All",2688000
"Pacific U.",357,"all r d expenditures","All",10719000
"Pacific U.",357,"computer and information sciences","All",0
"Pacific U.",357,"geosciences atmospheric sciences and ocean sciences","All",0
"Pacific U.",357,"life sciences","All",6401000
"Pacific U.",357,"mathematics and statistics","All",0
"Pacific U.",357,"physical sciences","All",49000
"Pacific U.",357,"psychology","All",73000
"Pacific U.",357,"social sciences","All",125000
"Pacific U.",357,"sciences nec","All",0
"Pacific U.",357,"engineering","All",0
"Pacific U.",357,"all non s e fields","All",4071000
"California State U., Monterey Bay",358,"all r d expenditures","All",10678000
"California State U., Monterey Bay",358,"computer and information sciences","All",1294000
"California State U., Monterey Bay",358,"geosciences atmospheric sciences and ocean sciences","All",3299000
"California State U., Monterey Bay",358,"life sciences","All",5232000
"California State U., Monterey Bay",358,"mathematics and statistics","All",204000
"California State U., Monterey Bay",358,"physical sciences","All",349000
"California State U., Monterey Bay",358,"psychology","All",0
"California State U., Monterey Bay",358,"social sciences","All",148000
"California State U., Monterey Bay",358,"sciences nec","All",0
"California State U., Monterey Bay",358,"engineering","All",23000
"California State U., Monterey Bay",358,"all non s e fields","All",129000
"Pepperdine U.",359,"all r d expenditures","All",10632000
"Pepperdine U.",359,"computer and information sciences","All",5000
"Pepperdine U.",359,"geosciences atmospheric sciences and ocean sciences","All",0
"Pepperdine U.",359,"life sciences","All",2953000
"Pepperdine U.",359,"mathematics and statistics","All",217000
"Pepperdine U.",359,"physical sciences","All",139000
"Pepperdine U.",359,"psychology","All",939000
"Pepperdine U.",359,"social sciences","All",2794000
"Pepperdine U.",359,"sciences nec","All",117000
"Pepperdine U.",359,"engineering","All",0
"Pepperdine U.",359,"all non s e fields","All",3468000
"Langston U.",360,"all r d expenditures","All",10505000
"Langston U.",360,"computer and information sciences","All",0
"Langston U.",360,"geosciences atmospheric sciences and ocean sciences","All",0
"Langston U.",360,"life sciences","All",9676000
"Langston U.",360,"mathematics and statistics","All",27000
"Langston U.",360,"physical sciences","All",110000
"Langston U.",360,"psychology","All",518000
"Langston U.",360,"social sciences","All",0
"Langston U.",360,"sciences nec","All",0
"Langston U.",360,"engineering","All",0
"Langston U.",360,"all non s e fields","All",174000
"Clark Atlanta U.",361,"all r d expenditures","All",10320000
"Clark Atlanta U.",361,"computer and information sciences","All",113000
"Clark Atlanta U.",361,"geosciences atmospheric sciences and ocean sciences","All",0
"Clark Atlanta U.",361,"life sciences","All",5873000
"Clark Atlanta U.",361,"mathematics and statistics","All",845000
"Clark Atlanta U.",361,"physical sciences","All",3168000
"Clark Atlanta U.",361,"psychology","All",0
"Clark Atlanta U.",361,"social sciences","All",0
"Clark Atlanta U.",361,"sciences nec","All",0
"Clark Atlanta U.",361,"engineering","All",114000
"Clark Atlanta U.",361,"all non s e fields","All",207000
"West Texas A&M U.",362,"all r d expenditures","All",10302000
"West Texas A&M U.",362,"computer and information sciences","All",363000
"West Texas A&M U.",362,"geosciences atmospheric sciences and ocean sciences","All",322000
"West Texas A&M U.",362,"life sciences","All",7434000
"West Texas A&M U.",362,"mathematics and statistics","All",1000
"West Texas A&M U.",362,"physical sciences","All",247000
"West Texas A&M U.",362,"psychology","All",0
"West Texas A&M U.",362,"social sciences","All",0
"West Texas A&M U.",362,"sciences nec","All",290000
"West Texas A&M U.",362,"engineering","All",1075000
"West Texas A&M U.",362,"all non s e fields","All",570000
"California State U., Los Angeles",363,"all r d expenditures","All",10186000
"California State U., Los Angeles",363,"computer and information sciences","All",499000
"California State U., Los Angeles",363,"geosciences atmospheric sciences and ocean sciences","All",236000
"California State U., Los Angeles",363,"life sciences","All",1272000
"California State U., Los Angeles",363,"mathematics and statistics","All",10000
"California State U., Los Angeles",363,"physical sciences","All",4354000
"California State U., Los Angeles",363,"psychology","All",249000
"California State U., Los Angeles",363,"social sciences","All",648000
"California State U., Los Angeles",363,"sciences nec","All",0
"California State U., Los Angeles",363,"engineering","All",2149000
"California State U., Los Angeles",363,"all non s e fields","All",769000
"Kean U.",364,"all r d expenditures","All",10062000
"Kean U.",364,"computer and information sciences","All",1801000
"Kean U.",364,"geosciences atmospheric sciences and ocean sciences","All",129000
"Kean U.",364,"life sciences","All",1463000
"Kean U.",364,"mathematics and statistics","All",187000
"Kean U.",364,"physical sciences","All",502000
"Kean U.",364,"psychology","All",281000
"Kean U.",364,"social sciences","All",1843000
"Kean U.",364,"sciences nec","All",70000
"Kean U.",364,"engineering","All",1000
"Kean U.",364,"all non s e fields","All",3785000
"Gallaudet U.",365,"all r d expenditures","All",9894000
"Gallaudet U.",365,"computer and information sciences","All",2868000
"Gallaudet U.",365,"geosciences atmospheric sciences and ocean sciences","All",36000
"Gallaudet U.",365,"life sciences","All",3261000
"Gallaudet U.",365,"mathematics and statistics","All",102000
"Gallaudet U.",365,"physical sciences","All",308000
"Gallaudet U.",365,"psychology","All",521000
"Gallaudet U.",365,"social sciences","All",2028000
"Gallaudet U.",365,"sciences nec","All",0
"Gallaudet U.",365,"engineering","All",0
"Gallaudet U.",365,"all non s e fields","All",770000
"Hampton U.",366,"all r d expenditures","All",9769000
"Hampton U.",366,"computer and information sciences","All",409000
"Hampton U.",366,"geosciences atmospheric sciences and ocean sciences","All",1880000
"Hampton U.",366,"life sciences","All",1745000
"Hampton U.",366,"mathematics and statistics","All",490000
"Hampton U.",366,"physical sciences","All",3898000
"Hampton U.",366,"psychology","All",0
"Hampton U.",366,"social sciences","All",139000
"Hampton U.",366,"sciences nec","All",0
"Hampton U.",366,"engineering","All",837000
"Hampton U.",366,"all non s e fields","All",371000
"U. San Francisco",367,"all r d expenditures","All",9633000
"U. San Francisco",367,"computer and information sciences","All",233000
"U. San Francisco",367,"geosciences atmospheric sciences and ocean sciences","All",272000
"U. San Francisco",367,"life sciences","All",1782000
"U. San Francisco",367,"mathematics and statistics","All",145000
"U. San Francisco",367,"physical sciences","All",1183000
"U. San Francisco",367,"psychology","All",772000
"U. San Francisco",367,"social sciences","All",398000
"U. San Francisco",367,"sciences nec","All",13000
"U. San Francisco",367,"engineering","All",4000
"U. San Francisco",367,"all non s e fields","All",4831000
"Middle Tennessee State U.",368,"all r d expenditures","All",9577000
"Middle Tennessee State U.",368,"computer and information sciences","All",737000
"Middle Tennessee State U.",368,"geosciences atmospheric sciences and ocean sciences","All",178000
"Middle Tennessee State U.",368,"life sciences","All",2229000
"Middle Tennessee State U.",368,"mathematics and statistics","All",314000
"Middle Tennessee State U.",368,"physical sciences","All",1412000
"Middle Tennessee State U.",368,"psychology","All",1e+05
"Middle Tennessee State U.",368,"social sciences","All",1492000
"Middle Tennessee State U.",368,"sciences nec","All",0
"Middle Tennessee State U.",368,"engineering","All",196000
"Middle Tennessee State U.",368,"all non s e fields","All",2919000
"Rutgers, State U. New Jersey, Camden",369,"all r d expenditures","All",9527000
"Rutgers, State U. New Jersey, Camden",369,"computer and information sciences","All",3577000
"Rutgers, State U. New Jersey, Camden",369,"geosciences atmospheric sciences and ocean sciences","All",0
"Rutgers, State U. New Jersey, Camden",369,"life sciences","All",363000
"Rutgers, State U. New Jersey, Camden",369,"mathematics and statistics","All",2000
"Rutgers, State U. New Jersey, Camden",369,"physical sciences","All",229000
"Rutgers, State U. New Jersey, Camden",369,"psychology","All",44000
"Rutgers, State U. New Jersey, Camden",369,"social sciences","All",3541000
"Rutgers, State U. New Jersey, Camden",369,"sciences nec","All",0
"Rutgers, State U. New Jersey, Camden",369,"engineering","All",0
"Rutgers, State U. New Jersey, Camden",369,"all non s e fields","All",1771000
"Western Kentucky U.",370,"all r d expenditures","All",9298000
"Western Kentucky U.",370,"computer and information sciences","All",13000
"Western Kentucky U.",370,"geosciences atmospheric sciences and ocean sciences","All",963000
"Western Kentucky U.",370,"life sciences","All",3615000
"Western Kentucky U.",370,"mathematics and statistics","All",52000
"Western Kentucky U.",370,"physical sciences","All",1717000
"Western Kentucky U.",370,"psychology","All",1087000
"Western Kentucky U.",370,"social sciences","All",396000
"Western Kentucky U.",370,"sciences nec","All",0
"Western Kentucky U.",370,"engineering","All",615000
"Western Kentucky U.",370,"all non s e fields","All",840000
"Lamar U.",371,"all r d expenditures","All",9168000
"Lamar U.",371,"computer and information sciences","All",420000
"Lamar U.",371,"geosciences atmospheric sciences and ocean sciences","All",6000
"Lamar U.",371,"life sciences","All",488000
"Lamar U.",371,"mathematics and statistics","All",0
"Lamar U.",371,"physical sciences","All",546000
"Lamar U.",371,"psychology","All",0
"Lamar U.",371,"social sciences","All",241000
"Lamar U.",371,"sciences nec","All",0
"Lamar U.",371,"engineering","All",6659000
"Lamar U.",371,"all non s e fields","All",808000
"U. Northern Colorado",372,"all r d expenditures","All",9064000
"U. Northern Colorado",372,"computer and information sciences","All",88000
"U. Northern Colorado",372,"geosciences atmospheric sciences and ocean sciences","All",602000
"U. Northern Colorado",372,"life sciences","All",1925000
"U. Northern Colorado",372,"mathematics and statistics","All",371000
"U. Northern Colorado",372,"physical sciences","All",374000
"U. Northern Colorado",372,"psychology","All",875000
"U. Northern Colorado",372,"social sciences","All",985000
"U. Northern Colorado",372,"sciences nec","All",0
"U. Northern Colorado",372,"engineering","All",0
"U. Northern Colorado",372,"all non s e fields","All",3844000
"Bryn Mawr C.",373,"all r d expenditures","All",9039000
"Bryn Mawr C.",373,"computer and information sciences","All",368000
"Bryn Mawr C.",373,"geosciences atmospheric sciences and ocean sciences","All",337000
"Bryn Mawr C.",373,"life sciences","All",1141000
"Bryn Mawr C.",373,"mathematics and statistics","All",541000
"Bryn Mawr C.",373,"physical sciences","All",1094000
"Bryn Mawr C.",373,"psychology","All",479000
"Bryn Mawr C.",373,"social sciences","All",1716000
"Bryn Mawr C.",373,"sciences nec","All",0
"Bryn Mawr C.",373,"engineering","All",0
"Bryn Mawr C.",373,"all non s e fields","All",3363000
"Western U. of Health Sciences",374,"all r d expenditures","All",8929000
"Western U. of Health Sciences",374,"computer and information sciences","All",0
"Western U. of Health Sciences",374,"geosciences atmospheric sciences and ocean sciences","All",0
"Western U. of Health Sciences",374,"life sciences","All",4946000
"Western U. of Health Sciences",374,"mathematics and statistics","All",0
"Western U. of Health Sciences",374,"physical sciences","All",0
"Western U. of Health Sciences",374,"psychology","All",0
"Western U. of Health Sciences",374,"social sciences","All",0
"Western U. of Health Sciences",374,"sciences nec","All",0
"Western U. of Health Sciences",374,"engineering","All",0
"Western U. of Health Sciences",374,"all non s e fields","All",3983000
"U. Arkansas, Little Rock",375,"all r d expenditures","All",8685000
"U. Arkansas, Little Rock",375,"computer and information sciences","All",2804000
"U. Arkansas, Little Rock",375,"geosciences atmospheric sciences and ocean sciences","All",0
"U. Arkansas, Little Rock",375,"life sciences","All",1821000
"U. Arkansas, Little Rock",375,"mathematics and statistics","All",0
"U. Arkansas, Little Rock",375,"physical sciences","All",452000
"U. Arkansas, Little Rock",375,"psychology","All",0
"U. Arkansas, Little Rock",375,"social sciences","All",85000
"U. Arkansas, Little Rock",375,"sciences nec","All",0
"U. Arkansas, Little Rock",375,"engineering","All",2063000
"U. Arkansas, Little Rock",375,"all non s e fields","All",1460000
"Saint Joseph's U.",376,"all r d expenditures","All",8675000
"Saint Joseph's U.",376,"computer and information sciences","All",361000
"Saint Joseph's U.",376,"geosciences atmospheric sciences and ocean sciences","All",0
"Saint Joseph's U.",376,"life sciences","All",5186000
"Saint Joseph's U.",376,"mathematics and statistics","All",9000
"Saint Joseph's U.",376,"physical sciences","All",906000
"Saint Joseph's U.",376,"psychology","All",331000
"Saint Joseph's U.",376,"social sciences","All",222000
"Saint Joseph's U.",376,"sciences nec","All",0
"Saint Joseph's U.",376,"engineering","All",0
"Saint Joseph's U.",376,"all non s e fields","All",1660000
"Winston-Salem State U.",377,"all r d expenditures","All",8668000
"Winston-Salem State U.",377,"computer and information sciences","All",746000
"Winston-Salem State U.",377,"geosciences atmospheric sciences and ocean sciences","All",0
"Winston-Salem State U.",377,"life sciences","All",2928000
"Winston-Salem State U.",377,"mathematics and statistics","All",43000
"Winston-Salem State U.",377,"physical sciences","All",551000
"Winston-Salem State U.",377,"psychology","All",195000
"Winston-Salem State U.",377,"social sciences","All",264000
"Winston-Salem State U.",377,"sciences nec","All",0
"Winston-Salem State U.",377,"engineering","All",0
"Winston-Salem State U.",377,"all non s e fields","All",3941000
"Yeshiva U.",378,"all r d expenditures","All",8661000
"Yeshiva U.",378,"computer and information sciences","All",453000
"Yeshiva U.",378,"geosciences atmospheric sciences and ocean sciences","All",0
"Yeshiva U.",378,"life sciences","All",4003000
"Yeshiva U.",378,"mathematics and statistics","All",1542000
"Yeshiva U.",378,"physical sciences","All",419000
"Yeshiva U.",378,"psychology","All",0
"Yeshiva U.",378,"social sciences","All",0
"Yeshiva U.",378,"sciences nec","All",204000
"Yeshiva U.",378,"engineering","All",0
"Yeshiva U.",378,"all non s e fields","All",2040000
"CUNY, Brooklyn C.",379,"all r d expenditures","All",8535000
"CUNY, Brooklyn C.",379,"computer and information sciences","All",203000
"CUNY, Brooklyn C.",379,"geosciences atmospheric sciences and ocean sciences","All",1023000
"CUNY, Brooklyn C.",379,"life sciences","All",1067000
"CUNY, Brooklyn C.",379,"mathematics and statistics","All",242000
"CUNY, Brooklyn C.",379,"physical sciences","All",2680000
"CUNY, Brooklyn C.",379,"psychology","All",1693000
"CUNY, Brooklyn C.",379,"social sciences","All",162000
"CUNY, Brooklyn C.",379,"sciences nec","All",0
"CUNY, Brooklyn C.",379,"engineering","All",0
"CUNY, Brooklyn C.",379,"all non s e fields","All",1465000
"Appalachian State U.",380,"all r d expenditures","All",8479000
"Appalachian State U.",380,"computer and information sciences","All",536000
"Appalachian State U.",380,"geosciences atmospheric sciences and ocean sciences","All",986000
"Appalachian State U.",380,"life sciences","All",4134000
"Appalachian State U.",380,"mathematics and statistics","All",72000
"Appalachian State U.",380,"physical sciences","All",971000
"Appalachian State U.",380,"psychology","All",130000
"Appalachian State U.",380,"social sciences","All",296000
"Appalachian State U.",380,"sciences nec","All",0
"Appalachian State U.",380,"engineering","All",266000
"Appalachian State U.",380,"all non s e fields","All",1088000
"Eastern Michigan U.",381,"all r d expenditures","All",8363000
"Eastern Michigan U.",381,"computer and information sciences","All",47000
"Eastern Michigan U.",381,"geosciences atmospheric sciences and ocean sciences","All",157000
"Eastern Michigan U.",381,"life sciences","All",3091000
"Eastern Michigan U.",381,"mathematics and statistics","All",272000
"Eastern Michigan U.",381,"physical sciences","All",446000
"Eastern Michigan U.",381,"psychology","All",230000
"Eastern Michigan U.",381,"social sciences","All",1039000
"Eastern Michigan U.",381,"sciences nec","All",10000
"Eastern Michigan U.",381,"engineering","All",534000
"Eastern Michigan U.",381,"all non s e fields","All",2537000
"Lincoln U., Jefferson City",382,"all r d expenditures","All",8196000
"Lincoln U., Jefferson City",382,"computer and information sciences","All",0
"Lincoln U., Jefferson City",382,"geosciences atmospheric sciences and ocean sciences","All",996000
"Lincoln U., Jefferson City",382,"life sciences","All",6626000
"Lincoln U., Jefferson City",382,"mathematics and statistics","All",0
"Lincoln U., Jefferson City",382,"physical sciences","All",0
"Lincoln U., Jefferson City",382,"psychology","All",0
"Lincoln U., Jefferson City",382,"social sciences","All",237000
"Lincoln U., Jefferson City",382,"sciences nec","All",336000
"Lincoln U., Jefferson City",382,"engineering","All",0
"Lincoln U., Jefferson City",382,"all non s e fields","All",1000
"Abilene Christian U.",383,"all r d expenditures","All",8182000
"Abilene Christian U.",383,"computer and information sciences","All",0
"Abilene Christian U.",383,"geosciences atmospheric sciences and ocean sciences","All",0
"Abilene Christian U.",383,"life sciences","All",179000
"Abilene Christian U.",383,"mathematics and statistics","All",9000
"Abilene Christian U.",383,"physical sciences","All",7716000
"Abilene Christian U.",383,"psychology","All",14000
"Abilene Christian U.",383,"social sciences","All",8000
"Abilene Christian U.",383,"sciences nec","All",0
"Abilene Christian U.",383,"engineering","All",15000
"Abilene Christian U.",383,"all non s e fields","All",241000
"Hofstra U.",384,"all r d expenditures","All",8162000
"Hofstra U.",384,"computer and information sciences","All",68000
"Hofstra U.",384,"geosciences atmospheric sciences and ocean sciences","All",239000
"Hofstra U.",384,"life sciences","All",2155000
"Hofstra U.",384,"mathematics and statistics","All",368000
"Hofstra U.",384,"physical sciences","All",401000
"Hofstra U.",384,"psychology","All",381000
"Hofstra U.",384,"social sciences","All",370000
"Hofstra U.",384,"sciences nec","All",0
"Hofstra U.",384,"engineering","All",642000
"Hofstra U.",384,"all non s e fields","All",3538000
"Amherst C.",385,"all r d expenditures","All",8152000
"Amherst C.",385,"computer and information sciences","All",312000
"Amherst C.",385,"geosciences atmospheric sciences and ocean sciences","All",845000
"Amherst C.",385,"life sciences","All",1485000
"Amherst C.",385,"mathematics and statistics","All",994000
"Amherst C.",385,"physical sciences","All",1728000
"Amherst C.",385,"psychology","All",333000
"Amherst C.",385,"social sciences","All",833000
"Amherst C.",385,"sciences nec","All",524000
"Amherst C.",385,"engineering","All",0
"Amherst C.",385,"all non s e fields","All",1098000
"U. Hawaii, Hilo",386,"all r d expenditures","All",8112000
"U. Hawaii, Hilo",386,"computer and information sciences","All",286000
"U. Hawaii, Hilo",386,"geosciences atmospheric sciences and ocean sciences","All",1981000
"U. Hawaii, Hilo",386,"life sciences","All",4929000
"U. Hawaii, Hilo",386,"mathematics and statistics","All",6000
"U. Hawaii, Hilo",386,"physical sciences","All",268000
"U. Hawaii, Hilo",386,"psychology","All",0
"U. Hawaii, Hilo",386,"social sciences","All",337000
"U. Hawaii, Hilo",386,"sciences nec","All",291000
"U. Hawaii, Hilo",386,"engineering","All",0
"U. Hawaii, Hilo",386,"all non s e fields","All",14000
"Southern Connecticut State U.",387,"all r d expenditures","All",8007000
"Southern Connecticut State U.",387,"computer and information sciences","All",196000
"Southern Connecticut State U.",387,"geosciences atmospheric sciences and ocean sciences","All",372000
"Southern Connecticut State U.",387,"life sciences","All",1275000
"Southern Connecticut State U.",387,"mathematics and statistics","All",14000
"Southern Connecticut State U.",387,"physical sciences","All",893000
"Southern Connecticut State U.",387,"psychology","All",319000
"Southern Connecticut State U.",387,"social sciences","All",462000
"Southern Connecticut State U.",387,"sciences nec","All",381000
"Southern Connecticut State U.",387,"engineering","All",0
"Southern Connecticut State U.",387,"all non s e fields","All",4095000
"U. of the District of Columbia",388,"all r d expenditures","All",7945000
"U. of the District of Columbia",388,"computer and information sciences","All",351000
"U. of the District of Columbia",388,"geosciences atmospheric sciences and ocean sciences","All",146000
"U. of the District of Columbia",388,"life sciences","All",107000
"U. of the District of Columbia",388,"mathematics and statistics","All",227000
"U. of the District of Columbia",388,"physical sciences","All",7000
"U. of the District of Columbia",388,"psychology","All",284000
"U. of the District of Columbia",388,"social sciences","All",50000
"U. of the District of Columbia",388,"sciences nec","All",145000
"U. of the District of Columbia",388,"engineering","All",3342000
"U. of the District of Columbia",388,"all non s e fields","All",3286000
"U. Central Oklahoma",389,"all r d expenditures","All",7870000
"U. Central Oklahoma",389,"computer and information sciences","All",265000
"U. Central Oklahoma",389,"geosciences atmospheric sciences and ocean sciences","All",0
"U. Central Oklahoma",389,"life sciences","All",3778000
"U. Central Oklahoma",389,"mathematics and statistics","All",118000
"U. Central Oklahoma",389,"physical sciences","All",637000
"U. Central Oklahoma",389,"psychology","All",148000
"U. Central Oklahoma",389,"social sciences","All",379000
"U. Central Oklahoma",389,"sciences nec","All",0
"U. Central Oklahoma",389,"engineering","All",1032000
"U. Central Oklahoma",389,"all non s e fields","All",1513000
"South Carolina State U.",390,"all r d expenditures","All",7814000
"South Carolina State U.",390,"computer and information sciences","All",1025000
"South Carolina State U.",390,"geosciences atmospheric sciences and ocean sciences","All",278000
"South Carolina State U.",390,"life sciences","All",3360000
"South Carolina State U.",390,"mathematics and statistics","All",0
"South Carolina State U.",390,"physical sciences","All",541000
"South Carolina State U.",390,"psychology","All",0
"South Carolina State U.",390,"social sciences","All",619000
"South Carolina State U.",390,"sciences nec","All",0
"South Carolina State U.",390,"engineering","All",924000
"South Carolina State U.",390,"all non s e fields","All",1067000
"U. Arkansas, Pine Bluff",391,"all r d expenditures","All",7766000
"U. Arkansas, Pine Bluff",391,"computer and information sciences","All",0
"U. Arkansas, Pine Bluff",391,"geosciences atmospheric sciences and ocean sciences","All",0
"U. Arkansas, Pine Bluff",391,"life sciences","All",6081000
"U. Arkansas, Pine Bluff",391,"mathematics and statistics","All",0
"U. Arkansas, Pine Bluff",391,"physical sciences","All",726000
"U. Arkansas, Pine Bluff",391,"psychology","All",0
"U. Arkansas, Pine Bluff",391,"social sciences","All",0
"U. Arkansas, Pine Bluff",391,"sciences nec","All",477000
"U. Arkansas, Pine Bluff",391,"engineering","All",0
"U. Arkansas, Pine Bluff",391,"all non s e fields","All",482000
"Southern U. and A&M C., Agricultural Research and Extension Center",392,"all r d expenditures","All",7764000
"Southern U. and A&M C., Agricultural Research and Extension Center",392,"computer and information sciences","All",0
"Southern U. and A&M C., Agricultural Research and Extension Center",392,"geosciences atmospheric sciences and ocean sciences","All",0
"Southern U. and A&M C., Agricultural Research and Extension Center",392,"life sciences","All",7764000
"Southern U. and A&M C., Agricultural Research and Extension Center",392,"mathematics and statistics","All",0
"Southern U. and A&M C., Agricultural Research and Extension Center",392,"physical sciences","All",0
"Southern U. and A&M C., Agricultural Research and Extension Center",392,"psychology","All",0
"Southern U. and A&M C., Agricultural Research and Extension Center",392,"social sciences","All",0
"Southern U. and A&M C., Agricultural Research and Extension Center",392,"sciences nec","All",0
"Southern U. and A&M C., Agricultural Research and Extension Center",392,"engineering","All",0
"Southern U. and A&M C., Agricultural Research and Extension Center",392,"all non s e fields","All",0
"Pennsylvania State U., Behrend",393,"all r d expenditures","All",7614000
"Pennsylvania State U., Behrend",393,"computer and information sciences","All",1000
"Pennsylvania State U., Behrend",393,"geosciences atmospheric sciences and ocean sciences","All",1466000
"Pennsylvania State U., Behrend",393,"life sciences","All",2704000
"Pennsylvania State U., Behrend",393,"mathematics and statistics","All",46000
"Pennsylvania State U., Behrend",393,"physical sciences","All",773000
"Pennsylvania State U., Behrend",393,"psychology","All",183000
"Pennsylvania State U., Behrend",393,"social sciences","All",2000
"Pennsylvania State U., Behrend",393,"sciences nec","All",0
"Pennsylvania State U., Behrend",393,"engineering","All",1892000
"Pennsylvania State U., Behrend",393,"all non s e fields","All",547000
"Edward Via C. of Osteopathic Medicine",394,"all r d expenditures","All",7597000
"Edward Via C. of Osteopathic Medicine",394,"computer and information sciences","All",0
"Edward Via C. of Osteopathic Medicine",394,"geosciences atmospheric sciences and ocean sciences","All",0
"Edward Via C. of Osteopathic Medicine",394,"life sciences","All",7597000
"Edward Via C. of Osteopathic Medicine",394,"mathematics and statistics","All",0
"Edward Via C. of Osteopathic Medicine",394,"physical sciences","All",0
"Edward Via C. of Osteopathic Medicine",394,"psychology","All",0
"Edward Via C. of Osteopathic Medicine",394,"social sciences","All",0
"Edward Via C. of Osteopathic Medicine",394,"sciences nec","All",0
"Edward Via C. of Osteopathic Medicine",394,"engineering","All",0
"Edward Via C. of Osteopathic Medicine",394,"all non s e fields","All",0
"Grinnell C.",394,"all r d expenditures","All",7597000
"Grinnell C.",394,"computer and information sciences","All",735000
"Grinnell C.",394,"geosciences atmospheric sciences and ocean sciences","All",0
"Grinnell C.",394,"life sciences","All",1082000
"Grinnell C.",394,"mathematics and statistics","All",299000
"Grinnell C.",394,"physical sciences","All",1361000
"Grinnell C.",394,"psychology","All",28000
"Grinnell C.",394,"social sciences","All",1281000
"Grinnell C.",394,"sciences nec","All",0
"Grinnell C.",394,"engineering","All",0
"Grinnell C.",394,"all non s e fields","All",2811000
"Purdue U., Northwest",396,"all r d expenditures","All",7504000
"Purdue U., Northwest",396,"computer and information sciences","All",510000
"Purdue U., Northwest",396,"geosciences atmospheric sciences and ocean sciences","All",0
"Purdue U., Northwest",396,"life sciences","All",1035000
"Purdue U., Northwest",396,"mathematics and statistics","All",0
"Purdue U., Northwest",396,"physical sciences","All",302000
"Purdue U., Northwest",396,"psychology","All",10000
"Purdue U., Northwest",396,"social sciences","All",0
"Purdue U., Northwest",396,"sciences nec","All",261000
"Purdue U., Northwest",396,"engineering","All",3078000
"Purdue U., Northwest",396,"all non s e fields","All",2308000
"Philadelphia C. of Osteopathic Medicine",397,"all r d expenditures","All",7459000
"Philadelphia C. of Osteopathic Medicine",397,"computer and information sciences","All",0
"Philadelphia C. of Osteopathic Medicine",397,"geosciences atmospheric sciences and ocean sciences","All",0
"Philadelphia C. of Osteopathic Medicine",397,"life sciences","All",7459000
"Philadelphia C. of Osteopathic Medicine",397,"mathematics and statistics","All",0
"Philadelphia C. of Osteopathic Medicine",397,"physical sciences","All",0
"Philadelphia C. of Osteopathic Medicine",397,"psychology","All",0
"Philadelphia C. of Osteopathic Medicine",397,"social sciences","All",0
"Philadelphia C. of Osteopathic Medicine",397,"sciences nec","All",0
"Philadelphia C. of Osteopathic Medicine",397,"engineering","All",0
"Philadelphia C. of Osteopathic Medicine",397,"all non s e fields","All",0
"MGH Institute of Health Professions",398,"all r d expenditures","All",7426000
"MGH Institute of Health Professions",398,"computer and information sciences","All",0
"MGH Institute of Health Professions",398,"geosciences atmospheric sciences and ocean sciences","All",0
"MGH Institute of Health Professions",398,"life sciences","All",6200000
"MGH Institute of Health Professions",398,"mathematics and statistics","All",0
"MGH Institute of Health Professions",398,"physical sciences","All",0
"MGH Institute of Health Professions",398,"psychology","All",0
"MGH Institute of Health Professions",398,"social sciences","All",0
"MGH Institute of Health Professions",398,"sciences nec","All",0
"MGH Institute of Health Professions",398,"engineering","All",0
"MGH Institute of Health Professions",398,"all non s e fields","All",1226000
"Arkansas State U., Jonesboro",399,"all r d expenditures","All",7323000
"Arkansas State U., Jonesboro",399,"computer and information sciences","All",120000
"Arkansas State U., Jonesboro",399,"geosciences atmospheric sciences and ocean sciences","All",0
"Arkansas State U., Jonesboro",399,"life sciences","All",5853000
"Arkansas State U., Jonesboro",399,"mathematics and statistics","All",0
"Arkansas State U., Jonesboro",399,"physical sciences","All",342000
"Arkansas State U., Jonesboro",399,"psychology","All",41000
"Arkansas State U., Jonesboro",399,"social sciences","All",193000
"Arkansas State U., Jonesboro",399,"sciences nec","All",0
"Arkansas State U., Jonesboro",399,"engineering","All",660000
"Arkansas State U., Jonesboro",399,"all non s e fields","All",114000
"Claremont Graduate U.",400,"all r d expenditures","All",7262000
"Claremont Graduate U.",400,"computer and information sciences","All",56000
"Claremont Graduate U.",400,"geosciences atmospheric sciences and ocean sciences","All",0
"Claremont Graduate U.",400,"life sciences","All",25000
"Claremont Graduate U.",400,"mathematics and statistics","All",253000
"Claremont Graduate U.",400,"physical sciences","All",0
"Claremont Graduate U.",400,"psychology","All",186000
"Claremont Graduate U.",400,"social sciences","All",2178000
"Claremont Graduate U.",400,"sciences nec","All",0
"Claremont Graduate U.",400,"engineering","All",0
"Claremont Graduate U.",400,"all non s e fields","All",4564000
"C. Charleston",401,"all r d expenditures","All",7231000
"C. Charleston",401,"computer and information sciences","All",421000
"C. Charleston",401,"geosciences atmospheric sciences and ocean sciences","All",2157000
"C. Charleston",401,"life sciences","All",1677000
"C. Charleston",401,"mathematics and statistics","All",109000
"C. Charleston",401,"physical sciences","All",768000
"C. Charleston",401,"psychology","All",63000
"C. Charleston",401,"social sciences","All",429000
"C. Charleston",401,"sciences nec","All",0
"C. Charleston",401,"engineering","All",583000
"C. Charleston",401,"all non s e fields","All",1024000
"Seton Hall U.",402,"all r d expenditures","All",7068000
"Seton Hall U.",402,"computer and information sciences","All",350000
"Seton Hall U.",402,"geosciences atmospheric sciences and ocean sciences","All",0
"Seton Hall U.",402,"life sciences","All",2862000
"Seton Hall U.",402,"mathematics and statistics","All",75000
"Seton Hall U.",402,"physical sciences","All",2375000
"Seton Hall U.",402,"psychology","All",0
"Seton Hall U.",402,"social sciences","All",10000
"Seton Hall U.",402,"sciences nec","All",0
"Seton Hall U.",402,"engineering","All",0
"Seton Hall U.",402,"all non s e fields","All",1396000
"Texas A&M U.-Commerce",403,"all r d expenditures","All",7029000
"Texas A&M U.-Commerce",403,"computer and information sciences","All",449000
"Texas A&M U.-Commerce",403,"geosciences atmospheric sciences and ocean sciences","All",0
"Texas A&M U.-Commerce",403,"life sciences","All",2368000
"Texas A&M U.-Commerce",403,"mathematics and statistics","All",213000
"Texas A&M U.-Commerce",403,"physical sciences","All",1116000
"Texas A&M U.-Commerce",403,"psychology","All",279000
"Texas A&M U.-Commerce",403,"social sciences","All",204000
"Texas A&M U.-Commerce",403,"sciences nec","All",0
"Texas A&M U.-Commerce",403,"engineering","All",113000
"Texas A&M U.-Commerce",403,"all non s e fields","All",2287000
"U. Colorado Colorado Springs",404,"all r d expenditures","All",7012000
"U. Colorado Colorado Springs",404,"computer and information sciences","All",2705000
"U. Colorado Colorado Springs",404,"geosciences atmospheric sciences and ocean sciences","All",227000
"U. Colorado Colorado Springs",404,"life sciences","All",566000
"U. Colorado Colorado Springs",404,"mathematics and statistics","All",86000
"U. Colorado Colorado Springs",404,"physical sciences","All",377000
"U. Colorado Colorado Springs",404,"psychology","All",325000
"U. Colorado Colorado Springs",404,"social sciences","All",310000
"U. Colorado Colorado Springs",404,"sciences nec","All",0
"U. Colorado Colorado Springs",404,"engineering","All",1144000
"U. Colorado Colorado Springs",404,"all non s e fields","All",1272000
"Claremont McKenna C.",405,"all r d expenditures","All",6925000
"Claremont McKenna C.",405,"computer and information sciences","All",166000
"Claremont McKenna C.",405,"geosciences atmospheric sciences and ocean sciences","All",4000
"Claremont McKenna C.",405,"life sciences","All",239000
"Claremont McKenna C.",405,"mathematics and statistics","All",178000
"Claremont McKenna C.",405,"physical sciences","All",191000
"Claremont McKenna C.",405,"psychology","All",496000
"Claremont McKenna C.",405,"social sciences","All",5165000
"Claremont McKenna C.",405,"sciences nec","All",44000
"Claremont McKenna C.",405,"engineering","All",0
"Claremont McKenna C.",405,"all non s e fields","All",442000
"Texas Woman's U.",406,"all r d expenditures","All",6922000
"Texas Woman's U.",406,"computer and information sciences","All",43000
"Texas Woman's U.",406,"geosciences atmospheric sciences and ocean sciences","All",0
"Texas Woman's U.",406,"life sciences","All",4253000
"Texas Woman's U.",406,"mathematics and statistics","All",166000
"Texas Woman's U.",406,"physical sciences","All",286000
"Texas Woman's U.",406,"psychology","All",1450000
"Texas Woman's U.",406,"social sciences","All",412000
"Texas Woman's U.",406,"sciences nec","All",10000
"Texas Woman's U.",406,"engineering","All",0
"Texas Woman's U.",406,"all non s e fields","All",302000
"Hope C.",407,"all r d expenditures","All",6910000
"Hope C.",407,"computer and information sciences","All",49000
"Hope C.",407,"geosciences atmospheric sciences and ocean sciences","All",43000
"Hope C.",407,"life sciences","All",2289000
"Hope C.",407,"mathematics and statistics","All",56000
"Hope C.",407,"physical sciences","All",1652000
"Hope C.",407,"psychology","All",110000
"Hope C.",407,"social sciences","All",390000
"Hope C.",407,"sciences nec","All",0
"Hope C.",407,"engineering","All",493000
"Hope C.",407,"all non s e fields","All",1828000
"U. North Carolina, Asheville",408,"all r d expenditures","All",6761000
"U. North Carolina, Asheville",408,"computer and information sciences","All",278000
"U. North Carolina, Asheville",408,"geosciences atmospheric sciences and ocean sciences","All",212000
"U. North Carolina, Asheville",408,"life sciences","All",2138000
"U. North Carolina, Asheville",408,"mathematics and statistics","All",0
"U. North Carolina, Asheville",408,"physical sciences","All",894000
"U. North Carolina, Asheville",408,"psychology","All",0
"U. North Carolina, Asheville",408,"social sciences","All",253000
"U. North Carolina, Asheville",408,"sciences nec","All",282000
"U. North Carolina, Asheville",408,"engineering","All",2000
"U. North Carolina, Asheville",408,"all non s e fields","All",2702000
"U. New England",409,"all r d expenditures","All",6756000
"U. New England",409,"computer and information sciences","All",0
"U. New England",409,"geosciences atmospheric sciences and ocean sciences","All",440000
"U. New England",409,"life sciences","All",6282000
"U. New England",409,"mathematics and statistics","All",2000
"U. New England",409,"physical sciences","All",15000
"U. New England",409,"psychology","All",0
"U. New England",409,"social sciences","All",1000
"U. New England",409,"sciences nec","All",0
"U. New England",409,"engineering","All",0
"U. New England",409,"all non s e fields","All",16000
"Reed C.",410,"all r d expenditures","All",6750000
"Reed C.",410,"computer and information sciences","All",172000
"Reed C.",410,"geosciences atmospheric sciences and ocean sciences","All",0
"Reed C.",410,"life sciences","All",2991000
"Reed C.",410,"mathematics and statistics","All",155000
"Reed C.",410,"physical sciences","All",978000
"Reed C.",410,"psychology","All",271000
"Reed C.",410,"social sciences","All",587000
"Reed C.",410,"sciences nec","All",0
"Reed C.",410,"engineering","All",0
"Reed C.",410,"all non s e fields","All",1596000
"U. Baltimore",411,"all r d expenditures","All",6615000
"U. Baltimore",411,"computer and information sciences","All",353000
"U. Baltimore",411,"geosciences atmospheric sciences and ocean sciences","All",0
"U. Baltimore",411,"life sciences","All",0
"U. Baltimore",411,"mathematics and statistics","All",0
"U. Baltimore",411,"physical sciences","All",14000
"U. Baltimore",411,"psychology","All",75000
"U. Baltimore",411,"social sciences","All",3062000
"U. Baltimore",411,"sciences nec","All",0
"U. Baltimore",411,"engineering","All",0
"U. Baltimore",411,"all non s e fields","All",3111000
"Williams C.",412,"all r d expenditures","All",6448000
"Williams C.",412,"computer and information sciences","All",137000
"Williams C.",412,"geosciences atmospheric sciences and ocean sciences","All",384000
"Williams C.",412,"life sciences","All",2592000
"Williams C.",412,"mathematics and statistics","All",119000
"Williams C.",412,"physical sciences","All",768000
"Williams C.",412,"psychology","All",235000
"Williams C.",412,"social sciences","All",606000
"Williams C.",412,"sciences nec","All",0
"Williams C.",412,"engineering","All",0
"Williams C.",412,"all non s e fields","All",1607000
"California State U., Bakersfield",413,"all r d expenditures","All",6409000
"California State U., Bakersfield",413,"computer and information sciences","All",0
"California State U., Bakersfield",413,"geosciences atmospheric sciences and ocean sciences","All",194000
"California State U., Bakersfield",413,"life sciences","All",661000
"California State U., Bakersfield",413,"mathematics and statistics","All",1353000
"California State U., Bakersfield",413,"physical sciences","All",202000
"California State U., Bakersfield",413,"psychology","All",23000
"California State U., Bakersfield",413,"social sciences","All",446000
"California State U., Bakersfield",413,"sciences nec","All",0
"California State U., Bakersfield",413,"engineering","All",711000
"California State U., Bakersfield",413,"all non s e fields","All",2819000
"Barnard C.",414,"all r d expenditures","All",6320000
"Barnard C.",414,"computer and information sciences","All",327000
"Barnard C.",414,"geosciences atmospheric sciences and ocean sciences","All",236000
"Barnard C.",414,"life sciences","All",1571000
"Barnard C.",414,"mathematics and statistics","All",0
"Barnard C.",414,"physical sciences","All",1588000
"Barnard C.",414,"psychology","All",1277000
"Barnard C.",414,"social sciences","All",756000
"Barnard C.",414,"sciences nec","All",0
"Barnard C.",414,"engineering","All",0
"Barnard C.",414,"all non s e fields","All",565000
"Wellesley C.",414,"all r d expenditures","All",6320000
"Wellesley C.",414,"computer and information sciences","All",208000
"Wellesley C.",414,"geosciences atmospheric sciences and ocean sciences","All",420000
"Wellesley C.",414,"life sciences","All",1171000
"Wellesley C.",414,"mathematics and statistics","All",644000
"Wellesley C.",414,"physical sciences","All",879000
"Wellesley C.",414,"psychology","All",636000
"Wellesley C.",414,"social sciences","All",923000
"Wellesley C.",414,"sciences nec","All",14000
"Wellesley C.",414,"engineering","All",50000
"Wellesley C.",414,"all non s e fields","All",1375000
"U. Washington, Tacoma",416,"all r d expenditures","All",6243000
"U. Washington, Tacoma",416,"computer and information sciences","All",117000
"U. Washington, Tacoma",416,"geosciences atmospheric sciences and ocean sciences","All",3991000
"U. Washington, Tacoma",416,"life sciences","All",541000
"U. Washington, Tacoma",416,"mathematics and statistics","All",182000
"U. Washington, Tacoma",416,"physical sciences","All",0
"U. Washington, Tacoma",416,"psychology","All",0
"U. Washington, Tacoma",416,"social sciences","All",1e+05
"U. Washington, Tacoma",416,"sciences nec","All",208000
"U. Washington, Tacoma",416,"engineering","All",328000
"U. Washington, Tacoma",416,"all non s e fields","All",776000
"Grand Valley State U.",417,"all r d expenditures","All",6231000
"Grand Valley State U.",417,"computer and information sciences","All",108000
"Grand Valley State U.",417,"geosciences atmospheric sciences and ocean sciences","All",2990000
"Grand Valley State U.",417,"life sciences","All",1401000
"Grand Valley State U.",417,"mathematics and statistics","All",75000
"Grand Valley State U.",417,"physical sciences","All",339000
"Grand Valley State U.",417,"psychology","All",74000
"Grand Valley State U.",417,"social sciences","All",592000
"Grand Valley State U.",417,"sciences nec","All",0
"Grand Valley State U.",417,"engineering","All",239000
"Grand Valley State U.",417,"all non s e fields","All",413000
"Norfolk State U.",418,"all r d expenditures","All",6194000
"Norfolk State U.",418,"computer and information sciences","All",444000
"Norfolk State U.",418,"geosciences atmospheric sciences and ocean sciences","All",0
"Norfolk State U.",418,"life sciences","All",326000
"Norfolk State U.",418,"mathematics and statistics","All",123000
"Norfolk State U.",418,"physical sciences","All",1074000
"Norfolk State U.",418,"psychology","All",0
"Norfolk State U.",418,"social sciences","All",323000
"Norfolk State U.",418,"sciences nec","All",0
"Norfolk State U.",418,"engineering","All",2218000
"Norfolk State U.",418,"all non s e fields","All",1686000
"Northwest Indian C.",419,"all r d expenditures","All",6184000
"Northwest Indian C.",419,"computer and information sciences","All",0
"Northwest Indian C.",419,"geosciences atmospheric sciences and ocean sciences","All",64000
"Northwest Indian C.",419,"life sciences","All",539000
"Northwest Indian C.",419,"mathematics and statistics","All",0
"Northwest Indian C.",419,"physical sciences","All",0
"Northwest Indian C.",419,"psychology","All",0
"Northwest Indian C.",419,"social sciences","All",0
"Northwest Indian C.",419,"sciences nec","All",0
"Northwest Indian C.",419,"engineering","All",243000
"Northwest Indian C.",419,"all non s e fields","All",5338000
"West Chester U. Pennsylvania",420,"all r d expenditures","All",6132000
"West Chester U. Pennsylvania",420,"computer and information sciences","All",39000
"West Chester U. Pennsylvania",420,"geosciences atmospheric sciences and ocean sciences","All",65000
"West Chester U. Pennsylvania",420,"life sciences","All",1053000
"West Chester U. Pennsylvania",420,"mathematics and statistics","All",132000
"West Chester U. Pennsylvania",420,"physical sciences","All",857000
"West Chester U. Pennsylvania",420,"psychology","All",605000
"West Chester U. Pennsylvania",420,"social sciences","All",751000
"West Chester U. Pennsylvania",420,"sciences nec","All",0
"West Chester U. Pennsylvania",420,"engineering","All",51000
"West Chester U. Pennsylvania",420,"all non s e fields","All",2579000
"Azusa Pacific U.",421,"all r d expenditures","All",6097000
"Azusa Pacific U.",421,"computer and information sciences","All",119000
"Azusa Pacific U.",421,"geosciences atmospheric sciences and ocean sciences","All",0
"Azusa Pacific U.",421,"life sciences","All",2795000
"Azusa Pacific U.",421,"mathematics and statistics","All",49000
"Azusa Pacific U.",421,"physical sciences","All",256000
"Azusa Pacific U.",421,"psychology","All",1021000
"Azusa Pacific U.",421,"social sciences","All",35000
"Azusa Pacific U.",421,"sciences nec","All",0
"Azusa Pacific U.",421,"engineering","All",21000
"Azusa Pacific U.",421,"all non s e fields","All",1801000
"Roseman U. of Health Sciences",422,"all r d expenditures","All",6065000
"Roseman U. of Health Sciences",422,"computer and information sciences","All",0
"Roseman U. of Health Sciences",422,"geosciences atmospheric sciences and ocean sciences","All",0
"Roseman U. of Health Sciences",422,"life sciences","All",6065000
"Roseman U. of Health Sciences",422,"mathematics and statistics","All",0
"Roseman U. of Health Sciences",422,"physical sciences","All",0
"Roseman U. of Health Sciences",422,"psychology","All",0
"Roseman U. of Health Sciences",422,"social sciences","All",0
"Roseman U. of Health Sciences",422,"sciences nec","All",0
"Roseman U. of Health Sciences",422,"engineering","All",0
"Roseman U. of Health Sciences",422,"all non s e fields","All",0
"Indiana U. Pennsylvania",423,"all r d expenditures","All",6052000
"Indiana U. Pennsylvania",423,"computer and information sciences","All",246000
"Indiana U. Pennsylvania",423,"geosciences atmospheric sciences and ocean sciences","All",178000
"Indiana U. Pennsylvania",423,"life sciences","All",1909000
"Indiana U. Pennsylvania",423,"mathematics and statistics","All",1000
"Indiana U. Pennsylvania",423,"physical sciences","All",204000
"Indiana U. Pennsylvania",423,"psychology","All",555000
"Indiana U. Pennsylvania",423,"social sciences","All",380000
"Indiana U. Pennsylvania",423,"sciences nec","All",138000
"Indiana U. Pennsylvania",423,"engineering","All",0
"Indiana U. Pennsylvania",423,"all non s e fields","All",2441000
"U.S. Army War C.",424,"all r d expenditures","All",6035000
"U.S. Army War C.",424,"computer and information sciences","All",0
"U.S. Army War C.",424,"geosciences atmospheric sciences and ocean sciences","All",0
"U.S. Army War C.",424,"life sciences","All",0
"U.S. Army War C.",424,"mathematics and statistics","All",0
"U.S. Army War C.",424,"physical sciences","All",0
"U.S. Army War C.",424,"psychology","All",0
"U.S. Army War C.",424,"social sciences","All",6035000
"U.S. Army War C.",424,"sciences nec","All",0
"U.S. Army War C.",424,"engineering","All",0
"U.S. Army War C.",424,"all non s e fields","All",0
"California State U., Chico",425,"all r d expenditures","All",5984000
"California State U., Chico",425,"computer and information sciences","All",3000
"California State U., Chico",425,"geosciences atmospheric sciences and ocean sciences","All",485000
"California State U., Chico",425,"life sciences","All",2734000
"California State U., Chico",425,"mathematics and statistics","All",25000
"California State U., Chico",425,"physical sciences","All",396000
"California State U., Chico",425,"psychology","All",0
"California State U., Chico",425,"social sciences","All",110000
"California State U., Chico",425,"sciences nec","All",0
"California State U., Chico",425,"engineering","All",1465000
"California State U., Chico",425,"all non s e fields","All",766000
"Smith C.",426,"all r d expenditures","All",5954000
"Smith C.",426,"computer and information sciences","All",659000
"Smith C.",426,"geosciences atmospheric sciences and ocean sciences","All",128000
"Smith C.",426,"life sciences","All",2023000
"Smith C.",426,"mathematics and statistics","All",455000
"Smith C.",426,"physical sciences","All",517000
"Smith C.",426,"psychology","All",357000
"Smith C.",426,"social sciences","All",283000
"Smith C.",426,"sciences nec","All",74000
"Smith C.",426,"engineering","All",567000
"Smith C.",426,"all non s e fields","All",891000
"High Tech High Graduate School of Ed.",427,"all r d expenditures","All",5939000
"High Tech High Graduate School of Ed.",427,"computer and information sciences","All",0
"High Tech High Graduate School of Ed.",427,"geosciences atmospheric sciences and ocean sciences","All",0
"High Tech High Graduate School of Ed.",427,"life sciences","All",0
"High Tech High Graduate School of Ed.",427,"mathematics and statistics","All",0
"High Tech High Graduate School of Ed.",427,"physical sciences","All",0
"High Tech High Graduate School of Ed.",427,"psychology","All",0
"High Tech High Graduate School of Ed.",427,"social sciences","All",0
"High Tech High Graduate School of Ed.",427,"sciences nec","All",0
"High Tech High Graduate School of Ed.",427,"engineering","All",0
"High Tech High Graduate School of Ed.",427,"all non s e fields","All",5939000
"U. Southern Maine",428,"all r d expenditures","All",5930000
"U. Southern Maine",428,"computer and information sciences","All",1792000
"U. Southern Maine",428,"geosciences atmospheric sciences and ocean sciences","All",169000
"U. Southern Maine",428,"life sciences","All",647000
"U. Southern Maine",428,"mathematics and statistics","All",35000
"U. Southern Maine",428,"physical sciences","All",0
"U. Southern Maine",428,"psychology","All",0
"U. Southern Maine",428,"social sciences","All",2703000
"U. Southern Maine",428,"sciences nec","All",82000
"U. Southern Maine",428,"engineering","All",301000
"U. Southern Maine",428,"all non s e fields","All",201000
"CUNY, Lehman C.",429,"all r d expenditures","All",5918000
"CUNY, Lehman C.",429,"computer and information sciences","All",402000
"CUNY, Lehman C.",429,"geosciences atmospheric sciences and ocean sciences","All",43000
"CUNY, Lehman C.",429,"life sciences","All",757000
"CUNY, Lehman C.",429,"mathematics and statistics","All",181000
"CUNY, Lehman C.",429,"physical sciences","All",3003000
"CUNY, Lehman C.",429,"psychology","All",178000
"CUNY, Lehman C.",429,"social sciences","All",581000
"CUNY, Lehman C.",429,"sciences nec","All",3000
"CUNY, Lehman C.",429,"engineering","All",0
"CUNY, Lehman C.",429,"all non s e fields","All",770000
"Bucknell U.",430,"all r d expenditures","All",5887000
"Bucknell U.",430,"computer and information sciences","All",229000
"Bucknell U.",430,"geosciences atmospheric sciences and ocean sciences","All",126000
"Bucknell U.",430,"life sciences","All",1368000
"Bucknell U.",430,"mathematics and statistics","All",164000
"Bucknell U.",430,"physical sciences","All",605000
"Bucknell U.",430,"psychology","All",86000
"Bucknell U.",430,"social sciences","All",355000
"Bucknell U.",430,"sciences nec","All",160000
"Bucknell U.",430,"engineering","All",2064000
"Bucknell U.",430,"all non s e fields","All",730000
"U. Oklahoma, Tulsa",431,"all r d expenditures","All",5826000
"U. Oklahoma, Tulsa",431,"computer and information sciences","All",0
"U. Oklahoma, Tulsa",431,"geosciences atmospheric sciences and ocean sciences","All",0
"U. Oklahoma, Tulsa",431,"life sciences","All",1638000
"U. Oklahoma, Tulsa",431,"mathematics and statistics","All",0
"U. Oklahoma, Tulsa",431,"physical sciences","All",0
"U. Oklahoma, Tulsa",431,"psychology","All",15000
"U. Oklahoma, Tulsa",431,"social sciences","All",186000
"U. Oklahoma, Tulsa",431,"sciences nec","All",0
"U. Oklahoma, Tulsa",431,"engineering","All",1026000
"U. Oklahoma, Tulsa",431,"all non s e fields","All",2961000
"Naval War C.",432,"all r d expenditures","All",5819000
"Naval War C.",432,"computer and information sciences","All",0
"Naval War C.",432,"geosciences atmospheric sciences and ocean sciences","All",0
"Naval War C.",432,"life sciences","All",0
"Naval War C.",432,"mathematics and statistics","All",0
"Naval War C.",432,"physical sciences","All",0
"Naval War C.",432,"psychology","All",0
"Naval War C.",432,"social sciences","All",8e+05
"Naval War C.",432,"sciences nec","All",0
"Naval War C.",432,"engineering","All",0
"Naval War C.",432,"all non s e fields","All",5019000
"New York Institute of Technology",433,"all r d expenditures","All",5790000
"New York Institute of Technology",433,"computer and information sciences","All",292000
"New York Institute of Technology",433,"geosciences atmospheric sciences and ocean sciences","All",0
"New York Institute of Technology",433,"life sciences","All",4431000
"New York Institute of Technology",433,"mathematics and statistics","All",0
"New York Institute of Technology",433,"physical sciences","All",211000
"New York Institute of Technology",433,"psychology","All",0
"New York Institute of Technology",433,"social sciences","All",0
"New York Institute of Technology",433,"sciences nec","All",0
"New York Institute of Technology",433,"engineering","All",844000
"New York Institute of Technology",433,"all non s e fields","All",12000
"Morehouse C.",434,"all r d expenditures","All",5750000
"Morehouse C.",434,"computer and information sciences","All",641000
"Morehouse C.",434,"geosciences atmospheric sciences and ocean sciences","All",0
"Morehouse C.",434,"life sciences","All",4e+05
"Morehouse C.",434,"mathematics and statistics","All",0
"Morehouse C.",434,"physical sciences","All",2813000
"Morehouse C.",434,"psychology","All",46000
"Morehouse C.",434,"social sciences","All",0
"Morehouse C.",434,"sciences nec","All",1471000
"Morehouse C.",434,"engineering","All",0
"Morehouse C.",434,"all non s e fields","All",379000
"U. Washington, Bothell",435,"all r d expenditures","All",5738000
"U. Washington, Bothell",435,"computer and information sciences","All",369000
"U. Washington, Bothell",435,"geosciences atmospheric sciences and ocean sciences","All",293000
"U. Washington, Bothell",435,"life sciences","All",1365000
"U. Washington, Bothell",435,"mathematics and statistics","All",82000
"U. Washington, Bothell",435,"physical sciences","All",884000
"U. Washington, Bothell",435,"psychology","All",0
"U. Washington, Bothell",435,"social sciences","All",372000
"U. Washington, Bothell",435,"sciences nec","All",307000
"U. Washington, Bothell",435,"engineering","All",530000
"U. Washington, Bothell",435,"all non s e fields","All",1536000
"Santa Clara U.",436,"all r d expenditures","All",5679000
"Santa Clara U.",436,"computer and information sciences","All",0
"Santa Clara U.",436,"geosciences atmospheric sciences and ocean sciences","All",0
"Santa Clara U.",436,"life sciences","All",613000
"Santa Clara U.",436,"mathematics and statistics","All",9000
"Santa Clara U.",436,"physical sciences","All",938000
"Santa Clara U.",436,"psychology","All",62000
"Santa Clara U.",436,"social sciences","All",666000
"Santa Clara U.",436,"sciences nec","All",0
"Santa Clara U.",436,"engineering","All",2617000
"Santa Clara U.",436,"all non s e fields","All",774000
"Swarthmore C.",437,"all r d expenditures","All",5620000
"Swarthmore C.",437,"computer and information sciences","All",81000
"Swarthmore C.",437,"geosciences atmospheric sciences and ocean sciences","All",0
"Swarthmore C.",437,"life sciences","All",1516000
"Swarthmore C.",437,"mathematics and statistics","All",273000
"Swarthmore C.",437,"physical sciences","All",1019000
"Swarthmore C.",437,"psychology","All",198000
"Swarthmore C.",437,"social sciences","All",574000
"Swarthmore C.",437,"sciences nec","All",0
"Swarthmore C.",437,"engineering","All",338000
"Swarthmore C.",437,"all non s e fields","All",1621000
"Texas A&M International U.",438,"all r d expenditures","All",5602000
"Texas A&M International U.",438,"computer and information sciences","All",9000
"Texas A&M International U.",438,"geosciences atmospheric sciences and ocean sciences","All",106000
"Texas A&M International U.",438,"life sciences","All",743000
"Texas A&M International U.",438,"mathematics and statistics","All",152000
"Texas A&M International U.",438,"physical sciences","All",314000
"Texas A&M International U.",438,"psychology","All",81000
"Texas A&M International U.",438,"social sciences","All",820000
"Texas A&M International U.",438,"sciences nec","All",887000
"Texas A&M International U.",438,"engineering","All",175000
"Texas A&M International U.",438,"all non s e fields","All",2315000
"Oregon Institute of Technology",439,"all r d expenditures","All",5585000
"Oregon Institute of Technology",439,"computer and information sciences","All",227000
"Oregon Institute of Technology",439,"geosciences atmospheric sciences and ocean sciences","All",444000
"Oregon Institute of Technology",439,"life sciences","All",3543000
"Oregon Institute of Technology",439,"mathematics and statistics","All",126000
"Oregon Institute of Technology",439,"physical sciences","All",0
"Oregon Institute of Technology",439,"psychology","All",141000
"Oregon Institute of Technology",439,"social sciences","All",0
"Oregon Institute of Technology",439,"sciences nec","All",0
"Oregon Institute of Technology",439,"engineering","All",1104000
"Oregon Institute of Technology",439,"all non s e fields","All",0
"California State U., Dominguez Hills",440,"all r d expenditures","All",5558000
"California State U., Dominguez Hills",440,"computer and information sciences","All",440000
"California State U., Dominguez Hills",440,"geosciences atmospheric sciences and ocean sciences","All",95000
"California State U., Dominguez Hills",440,"life sciences","All",845000
"California State U., Dominguez Hills",440,"mathematics and statistics","All",82000
"California State U., Dominguez Hills",440,"physical sciences","All",1128000
"California State U., Dominguez Hills",440,"psychology","All",759000
"California State U., Dominguez Hills",440,"social sciences","All",1419000
"California State U., Dominguez Hills",440,"sciences nec","All",0
"California State U., Dominguez Hills",440,"engineering","All",27000
"California State U., Dominguez Hills",440,"all non s e fields","All",763000
"Providence C.",441,"all r d expenditures","All",5533000
"Providence C.",441,"computer and information sciences","All",0
"Providence C.",441,"geosciences atmospheric sciences and ocean sciences","All",248000
"Providence C.",441,"life sciences","All",1320000
"Providence C.",441,"mathematics and statistics","All",0
"Providence C.",441,"physical sciences","All",253000
"Providence C.",441,"psychology","All",105000
"Providence C.",441,"social sciences","All",88000
"Providence C.",441,"sciences nec","All",0
"Providence C.",441,"engineering","All",0
"Providence C.",441,"all non s e fields","All",3519000
"Memorial Sloan Kettering Cancer Center, Louis V. Gerstner Jr. Graduate S. of Biomedical Sciences",442,"all r d expenditures","All",5324000
"Memorial Sloan Kettering Cancer Center, Louis V. Gerstner Jr. Graduate S. of Biomedical Sciences",442,"computer and information sciences","All",0
"Memorial Sloan Kettering Cancer Center, Louis V. Gerstner Jr. Graduate S. of Biomedical Sciences",442,"geosciences atmospheric sciences and ocean sciences","All",0
"Memorial Sloan Kettering Cancer Center, Louis V. Gerstner Jr. Graduate S. of Biomedical Sciences",442,"life sciences","All",5324000
"Memorial Sloan Kettering Cancer Center, Louis V. Gerstner Jr. Graduate S. of Biomedical Sciences",442,"mathematics and statistics","All",0
"Memorial Sloan Kettering Cancer Center, Louis V. Gerstner Jr. Graduate S. of Biomedical Sciences",442,"physical sciences","All",0
"Memorial Sloan Kettering Cancer Center, Louis V. Gerstner Jr. Graduate S. of Biomedical Sciences",442,"psychology","All",0
"Memorial Sloan Kettering Cancer Center, Louis V. Gerstner Jr. Graduate S. of Biomedical Sciences",442,"social sciences","All",0
"Memorial Sloan Kettering Cancer Center, Louis V. Gerstner Jr. Graduate S. of Biomedical Sciences",442,"sciences nec","All",0
"Memorial Sloan Kettering Cancer Center, Louis V. Gerstner Jr. Graduate S. of Biomedical Sciences",442,"engineering","All",0
"Memorial Sloan Kettering Cancer Center, Louis V. Gerstner Jr. Graduate S. of Biomedical Sciences",442,"all non s e fields","All",0
"Trinity U.",443,"all r d expenditures","All",5296000
"Trinity U.",443,"computer and information sciences","All",84000
"Trinity U.",443,"geosciences atmospheric sciences and ocean sciences","All",257000
"Trinity U.",443,"life sciences","All",934000
"Trinity U.",443,"mathematics and statistics","All",89000
"Trinity U.",443,"physical sciences","All",2025000
"Trinity U.",443,"psychology","All",648000
"Trinity U.",443,"social sciences","All",322000
"Trinity U.",443,"sciences nec","All",0
"Trinity U.",443,"engineering","All",137000
"Trinity U.",443,"all non s e fields","All",8e+05
"Dakota State U.",444,"all r d expenditures","All",5253000
"Dakota State U.",444,"computer and information sciences","All",5172000
"Dakota State U.",444,"geosciences atmospheric sciences and ocean sciences","All",0
"Dakota State U.",444,"life sciences","All",81000
"Dakota State U.",444,"mathematics and statistics","All",0
"Dakota State U.",444,"physical sciences","All",0
"Dakota State U.",444,"psychology","All",0
"Dakota State U.",444,"social sciences","All",0
"Dakota State U.",444,"sciences nec","All",0
"Dakota State U.",444,"engineering","All",0
"Dakota State U.",444,"all non s e fields","All",0
"West Virginia State U.",445,"all r d expenditures","All",5226000
"West Virginia State U.",445,"computer and information sciences","All",0
"West Virginia State U.",445,"geosciences atmospheric sciences and ocean sciences","All",0
"West Virginia State U.",445,"life sciences","All",5203000
"West Virginia State U.",445,"mathematics and statistics","All",23000
"West Virginia State U.",445,"physical sciences","All",0
"West Virginia State U.",445,"psychology","All",0
"West Virginia State U.",445,"social sciences","All",0
"West Virginia State U.",445,"sciences nec","All",0
"West Virginia State U.",445,"engineering","All",0
"West Virginia State U.",445,"all non s e fields","All",0
"Southern U. and A&M C., Baton Rouge",446,"all r d expenditures","All",5201000
"Southern U. and A&M C., Baton Rouge",446,"computer and information sciences","All",417000
"Southern U. and A&M C., Baton Rouge",446,"geosciences atmospheric sciences and ocean sciences","All",0
"Southern U. and A&M C., Baton Rouge",446,"life sciences","All",1211000
"Southern U. and A&M C., Baton Rouge",446,"mathematics and statistics","All",1e+05
"Southern U. and A&M C., Baton Rouge",446,"physical sciences","All",433000
"Southern U. and A&M C., Baton Rouge",446,"psychology","All",0
"Southern U. and A&M C., Baton Rouge",446,"social sciences","All",40000
"Southern U. and A&M C., Baton Rouge",446,"sciences nec","All",0
"Southern U. and A&M C., Baton Rouge",446,"engineering","All",2338000
"Southern U. and A&M C., Baton Rouge",446,"all non s e fields","All",662000
"Suffolk U.",447,"all r d expenditures","All",5164000
"Suffolk U.",447,"computer and information sciences","All",0
"Suffolk U.",447,"geosciences atmospheric sciences and ocean sciences","All",73000
"Suffolk U.",447,"life sciences","All",31000
"Suffolk U.",447,"mathematics and statistics","All",0
"Suffolk U.",447,"physical sciences","All",0
"Suffolk U.",447,"psychology","All",1275000
"Suffolk U.",447,"social sciences","All",1031000
"Suffolk U.",447,"sciences nec","All",0
"Suffolk U.",447,"engineering","All",0
"Suffolk U.",447,"all non s e fields","All",2754000
"Pennsylvania State U., Harrisburg",448,"all r d expenditures","All",5159000
"Pennsylvania State U., Harrisburg",448,"computer and information sciences","All",13000
"Pennsylvania State U., Harrisburg",448,"geosciences atmospheric sciences and ocean sciences","All",39000
"Pennsylvania State U., Harrisburg",448,"life sciences","All",1774000
"Pennsylvania State U., Harrisburg",448,"mathematics and statistics","All",15000
"Pennsylvania State U., Harrisburg",448,"physical sciences","All",91000
"Pennsylvania State U., Harrisburg",448,"psychology","All",483000
"Pennsylvania State U., Harrisburg",448,"social sciences","All",336000
"Pennsylvania State U., Harrisburg",448,"sciences nec","All",0
"Pennsylvania State U., Harrisburg",448,"engineering","All",272000
"Pennsylvania State U., Harrisburg",448,"all non s e fields","All",2136000
"U. Detroit Mercy",449,"all r d expenditures","All",5142000
"U. Detroit Mercy",449,"computer and information sciences","All",6000
"U. Detroit Mercy",449,"geosciences atmospheric sciences and ocean sciences","All",0
"U. Detroit Mercy",449,"life sciences","All",3885000
"U. Detroit Mercy",449,"mathematics and statistics","All",0
"U. Detroit Mercy",449,"physical sciences","All",55000
"U. Detroit Mercy",449,"psychology","All",30000
"U. Detroit Mercy",449,"social sciences","All",0
"U. Detroit Mercy",449,"sciences nec","All",0
"U. Detroit Mercy",449,"engineering","All",1010000
"U. Detroit Mercy",449,"all non s e fields","All",156000
"Colgate U.",450,"all r d expenditures","All",4930000
"Colgate U.",450,"computer and information sciences","All",177000
"Colgate U.",450,"geosciences atmospheric sciences and ocean sciences","All",960000
"Colgate U.",450,"life sciences","All",692000
"Colgate U.",450,"mathematics and statistics","All",113000
"Colgate U.",450,"physical sciences","All",1456000
"Colgate U.",450,"psychology","All",127000
"Colgate U.",450,"social sciences","All",466000
"Colgate U.",450,"sciences nec","All",0
"Colgate U.",450,"engineering","All",0
"Colgate U.",450,"all non s e fields","All",939000
"Sul Ross State U.",451,"all r d expenditures","All",4878000
"Sul Ross State U.",451,"computer and information sciences","All",0
"Sul Ross State U.",451,"geosciences atmospheric sciences and ocean sciences","All",0
"Sul Ross State U.",451,"life sciences","All",2458000
"Sul Ross State U.",451,"mathematics and statistics","All",0
"Sul Ross State U.",451,"physical sciences","All",231000
"Sul Ross State U.",451,"psychology","All",0
"Sul Ross State U.",451,"social sciences","All",0
"Sul Ross State U.",451,"sciences nec","All",152000
"Sul Ross State U.",451,"engineering","All",0
"Sul Ross State U.",451,"all non s e fields","All",2037000
"U. Central del Caribe",451,"all r d expenditures","All",4878000
"U. Central del Caribe",451,"computer and information sciences","All",0
"U. Central del Caribe",451,"geosciences atmospheric sciences and ocean sciences","All",0
"U. Central del Caribe",451,"life sciences","All",4878000
"U. Central del Caribe",451,"mathematics and statistics","All",0
"U. Central del Caribe",451,"physical sciences","All",0
"U. Central del Caribe",451,"psychology","All",0
"U. Central del Caribe",451,"social sciences","All",0
"U. Central del Caribe",451,"sciences nec","All",0
"U. Central del Caribe",451,"engineering","All",0
"U. Central del Caribe",451,"all non s e fields","All",0
"Spelman C.",453,"all r d expenditures","All",4877000
"Spelman C.",453,"computer and information sciences","All",69000
"Spelman C.",453,"geosciences atmospheric sciences and ocean sciences","All",336000
"Spelman C.",453,"life sciences","All",869000
"Spelman C.",453,"mathematics and statistics","All",1112000
"Spelman C.",453,"physical sciences","All",774000
"Spelman C.",453,"psychology","All",941000
"Spelman C.",453,"social sciences","All",312000
"Spelman C.",453,"sciences nec","All",145000
"Spelman C.",453,"engineering","All",0
"Spelman C.",453,"all non s e fields","All",319000
"Fisk U.",454,"all r d expenditures","All",4867000
"Fisk U.",454,"computer and information sciences","All",949000
"Fisk U.",454,"geosciences atmospheric sciences and ocean sciences","All",0
"Fisk U.",454,"life sciences","All",1228000
"Fisk U.",454,"mathematics and statistics","All",104000
"Fisk U.",454,"physical sciences","All",2574000
"Fisk U.",454,"psychology","All",10000
"Fisk U.",454,"social sciences","All",0
"Fisk U.",454,"sciences nec","All",0
"Fisk U.",454,"engineering","All",0
"Fisk U.",454,"all non s e fields","All",2000
"U. Wisconsin-Superior",455,"all r d expenditures","All",4825000
"U. Wisconsin-Superior",455,"computer and information sciences","All",0
"U. Wisconsin-Superior",455,"geosciences atmospheric sciences and ocean sciences","All",3952000
"U. Wisconsin-Superior",455,"life sciences","All",646000
"U. Wisconsin-Superior",455,"mathematics and statistics","All",6000
"U. Wisconsin-Superior",455,"physical sciences","All",23000
"U. Wisconsin-Superior",455,"psychology","All",0
"U. Wisconsin-Superior",455,"social sciences","All",0
"U. Wisconsin-Superior",455,"sciences nec","All",0
"U. Wisconsin-Superior",455,"engineering","All",0
"U. Wisconsin-Superior",455,"all non s e fields","All",198000
"Sacred Heart U.",456,"all r d expenditures","All",4733000
"Sacred Heart U.",456,"computer and information sciences","All",436000
"Sacred Heart U.",456,"geosciences atmospheric sciences and ocean sciences","All",0
"Sacred Heart U.",456,"life sciences","All",931000
"Sacred Heart U.",456,"mathematics and statistics","All",166000
"Sacred Heart U.",456,"physical sciences","All",161000
"Sacred Heart U.",456,"psychology","All",102000
"Sacred Heart U.",456,"social sciences","All",595000
"Sacred Heart U.",456,"sciences nec","All",0
"Sacred Heart U.",456,"engineering","All",0
"Sacred Heart U.",456,"all non s e fields","All",2342000
"CUNY, C. Staten Island",457,"all r d expenditures","All",4730000
"CUNY, C. Staten Island",457,"computer and information sciences","All",123000
"CUNY, C. Staten Island",457,"geosciences atmospheric sciences and ocean sciences","All",54000
"CUNY, C. Staten Island",457,"life sciences","All",1300000
"CUNY, C. Staten Island",457,"mathematics and statistics","All",116000
"CUNY, C. Staten Island",457,"physical sciences","All",1303000
"CUNY, C. Staten Island",457,"psychology","All",709000
"CUNY, C. Staten Island",457,"social sciences","All",17000
"CUNY, C. Staten Island",457,"sciences nec","All",0
"CUNY, C. Staten Island",457,"engineering","All",288000
"CUNY, C. Staten Island",457,"all non s e fields","All",820000
"Coastal Carolina U.",458,"all r d expenditures","All",4729000
"Coastal Carolina U.",458,"computer and information sciences","All",208000
"Coastal Carolina U.",458,"geosciences atmospheric sciences and ocean sciences","All",2214000
"Coastal Carolina U.",458,"life sciences","All",572000
"Coastal Carolina U.",458,"mathematics and statistics","All",0
"Coastal Carolina U.",458,"physical sciences","All",280000
"Coastal Carolina U.",458,"psychology","All",65000
"Coastal Carolina U.",458,"social sciences","All",261000
"Coastal Carolina U.",458,"sciences nec","All",3000
"Coastal Carolina U.",458,"engineering","All",275000
"Coastal Carolina U.",458,"all non s e fields","All",851000
"Occidental C.",459,"all r d expenditures","All",4718000
"Occidental C.",459,"computer and information sciences","All",354000
"Occidental C.",459,"geosciences atmospheric sciences and ocean sciences","All",1621000
"Occidental C.",459,"life sciences","All",657000
"Occidental C.",459,"mathematics and statistics","All",122000
"Occidental C.",459,"physical sciences","All",999000
"Occidental C.",459,"psychology","All",503000
"Occidental C.",459,"social sciences","All",382000
"Occidental C.",459,"sciences nec","All",0
"Occidental C.",459,"engineering","All",0
"Occidental C.",459,"all non s e fields","All",80000
"Toyota Technological Institute, Chicago",460,"all r d expenditures","All",4636000
"Toyota Technological Institute, Chicago",460,"computer and information sciences","All",4636000
"Toyota Technological Institute, Chicago",460,"geosciences atmospheric sciences and ocean sciences","All",0
"Toyota Technological Institute, Chicago",460,"life sciences","All",0
"Toyota Technological Institute, Chicago",460,"mathematics and statistics","All",0
"Toyota Technological Institute, Chicago",460,"physical sciences","All",0
"Toyota Technological Institute, Chicago",460,"psychology","All",0
"Toyota Technological Institute, Chicago",460,"social sciences","All",0
"Toyota Technological Institute, Chicago",460,"sciences nec","All",0
"Toyota Technological Institute, Chicago",460,"engineering","All",0
"Toyota Technological Institute, Chicago",460,"all non s e fields","All",0
"Lawrence Technological U.",461,"all r d expenditures","All",4632000
"Lawrence Technological U.",461,"computer and information sciences","All",0
"Lawrence Technological U.",461,"geosciences atmospheric sciences and ocean sciences","All",0
"Lawrence Technological U.",461,"life sciences","All",0
"Lawrence Technological U.",461,"mathematics and statistics","All",127000
"Lawrence Technological U.",461,"physical sciences","All",57000
"Lawrence Technological U.",461,"psychology","All",0
"Lawrence Technological U.",461,"social sciences","All",0
"Lawrence Technological U.",461,"sciences nec","All",0
"Lawrence Technological U.",461,"engineering","All",816000
"Lawrence Technological U.",461,"all non s e fields","All",3632000
"Sonoma State U.",462,"all r d expenditures","All",4625000
"Sonoma State U.",462,"computer and information sciences","All",0
"Sonoma State U.",462,"geosciences atmospheric sciences and ocean sciences","All",2019000
"Sonoma State U.",462,"life sciences","All",744000
"Sonoma State U.",462,"mathematics and statistics","All",724000
"Sonoma State U.",462,"physical sciences","All",145000
"Sonoma State U.",462,"psychology","All",68000
"Sonoma State U.",462,"social sciences","All",134000
"Sonoma State U.",462,"sciences nec","All",84000
"Sonoma State U.",462,"engineering","All",67000
"Sonoma State U.",462,"all non s e fields","All",640000
"U. Wisconsin-Stevens Point",463,"all r d expenditures","All",4589000
"U. Wisconsin-Stevens Point",463,"computer and information sciences","All",2000
"U. Wisconsin-Stevens Point",463,"geosciences atmospheric sciences and ocean sciences","All",529000
"U. Wisconsin-Stevens Point",463,"life sciences","All",3851000
"U. Wisconsin-Stevens Point",463,"mathematics and statistics","All",0
"U. Wisconsin-Stevens Point",463,"physical sciences","All",125000
"U. Wisconsin-Stevens Point",463,"psychology","All",0
"U. Wisconsin-Stevens Point",463,"social sciences","All",0
"U. Wisconsin-Stevens Point",463,"sciences nec","All",0
"U. Wisconsin-Stevens Point",463,"engineering","All",82000
"U. Wisconsin-Stevens Point",463,"all non s e fields","All",0
"U. Northern Iowa",464,"all r d expenditures","All",4564000
"U. Northern Iowa",464,"computer and information sciences","All",0
"U. Northern Iowa",464,"geosciences atmospheric sciences and ocean sciences","All",210000
"U. Northern Iowa",464,"life sciences","All",446000
"U. Northern Iowa",464,"mathematics and statistics","All",5000
"U. Northern Iowa",464,"physical sciences","All",877000
"U. Northern Iowa",464,"psychology","All",0
"U. Northern Iowa",464,"social sciences","All",2785000
"U. Northern Iowa",464,"sciences nec","All",13000
"U. Northern Iowa",464,"engineering","All",0
"U. Northern Iowa",464,"all non s e fields","All",228000
"Colby C.",465,"all r d expenditures","All",4454000
"Colby C.",465,"computer and information sciences","All",73000
"Colby C.",465,"geosciences atmospheric sciences and ocean sciences","All",101000
"Colby C.",465,"life sciences","All",2502000
"Colby C.",465,"mathematics and statistics","All",127000
"Colby C.",465,"physical sciences","All",456000
"Colby C.",465,"psychology","All",119000
"Colby C.",465,"social sciences","All",568000
"Colby C.",465,"sciences nec","All",0
"Colby C.",465,"engineering","All",0
"Colby C.",465,"all non s e fields","All",508000
"SUNY, C. of Optometry",466,"all r d expenditures","All",4423000
"SUNY, C. of Optometry",466,"computer and information sciences","All",0
"SUNY, C. of Optometry",466,"geosciences atmospheric sciences and ocean sciences","All",0
"SUNY, C. of Optometry",466,"life sciences","All",4423000
"SUNY, C. of Optometry",466,"mathematics and statistics","All",0
"SUNY, C. of Optometry",466,"physical sciences","All",0
"SUNY, C. of Optometry",466,"psychology","All",0
"SUNY, C. of Optometry",466,"social sciences","All",0
"SUNY, C. of Optometry",466,"sciences nec","All",0
"SUNY, C. of Optometry",466,"engineering","All",0
"SUNY, C. of Optometry",466,"all non s e fields","All",0
"U. of Health Sciences and Pharmacy in St. Louis",467,"all r d expenditures","All",4343000
"U. of Health Sciences and Pharmacy in St. Louis",467,"computer and information sciences","All",0
"U. of Health Sciences and Pharmacy in St. Louis",467,"geosciences atmospheric sciences and ocean sciences","All",0
"U. of Health Sciences and Pharmacy in St. Louis",467,"life sciences","All",4284000
"U. of Health Sciences and Pharmacy in St. Louis",467,"mathematics and statistics","All",0
"U. of Health Sciences and Pharmacy in St. Louis",467,"physical sciences","All",59000
"U. of Health Sciences and Pharmacy in St. Louis",467,"psychology","All",0
"U. of Health Sciences and Pharmacy in St. Louis",467,"social sciences","All",0
"U. of Health Sciences and Pharmacy in St. Louis",467,"sciences nec","All",0
"U. of Health Sciences and Pharmacy in St. Louis",467,"engineering","All",0
"U. of Health Sciences and Pharmacy in St. Louis",467,"all non s e fields","All",0
"CUNY, system office",468,"all r d expenditures","All",4296000
"CUNY, system office",468,"computer and information sciences","All",18000
"CUNY, system office",468,"geosciences atmospheric sciences and ocean sciences","All",0
"CUNY, system office",468,"life sciences","All",179000
"CUNY, system office",468,"mathematics and statistics","All",0
"CUNY, system office",468,"physical sciences","All",0
"CUNY, system office",468,"psychology","All",3000
"CUNY, system office",468,"social sciences","All",0
"CUNY, system office",468,"sciences nec","All",1705000
"CUNY, system office",468,"engineering","All",413000
"CUNY, system office",468,"all non s e fields","All",1978000
"Carleton C.",469,"all r d expenditures","All",4185000
"Carleton C.",469,"computer and information sciences","All",299000
"Carleton C.",469,"geosciences atmospheric sciences and ocean sciences","All",1775000
"Carleton C.",469,"life sciences","All",265000
"Carleton C.",469,"mathematics and statistics","All",260000
"Carleton C.",469,"physical sciences","All",390000
"Carleton C.",469,"psychology","All",309000
"Carleton C.",469,"social sciences","All",491000
"Carleton C.",469,"sciences nec","All",0
"Carleton C.",469,"engineering","All",1000
"Carleton C.",469,"all non s e fields","All",395000
"Alfred U.",470,"all r d expenditures","All",4154000
"Alfred U.",470,"computer and information sciences","All",0
"Alfred U.",470,"geosciences atmospheric sciences and ocean sciences","All",1000
"Alfred U.",470,"life sciences","All",0
"Alfred U.",470,"mathematics and statistics","All",0
"Alfred U.",470,"physical sciences","All",8000
"Alfred U.",470,"psychology","All",69000
"Alfred U.",470,"social sciences","All",0
"Alfred U.",470,"sciences nec","All",0
"Alfred U.",470,"engineering","All",4076000
"Alfred U.",470,"all non s e fields","All",0
"Pomona C.",471,"all r d expenditures","All",4149000
"Pomona C.",471,"computer and information sciences","All",224000
"Pomona C.",471,"geosciences atmospheric sciences and ocean sciences","All",328000
"Pomona C.",471,"life sciences","All",5e+05
"Pomona C.",471,"mathematics and statistics","All",433000
"Pomona C.",471,"physical sciences","All",1040000
"Pomona C.",471,"psychology","All",315000
"Pomona C.",471,"social sciences","All",923000
"Pomona C.",471,"sciences nec","All",0
"Pomona C.",471,"engineering","All",0
"Pomona C.",471,"all non s e fields","All",386000
"Franklin and Marshall C.",472,"all r d expenditures","All",4111000
"Franklin and Marshall C.",472,"computer and information sciences","All",42000
"Franklin and Marshall C.",472,"geosciences atmospheric sciences and ocean sciences","All",514000
"Franklin and Marshall C.",472,"life sciences","All",672000
"Franklin and Marshall C.",472,"mathematics and statistics","All",68000
"Franklin and Marshall C.",472,"physical sciences","All",920000
"Franklin and Marshall C.",472,"psychology","All",237000
"Franklin and Marshall C.",472,"social sciences","All",424000
"Franklin and Marshall C.",472,"sciences nec","All",0
"Franklin and Marshall C.",472,"engineering","All",0
"Franklin and Marshall C.",472,"all non s e fields","All",1234000
"Trinity C., Hartford",473,"all r d expenditures","All",4099000
"Trinity C., Hartford",473,"computer and information sciences","All",160000
"Trinity C., Hartford",473,"geosciences atmospheric sciences and ocean sciences","All",0
"Trinity C., Hartford",473,"life sciences","All",749000
"Trinity C., Hartford",473,"mathematics and statistics","All",226000
"Trinity C., Hartford",473,"physical sciences","All",271000
"Trinity C., Hartford",473,"psychology","All",314000
"Trinity C., Hartford",473,"social sciences","All",817000
"Trinity C., Hartford",473,"sciences nec","All",0
"Trinity C., Hartford",473,"engineering","All",71000
"Trinity C., Hartford",473,"all non s e fields","All",1491000
"Haverford C.",474,"all r d expenditures","All",4088000
"Haverford C.",474,"computer and information sciences","All",114000
"Haverford C.",474,"geosciences atmospheric sciences and ocean sciences","All",92000
"Haverford C.",474,"life sciences","All",1556000
"Haverford C.",474,"mathematics and statistics","All",97000
"Haverford C.",474,"physical sciences","All",1183000
"Haverford C.",474,"psychology","All",326000
"Haverford C.",474,"social sciences","All",2e+05
"Haverford C.",474,"sciences nec","All",0
"Haverford C.",474,"engineering","All",0
"Haverford C.",474,"all non s e fields","All",520000
"CUNY, Baruch C.",475,"all r d expenditures","All",4084000
"CUNY, Baruch C.",475,"computer and information sciences","All",0
"CUNY, Baruch C.",475,"geosciences atmospheric sciences and ocean sciences","All",269000
"CUNY, Baruch C.",475,"life sciences","All",807000
"CUNY, Baruch C.",475,"mathematics and statistics","All",682000
"CUNY, Baruch C.",475,"physical sciences","All",347000
"CUNY, Baruch C.",475,"psychology","All",175000
"CUNY, Baruch C.",475,"social sciences","All",169000
"CUNY, Baruch C.",475,"sciences nec","All",9000
"CUNY, Baruch C.",475,"engineering","All",0
"CUNY, Baruch C.",475,"all non s e fields","All",1626000
"Keck Graduate Institute",476,"all r d expenditures","All",4059000
"Keck Graduate Institute",476,"computer and information sciences","All",0
"Keck Graduate Institute",476,"geosciences atmospheric sciences and ocean sciences","All",0
"Keck Graduate Institute",476,"life sciences","All",3930000
"Keck Graduate Institute",476,"mathematics and statistics","All",0
"Keck Graduate Institute",476,"physical sciences","All",0
"Keck Graduate Institute",476,"psychology","All",0
"Keck Graduate Institute",476,"social sciences","All",0
"Keck Graduate Institute",476,"sciences nec","All",0
"Keck Graduate Institute",476,"engineering","All",129000
"Keck Graduate Institute",476,"all non s e fields","All",0
"Pace U.",477,"all r d expenditures","All",4056000
"Pace U.",477,"computer and information sciences","All",1067000
"Pace U.",477,"geosciences atmospheric sciences and ocean sciences","All",0
"Pace U.",477,"life sciences","All",667000
"Pace U.",477,"mathematics and statistics","All",0
"Pace U.",477,"physical sciences","All",106000
"Pace U.",477,"psychology","All",152000
"Pace U.",477,"social sciences","All",19000
"Pace U.",477,"sciences nec","All",0
"Pace U.",477,"engineering","All",684000
"Pace U.",477,"all non s e fields","All",1361000
"California State U., Channel Islands",478,"all r d expenditures","All",3992000
"California State U., Channel Islands",478,"computer and information sciences","All",149000
"California State U., Channel Islands",478,"geosciences atmospheric sciences and ocean sciences","All",82000
"California State U., Channel Islands",478,"life sciences","All",1854000
"California State U., Channel Islands",478,"mathematics and statistics","All",536000
"California State U., Channel Islands",478,"physical sciences","All",357000
"California State U., Channel Islands",478,"psychology","All",7000
"California State U., Channel Islands",478,"social sciences","All",197000
"California State U., Channel Islands",478,"sciences nec","All",609000
"California State U., Channel Islands",478,"engineering","All",0
"California State U., Channel Islands",478,"all non s e fields","All",201000
"St. John's U., New York",479,"all r d expenditures","All",3955000
"St. John's U., New York",479,"computer and information sciences","All",222000
"St. John's U., New York",479,"geosciences atmospheric sciences and ocean sciences","All",0
"St. John's U., New York",479,"life sciences","All",2577000
"St. John's U., New York",479,"mathematics and statistics","All",0
"St. John's U., New York",479,"physical sciences","All",380000
"St. John's U., New York",479,"psychology","All",539000
"St. John's U., New York",479,"social sciences","All",0
"St. John's U., New York",479,"sciences nec","All",0
"St. John's U., New York",479,"engineering","All",0
"St. John's U., New York",479,"all non s e fields","All",237000
"Austin Peay State U.",480,"all r d expenditures","All",3950000
"Austin Peay State U.",480,"computer and information sciences","All",0
"Austin Peay State U.",480,"geosciences atmospheric sciences and ocean sciences","All",716000
"Austin Peay State U.",480,"life sciences","All",2220000
"Austin Peay State U.",480,"mathematics and statistics","All",0
"Austin Peay State U.",480,"physical sciences","All",96000
"Austin Peay State U.",480,"psychology","All",21000
"Austin Peay State U.",480,"social sciences","All",178000
"Austin Peay State U.",480,"sciences nec","All",0
"Austin Peay State U.",480,"engineering","All",9000
"Austin Peay State U.",480,"all non s e fields","All",710000
"Seattle U.",481,"all r d expenditures","All",3949000
"Seattle U.",481,"computer and information sciences","All",67000
"Seattle U.",481,"geosciences atmospheric sciences and ocean sciences","All",10000
"Seattle U.",481,"life sciences","All",676000
"Seattle U.",481,"mathematics and statistics","All",104000
"Seattle U.",481,"physical sciences","All",327000
"Seattle U.",481,"psychology","All",162000
"Seattle U.",481,"social sciences","All",415000
"Seattle U.",481,"sciences nec","All",0
"Seattle U.",481,"engineering","All",282000
"Seattle U.",481,"all non s e fields","All",1906000
"Des Moines U.",482,"all r d expenditures","All",3932000
"Des Moines U.",482,"computer and information sciences","All",0
"Des Moines U.",482,"geosciences atmospheric sciences and ocean sciences","All",12000
"Des Moines U.",482,"life sciences","All",3560000
"Des Moines U.",482,"mathematics and statistics","All",0
"Des Moines U.",482,"physical sciences","All",0
"Des Moines U.",482,"psychology","All",0
"Des Moines U.",482,"social sciences","All",246000
"Des Moines U.",482,"sciences nec","All",0
"Des Moines U.",482,"engineering","All",0
"Des Moines U.",482,"all non s e fields","All",114000
"Western Illinois U.",483,"all r d expenditures","All",3824000
"Western Illinois U.",483,"computer and information sciences","All",0
"Western Illinois U.",483,"geosciences atmospheric sciences and ocean sciences","All",0
"Western Illinois U.",483,"life sciences","All",2533000
"Western Illinois U.",483,"mathematics and statistics","All",0
"Western Illinois U.",483,"physical sciences","All",106000
"Western Illinois U.",483,"psychology","All",0
"Western Illinois U.",483,"social sciences","All",208000
"Western Illinois U.",483,"sciences nec","All",0
"Western Illinois U.",483,"engineering","All",717000
"Western Illinois U.",483,"all non s e fields","All",260000
"Northern Kentucky U.",484,"all r d expenditures","All",3790000
"Northern Kentucky U.",484,"computer and information sciences","All",52000
"Northern Kentucky U.",484,"geosciences atmospheric sciences and ocean sciences","All",0
"Northern Kentucky U.",484,"life sciences","All",1864000
"Northern Kentucky U.",484,"mathematics and statistics","All",155000
"Northern Kentucky U.",484,"physical sciences","All",505000
"Northern Kentucky U.",484,"psychology","All",674000
"Northern Kentucky U.",484,"social sciences","All",182000
"Northern Kentucky U.",484,"sciences nec","All",5000
"Northern Kentucky U.",484,"engineering","All",0
"Northern Kentucky U.",484,"all non s e fields","All",353000
"Troy U.",485,"all r d expenditures","All",3785000
"Troy U.",485,"computer and information sciences","All",0
"Troy U.",485,"geosciences atmospheric sciences and ocean sciences","All",133000
"Troy U.",485,"life sciences","All",373000
"Troy U.",485,"mathematics and statistics","All",0
"Troy U.",485,"physical sciences","All",2538000
"Troy U.",485,"psychology","All",12000
"Troy U.",485,"social sciences","All",24000
"Troy U.",485,"sciences nec","All",0
"Troy U.",485,"engineering","All",47000
"Troy U.",485,"all non s e fields","All",658000
"Citadel Military C. South Carolina",486,"all r d expenditures","All",3757000
"Citadel Military C. South Carolina",486,"computer and information sciences","All",2419000
"Citadel Military C. South Carolina",486,"geosciences atmospheric sciences and ocean sciences","All",35000
"Citadel Military C. South Carolina",486,"life sciences","All",65000
"Citadel Military C. South Carolina",486,"mathematics and statistics","All",18000
"Citadel Military C. South Carolina",486,"physical sciences","All",122000
"Citadel Military C. South Carolina",486,"psychology","All",25000
"Citadel Military C. South Carolina",486,"social sciences","All",11000
"Citadel Military C. South Carolina",486,"sciences nec","All",0
"Citadel Military C. South Carolina",486,"engineering","All",491000
"Citadel Military C. South Carolina",486,"all non s e fields","All",571000
"Chicago State U.",487,"all r d expenditures","All",3756000
"Chicago State U.",487,"computer and information sciences","All",8000
"Chicago State U.",487,"geosciences atmospheric sciences and ocean sciences","All",0
"Chicago State U.",487,"life sciences","All",1984000
"Chicago State U.",487,"mathematics and statistics","All",0
"Chicago State U.",487,"physical sciences","All",1534000
"Chicago State U.",487,"psychology","All",0
"Chicago State U.",487,"social sciences","All",230000
"Chicago State U.",487,"sciences nec","All",0
"Chicago State U.",487,"engineering","All",0
"Chicago State U.",487,"all non s e fields","All",0
"Central Washington U.",488,"all r d expenditures","All",3683000
"Central Washington U.",488,"computer and information sciences","All",384000
"Central Washington U.",488,"geosciences atmospheric sciences and ocean sciences","All",2043000
"Central Washington U.",488,"life sciences","All",464000
"Central Washington U.",488,"mathematics and statistics","All",209000
"Central Washington U.",488,"physical sciences","All",267000
"Central Washington U.",488,"psychology","All",0
"Central Washington U.",488,"social sciences","All",226000
"Central Washington U.",488,"sciences nec","All",0
"Central Washington U.",488,"engineering","All",56000
"Central Washington U.",488,"all non s e fields","All",34000
"Harvey Mudd C.",489,"all r d expenditures","All",3682000
"Harvey Mudd C.",489,"computer and information sciences","All",585000
"Harvey Mudd C.",489,"geosciences atmospheric sciences and ocean sciences","All",0
"Harvey Mudd C.",489,"life sciences","All",524000
"Harvey Mudd C.",489,"mathematics and statistics","All",405000
"Harvey Mudd C.",489,"physical sciences","All",1130000
"Harvey Mudd C.",489,"psychology","All",0
"Harvey Mudd C.",489,"social sciences","All",0
"Harvey Mudd C.",489,"sciences nec","All",215000
"Harvey Mudd C.",489,"engineering","All",774000
"Harvey Mudd C.",489,"all non s e fields","All",49000
"U. Nebraska, Kearney",490,"all r d expenditures","All",3681000
"U. Nebraska, Kearney",490,"computer and information sciences","All",111000
"U. Nebraska, Kearney",490,"geosciences atmospheric sciences and ocean sciences","All",0
"U. Nebraska, Kearney",490,"life sciences","All",1862000
"U. Nebraska, Kearney",490,"mathematics and statistics","All",3000
"U. Nebraska, Kearney",490,"physical sciences","All",832000
"U. Nebraska, Kearney",490,"psychology","All",61000
"U. Nebraska, Kearney",490,"social sciences","All",64000
"U. Nebraska, Kearney",490,"sciences nec","All",0
"U. Nebraska, Kearney",490,"engineering","All",0
"U. Nebraska, Kearney",490,"all non s e fields","All",748000
"Stephen F. Austin State U.",491,"all r d expenditures","All",3661000
"Stephen F. Austin State U.",491,"computer and information sciences","All",27000
"Stephen F. Austin State U.",491,"geosciences atmospheric sciences and ocean sciences","All",132000
"Stephen F. Austin State U.",491,"life sciences","All",2028000
"Stephen F. Austin State U.",491,"mathematics and statistics","All",382000
"Stephen F. Austin State U.",491,"physical sciences","All",60000
"Stephen F. Austin State U.",491,"psychology","All",2000
"Stephen F. Austin State U.",491,"social sciences","All",163000
"Stephen F. Austin State U.",491,"sciences nec","All",16000
"Stephen F. Austin State U.",491,"engineering","All",0
"Stephen F. Austin State U.",491,"all non s e fields","All",851000
"U. New Haven",492,"all r d expenditures","All",3602000
"U. New Haven",492,"computer and information sciences","All",992000
"U. New Haven",492,"geosciences atmospheric sciences and ocean sciences","All",132000
"U. New Haven",492,"life sciences","All",404000
"U. New Haven",492,"mathematics and statistics","All",1000
"U. New Haven",492,"physical sciences","All",131000
"U. New Haven",492,"psychology","All",231000
"U. New Haven",492,"social sciences","All",1453000
"U. New Haven",492,"sciences nec","All",0
"U. New Haven",492,"engineering","All",120000
"U. New Haven",492,"all non s e fields","All",138000
"Fayetteville State U.",493,"all r d expenditures","All",3569000
"Fayetteville State U.",493,"computer and information sciences","All",524000
"Fayetteville State U.",493,"geosciences atmospheric sciences and ocean sciences","All",0
"Fayetteville State U.",493,"life sciences","All",872000
"Fayetteville State U.",493,"mathematics and statistics","All",0
"Fayetteville State U.",493,"physical sciences","All",183000
"Fayetteville State U.",493,"psychology","All",0
"Fayetteville State U.",493,"social sciences","All",173000
"Fayetteville State U.",493,"sciences nec","All",47000
"Fayetteville State U.",493,"engineering","All",141000
"Fayetteville State U.",493,"all non s e fields","All",1629000
"Christopher Newport U.",494,"all r d expenditures","All",3507000
"Christopher Newport U.",494,"computer and information sciences","All",0
"Christopher Newport U.",494,"geosciences atmospheric sciences and ocean sciences","All",0
"Christopher Newport U.",494,"life sciences","All",628000
"Christopher Newport U.",494,"mathematics and statistics","All",159000
"Christopher Newport U.",494,"physical sciences","All",1394000
"Christopher Newport U.",494,"psychology","All",77000
"Christopher Newport U.",494,"social sciences","All",134000
"Christopher Newport U.",494,"sciences nec","All",0
"Christopher Newport U.",494,"engineering","All",541000
"Christopher Newport U.",494,"all non s e fields","All",574000
"U. Texas, Tyler",495,"all r d expenditures","All",3487000
"U. Texas, Tyler",495,"computer and information sciences","All",25000
"U. Texas, Tyler",495,"geosciences atmospheric sciences and ocean sciences","All",119000
"U. Texas, Tyler",495,"life sciences","All",1957000
"U. Texas, Tyler",495,"mathematics and statistics","All",87000
"U. Texas, Tyler",495,"physical sciences","All",122000
"U. Texas, Tyler",495,"psychology","All",59000
"U. Texas, Tyler",495,"social sciences","All",57000
"U. Texas, Tyler",495,"sciences nec","All",0
"U. Texas, Tyler",495,"engineering","All",812000
"U. Texas, Tyler",495,"all non s e fields","All",249000
"New Mexico Highlands U.",496,"all r d expenditures","All",3468000
"New Mexico Highlands U.",496,"computer and information sciences","All",1095000
"New Mexico Highlands U.",496,"geosciences atmospheric sciences and ocean sciences","All",151000
"New Mexico Highlands U.",496,"life sciences","All",1803000
"New Mexico Highlands U.",496,"mathematics and statistics","All",242000
"New Mexico Highlands U.",496,"physical sciences","All",12000
"New Mexico Highlands U.",496,"psychology","All",151000
"New Mexico Highlands U.",496,"social sciences","All",0
"New Mexico Highlands U.",496,"sciences nec","All",0
"New Mexico Highlands U.",496,"engineering","All",0
"New Mexico Highlands U.",496,"all non s e fields","All",14000
"Roger Williams U.",497,"all r d expenditures","All",3465000
"Roger Williams U.",497,"computer and information sciences","All",5000
"Roger Williams U.",497,"geosciences atmospheric sciences and ocean sciences","All",883000
"Roger Williams U.",497,"life sciences","All",1157000
"Roger Williams U.",497,"mathematics and statistics","All",0
"Roger Williams U.",497,"physical sciences","All",224000
"Roger Williams U.",497,"psychology","All",84000
"Roger Williams U.",497,"social sciences","All",0
"Roger Williams U.",497,"sciences nec","All",52000
"Roger Williams U.",497,"engineering","All",202000
"Roger Williams U.",497,"all non s e fields","All",858000
"Fort Lewis C.",498,"all r d expenditures","All",3372000
"Fort Lewis C.",498,"computer and information sciences","All",24000
"Fort Lewis C.",498,"geosciences atmospheric sciences and ocean sciences","All",35000
"Fort Lewis C.",498,"life sciences","All",1054000
"Fort Lewis C.",498,"mathematics and statistics","All",0
"Fort Lewis C.",498,"physical sciences","All",725000
"Fort Lewis C.",498,"psychology","All",0
"Fort Lewis C.",498,"social sciences","All",0
"Fort Lewis C.",498,"sciences nec","All",0
"Fort Lewis C.",498,"engineering","All",628000
"Fort Lewis C.",498,"all non s e fields","All",906000
"Bowdoin C.",499,"all r d expenditures","All",3339000
"Bowdoin C.",499,"computer and information sciences","All",125000
"Bowdoin C.",499,"geosciences atmospheric sciences and ocean sciences","All",490000
"Bowdoin C.",499,"life sciences","All",1258000
"Bowdoin C.",499,"mathematics and statistics","All",103000
"Bowdoin C.",499,"physical sciences","All",654000
"Bowdoin C.",499,"psychology","All",53000
"Bowdoin C.",499,"social sciences","All",126000
"Bowdoin C.",499,"sciences nec","All",0
"Bowdoin C.",499,"engineering","All",0
"Bowdoin C.",499,"all non s e fields","All",530000
"Milwaukee School of Engineering",500,"all r d expenditures","All",3317000
"Milwaukee School of Engineering",500,"computer and information sciences","All",82000
"Milwaukee School of Engineering",500,"geosciences atmospheric sciences and ocean sciences","All",0
"Milwaukee School of Engineering",500,"life sciences","All",431000
"Milwaukee School of Engineering",500,"mathematics and statistics","All",0
"Milwaukee School of Engineering",500,"physical sciences","All",0
"Milwaukee School of Engineering",500,"psychology","All",0
"Milwaukee School of Engineering",500,"social sciences","All",0
"Milwaukee School of Engineering",500,"sciences nec","All",0
"Milwaukee School of Engineering",500,"engineering","All",2790000
"Milwaukee School of Engineering",500,"all non s e fields","All",14000
"Hamilton C.",501,"all r d expenditures","All",3285000
"Hamilton C.",501,"computer and information sciences","All",110000
"Hamilton C.",501,"geosciences atmospheric sciences and ocean sciences","All",270000
"Hamilton C.",501,"life sciences","All",190000
"Hamilton C.",501,"mathematics and statistics","All",16000
"Hamilton C.",501,"physical sciences","All",606000
"Hamilton C.",501,"psychology","All",62000
"Hamilton C.",501,"social sciences","All",514000
"Hamilton C.",501,"sciences nec","All",0
"Hamilton C.",501,"engineering","All",0
"Hamilton C.",501,"all non s e fields","All",1517000
"Youngstown State U.",502,"all r d expenditures","All",3244000
"Youngstown State U.",502,"computer and information sciences","All",76000
"Youngstown State U.",502,"geosciences atmospheric sciences and ocean sciences","All",104000
"Youngstown State U.",502,"life sciences","All",155000
"Youngstown State U.",502,"mathematics and statistics","All",133000
"Youngstown State U.",502,"physical sciences","All",122000
"Youngstown State U.",502,"psychology","All",49000
"Youngstown State U.",502,"social sciences","All",45000
"Youngstown State U.",502,"sciences nec","All",0
"Youngstown State U.",502,"engineering","All",2553000
"Youngstown State U.",502,"all non s e fields","All",7000
"Alabama State U.",503,"all r d expenditures","All",3229000
"Alabama State U.",503,"computer and information sciences","All",255000
"Alabama State U.",503,"geosciences atmospheric sciences and ocean sciences","All",0
"Alabama State U.",503,"life sciences","All",2579000
"Alabama State U.",503,"mathematics and statistics","All",141000
"Alabama State U.",503,"physical sciences","All",0
"Alabama State U.",503,"psychology","All",0
"Alabama State U.",503,"social sciences","All",0
"Alabama State U.",503,"sciences nec","All",0
"Alabama State U.",503,"engineering","All",14000
"Alabama State U.",503,"all non s e fields","All",240000
"Murray State U.",504,"all r d expenditures","All",3193000
"Murray State U.",504,"computer and information sciences","All",0
"Murray State U.",504,"geosciences atmospheric sciences and ocean sciences","All",614000
"Murray State U.",504,"life sciences","All",1908000
"Murray State U.",504,"mathematics and statistics","All",166000
"Murray State U.",504,"physical sciences","All",481000
"Murray State U.",504,"psychology","All",0
"Murray State U.",504,"social sciences","All",0
"Murray State U.",504,"sciences nec","All",0
"Murray State U.",504,"engineering","All",0
"Murray State U.",504,"all non s e fields","All",24000
"Winthrop U.",505,"all r d expenditures","All",3189000
"Winthrop U.",505,"computer and information sciences","All",97000
"Winthrop U.",505,"geosciences atmospheric sciences and ocean sciences","All",0
"Winthrop U.",505,"life sciences","All",308000
"Winthrop U.",505,"mathematics and statistics","All",62000
"Winthrop U.",505,"physical sciences","All",378000
"Winthrop U.",505,"psychology","All",0
"Winthrop U.",505,"social sciences","All",138000
"Winthrop U.",505,"sciences nec","All",0
"Winthrop U.",505,"engineering","All",0
"Winthrop U.",505,"all non s e fields","All",2206000
"Saginaw Valley State U.",506,"all r d expenditures","All",3143000
"Saginaw Valley State U.",506,"computer and information sciences","All",289000
"Saginaw Valley State U.",506,"geosciences atmospheric sciences and ocean sciences","All",0
"Saginaw Valley State U.",506,"life sciences","All",2025000
"Saginaw Valley State U.",506,"mathematics and statistics","All",0
"Saginaw Valley State U.",506,"physical sciences","All",0
"Saginaw Valley State U.",506,"psychology","All",1000
"Saginaw Valley State U.",506,"social sciences","All",222000
"Saginaw Valley State U.",506,"sciences nec","All",0
"Saginaw Valley State U.",506,"engineering","All",0
"Saginaw Valley State U.",506,"all non s e fields","All",606000
"U. Central Arkansas",507,"all r d expenditures","All",3092000
"U. Central Arkansas",507,"computer and information sciences","All",154000
"U. Central Arkansas",507,"geosciences atmospheric sciences and ocean sciences","All",75000
"U. Central Arkansas",507,"life sciences","All",1219000
"U. Central Arkansas",507,"mathematics and statistics","All",7000
"U. Central Arkansas",507,"physical sciences","All",399000
"U. Central Arkansas",507,"psychology","All",0
"U. Central Arkansas",507,"social sciences","All",25000
"U. Central Arkansas",507,"sciences nec","All",0
"U. Central Arkansas",507,"engineering","All",221000
"U. Central Arkansas",507,"all non s e fields","All",992000
"U. Richmond",508,"all r d expenditures","All",3058000
"U. Richmond",508,"computer and information sciences","All",0
"U. Richmond",508,"geosciences atmospheric sciences and ocean sciences","All",135000
"U. Richmond",508,"life sciences","All",1051000
"U. Richmond",508,"mathematics and statistics","All",56000
"U. Richmond",508,"physical sciences","All",563000
"U. Richmond",508,"psychology","All",322000
"U. Richmond",508,"social sciences","All",121000
"U. Richmond",508,"sciences nec","All",0
"U. Richmond",508,"engineering","All",0
"U. Richmond",508,"all non s e fields","All",810000
"Minnesota State U., Mankato",509,"all r d expenditures","All",3055000
"Minnesota State U., Mankato",509,"computer and information sciences","All",143000
"Minnesota State U., Mankato",509,"geosciences atmospheric sciences and ocean sciences","All",168000
"Minnesota State U., Mankato",509,"life sciences","All",702000
"Minnesota State U., Mankato",509,"mathematics and statistics","All",58000
"Minnesota State U., Mankato",509,"physical sciences","All",46000
"Minnesota State U., Mankato",509,"psychology","All",304000
"Minnesota State U., Mankato",509,"social sciences","All",124000
"Minnesota State U., Mankato",509,"sciences nec","All",0
"Minnesota State U., Mankato",509,"engineering","All",1166000
"Minnesota State U., Mankato",509,"all non s e fields","All",344000
"Dine C.",510,"all r d expenditures","All",3054000
"Dine C.",510,"computer and information sciences","All",0
"Dine C.",510,"geosciences atmospheric sciences and ocean sciences","All",0
"Dine C.",510,"life sciences","All",2551000
"Dine C.",510,"mathematics and statistics","All",0
"Dine C.",510,"physical sciences","All",0
"Dine C.",510,"psychology","All",0
"Dine C.",510,"social sciences","All",0
"Dine C.",510,"sciences nec","All",0
"Dine C.",510,"engineering","All",147000
"Dine C.",510,"all non s e fields","All",356000
"Marian U., Indianapolis",511,"all r d expenditures","All",3009000
"Marian U., Indianapolis",511,"computer and information sciences","All",0
"Marian U., Indianapolis",511,"geosciences atmospheric sciences and ocean sciences","All",0
"Marian U., Indianapolis",511,"life sciences","All",1774000
"Marian U., Indianapolis",511,"mathematics and statistics","All",43000
"Marian U., Indianapolis",511,"physical sciences","All",33000
"Marian U., Indianapolis",511,"psychology","All",0
"Marian U., Indianapolis",511,"social sciences","All",9000
"Marian U., Indianapolis",511,"sciences nec","All",569000
"Marian U., Indianapolis",511,"engineering","All",0
"Marian U., Indianapolis",511,"all non s e fields","All",581000
"Pittsburg State U.",512,"all r d expenditures","All",2979000
"Pittsburg State U.",512,"computer and information sciences","All",0
"Pittsburg State U.",512,"geosciences atmospheric sciences and ocean sciences","All",0
"Pittsburg State U.",512,"life sciences","All",430000
"Pittsburg State U.",512,"mathematics and statistics","All",0
"Pittsburg State U.",512,"physical sciences","All",39000
"Pittsburg State U.",512,"psychology","All",0
"Pittsburg State U.",512,"social sciences","All",49000
"Pittsburg State U.",512,"sciences nec","All",0
"Pittsburg State U.",512,"engineering","All",2461000
"Pittsburg State U.",512,"all non s e fields","All",0
"Middlebury C.",513,"all r d expenditures","All",2975000
"Middlebury C.",513,"computer and information sciences","All",229000
"Middlebury C.",513,"geosciences atmospheric sciences and ocean sciences","All",585000
"Middlebury C.",513,"life sciences","All",827000
"Middlebury C.",513,"mathematics and statistics","All",35000
"Middlebury C.",513,"physical sciences","All",598000
"Middlebury C.",513,"psychology","All",125000
"Middlebury C.",513,"social sciences","All",343000
"Middlebury C.",513,"sciences nec","All",0
"Middlebury C.",513,"engineering","All",0
"Middlebury C.",513,"all non s e fields","All",233000
"East Stroudsburg U. Pennsylvania",514,"all r d expenditures","All",2928000
"East Stroudsburg U. Pennsylvania",514,"computer and information sciences","All",9000
"East Stroudsburg U. Pennsylvania",514,"geosciences atmospheric sciences and ocean sciences","All",0
"East Stroudsburg U. Pennsylvania",514,"life sciences","All",2082000
"East Stroudsburg U. Pennsylvania",514,"mathematics and statistics","All",0
"East Stroudsburg U. Pennsylvania",514,"physical sciences","All",0
"East Stroudsburg U. Pennsylvania",514,"psychology","All",0
"East Stroudsburg U. Pennsylvania",514,"social sciences","All",9000
"East Stroudsburg U. Pennsylvania",514,"sciences nec","All",0
"East Stroudsburg U. Pennsylvania",514,"engineering","All",0
"East Stroudsburg U. Pennsylvania",514,"all non s e fields","All",828000
"Davidson C.",515,"all r d expenditures","All",2926000
"Davidson C.",515,"computer and information sciences","All",114000
"Davidson C.",515,"geosciences atmospheric sciences and ocean sciences","All",0
"Davidson C.",515,"life sciences","All",709000
"Davidson C.",515,"mathematics and statistics","All",298000
"Davidson C.",515,"physical sciences","All",605000
"Davidson C.",515,"psychology","All",506000
"Davidson C.",515,"social sciences","All",4e+05
"Davidson C.",515,"sciences nec","All",0
"Davidson C.",515,"engineering","All",0
"Davidson C.",515,"all non s e fields","All",294000
"U. Wisconsin-La Crosse",516,"all r d expenditures","All",2921000
"U. Wisconsin-La Crosse",516,"computer and information sciences","All",60000
"U. Wisconsin-La Crosse",516,"geosciences atmospheric sciences and ocean sciences","All",39000
"U. Wisconsin-La Crosse",516,"life sciences","All",729000
"U. Wisconsin-La Crosse",516,"mathematics and statistics","All",21000
"U. Wisconsin-La Crosse",516,"physical sciences","All",322000
"U. Wisconsin-La Crosse",516,"psychology","All",21000
"U. Wisconsin-La Crosse",516,"social sciences","All",1359000
"U. Wisconsin-La Crosse",516,"sciences nec","All",10000
"U. Wisconsin-La Crosse",516,"engineering","All",0
"U. Wisconsin-La Crosse",516,"all non s e fields","All",360000
"Hawaii Pacific U.",517,"all r d expenditures","All",2913000
"Hawaii Pacific U.",517,"computer and information sciences","All",140000
"Hawaii Pacific U.",517,"geosciences atmospheric sciences and ocean sciences","All",574000
"Hawaii Pacific U.",517,"life sciences","All",2196000
"Hawaii Pacific U.",517,"mathematics and statistics","All",0
"Hawaii Pacific U.",517,"physical sciences","All",0
"Hawaii Pacific U.",517,"psychology","All",0
"Hawaii Pacific U.",517,"social sciences","All",0
"Hawaii Pacific U.",517,"sciences nec","All",0
"Hawaii Pacific U.",517,"engineering","All",0
"Hawaii Pacific U.",517,"all non s e fields","All",3000
"St. Cloud State U.",518,"all r d expenditures","All",2901000
"St. Cloud State U.",518,"computer and information sciences","All",25000
"St. Cloud State U.",518,"geosciences atmospheric sciences and ocean sciences","All",8000
"St. Cloud State U.",518,"life sciences","All",387000
"St. Cloud State U.",518,"mathematics and statistics","All",0
"St. Cloud State U.",518,"physical sciences","All",12000
"St. Cloud State U.",518,"psychology","All",4000
"St. Cloud State U.",518,"social sciences","All",401000
"St. Cloud State U.",518,"sciences nec","All",0
"St. Cloud State U.",518,"engineering","All",54000
"St. Cloud State U.",518,"all non s e fields","All",2010000
"Touro U., California",519,"all r d expenditures","All",2877000
"Touro U., California",519,"computer and information sciences","All",0
"Touro U., California",519,"geosciences atmospheric sciences and ocean sciences","All",0
"Touro U., California",519,"life sciences","All",2877000
"Touro U., California",519,"mathematics and statistics","All",0
"Touro U., California",519,"physical sciences","All",0
"Touro U., California",519,"psychology","All",0
"Touro U., California",519,"social sciences","All",0
"Touro U., California",519,"sciences nec","All",0
"Touro U., California",519,"engineering","All",0
"Touro U., California",519,"all non s e fields","All",0
"Southeastern Louisiana U.",520,"all r d expenditures","All",2858000
"Southeastern Louisiana U.",520,"computer and information sciences","All",266000
"Southeastern Louisiana U.",520,"geosciences atmospheric sciences and ocean sciences","All",0
"Southeastern Louisiana U.",520,"life sciences","All",1357000
"Southeastern Louisiana U.",520,"mathematics and statistics","All",0
"Southeastern Louisiana U.",520,"physical sciences","All",427000
"Southeastern Louisiana U.",520,"psychology","All",0
"Southeastern Louisiana U.",520,"social sciences","All",30000
"Southeastern Louisiana U.",520,"sciences nec","All",0
"Southeastern Louisiana U.",520,"engineering","All",140000
"Southeastern Louisiana U.",520,"all non s e fields","All",638000
"CUNY, New York City C. of Technology",521,"all r d expenditures","All",2819000
"CUNY, New York City C. of Technology",521,"computer and information sciences","All",241000
"CUNY, New York City C. of Technology",521,"geosciences atmospheric sciences and ocean sciences","All",0
"CUNY, New York City C. of Technology",521,"life sciences","All",162000
"CUNY, New York City C. of Technology",521,"mathematics and statistics","All",220000
"CUNY, New York City C. of Technology",521,"physical sciences","All",585000
"CUNY, New York City C. of Technology",521,"psychology","All",0
"CUNY, New York City C. of Technology",521,"social sciences","All",24000
"CUNY, New York City C. of Technology",521,"sciences nec","All",0
"CUNY, New York City C. of Technology",521,"engineering","All",806000
"CUNY, New York City C. of Technology",521,"all non s e fields","All",781000
"Purdue U., Fort Wayne",522,"all r d expenditures","All",2804000
"Purdue U., Fort Wayne",522,"computer and information sciences","All",0
"Purdue U., Fort Wayne",522,"geosciences atmospheric sciences and ocean sciences","All",0
"Purdue U., Fort Wayne",522,"life sciences","All",438000
"Purdue U., Fort Wayne",522,"mathematics and statistics","All",458000
"Purdue U., Fort Wayne",522,"physical sciences","All",99000
"Purdue U., Fort Wayne",522,"psychology","All",151000
"Purdue U., Fort Wayne",522,"social sciences","All",231000
"Purdue U., Fort Wayne",522,"sciences nec","All",229000
"Purdue U., Fort Wayne",522,"engineering","All",192000
"Purdue U., Fort Wayne",522,"all non s e fields","All",1006000
"U. Wisconsin-Green Bay",523,"all r d expenditures","All",2801000
"U. Wisconsin-Green Bay",523,"computer and information sciences","All",82000
"U. Wisconsin-Green Bay",523,"geosciences atmospheric sciences and ocean sciences","All",121000
"U. Wisconsin-Green Bay",523,"life sciences","All",1590000
"U. Wisconsin-Green Bay",523,"mathematics and statistics","All",21000
"U. Wisconsin-Green Bay",523,"physical sciences","All",166000
"U. Wisconsin-Green Bay",523,"psychology","All",45000
"U. Wisconsin-Green Bay",523,"social sciences","All",97000
"U. Wisconsin-Green Bay",523,"sciences nec","All",0
"U. Wisconsin-Green Bay",523,"engineering","All",484000
"U. Wisconsin-Green Bay",523,"all non s e fields","All",195000
"U. Wisconsin-River Falls",524,"all r d expenditures","All",2772000
"U. Wisconsin-River Falls",524,"computer and information sciences","All",0
"U. Wisconsin-River Falls",524,"geosciences atmospheric sciences and ocean sciences","All",0
"U. Wisconsin-River Falls",524,"life sciences","All",2125000
"U. Wisconsin-River Falls",524,"mathematics and statistics","All",0
"U. Wisconsin-River Falls",524,"physical sciences","All",373000
"U. Wisconsin-River Falls",524,"psychology","All",0
"U. Wisconsin-River Falls",524,"social sciences","All",0
"U. Wisconsin-River Falls",524,"sciences nec","All",0
"U. Wisconsin-River Falls",524,"engineering","All",42000
"U. Wisconsin-River Falls",524,"all non s e fields","All",232000
"U. Texas of the Permian Basin",525,"all r d expenditures","All",2769000
"U. Texas of the Permian Basin",525,"computer and information sciences","All",0
"U. Texas of the Permian Basin",525,"geosciences atmospheric sciences and ocean sciences","All",161000
"U. Texas of the Permian Basin",525,"life sciences","All",593000
"U. Texas of the Permian Basin",525,"mathematics and statistics","All",7000
"U. Texas of the Permian Basin",525,"physical sciences","All",51000
"U. Texas of the Permian Basin",525,"psychology","All",62000
"U. Texas of the Permian Basin",525,"social sciences","All",271000
"U. Texas of the Permian Basin",525,"sciences nec","All",0
"U. Texas of the Permian Basin",525,"engineering","All",416000
"U. Texas of the Permian Basin",525,"all non s e fields","All",1208000
"Lewis and Clark C.",526,"all r d expenditures","All",2686000
"Lewis and Clark C.",526,"computer and information sciences","All",24000
"Lewis and Clark C.",526,"geosciences atmospheric sciences and ocean sciences","All",171000
"Lewis and Clark C.",526,"life sciences","All",647000
"Lewis and Clark C.",526,"mathematics and statistics","All",21000
"Lewis and Clark C.",526,"physical sciences","All",214000
"Lewis and Clark C.",526,"psychology","All",0
"Lewis and Clark C.",526,"social sciences","All",101000
"Lewis and Clark C.",526,"sciences nec","All",0
"Lewis and Clark C.",526,"engineering","All",0
"Lewis and Clark C.",526,"all non s e fields","All",1508000
"Tougaloo C.",527,"all r d expenditures","All",2663000
"Tougaloo C.",527,"computer and information sciences","All",106000
"Tougaloo C.",527,"geosciences atmospheric sciences and ocean sciences","All",2000
"Tougaloo C.",527,"life sciences","All",1368000
"Tougaloo C.",527,"mathematics and statistics","All",105000
"Tougaloo C.",527,"physical sciences","All",610000
"Tougaloo C.",527,"psychology","All",127000
"Tougaloo C.",527,"social sciences","All",70000
"Tougaloo C.",527,"sciences nec","All",2000
"Tougaloo C.",527,"engineering","All",2000
"Tougaloo C.",527,"all non s e fields","All",271000
"Morehead State U.",528,"all r d expenditures","All",2658000
"Morehead State U.",528,"computer and information sciences","All",0
"Morehead State U.",528,"geosciences atmospheric sciences and ocean sciences","All",0
"Morehead State U.",528,"life sciences","All",389000
"Morehead State U.",528,"mathematics and statistics","All",0
"Morehead State U.",528,"physical sciences","All",0
"Morehead State U.",528,"psychology","All",123000
"Morehead State U.",528,"social sciences","All",5000
"Morehead State U.",528,"sciences nec","All",0
"Morehead State U.",528,"engineering","All",2141000
"Morehead State U.",528,"all non s e fields","All",0
"C. New Jersey",529,"all r d expenditures","All",2641000
"C. New Jersey",529,"computer and information sciences","All",214000
"C. New Jersey",529,"geosciences atmospheric sciences and ocean sciences","All",0
"C. New Jersey",529,"life sciences","All",1107000
"C. New Jersey",529,"mathematics and statistics","All",66000
"C. New Jersey",529,"physical sciences","All",529000
"C. New Jersey",529,"psychology","All",25000
"C. New Jersey",529,"social sciences","All",209000
"C. New Jersey",529,"sciences nec","All",150000
"C. New Jersey",529,"engineering","All",278000
"C. New Jersey",529,"all non s e fields","All",63000
"SUNY, Buffalo State U.",530,"all r d expenditures","All",2636000
"SUNY, Buffalo State U.",530,"computer and information sciences","All",53000
"SUNY, Buffalo State U.",530,"geosciences atmospheric sciences and ocean sciences","All",1276000
"SUNY, Buffalo State U.",530,"life sciences","All",945000
"SUNY, Buffalo State U.",530,"mathematics and statistics","All",192000
"SUNY, Buffalo State U.",530,"physical sciences","All",47000
"SUNY, Buffalo State U.",530,"psychology","All",18000
"SUNY, Buffalo State U.",530,"social sciences","All",72000
"SUNY, Buffalo State U.",530,"sciences nec","All",0
"SUNY, Buffalo State U.",530,"engineering","All",0
"SUNY, Buffalo State U.",530,"all non s e fields","All",33000
"Bowie State U.",531,"all r d expenditures","All",2612000
"Bowie State U.",531,"computer and information sciences","All",892000
"Bowie State U.",531,"geosciences atmospheric sciences and ocean sciences","All",0
"Bowie State U.",531,"life sciences","All",1002000
"Bowie State U.",531,"mathematics and statistics","All",14000
"Bowie State U.",531,"physical sciences","All",0
"Bowie State U.",531,"psychology","All",0
"Bowie State U.",531,"social sciences","All",69000
"Bowie State U.",531,"sciences nec","All",0
"Bowie State U.",531,"engineering","All",0
"Bowie State U.",531,"all non s e fields","All",635000
"Marymount U.",532,"all r d expenditures","All",2601000
"Marymount U.",532,"computer and information sciences","All",427000
"Marymount U.",532,"geosciences atmospheric sciences and ocean sciences","All",0
"Marymount U.",532,"life sciences","All",790000
"Marymount U.",532,"mathematics and statistics","All",39000
"Marymount U.",532,"physical sciences","All",32000
"Marymount U.",532,"psychology","All",180000
"Marymount U.",532,"social sciences","All",287000
"Marymount U.",532,"sciences nec","All",0
"Marymount U.",532,"engineering","All",111000
"Marymount U.",532,"all non s e fields","All",735000
"Vassar C.",533,"all r d expenditures","All",2596000
"Vassar C.",533,"computer and information sciences","All",48000
"Vassar C.",533,"geosciences atmospheric sciences and ocean sciences","All",223000
"Vassar C.",533,"life sciences","All",798000
"Vassar C.",533,"mathematics and statistics","All",185000
"Vassar C.",533,"physical sciences","All",450000
"Vassar C.",533,"psychology","All",373000
"Vassar C.",533,"social sciences","All",349000
"Vassar C.",533,"sciences nec","All",0
"Vassar C.",533,"engineering","All",0
"Vassar C.",533,"all non s e fields","All",170000
"Albany C. of Pharmacy and Health Sciences",534,"all r d expenditures","All",2594000
"Albany C. of Pharmacy and Health Sciences",534,"computer and information sciences","All",0
"Albany C. of Pharmacy and Health Sciences",534,"geosciences atmospheric sciences and ocean sciences","All",0
"Albany C. of Pharmacy and Health Sciences",534,"life sciences","All",2594000
"Albany C. of Pharmacy and Health Sciences",534,"mathematics and statistics","All",0
"Albany C. of Pharmacy and Health Sciences",534,"physical sciences","All",0
"Albany C. of Pharmacy and Health Sciences",534,"psychology","All",0
"Albany C. of Pharmacy and Health Sciences",534,"social sciences","All",0
"Albany C. of Pharmacy and Health Sciences",534,"sciences nec","All",0
"Albany C. of Pharmacy and Health Sciences",534,"engineering","All",0
"Albany C. of Pharmacy and Health Sciences",534,"all non s e fields","All",0
"SUNY, Cobleskill",535,"all r d expenditures","All",2566000
"SUNY, Cobleskill",535,"computer and information sciences","All",0
"SUNY, Cobleskill",535,"geosciences atmospheric sciences and ocean sciences","All",0
"SUNY, Cobleskill",535,"life sciences","All",140000
"SUNY, Cobleskill",535,"mathematics and statistics","All",0
"SUNY, Cobleskill",535,"physical sciences","All",0
"SUNY, Cobleskill",535,"psychology","All",0
"SUNY, Cobleskill",535,"social sciences","All",0
"SUNY, Cobleskill",535,"sciences nec","All",0
"SUNY, Cobleskill",535,"engineering","All",2301000
"SUNY, Cobleskill",535,"all non s e fields","All",125000
"Calvin U.",536,"all r d expenditures","All",2555000
"Calvin U.",536,"computer and information sciences","All",25000
"Calvin U.",536,"geosciences atmospheric sciences and ocean sciences","All",30000
"Calvin U.",536,"life sciences","All",523000
"Calvin U.",536,"mathematics and statistics","All",63000
"Calvin U.",536,"physical sciences","All",536000
"Calvin U.",536,"psychology","All",2000
"Calvin U.",536,"social sciences","All",35000
"Calvin U.",536,"sciences nec","All",0
"Calvin U.",536,"engineering","All",134000
"Calvin U.",536,"all non s e fields","All",1207000
"Eastern Washington U.",537,"all r d expenditures","All",2546000
"Eastern Washington U.",537,"computer and information sciences","All",0
"Eastern Washington U.",537,"geosciences atmospheric sciences and ocean sciences","All",37000
"Eastern Washington U.",537,"life sciences","All",454000
"Eastern Washington U.",537,"mathematics and statistics","All",1000
"Eastern Washington U.",537,"physical sciences","All",86000
"Eastern Washington U.",537,"psychology","All",87000
"Eastern Washington U.",537,"social sciences","All",1810000
"Eastern Washington U.",537,"sciences nec","All",0
"Eastern Washington U.",537,"engineering","All",71000
"Eastern Washington U.",537,"all non s e fields","All",0
"Lake Superior State U.",538,"all r d expenditures","All",2545000
"Lake Superior State U.",538,"computer and information sciences","All",0
"Lake Superior State U.",538,"geosciences atmospheric sciences and ocean sciences","All",0
"Lake Superior State U.",538,"life sciences","All",2477000
"Lake Superior State U.",538,"mathematics and statistics","All",0
"Lake Superior State U.",538,"physical sciences","All",25000
"Lake Superior State U.",538,"psychology","All",0
"Lake Superior State U.",538,"social sciences","All",0
"Lake Superior State U.",538,"sciences nec","All",0
"Lake Superior State U.",538,"engineering","All",43000
"Lake Superior State U.",538,"all non s e fields","All",0
"Elon U.",539,"all r d expenditures","All",2544000
"Elon U.",539,"computer and information sciences","All",42000
"Elon U.",539,"geosciences atmospheric sciences and ocean sciences","All",0
"Elon U.",539,"life sciences","All",457000
"Elon U.",539,"mathematics and statistics","All",109000
"Elon U.",539,"physical sciences","All",116000
"Elon U.",539,"psychology","All",212000
"Elon U.",539,"social sciences","All",297000
"Elon U.",539,"sciences nec","All",56000
"Elon U.",539,"engineering","All",30000
"Elon U.",539,"all non s e fields","All",1225000
"Western Carolina U.",540,"all r d expenditures","All",2543000
"Western Carolina U.",540,"computer and information sciences","All",0
"Western Carolina U.",540,"geosciences atmospheric sciences and ocean sciences","All",484000
"Western Carolina U.",540,"life sciences","All",822000
"Western Carolina U.",540,"mathematics and statistics","All",72000
"Western Carolina U.",540,"physical sciences","All",56000
"Western Carolina U.",540,"psychology","All",0
"Western Carolina U.",540,"social sciences","All",182000
"Western Carolina U.",540,"sciences nec","All",0
"Western Carolina U.",540,"engineering","All",395000
"Western Carolina U.",540,"all non s e fields","All",532000
"Mount Holyoke C.",541,"all r d expenditures","All",2533000
"Mount Holyoke C.",541,"computer and information sciences","All",118000
"Mount Holyoke C.",541,"geosciences atmospheric sciences and ocean sciences","All",119000
"Mount Holyoke C.",541,"life sciences","All",618000
"Mount Holyoke C.",541,"mathematics and statistics","All",191000
"Mount Holyoke C.",541,"physical sciences","All",347000
"Mount Holyoke C.",541,"psychology","All",377000
"Mount Holyoke C.",541,"social sciences","All",257000
"Mount Holyoke C.",541,"sciences nec","All",0
"Mount Holyoke C.",541,"engineering","All",0
"Mount Holyoke C.",541,"all non s e fields","All",506000
"Monmouth U.",542,"all r d expenditures","All",2517000
"Monmouth U.",542,"computer and information sciences","All",38000
"Monmouth U.",542,"geosciences atmospheric sciences and ocean sciences","All",1838000
"Monmouth U.",542,"life sciences","All",337000
"Monmouth U.",542,"mathematics and statistics","All",0
"Monmouth U.",542,"physical sciences","All",32000
"Monmouth U.",542,"psychology","All",0
"Monmouth U.",542,"social sciences","All",168000
"Monmouth U.",542,"sciences nec","All",0
"Monmouth U.",542,"engineering","All",0
"Monmouth U.",542,"all non s e fields","All",104000
"U. Illinois, Springfield",543,"all r d expenditures","All",2508000
"U. Illinois, Springfield",543,"computer and information sciences","All",0
"U. Illinois, Springfield",543,"geosciences atmospheric sciences and ocean sciences","All",0
"U. Illinois, Springfield",543,"life sciences","All",3000
"U. Illinois, Springfield",543,"mathematics and statistics","All",0
"U. Illinois, Springfield",543,"physical sciences","All",0
"U. Illinois, Springfield",543,"psychology","All",64000
"U. Illinois, Springfield",543,"social sciences","All",930000
"U. Illinois, Springfield",543,"sciences nec","All",21000
"U. Illinois, Springfield",543,"engineering","All",0
"U. Illinois, Springfield",543,"all non s e fields","All",1490000
"Colorado C.",544,"all r d expenditures","All",2498000
"Colorado C.",544,"computer and information sciences","All",77000
"Colorado C.",544,"geosciences atmospheric sciences and ocean sciences","All",164000
"Colorado C.",544,"life sciences","All",263000
"Colorado C.",544,"mathematics and statistics","All",142000
"Colorado C.",544,"physical sciences","All",283000
"Colorado C.",544,"psychology","All",69000
"Colorado C.",544,"social sciences","All",703000
"Colorado C.",544,"sciences nec","All",0
"Colorado C.",544,"engineering","All",0
"Colorado C.",544,"all non s e fields","All",797000
"La Sierra U.",545,"all r d expenditures","All",2496000
"La Sierra U.",545,"computer and information sciences","All",0
"La Sierra U.",545,"geosciences atmospheric sciences and ocean sciences","All",0
"La Sierra U.",545,"life sciences","All",8000
"La Sierra U.",545,"mathematics and statistics","All",0
"La Sierra U.",545,"physical sciences","All",1000
"La Sierra U.",545,"psychology","All",82000
"La Sierra U.",545,"social sciences","All",0
"La Sierra U.",545,"sciences nec","All",0
"La Sierra U.",545,"engineering","All",0
"La Sierra U.",545,"all non s e fields","All",2405000
"National Defense U.",546,"all r d expenditures","All",2494000
"National Defense U.",546,"computer and information sciences","All",143000
"National Defense U.",546,"geosciences atmospheric sciences and ocean sciences","All",0
"National Defense U.",546,"life sciences","All",4e+05
"National Defense U.",546,"mathematics and statistics","All",0
"National Defense U.",546,"physical sciences","All",0
"National Defense U.",546,"psychology","All",0
"National Defense U.",546,"social sciences","All",1951000
"National Defense U.",546,"sciences nec","All",0
"National Defense U.",546,"engineering","All",0
"National Defense U.",546,"all non s e fields","All",0
"New England C. of Optometry",547,"all r d expenditures","All",2491000
"New England C. of Optometry",547,"computer and information sciences","All",0
"New England C. of Optometry",547,"geosciences atmospheric sciences and ocean sciences","All",0
"New England C. of Optometry",547,"life sciences","All",2491000
"New England C. of Optometry",547,"mathematics and statistics","All",0
"New England C. of Optometry",547,"physical sciences","All",0
"New England C. of Optometry",547,"psychology","All",0
"New England C. of Optometry",547,"social sciences","All",0
"New England C. of Optometry",547,"sciences nec","All",0
"New England C. of Optometry",547,"engineering","All",0
"New England C. of Optometry",547,"all non s e fields","All",0
"Franklin W. Olin C. of Engineering",548,"all r d expenditures","All",2450000
"Franklin W. Olin C. of Engineering",548,"computer and information sciences","All",0
"Franklin W. Olin C. of Engineering",548,"geosciences atmospheric sciences and ocean sciences","All",0
"Franklin W. Olin C. of Engineering",548,"life sciences","All",0
"Franklin W. Olin C. of Engineering",548,"mathematics and statistics","All",0
"Franklin W. Olin C. of Engineering",548,"physical sciences","All",0
"Franklin W. Olin C. of Engineering",548,"psychology","All",0
"Franklin W. Olin C. of Engineering",548,"social sciences","All",0
"Franklin W. Olin C. of Engineering",548,"sciences nec","All",0
"Franklin W. Olin C. of Engineering",548,"engineering","All",2312000
"Franklin W. Olin C. of Engineering",548,"all non s e fields","All",138000
"Erikson Institute",549,"all r d expenditures","All",2414000
"Erikson Institute",549,"computer and information sciences","All",0
"Erikson Institute",549,"geosciences atmospheric sciences and ocean sciences","All",0
"Erikson Institute",549,"life sciences","All",0
"Erikson Institute",549,"mathematics and statistics","All",0
"Erikson Institute",549,"physical sciences","All",0
"Erikson Institute",549,"psychology","All",0
"Erikson Institute",549,"social sciences","All",0
"Erikson Institute",549,"sciences nec","All",0
"Erikson Institute",549,"engineering","All",0
"Erikson Institute",549,"all non s e fields","All",2414000
"Wheaton C., Wheaton",550,"all r d expenditures","All",2403000
"Wheaton C., Wheaton",550,"computer and information sciences","All",0
"Wheaton C., Wheaton",550,"geosciences atmospheric sciences and ocean sciences","All",217000
"Wheaton C., Wheaton",550,"life sciences","All",430000
"Wheaton C., Wheaton",550,"mathematics and statistics","All",0
"Wheaton C., Wheaton",550,"physical sciences","All",119000
"Wheaton C., Wheaton",550,"psychology","All",542000
"Wheaton C., Wheaton",550,"social sciences","All",825000
"Wheaton C., Wheaton",550,"sciences nec","All",0
"Wheaton C., Wheaton",550,"engineering","All",0
"Wheaton C., Wheaton",550,"all non s e fields","All",270000
"Stockton U.",551,"all r d expenditures","All",2386000
"Stockton U.",551,"computer and information sciences","All",0
"Stockton U.",551,"geosciences atmospheric sciences and ocean sciences","All",964000
"Stockton U.",551,"life sciences","All",313000
"Stockton U.",551,"mathematics and statistics","All",0
"Stockton U.",551,"physical sciences","All",0
"Stockton U.",551,"psychology","All",0
"Stockton U.",551,"social sciences","All",1109000
"Stockton U.",551,"sciences nec","All",0
"Stockton U.",551,"engineering","All",0
"Stockton U.",551,"all non s e fields","All",0
"Skidmore C.",552,"all r d expenditures","All",2384000
"Skidmore C.",552,"computer and information sciences","All",0
"Skidmore C.",552,"geosciences atmospheric sciences and ocean sciences","All",394000
"Skidmore C.",552,"life sciences","All",825000
"Skidmore C.",552,"mathematics and statistics","All",19000
"Skidmore C.",552,"physical sciences","All",456000
"Skidmore C.",552,"psychology","All",324000
"Skidmore C.",552,"social sciences","All",214000
"Skidmore C.",552,"sciences nec","All",0
"Skidmore C.",552,"engineering","All",0
"Skidmore C.",552,"all non s e fields","All",152000
"Hobart and William Smith Colleges",553,"all r d expenditures","All",2373000
"Hobart and William Smith Colleges",553,"computer and information sciences","All",16000
"Hobart and William Smith Colleges",553,"geosciences atmospheric sciences and ocean sciences","All",3e+05
"Hobart and William Smith Colleges",553,"life sciences","All",1653000
"Hobart and William Smith Colleges",553,"mathematics and statistics","All",15000
"Hobart and William Smith Colleges",553,"physical sciences","All",211000
"Hobart and William Smith Colleges",553,"psychology","All",2000
"Hobart and William Smith Colleges",553,"social sciences","All",40000
"Hobart and William Smith Colleges",553,"sciences nec","All",19000
"Hobart and William Smith Colleges",553,"engineering","All",0
"Hobart and William Smith Colleges",553,"all non s e fields","All",117000
"Virginia Military Institute",554,"all r d expenditures","All",2350000
"Virginia Military Institute",554,"computer and information sciences","All",1805000
"Virginia Military Institute",554,"geosciences atmospheric sciences and ocean sciences","All",0
"Virginia Military Institute",554,"life sciences","All",88000
"Virginia Military Institute",554,"mathematics and statistics","All",46000
"Virginia Military Institute",554,"physical sciences","All",108000
"Virginia Military Institute",554,"psychology","All",0
"Virginia Military Institute",554,"social sciences","All",29000
"Virginia Military Institute",554,"sciences nec","All",0
"Virginia Military Institute",554,"engineering","All",147000
"Virginia Military Institute",554,"all non s e fields","All",127000
"Benedict C.",555,"all r d expenditures","All",2307000
"Benedict C.",555,"computer and information sciences","All",189000
"Benedict C.",555,"geosciences atmospheric sciences and ocean sciences","All",0
"Benedict C.",555,"life sciences","All",354000
"Benedict C.",555,"mathematics and statistics","All",187000
"Benedict C.",555,"physical sciences","All",149000
"Benedict C.",555,"psychology","All",0
"Benedict C.",555,"social sciences","All",0
"Benedict C.",555,"sciences nec","All",0
"Benedict C.",555,"engineering","All",1428000
"Benedict C.",555,"all non s e fields","All",0
"California State U., Stanislaus",556,"all r d expenditures","All",2305000
"California State U., Stanislaus",556,"computer and information sciences","All",125000
"California State U., Stanislaus",556,"geosciences atmospheric sciences and ocean sciences","All",2000
"California State U., Stanislaus",556,"life sciences","All",813000
"California State U., Stanislaus",556,"mathematics and statistics","All",281000
"California State U., Stanislaus",556,"physical sciences","All",203000
"California State U., Stanislaus",556,"psychology","All",364000
"California State U., Stanislaus",556,"social sciences","All",441000
"California State U., Stanislaus",556,"sciences nec","All",0
"California State U., Stanislaus",556,"engineering","All",0
"California State U., Stanislaus",556,"all non s e fields","All",76000
"Dillard U.",557,"all r d expenditures","All",2296000
"Dillard U.",557,"computer and information sciences","All",0
"Dillard U.",557,"geosciences atmospheric sciences and ocean sciences","All",33000
"Dillard U.",557,"life sciences","All",1498000
"Dillard U.",557,"mathematics and statistics","All",14000
"Dillard U.",557,"physical sciences","All",163000
"Dillard U.",557,"psychology","All",0
"Dillard U.",557,"social sciences","All",1000
"Dillard U.",557,"sciences nec","All",198000
"Dillard U.",557,"engineering","All",85000
"Dillard U.",557,"all non s e fields","All",304000
"U. of St. Thomas (MN)",558,"all r d expenditures","All",2280000
"U. of St. Thomas (MN)",558,"computer and information sciences","All",2000
"U. of St. Thomas (MN)",558,"geosciences atmospheric sciences and ocean sciences","All",5000
"U. of St. Thomas (MN)",558,"life sciences","All",143000
"U. of St. Thomas (MN)",558,"mathematics and statistics","All",1000
"U. of St. Thomas (MN)",558,"physical sciences","All",338000
"U. of St. Thomas (MN)",558,"psychology","All",336000
"U. of St. Thomas (MN)",558,"social sciences","All",13000
"U. of St. Thomas (MN)",558,"sciences nec","All",0
"U. of St. Thomas (MN)",558,"engineering","All",1145000
"U. of St. Thomas (MN)",558,"all non s e fields","All",297000
"Furman U.",559,"all r d expenditures","All",2267000
"Furman U.",559,"computer and information sciences","All",12000
"Furman U.",559,"geosciences atmospheric sciences and ocean sciences","All",172000
"Furman U.",559,"life sciences","All",574000
"Furman U.",559,"mathematics and statistics","All",0
"Furman U.",559,"physical sciences","All",1250000
"Furman U.",559,"psychology","All",173000
"Furman U.",559,"social sciences","All",12000
"Furman U.",559,"sciences nec","All",0
"Furman U.",559,"engineering","All",0
"Furman U.",559,"all non s e fields","All",74000
"Northeastern Illinois U.",560,"all r d expenditures","All",2262000
"Northeastern Illinois U.",560,"computer and information sciences","All",481000
"Northeastern Illinois U.",560,"geosciences atmospheric sciences and ocean sciences","All",44000
"Northeastern Illinois U.",560,"life sciences","All",1271000
"Northeastern Illinois U.",560,"mathematics and statistics","All",0
"Northeastern Illinois U.",560,"physical sciences","All",0
"Northeastern Illinois U.",560,"psychology","All",0
"Northeastern Illinois U.",560,"social sciences","All",11000
"Northeastern Illinois U.",560,"sciences nec","All",0
"Northeastern Illinois U.",560,"engineering","All",0
"Northeastern Illinois U.",560,"all non s e fields","All",455000
"Black Hills State U.",561,"all r d expenditures","All",2260000
"Black Hills State U.",561,"computer and information sciences","All",421000
"Black Hills State U.",561,"geosciences atmospheric sciences and ocean sciences","All",0
"Black Hills State U.",561,"life sciences","All",1400000
"Black Hills State U.",561,"mathematics and statistics","All",0
"Black Hills State U.",561,"physical sciences","All",120000
"Black Hills State U.",561,"psychology","All",2000
"Black Hills State U.",561,"social sciences","All",0
"Black Hills State U.",561,"sciences nec","All",0
"Black Hills State U.",561,"engineering","All",0
"Black Hills State U.",561,"all non s e fields","All",317000
"Florida Polytechnic U.",561,"all r d expenditures","All",2260000
"Florida Polytechnic U.",561,"computer and information sciences","All",486000
"Florida Polytechnic U.",561,"geosciences atmospheric sciences and ocean sciences","All",0
"Florida Polytechnic U.",561,"life sciences","All",0
"Florida Polytechnic U.",561,"mathematics and statistics","All",30000
"Florida Polytechnic U.",561,"physical sciences","All",7000
"Florida Polytechnic U.",561,"psychology","All",0
"Florida Polytechnic U.",561,"social sciences","All",75000
"Florida Polytechnic U.",561,"sciences nec","All",0
"Florida Polytechnic U.",561,"engineering","All",1404000
"Florida Polytechnic U.",561,"all non s e fields","All",258000
"U. South Carolina, Aiken",563,"all r d expenditures","All",2250000
"U. South Carolina, Aiken",563,"computer and information sciences","All",3000
"U. South Carolina, Aiken",563,"geosciences atmospheric sciences and ocean sciences","All",124000
"U. South Carolina, Aiken",563,"life sciences","All",784000
"U. South Carolina, Aiken",563,"mathematics and statistics","All",13000
"U. South Carolina, Aiken",563,"physical sciences","All",165000
"U. South Carolina, Aiken",563,"psychology","All",24000
"U. South Carolina, Aiken",563,"social sciences","All",1000
"U. South Carolina, Aiken",563,"sciences nec","All",0
"U. South Carolina, Aiken",563,"engineering","All",126000
"U. South Carolina, Aiken",563,"all non s e fields","All",1010000
"U. of the Incarnate Word",564,"all r d expenditures","All",2245000
"U. of the Incarnate Word",564,"computer and information sciences","All",10000
"U. of the Incarnate Word",564,"geosciences atmospheric sciences and ocean sciences","All",6000
"U. of the Incarnate Word",564,"life sciences","All",1324000
"U. of the Incarnate Word",564,"mathematics and statistics","All",0
"U. of the Incarnate Word",564,"physical sciences","All",349000
"U. of the Incarnate Word",564,"psychology","All",0
"U. of the Incarnate Word",564,"social sciences","All",0
"U. of the Incarnate Word",564,"sciences nec","All",0
"U. of the Incarnate Word",564,"engineering","All",289000
"U. of the Incarnate Word",564,"all non s e fields","All",267000
"C. Wooster",565,"all r d expenditures","All",2209000
"C. Wooster",565,"computer and information sciences","All",789000
"C. Wooster",565,"geosciences atmospheric sciences and ocean sciences","All",176000
"C. Wooster",565,"life sciences","All",224000
"C. Wooster",565,"mathematics and statistics","All",123000
"C. Wooster",565,"physical sciences","All",524000
"C. Wooster",565,"psychology","All",12000
"C. Wooster",565,"social sciences","All",168000
"C. Wooster",565,"sciences nec","All",0
"C. Wooster",565,"engineering","All",0
"C. Wooster",565,"all non s e fields","All",193000
"U. Louisiana, Monroe",566,"all r d expenditures","All",2203000
"U. Louisiana, Monroe",566,"computer and information sciences","All",0
"U. Louisiana, Monroe",566,"geosciences atmospheric sciences and ocean sciences","All",127000
"U. Louisiana, Monroe",566,"life sciences","All",1682000
"U. Louisiana, Monroe",566,"mathematics and statistics","All",0
"U. Louisiana, Monroe",566,"physical sciences","All",195000
"U. Louisiana, Monroe",566,"psychology","All",0
"U. Louisiana, Monroe",566,"social sciences","All",169000
"U. Louisiana, Monroe",566,"sciences nec","All",0
"U. Louisiana, Monroe",566,"engineering","All",0
"U. Louisiana, Monroe",566,"all non s e fields","All",30000
"U. Wisconsin-Eau Claire",567,"all r d expenditures","All",2191000
"U. Wisconsin-Eau Claire",567,"computer and information sciences","All",0
"U. Wisconsin-Eau Claire",567,"geosciences atmospheric sciences and ocean sciences","All",302000
"U. Wisconsin-Eau Claire",567,"life sciences","All",139000
"U. Wisconsin-Eau Claire",567,"mathematics and statistics","All",22000
"U. Wisconsin-Eau Claire",567,"physical sciences","All",1160000
"U. Wisconsin-Eau Claire",567,"psychology","All",327000
"U. Wisconsin-Eau Claire",567,"social sciences","All",175000
"U. Wisconsin-Eau Claire",567,"sciences nec","All",0
"U. Wisconsin-Eau Claire",567,"engineering","All",0
"U. Wisconsin-Eau Claire",567,"all non s e fields","All",66000
"U. Ana G. Mendez, Gurabo",568,"all r d expenditures","All",2132000
"U. Ana G. Mendez, Gurabo",568,"computer and information sciences","All",0
"U. Ana G. Mendez, Gurabo",568,"geosciences atmospheric sciences and ocean sciences","All",0
"U. Ana G. Mendez, Gurabo",568,"life sciences","All",0
"U. Ana G. Mendez, Gurabo",568,"mathematics and statistics","All",0
"U. Ana G. Mendez, Gurabo",568,"physical sciences","All",0
"U. Ana G. Mendez, Gurabo",568,"psychology","All",0
"U. Ana G. Mendez, Gurabo",568,"social sciences","All",0
"U. Ana G. Mendez, Gurabo",568,"sciences nec","All",0
"U. Ana G. Mendez, Gurabo",568,"engineering","All",0
"U. Ana G. Mendez, Gurabo",568,"all non s e fields","All",2132000
"U. Houston-Clear Lake",569,"all r d expenditures","All",2127000
"U. Houston-Clear Lake",569,"computer and information sciences","All",57000
"U. Houston-Clear Lake",569,"geosciences atmospheric sciences and ocean sciences","All",0
"U. Houston-Clear Lake",569,"life sciences","All",1369000
"U. Houston-Clear Lake",569,"mathematics and statistics","All",0
"U. Houston-Clear Lake",569,"physical sciences","All",206000
"U. Houston-Clear Lake",569,"psychology","All",103000
"U. Houston-Clear Lake",569,"social sciences","All",56000
"U. Houston-Clear Lake",569,"sciences nec","All",5000
"U. Houston-Clear Lake",569,"engineering","All",184000
"U. Houston-Clear Lake",569,"all non s e fields","All",147000
"Bates C.",570,"all r d expenditures","All",2118000
"Bates C.",570,"computer and information sciences","All",221000
"Bates C.",570,"geosciences atmospheric sciences and ocean sciences","All",118000
"Bates C.",570,"life sciences","All",1378000
"Bates C.",570,"mathematics and statistics","All",11000
"Bates C.",570,"physical sciences","All",175000
"Bates C.",570,"psychology","All",60000
"Bates C.",570,"social sciences","All",73000
"Bates C.",570,"sciences nec","All",0
"Bates C.",570,"engineering","All",0
"Bates C.",570,"all non s e fields","All",82000
"U. Wisconsin-Oshkosh",571,"all r d expenditures","All",2087000
"U. Wisconsin-Oshkosh",571,"computer and information sciences","All",10000
"U. Wisconsin-Oshkosh",571,"geosciences atmospheric sciences and ocean sciences","All",28000
"U. Wisconsin-Oshkosh",571,"life sciences","All",810000
"U. Wisconsin-Oshkosh",571,"mathematics and statistics","All",0
"U. Wisconsin-Oshkosh",571,"physical sciences","All",196000
"U. Wisconsin-Oshkosh",571,"psychology","All",10000
"U. Wisconsin-Oshkosh",571,"social sciences","All",129000
"U. Wisconsin-Oshkosh",571,"sciences nec","All",0
"U. Wisconsin-Oshkosh",571,"engineering","All",157000
"U. Wisconsin-Oshkosh",571,"all non s e fields","All",747000
"U. Puerto Rico, Humacao",572,"all r d expenditures","All",2074000
"U. Puerto Rico, Humacao",572,"computer and information sciences","All",0
"U. Puerto Rico, Humacao",572,"geosciences atmospheric sciences and ocean sciences","All",105000
"U. Puerto Rico, Humacao",572,"life sciences","All",117000
"U. Puerto Rico, Humacao",572,"mathematics and statistics","All",0
"U. Puerto Rico, Humacao",572,"physical sciences","All",1852000
"U. Puerto Rico, Humacao",572,"psychology","All",0
"U. Puerto Rico, Humacao",572,"social sciences","All",0
"U. Puerto Rico, Humacao",572,"sciences nec","All",0
"U. Puerto Rico, Humacao",572,"engineering","All",0
"U. Puerto Rico, Humacao",572,"all non s e fields","All",0
"Northwestern State U. Louisiana",573,"all r d expenditures","All",2057000
"Northwestern State U. Louisiana",573,"computer and information sciences","All",147000
"Northwestern State U. Louisiana",573,"geosciences atmospheric sciences and ocean sciences","All",0
"Northwestern State U. Louisiana",573,"life sciences","All",204000
"Northwestern State U. Louisiana",573,"mathematics and statistics","All",26000
"Northwestern State U. Louisiana",573,"physical sciences","All",0
"Northwestern State U. Louisiana",573,"psychology","All",8000
"Northwestern State U. Louisiana",573,"social sciences","All",978000
"Northwestern State U. Louisiana",573,"sciences nec","All",0
"Northwestern State U. Louisiana",573,"engineering","All",9000
"Northwestern State U. Louisiana",573,"all non s e fields","All",685000
"Utah Valley U.",574,"all r d expenditures","All",2015000
"Utah Valley U.",574,"computer and information sciences","All",115000
"Utah Valley U.",574,"geosciences atmospheric sciences and ocean sciences","All",96000
"Utah Valley U.",574,"life sciences","All",256000
"Utah Valley U.",574,"mathematics and statistics","All",159000
"Utah Valley U.",574,"physical sciences","All",563000
"Utah Valley U.",574,"psychology","All",0
"Utah Valley U.",574,"social sciences","All",0
"Utah Valley U.",574,"sciences nec","All",152000
"Utah Valley U.",574,"engineering","All",668000
"Utah Valley U.",574,"all non s e fields","All",6000
"Lafayette C.",575,"all r d expenditures","All",1991000
"Lafayette C.",575,"computer and information sciences","All",117000
"Lafayette C.",575,"geosciences atmospheric sciences and ocean sciences","All",80000
"Lafayette C.",575,"life sciences","All",197000
"Lafayette C.",575,"mathematics and statistics","All",118000
"Lafayette C.",575,"physical sciences","All",445000
"Lafayette C.",575,"psychology","All",76000
"Lafayette C.",575,"social sciences","All",164000
"Lafayette C.",575,"sciences nec","All",0
"Lafayette C.",575,"engineering","All",581000
"Lafayette C.",575,"all non s e fields","All",213000
"U. of the Pacific",576,"all r d expenditures","All",1972000
"U. of the Pacific",576,"computer and information sciences","All",87000
"U. of the Pacific",576,"geosciences atmospheric sciences and ocean sciences","All",221000
"U. of the Pacific",576,"life sciences","All",1448000
"U. of the Pacific",576,"mathematics and statistics","All",0
"U. of the Pacific",576,"physical sciences","All",88000
"U. of the Pacific",576,"psychology","All",0
"U. of the Pacific",576,"social sciences","All",0
"U. of the Pacific",576,"sciences nec","All",0
"U. of the Pacific",576,"engineering","All",128000
"U. of the Pacific",576,"all non s e fields","All",0
"U. Houston-Downtown",577,"all r d expenditures","All",1967000
"U. Houston-Downtown",577,"computer and information sciences","All",367000
"U. Houston-Downtown",577,"geosciences atmospheric sciences and ocean sciences","All",30000
"U. Houston-Downtown",577,"life sciences","All",245000
"U. Houston-Downtown",577,"mathematics and statistics","All",35000
"U. Houston-Downtown",577,"physical sciences","All",110000
"U. Houston-Downtown",577,"psychology","All",41000
"U. Houston-Downtown",577,"social sciences","All",0
"U. Houston-Downtown",577,"sciences nec","All",0
"U. Houston-Downtown",577,"engineering","All",79000
"U. Houston-Downtown",577,"all non s e fields","All",1060000
"SUNY, Geneseo",578,"all r d expenditures","All",1958000
"SUNY, Geneseo",578,"computer and information sciences","All",0
"SUNY, Geneseo",578,"geosciences atmospheric sciences and ocean sciences","All",55000
"SUNY, Geneseo",578,"life sciences","All",286000
"SUNY, Geneseo",578,"mathematics and statistics","All",7000
"SUNY, Geneseo",578,"physical sciences","All",1176000
"SUNY, Geneseo",578,"psychology","All",149000
"SUNY, Geneseo",578,"social sciences","All",39000
"SUNY, Geneseo",578,"sciences nec","All",0
"SUNY, Geneseo",578,"engineering","All",0
"SUNY, Geneseo",578,"all non s e fields","All",246000
"Babson C.",579,"all r d expenditures","All",1957000
"Babson C.",579,"computer and information sciences","All",0
"Babson C.",579,"geosciences atmospheric sciences and ocean sciences","All",0
"Babson C.",579,"life sciences","All",2000
"Babson C.",579,"mathematics and statistics","All",55000
"Babson C.",579,"physical sciences","All",0
"Babson C.",579,"psychology","All",0
"Babson C.",579,"social sciences","All",470000
"Babson C.",579,"sciences nec","All",0
"Babson C.",579,"engineering","All",0
"Babson C.",579,"all non s e fields","All",1430000
"Lipscomb U.",580,"all r d expenditures","All",1946000
"Lipscomb U.",580,"computer and information sciences","All",0
"Lipscomb U.",580,"geosciences atmospheric sciences and ocean sciences","All",0
"Lipscomb U.",580,"life sciences","All",360000
"Lipscomb U.",580,"mathematics and statistics","All",0
"Lipscomb U.",580,"physical sciences","All",6000
"Lipscomb U.",580,"psychology","All",0
"Lipscomb U.",580,"social sciences","All",0
"Lipscomb U.",580,"sciences nec","All",0
"Lipscomb U.",580,"engineering","All",153000
"Lipscomb U.",580,"all non s e fields","All",1427000
"Macalester C.",581,"all r d expenditures","All",1935000
"Macalester C.",581,"computer and information sciences","All",48000
"Macalester C.",581,"geosciences atmospheric sciences and ocean sciences","All",238000
"Macalester C.",581,"life sciences","All",352000
"Macalester C.",581,"mathematics and statistics","All",96000
"Macalester C.",581,"physical sciences","All",682000
"Macalester C.",581,"psychology","All",8000
"Macalester C.",581,"social sciences","All",251000
"Macalester C.",581,"sciences nec","All",0
"Macalester C.",581,"engineering","All",0
"Macalester C.",581,"all non s e fields","All",260000
"Albany State U.",582,"all r d expenditures","All",1932000
"Albany State U.",582,"computer and information sciences","All",57000
"Albany State U.",582,"geosciences atmospheric sciences and ocean sciences","All",0
"Albany State U.",582,"life sciences","All",158000
"Albany State U.",582,"mathematics and statistics","All",60000
"Albany State U.",582,"physical sciences","All",111000
"Albany State U.",582,"psychology","All",0
"Albany State U.",582,"social sciences","All",169000
"Albany State U.",582,"sciences nec","All",188000
"Albany State U.",582,"engineering","All",1177000
"Albany State U.",582,"all non s e fields","All",12000
"Ferris State U.",583,"all r d expenditures","All",1915000
"Ferris State U.",583,"computer and information sciences","All",0
"Ferris State U.",583,"geosciences atmospheric sciences and ocean sciences","All",0
"Ferris State U.",583,"life sciences","All",1411000
"Ferris State U.",583,"mathematics and statistics","All",252000
"Ferris State U.",583,"physical sciences","All",179000
"Ferris State U.",583,"psychology","All",0
"Ferris State U.",583,"social sciences","All",0
"Ferris State U.",583,"sciences nec","All",9000
"Ferris State U.",583,"engineering","All",0
"Ferris State U.",583,"all non s e fields","All",64000
"Liberty U.",584,"all r d expenditures","All",1900000
"Liberty U.",584,"computer and information sciences","All",369000
"Liberty U.",584,"geosciences atmospheric sciences and ocean sciences","All",0
"Liberty U.",584,"life sciences","All",728000
"Liberty U.",584,"mathematics and statistics","All",0
"Liberty U.",584,"physical sciences","All",0
"Liberty U.",584,"psychology","All",0
"Liberty U.",584,"social sciences","All",0
"Liberty U.",584,"sciences nec","All",0
"Liberty U.",584,"engineering","All",588000
"Liberty U.",584,"all non s e fields","All",215000
"Union C., Schenectady",585,"all r d expenditures","All",1881000
"Union C., Schenectady",585,"computer and information sciences","All",53000
"Union C., Schenectady",585,"geosciences atmospheric sciences and ocean sciences","All",344000
"Union C., Schenectady",585,"life sciences","All",108000
"Union C., Schenectady",585,"mathematics and statistics","All",75000
"Union C., Schenectady",585,"physical sciences","All",383000
"Union C., Schenectady",585,"psychology","All",41000
"Union C., Schenectady",585,"social sciences","All",127000
"Union C., Schenectady",585,"sciences nec","All",14000
"Union C., Schenectady",585,"engineering","All",519000
"Union C., Schenectady",585,"all non s e fields","All",217000
"SUNY, C. Brockport",586,"all r d expenditures","All",1877000
"SUNY, C. Brockport",586,"computer and information sciences","All",12000
"SUNY, C. Brockport",586,"geosciences atmospheric sciences and ocean sciences","All",0
"SUNY, C. Brockport",586,"life sciences","All",1444000
"SUNY, C. Brockport",586,"mathematics and statistics","All",0
"SUNY, C. Brockport",586,"physical sciences","All",310000
"SUNY, C. Brockport",586,"psychology","All",0
"SUNY, C. Brockport",586,"social sciences","All",81000
"SUNY, C. Brockport",586,"sciences nec","All",0
"SUNY, C. Brockport",586,"engineering","All",0
"SUNY, C. Brockport",586,"all non s e fields","All",30000
"Northern Michigan U.",587,"all r d expenditures","All",1871000
"Northern Michigan U.",587,"computer and information sciences","All",30000
"Northern Michigan U.",587,"geosciences atmospheric sciences and ocean sciences","All",1e+05
"Northern Michigan U.",587,"life sciences","All",1080000
"Northern Michigan U.",587,"mathematics and statistics","All",35000
"Northern Michigan U.",587,"physical sciences","All",15000
"Northern Michigan U.",587,"psychology","All",149000
"Northern Michigan U.",587,"social sciences","All",70000
"Northern Michigan U.",587,"sciences nec","All",0
"Northern Michigan U.",587,"engineering","All",0
"Northern Michigan U.",587,"all non s e fields","All",392000
"Alaska Pacific U.",588,"all r d expenditures","All",1823000
"Alaska Pacific U.",588,"computer and information sciences","All",0
"Alaska Pacific U.",588,"geosciences atmospheric sciences and ocean sciences","All",1735000
"Alaska Pacific U.",588,"life sciences","All",7000
"Alaska Pacific U.",588,"mathematics and statistics","All",0
"Alaska Pacific U.",588,"physical sciences","All",0
"Alaska Pacific U.",588,"psychology","All",0
"Alaska Pacific U.",588,"social sciences","All",0
"Alaska Pacific U.",588,"sciences nec","All",0
"Alaska Pacific U.",588,"engineering","All",0
"Alaska Pacific U.",588,"all non s e fields","All",81000
"U. Alaska, Southeast",589,"all r d expenditures","All",1822000
"U. Alaska, Southeast",589,"computer and information sciences","All",0
"U. Alaska, Southeast",589,"geosciences atmospheric sciences and ocean sciences","All",372000
"U. Alaska, Southeast",589,"life sciences","All",566000
"U. Alaska, Southeast",589,"mathematics and statistics","All",0
"U. Alaska, Southeast",589,"physical sciences","All",66000
"U. Alaska, Southeast",589,"psychology","All",0
"U. Alaska, Southeast",589,"social sciences","All",86000
"U. Alaska, Southeast",589,"sciences nec","All",541000
"U. Alaska, Southeast",589,"engineering","All",92000
"U. Alaska, Southeast",589,"all non s e fields","All",99000
"Marshall B. Ketchum U.",590,"all r d expenditures","All",1777000
"Marshall B. Ketchum U.",590,"computer and information sciences","All",0
"Marshall B. Ketchum U.",590,"geosciences atmospheric sciences and ocean sciences","All",0
"Marshall B. Ketchum U.",590,"life sciences","All",1777000
"Marshall B. Ketchum U.",590,"mathematics and statistics","All",0
"Marshall B. Ketchum U.",590,"physical sciences","All",0
"Marshall B. Ketchum U.",590,"psychology","All",0
"Marshall B. Ketchum U.",590,"social sciences","All",0
"Marshall B. Ketchum U.",590,"sciences nec","All",0
"Marshall B. Ketchum U.",590,"engineering","All",0
"Marshall B. Ketchum U.",590,"all non s e fields","All",0
"Nevada State C.",591,"all r d expenditures","All",1744000
"Nevada State C.",591,"computer and information sciences","All",0
"Nevada State C.",591,"geosciences atmospheric sciences and ocean sciences","All",59000
"Nevada State C.",591,"life sciences","All",995000
"Nevada State C.",591,"mathematics and statistics","All",0
"Nevada State C.",591,"physical sciences","All",0
"Nevada State C.",591,"psychology","All",286000
"Nevada State C.",591,"social sciences","All",0
"Nevada State C.",591,"sciences nec","All",0
"Nevada State C.",591,"engineering","All",0
"Nevada State C.",591,"all non s e fields","All",404000
"Palmer C. of Chiropractic, Davenport",592,"all r d expenditures","All",1725000
"Palmer C. of Chiropractic, Davenport",592,"computer and information sciences","All",0
"Palmer C. of Chiropractic, Davenport",592,"geosciences atmospheric sciences and ocean sciences","All",0
"Palmer C. of Chiropractic, Davenport",592,"life sciences","All",1725000
"Palmer C. of Chiropractic, Davenport",592,"mathematics and statistics","All",0
"Palmer C. of Chiropractic, Davenport",592,"physical sciences","All",0
"Palmer C. of Chiropractic, Davenport",592,"psychology","All",0
"Palmer C. of Chiropractic, Davenport",592,"social sciences","All",0
"Palmer C. of Chiropractic, Davenport",592,"sciences nec","All",0
"Palmer C. of Chiropractic, Davenport",592,"engineering","All",0
"Palmer C. of Chiropractic, Davenport",592,"all non s e fields","All",0
"Drake U.",593,"all r d expenditures","All",1724000
"Drake U.",593,"computer and information sciences","All",7000
"Drake U.",593,"geosciences atmospheric sciences and ocean sciences","All",0
"Drake U.",593,"life sciences","All",486000
"Drake U.",593,"mathematics and statistics","All",86000
"Drake U.",593,"physical sciences","All",158000
"Drake U.",593,"psychology","All",6000
"Drake U.",593,"social sciences","All",14000
"Drake U.",593,"sciences nec","All",0
"Drake U.",593,"engineering","All",0
"Drake U.",593,"all non s e fields","All",967000
"St. Olaf C.",593,"all r d expenditures","All",1724000
"St. Olaf C.",593,"computer and information sciences","All",129000
"St. Olaf C.",593,"geosciences atmospheric sciences and ocean sciences","All",111000
"St. Olaf C.",593,"life sciences","All",908000
"St. Olaf C.",593,"mathematics and statistics","All",71000
"St. Olaf C.",593,"physical sciences","All",196000
"St. Olaf C.",593,"psychology","All",42000
"St. Olaf C.",593,"social sciences","All",90000
"St. Olaf C.",593,"sciences nec","All",0
"St. Olaf C.",593,"engineering","All",0
"St. Olaf C.",593,"all non s e fields","All",177000
"SUNY, C. Plattsburgh",595,"all r d expenditures","All",1722000
"SUNY, C. Plattsburgh",595,"computer and information sciences","All",0
"SUNY, C. Plattsburgh",595,"geosciences atmospheric sciences and ocean sciences","All",1078000
"SUNY, C. Plattsburgh",595,"life sciences","All",292000
"SUNY, C. Plattsburgh",595,"mathematics and statistics","All",0
"SUNY, C. Plattsburgh",595,"physical sciences","All",331000
"SUNY, C. Plattsburgh",595,"psychology","All",0
"SUNY, C. Plattsburgh",595,"social sciences","All",21000
"SUNY, C. Plattsburgh",595,"sciences nec","All",0
"SUNY, C. Plattsburgh",595,"engineering","All",0
"SUNY, C. Plattsburgh",595,"all non s e fields","All",0
"CUNY, York C.",596,"all r d expenditures","All",1711000
"CUNY, York C.",596,"computer and information sciences","All",0
"CUNY, York C.",596,"geosciences atmospheric sciences and ocean sciences","All",518000
"CUNY, York C.",596,"life sciences","All",430000
"CUNY, York C.",596,"mathematics and statistics","All",356000
"CUNY, York C.",596,"physical sciences","All",188000
"CUNY, York C.",596,"psychology","All",91000
"CUNY, York C.",596,"social sciences","All",0
"CUNY, York C.",596,"sciences nec","All",0
"CUNY, York C.",596,"engineering","All",0
"CUNY, York C.",596,"all non s e fields","All",128000
"Savannah State U.",597,"all r d expenditures","All",1706000
"Savannah State U.",597,"computer and information sciences","All",0
"Savannah State U.",597,"geosciences atmospheric sciences and ocean sciences","All",522000
"Savannah State U.",597,"life sciences","All",318000
"Savannah State U.",597,"mathematics and statistics","All",0
"Savannah State U.",597,"physical sciences","All",85000
"Savannah State U.",597,"psychology","All",0
"Savannah State U.",597,"social sciences","All",74000
"Savannah State U.",597,"sciences nec","All",205000
"Savannah State U.",597,"engineering","All",502000
"Savannah State U.",597,"all non s e fields","All",0
"U. North Georgia",598,"all r d expenditures","All",1643000
"U. North Georgia",598,"computer and information sciences","All",149000
"U. North Georgia",598,"geosciences atmospheric sciences and ocean sciences","All",132000
"U. North Georgia",598,"life sciences","All",77000
"U. North Georgia",598,"mathematics and statistics","All",21000
"U. North Georgia",598,"physical sciences","All",218000
"U. North Georgia",598,"psychology","All",5000
"U. North Georgia",598,"social sciences","All",131000
"U. North Georgia",598,"sciences nec","All",0
"U. North Georgia",598,"engineering","All",0
"U. North Georgia",598,"all non s e fields","All",910000
"Elizabeth City State U.",599,"all r d expenditures","All",1641000
"Elizabeth City State U.",599,"computer and information sciences","All",386000
"Elizabeth City State U.",599,"geosciences atmospheric sciences and ocean sciences","All",0
"Elizabeth City State U.",599,"life sciences","All",495000
"Elizabeth City State U.",599,"mathematics and statistics","All",0
"Elizabeth City State U.",599,"physical sciences","All",0
"Elizabeth City State U.",599,"psychology","All",3000
"Elizabeth City State U.",599,"social sciences","All",116000
"Elizabeth City State U.",599,"sciences nec","All",0
"Elizabeth City State U.",599,"engineering","All",0
"Elizabeth City State U.",599,"all non s e fields","All",641000
"Lincoln Memorial U.",599,"all r d expenditures","All",1641000
"Lincoln Memorial U.",599,"computer and information sciences","All",0
"Lincoln Memorial U.",599,"geosciences atmospheric sciences and ocean sciences","All",0
"Lincoln Memorial U.",599,"life sciences","All",1622000
"Lincoln Memorial U.",599,"mathematics and statistics","All",0
"Lincoln Memorial U.",599,"physical sciences","All",0
"Lincoln Memorial U.",599,"psychology","All",0
"Lincoln Memorial U.",599,"social sciences","All",0
"Lincoln Memorial U.",599,"sciences nec","All",0
"Lincoln Memorial U.",599,"engineering","All",0
"Lincoln Memorial U.",599,"all non s e fields","All",19000
"Norwich U.",601,"all r d expenditures","All",1637000
"Norwich U.",601,"computer and information sciences","All",0
"Norwich U.",601,"geosciences atmospheric sciences and ocean sciences","All",77000
"Norwich U.",601,"life sciences","All",301000
"Norwich U.",601,"mathematics and statistics","All",178000
"Norwich U.",601,"physical sciences","All",2e+05
"Norwich U.",601,"psychology","All",350000
"Norwich U.",601,"social sciences","All",1000
"Norwich U.",601,"sciences nec","All",196000
"Norwich U.",601,"engineering","All",124000
"Norwich U.",601,"all non s e fields","All",210000
"Colorado State U., Pueblo",602,"all r d expenditures","All",1624000
"Colorado State U., Pueblo",602,"computer and information sciences","All",158000
"Colorado State U., Pueblo",602,"geosciences atmospheric sciences and ocean sciences","All",0
"Colorado State U., Pueblo",602,"life sciences","All",1395000
"Colorado State U., Pueblo",602,"mathematics and statistics","All",0
"Colorado State U., Pueblo",602,"physical sciences","All",0
"Colorado State U., Pueblo",602,"psychology","All",0
"Colorado State U., Pueblo",602,"social sciences","All",63000
"Colorado State U., Pueblo",602,"sciences nec","All",0
"Colorado State U., Pueblo",602,"engineering","All",8000
"Colorado State U., Pueblo",602,"all non s e fields","All",0
"U. Puget Sound",603,"all r d expenditures","All",1613000
"U. Puget Sound",603,"computer and information sciences","All",3000
"U. Puget Sound",603,"geosciences atmospheric sciences and ocean sciences","All",65000
"U. Puget Sound",603,"life sciences","All",1166000
"U. Puget Sound",603,"mathematics and statistics","All",3000
"U. Puget Sound",603,"physical sciences","All",127000
"U. Puget Sound",603,"psychology","All",0
"U. Puget Sound",603,"social sciences","All",64000
"U. Puget Sound",603,"sciences nec","All",69000
"U. Puget Sound",603,"engineering","All",0
"U. Puget Sound",603,"all non s e fields","All",116000
"Johnson C. Smith U.",604,"all r d expenditures","All",1602000
"Johnson C. Smith U.",604,"computer and information sciences","All",43000
"Johnson C. Smith U.",604,"geosciences atmospheric sciences and ocean sciences","All",308000
"Johnson C. Smith U.",604,"life sciences","All",98000
"Johnson C. Smith U.",604,"mathematics and statistics","All",0
"Johnson C. Smith U.",604,"physical sciences","All",0
"Johnson C. Smith U.",604,"psychology","All",0
"Johnson C. Smith U.",604,"social sciences","All",0
"Johnson C. Smith U.",604,"sciences nec","All",0
"Johnson C. Smith U.",604,"engineering","All",0
"Johnson C. Smith U.",604,"all non s e fields","All",1153000
"SUNY, Oswego",605,"all r d expenditures","All",1595000
"SUNY, Oswego",605,"computer and information sciences","All",26000
"SUNY, Oswego",605,"geosciences atmospheric sciences and ocean sciences","All",332000
"SUNY, Oswego",605,"life sciences","All",188000
"SUNY, Oswego",605,"mathematics and statistics","All",5000
"SUNY, Oswego",605,"physical sciences","All",315000
"SUNY, Oswego",605,"psychology","All",142000
"SUNY, Oswego",605,"social sciences","All",76000
"SUNY, Oswego",605,"sciences nec","All",251000
"SUNY, Oswego",605,"engineering","All",150000
"SUNY, Oswego",605,"all non s e fields","All",110000
"Indiana U., South Bend",606,"all r d expenditures","All",1593000
"Indiana U., South Bend",606,"computer and information sciences","All",5000
"Indiana U., South Bend",606,"geosciences atmospheric sciences and ocean sciences","All",0
"Indiana U., South Bend",606,"life sciences","All",141000
"Indiana U., South Bend",606,"mathematics and statistics","All",0
"Indiana U., South Bend",606,"physical sciences","All",392000
"Indiana U., South Bend",606,"psychology","All",177000
"Indiana U., South Bend",606,"social sciences","All",34000
"Indiana U., South Bend",606,"sciences nec","All",324000
"Indiana U., South Bend",606,"engineering","All",0
"Indiana U., South Bend",606,"all non s e fields","All",520000
"Texas A&M U.-San Antonio",606,"all r d expenditures","All",1593000
"Texas A&M U.-San Antonio",606,"computer and information sciences","All",117000
"Texas A&M U.-San Antonio",606,"geosciences atmospheric sciences and ocean sciences","All",38000
"Texas A&M U.-San Antonio",606,"life sciences","All",409000
"Texas A&M U.-San Antonio",606,"mathematics and statistics","All",29000
"Texas A&M U.-San Antonio",606,"physical sciences","All",0
"Texas A&M U.-San Antonio",606,"psychology","All",91000
"Texas A&M U.-San Antonio",606,"social sciences","All",87000
"Texas A&M U.-San Antonio",606,"sciences nec","All",53000
"Texas A&M U.-San Antonio",606,"engineering","All",34000
"Texas A&M U.-San Antonio",606,"all non s e fields","All",735000
"Bentley U.",608,"all r d expenditures","All",1589000
"Bentley U.",608,"computer and information sciences","All",8000
"Bentley U.",608,"geosciences atmospheric sciences and ocean sciences","All",138000
"Bentley U.",608,"life sciences","All",947000
"Bentley U.",608,"mathematics and statistics","All",0
"Bentley U.",608,"physical sciences","All",0
"Bentley U.",608,"psychology","All",0
"Bentley U.",608,"social sciences","All",47000
"Bentley U.",608,"sciences nec","All",0
"Bentley U.",608,"engineering","All",72000
"Bentley U.",608,"all non s e fields","All",377000
"Whitman C.",609,"all r d expenditures","All",1568000
"Whitman C.",609,"computer and information sciences","All",17000
"Whitman C.",609,"geosciences atmospheric sciences and ocean sciences","All",221000
"Whitman C.",609,"life sciences","All",311000
"Whitman C.",609,"mathematics and statistics","All",0
"Whitman C.",609,"physical sciences","All",656000
"Whitman C.",609,"psychology","All",93000
"Whitman C.",609,"social sciences","All",94000
"Whitman C.",609,"sciences nec","All",0
"Whitman C.",609,"engineering","All",0
"Whitman C.",609,"all non s e fields","All",176000
"Merrimack C.",610,"all r d expenditures","All",1560000
"Merrimack C.",610,"computer and information sciences","All",0
"Merrimack C.",610,"geosciences atmospheric sciences and ocean sciences","All",0
"Merrimack C.",610,"life sciences","All",1338000
"Merrimack C.",610,"mathematics and statistics","All",16000
"Merrimack C.",610,"physical sciences","All",36000
"Merrimack C.",610,"psychology","All",0
"Merrimack C.",610,"social sciences","All",59000
"Merrimack C.",610,"sciences nec","All",0
"Merrimack C.",610,"engineering","All",16000
"Merrimack C.",610,"all non s e fields","All",95000
"Pratt Institute",611,"all r d expenditures","All",1558000
"Pratt Institute",611,"computer and information sciences","All",0
"Pratt Institute",611,"geosciences atmospheric sciences and ocean sciences","All",0
"Pratt Institute",611,"life sciences","All",0
"Pratt Institute",611,"mathematics and statistics","All",0
"Pratt Institute",611,"physical sciences","All",0
"Pratt Institute",611,"psychology","All",0
"Pratt Institute",611,"social sciences","All",0
"Pratt Institute",611,"sciences nec","All",0
"Pratt Institute",611,"engineering","All",0
"Pratt Institute",611,"all non s e fields","All",1558000
"Willamette U.",612,"all r d expenditures","All",1542000
"Willamette U.",612,"computer and information sciences","All",4000
"Willamette U.",612,"geosciences atmospheric sciences and ocean sciences","All",197000
"Willamette U.",612,"life sciences","All",243000
"Willamette U.",612,"mathematics and statistics","All",8000
"Willamette U.",612,"physical sciences","All",227000
"Willamette U.",612,"psychology","All",69000
"Willamette U.",612,"social sciences","All",0
"Willamette U.",612,"sciences nec","All",70000
"Willamette U.",612,"engineering","All",0
"Willamette U.",612,"all non s e fields","All",724000
"U. Hartford",613,"all r d expenditures","All",1533000
"U. Hartford",613,"computer and information sciences","All",15000
"U. Hartford",613,"geosciences atmospheric sciences and ocean sciences","All",0
"U. Hartford",613,"life sciences","All",115000
"U. Hartford",613,"mathematics and statistics","All",48000
"U. Hartford",613,"physical sciences","All",32000
"U. Hartford",613,"psychology","All",33000
"U. Hartford",613,"social sciences","All",174000
"U. Hartford",613,"sciences nec","All",0
"U. Hartford",613,"engineering","All",1067000
"U. Hartford",613,"all non s e fields","All",49000
"U. Puerto Rico, Cayey",614,"all r d expenditures","All",1519000
"U. Puerto Rico, Cayey",614,"computer and information sciences","All",0
"U. Puerto Rico, Cayey",614,"geosciences atmospheric sciences and ocean sciences","All",0
"U. Puerto Rico, Cayey",614,"life sciences","All",81000
"U. Puerto Rico, Cayey",614,"mathematics and statistics","All",0
"U. Puerto Rico, Cayey",614,"physical sciences","All",248000
"U. Puerto Rico, Cayey",614,"psychology","All",0
"U. Puerto Rico, Cayey",614,"social sciences","All",237000
"U. Puerto Rico, Cayey",614,"sciences nec","All",953000
"U. Puerto Rico, Cayey",614,"engineering","All",0
"U. Puerto Rico, Cayey",614,"all non s e fields","All",0
"Hartford International U. for Religion and Peace",615,"all r d expenditures","All",1485000
"Hartford International U. for Religion and Peace",615,"computer and information sciences","All",0
"Hartford International U. for Religion and Peace",615,"geosciences atmospheric sciences and ocean sciences","All",0
"Hartford International U. for Religion and Peace",615,"life sciences","All",0
"Hartford International U. for Religion and Peace",615,"mathematics and statistics","All",0
"Hartford International U. for Religion and Peace",615,"physical sciences","All",0
"Hartford International U. for Religion and Peace",615,"psychology","All",0
"Hartford International U. for Religion and Peace",615,"social sciences","All",0
"Hartford International U. for Religion and Peace",615,"sciences nec","All",0
"Hartford International U. for Religion and Peace",615,"engineering","All",0
"Hartford International U. for Religion and Peace",615,"all non s e fields","All",1485000
"Fairfield U.",616,"all r d expenditures","All",1484000
"Fairfield U.",616,"computer and information sciences","All",92000
"Fairfield U.",616,"geosciences atmospheric sciences and ocean sciences","All",6000
"Fairfield U.",616,"life sciences","All",131000
"Fairfield U.",616,"mathematics and statistics","All",118000
"Fairfield U.",616,"physical sciences","All",76000
"Fairfield U.",616,"psychology","All",92000
"Fairfield U.",616,"social sciences","All",64000
"Fairfield U.",616,"sciences nec","All",47000
"Fairfield U.",616,"engineering","All",225000
"Fairfield U.",616,"all non s e fields","All",633000
"U. Wisconsin-Platteville",617,"all r d expenditures","All",1481000
"U. Wisconsin-Platteville",617,"computer and information sciences","All",48000
"U. Wisconsin-Platteville",617,"geosciences atmospheric sciences and ocean sciences","All",0
"U. Wisconsin-Platteville",617,"life sciences","All",665000
"U. Wisconsin-Platteville",617,"mathematics and statistics","All",25000
"U. Wisconsin-Platteville",617,"physical sciences","All",107000
"U. Wisconsin-Platteville",617,"psychology","All",25000
"U. Wisconsin-Platteville",617,"social sciences","All",121000
"U. Wisconsin-Platteville",617,"sciences nec","All",17000
"U. Wisconsin-Platteville",617,"engineering","All",223000
"U. Wisconsin-Platteville",617,"all non s e fields","All",250000
"Saint John's U.",618,"all r d expenditures","All",1479000
"Saint John's U.",618,"computer and information sciences","All",26000
"Saint John's U.",618,"geosciences atmospheric sciences and ocean sciences","All",0
"Saint John's U.",618,"life sciences","All",618000
"Saint John's U.",618,"mathematics and statistics","All",17000
"Saint John's U.",618,"physical sciences","All",142000
"Saint John's U.",618,"psychology","All",49000
"Saint John's U.",618,"social sciences","All",164000
"Saint John's U.",618,"sciences nec","All",0
"Saint John's U.",618,"engineering","All",0
"Saint John's U.",618,"all non s e fields","All",463000
"U. South Carolina, Beaufort",619,"all r d expenditures","All",1466000
"U. South Carolina, Beaufort",619,"computer and information sciences","All",558000
"U. South Carolina, Beaufort",619,"geosciences atmospheric sciences and ocean sciences","All",289000
"U. South Carolina, Beaufort",619,"life sciences","All",292000
"U. South Carolina, Beaufort",619,"mathematics and statistics","All",15000
"U. South Carolina, Beaufort",619,"physical sciences","All",0
"U. South Carolina, Beaufort",619,"psychology","All",0
"U. South Carolina, Beaufort",619,"social sciences","All",3000
"U. South Carolina, Beaufort",619,"sciences nec","All",0
"U. South Carolina, Beaufort",619,"engineering","All",135000
"U. South Carolina, Beaufort",619,"all non s e fields","All",174000
"Biola U.",620,"all r d expenditures","All",1461000
"Biola U.",620,"computer and information sciences","All",0
"Biola U.",620,"geosciences atmospheric sciences and ocean sciences","All",0
"Biola U.",620,"life sciences","All",163000
"Biola U.",620,"mathematics and statistics","All",0
"Biola U.",620,"physical sciences","All",0
"Biola U.",620,"psychology","All",665000
"Biola U.",620,"social sciences","All",0
"Biola U.",620,"sciences nec","All",0
"Biola U.",620,"engineering","All",0
"Biola U.",620,"all non s e fields","All",633000
"West Virginia School of Osteopathic Medicine",621,"all r d expenditures","All",1459000
"West Virginia School of Osteopathic Medicine",621,"computer and information sciences","All",0
"West Virginia School of Osteopathic Medicine",621,"geosciences atmospheric sciences and ocean sciences","All",0
"West Virginia School of Osteopathic Medicine",621,"life sciences","All",1457000
"West Virginia School of Osteopathic Medicine",621,"mathematics and statistics","All",0
"West Virginia School of Osteopathic Medicine",621,"physical sciences","All",0
"West Virginia School of Osteopathic Medicine",621,"psychology","All",0
"West Virginia School of Osteopathic Medicine",621,"social sciences","All",0
"West Virginia School of Osteopathic Medicine",621,"sciences nec","All",0
"West Virginia School of Osteopathic Medicine",621,"engineering","All",0
"West Virginia School of Osteopathic Medicine",621,"all non s e fields","All",2000
"Eastern Connecticut State U.",622,"all r d expenditures","All",1449000
"Eastern Connecticut State U.",622,"computer and information sciences","All",65000
"Eastern Connecticut State U.",622,"geosciences atmospheric sciences and ocean sciences","All",30000
"Eastern Connecticut State U.",622,"life sciences","All",83000
"Eastern Connecticut State U.",622,"mathematics and statistics","All",117000
"Eastern Connecticut State U.",622,"physical sciences","All",7000
"Eastern Connecticut State U.",622,"psychology","All",158000
"Eastern Connecticut State U.",622,"social sciences","All",34000
"Eastern Connecticut State U.",622,"sciences nec","All",3000
"Eastern Connecticut State U.",622,"engineering","All",0
"Eastern Connecticut State U.",622,"all non s e fields","All",952000
"Eastern Kentucky U.",623,"all r d expenditures","All",1446000
"Eastern Kentucky U.",623,"computer and information sciences","All",0
"Eastern Kentucky U.",623,"geosciences atmospheric sciences and ocean sciences","All",0
"Eastern Kentucky U.",623,"life sciences","All",458000
"Eastern Kentucky U.",623,"mathematics and statistics","All",0
"Eastern Kentucky U.",623,"physical sciences","All",598000
"Eastern Kentucky U.",623,"psychology","All",8000
"Eastern Kentucky U.",623,"social sciences","All",63000
"Eastern Kentucky U.",623,"sciences nec","All",0
"Eastern Kentucky U.",623,"engineering","All",69000
"Eastern Kentucky U.",623,"all non s e fields","All",250000
"Northland C.",624,"all r d expenditures","All",1442000
"Northland C.",624,"computer and information sciences","All",0
"Northland C.",624,"geosciences atmospheric sciences and ocean sciences","All",102000
"Northland C.",624,"life sciences","All",818000
"Northland C.",624,"mathematics and statistics","All",50000
"Northland C.",624,"physical sciences","All",0
"Northland C.",624,"psychology","All",82000
"Northland C.",624,"social sciences","All",99000
"Northland C.",624,"sciences nec","All",0
"Northland C.",624,"engineering","All",0
"Northland C.",624,"all non s e fields","All",291000
"Connecticut C.",625,"all r d expenditures","All",1440000
"Connecticut C.",625,"computer and information sciences","All",66000
"Connecticut C.",625,"geosciences atmospheric sciences and ocean sciences","All",0
"Connecticut C.",625,"life sciences","All",518000
"Connecticut C.",625,"mathematics and statistics","All",0
"Connecticut C.",625,"physical sciences","All",144000
"Connecticut C.",625,"psychology","All",189000
"Connecticut C.",625,"social sciences","All",35000
"Connecticut C.",625,"sciences nec","All",0
"Connecticut C.",625,"engineering","All",0
"Connecticut C.",625,"all non s e fields","All",488000
"Robert Morris U.",626,"all r d expenditures","All",1419000
"Robert Morris U.",626,"computer and information sciences","All",210000
"Robert Morris U.",626,"geosciences atmospheric sciences and ocean sciences","All",0
"Robert Morris U.",626,"life sciences","All",48000
"Robert Morris U.",626,"mathematics and statistics","All",13000
"Robert Morris U.",626,"physical sciences","All",7000
"Robert Morris U.",626,"psychology","All",23000
"Robert Morris U.",626,"social sciences","All",20000
"Robert Morris U.",626,"sciences nec","All",0
"Robert Morris U.",626,"engineering","All",612000
"Robert Morris U.",626,"all non s e fields","All",486000
"Claflin U.",627,"all r d expenditures","All",1418000
"Claflin U.",627,"computer and information sciences","All",306000
"Claflin U.",627,"geosciences atmospheric sciences and ocean sciences","All",53000
"Claflin U.",627,"life sciences","All",562000
"Claflin U.",627,"mathematics and statistics","All",0
"Claflin U.",627,"physical sciences","All",340000
"Claflin U.",627,"psychology","All",0
"Claflin U.",627,"social sciences","All",94000
"Claflin U.",627,"sciences nec","All",0
"Claflin U.",627,"engineering","All",63000
"Claflin U.",627,"all non s e fields","All",0
"Oberlin C.",628,"all r d expenditures","All",1408000
"Oberlin C.",628,"computer and information sciences","All",122000
"Oberlin C.",628,"geosciences atmospheric sciences and ocean sciences","All",88000
"Oberlin C.",628,"life sciences","All",351000
"Oberlin C.",628,"mathematics and statistics","All",49000
"Oberlin C.",628,"physical sciences","All",467000
"Oberlin C.",628,"psychology","All",62000
"Oberlin C.",628,"social sciences","All",44000
"Oberlin C.",628,"sciences nec","All",28000
"Oberlin C.",628,"engineering","All",0
"Oberlin C.",628,"all non s e fields","All",197000
"C. of Saint Benedict",629,"all r d expenditures","All",1400000
"C. of Saint Benedict",629,"computer and information sciences","All",26000
"C. of Saint Benedict",629,"geosciences atmospheric sciences and ocean sciences","All",0
"C. of Saint Benedict",629,"life sciences","All",592000
"C. of Saint Benedict",629,"mathematics and statistics","All",18000
"C. of Saint Benedict",629,"physical sciences","All",142000
"C. of Saint Benedict",629,"psychology","All",47000
"C. of Saint Benedict",629,"social sciences","All",150000
"C. of Saint Benedict",629,"sciences nec","All",0
"C. of Saint Benedict",629,"engineering","All",0
"C. of Saint Benedict",629,"all non s e fields","All",425000
"Butler U.",630,"all r d expenditures","All",1396000
"Butler U.",630,"computer and information sciences","All",0
"Butler U.",630,"geosciences atmospheric sciences and ocean sciences","All",0
"Butler U.",630,"life sciences","All",821000
"Butler U.",630,"mathematics and statistics","All",4000
"Butler U.",630,"physical sciences","All",406000
"Butler U.",630,"psychology","All",11000
"Butler U.",630,"social sciences","All",28000
"Butler U.",630,"sciences nec","All",0
"Butler U.",630,"engineering","All",0
"Butler U.",630,"all non s e fields","All",126000
"United Tribes Technical C.",631,"all r d expenditures","All",1387000
"United Tribes Technical C.",631,"computer and information sciences","All",61000
"United Tribes Technical C.",631,"geosciences atmospheric sciences and ocean sciences","All",0
"United Tribes Technical C.",631,"life sciences","All",666000
"United Tribes Technical C.",631,"mathematics and statistics","All",0
"United Tribes Technical C.",631,"physical sciences","All",0
"United Tribes Technical C.",631,"psychology","All",0
"United Tribes Technical C.",631,"social sciences","All",0
"United Tribes Technical C.",631,"sciences nec","All",0
"United Tribes Technical C.",631,"engineering","All",444000
"United Tribes Technical C.",631,"all non s e fields","All",216000
"U. Hawaii, Maui C.",632,"all r d expenditures","All",1376000
"U. Hawaii, Maui C.",632,"computer and information sciences","All",186000
"U. Hawaii, Maui C.",632,"geosciences atmospheric sciences and ocean sciences","All",313000
"U. Hawaii, Maui C.",632,"life sciences","All",521000
"U. Hawaii, Maui C.",632,"mathematics and statistics","All",0
"U. Hawaii, Maui C.",632,"physical sciences","All",61000
"U. Hawaii, Maui C.",632,"psychology","All",0
"U. Hawaii, Maui C.",632,"social sciences","All",0
"U. Hawaii, Maui C.",632,"sciences nec","All",0
"U. Hawaii, Maui C.",632,"engineering","All",0
"U. Hawaii, Maui C.",632,"all non s e fields","All",295000
"Kenyon C.",633,"all r d expenditures","All",1371000
"Kenyon C.",633,"computer and information sciences","All",0
"Kenyon C.",633,"geosciences atmospheric sciences and ocean sciences","All",0
"Kenyon C.",633,"life sciences","All",694000
"Kenyon C.",633,"mathematics and statistics","All",69000
"Kenyon C.",633,"physical sciences","All",523000
"Kenyon C.",633,"psychology","All",5000
"Kenyon C.",633,"social sciences","All",34000
"Kenyon C.",633,"sciences nec","All",0
"Kenyon C.",633,"engineering","All",0
"Kenyon C.",633,"all non s e fields","All",46000
"National U. of Natural Medicine",634,"all r d expenditures","All",1336000
"National U. of Natural Medicine",634,"computer and information sciences","All",0
"National U. of Natural Medicine",634,"geosciences atmospheric sciences and ocean sciences","All",0
"National U. of Natural Medicine",634,"life sciences","All",1336000
"National U. of Natural Medicine",634,"mathematics and statistics","All",0
"National U. of Natural Medicine",634,"physical sciences","All",0
"National U. of Natural Medicine",634,"psychology","All",0
"National U. of Natural Medicine",634,"social sciences","All",0
"National U. of Natural Medicine",634,"sciences nec","All",0
"National U. of Natural Medicine",634,"engineering","All",0
"National U. of Natural Medicine",634,"all non s e fields","All",0
"St. Edward's U.",635,"all r d expenditures","All",1334000
"St. Edward's U.",635,"computer and information sciences","All",20000
"St. Edward's U.",635,"geosciences atmospheric sciences and ocean sciences","All",304000
"St. Edward's U.",635,"life sciences","All",680000
"St. Edward's U.",635,"mathematics and statistics","All",35000
"St. Edward's U.",635,"physical sciences","All",70000
"St. Edward's U.",635,"psychology","All",60000
"St. Edward's U.",635,"social sciences","All",140000
"St. Edward's U.",635,"sciences nec","All",25000
"St. Edward's U.",635,"engineering","All",0
"St. Edward's U.",635,"all non s e fields","All",0
"Indiana State U.",636,"all r d expenditures","All",1327000
"Indiana State U.",636,"computer and information sciences","All",0
"Indiana State U.",636,"geosciences atmospheric sciences and ocean sciences","All",137000
"Indiana State U.",636,"life sciences","All",461000
"Indiana State U.",636,"mathematics and statistics","All",0
"Indiana State U.",636,"physical sciences","All",16000
"Indiana State U.",636,"psychology","All",0
"Indiana State U.",636,"social sciences","All",0
"Indiana State U.",636,"sciences nec","All",0
"Indiana State U.",636,"engineering","All",59000
"Indiana State U.",636,"all non s e fields","All",654000
"Arcadia U.",637,"all r d expenditures","All",1321000
"Arcadia U.",637,"computer and information sciences","All",0
"Arcadia U.",637,"geosciences atmospheric sciences and ocean sciences","All",0
"Arcadia U.",637,"life sciences","All",43000
"Arcadia U.",637,"mathematics and statistics","All",0
"Arcadia U.",637,"physical sciences","All",0
"Arcadia U.",637,"psychology","All",0
"Arcadia U.",637,"social sciences","All",0
"Arcadia U.",637,"sciences nec","All",0
"Arcadia U.",637,"engineering","All",0
"Arcadia U.",637,"all non s e fields","All",1278000
"Radford U.",638,"all r d expenditures","All",1315000
"Radford U.",638,"computer and information sciences","All",71000
"Radford U.",638,"geosciences atmospheric sciences and ocean sciences","All",14000
"Radford U.",638,"life sciences","All",255000
"Radford U.",638,"mathematics and statistics","All",0
"Radford U.",638,"physical sciences","All",0
"Radford U.",638,"psychology","All",9000
"Radford U.",638,"social sciences","All",203000
"Radford U.",638,"sciences nec","All",235000
"Radford U.",638,"engineering","All",0
"Radford U.",638,"all non s e fields","All",528000
"Andrews U.",639,"all r d expenditures","All",1255000
"Andrews U.",639,"computer and information sciences","All",1000
"Andrews U.",639,"geosciences atmospheric sciences and ocean sciences","All",21000
"Andrews U.",639,"life sciences","All",65000
"Andrews U.",639,"mathematics and statistics","All",28000
"Andrews U.",639,"physical sciences","All",380000
"Andrews U.",639,"psychology","All",0
"Andrews U.",639,"social sciences","All",144000
"Andrews U.",639,"sciences nec","All",0
"Andrews U.",639,"engineering","All",48000
"Andrews U.",639,"all non s e fields","All",568000
"Heidelberg U.",640,"all r d expenditures","All",1254000
"Heidelberg U.",640,"computer and information sciences","All",0
"Heidelberg U.",640,"geosciences atmospheric sciences and ocean sciences","All",1254000
"Heidelberg U.",640,"life sciences","All",0
"Heidelberg U.",640,"mathematics and statistics","All",0
"Heidelberg U.",640,"physical sciences","All",0
"Heidelberg U.",640,"psychology","All",0
"Heidelberg U.",640,"social sciences","All",0
"Heidelberg U.",640,"sciences nec","All",0
"Heidelberg U.",640,"engineering","All",0
"Heidelberg U.",640,"all non s e fields","All",0
"Manhattan C.",641,"all r d expenditures","All",1250000
"Manhattan C.",641,"computer and information sciences","All",0
"Manhattan C.",641,"geosciences atmospheric sciences and ocean sciences","All",0
"Manhattan C.",641,"life sciences","All",114000
"Manhattan C.",641,"mathematics and statistics","All",260000
"Manhattan C.",641,"physical sciences","All",79000
"Manhattan C.",641,"psychology","All",0
"Manhattan C.",641,"social sciences","All",221000
"Manhattan C.",641,"sciences nec","All",0
"Manhattan C.",641,"engineering","All",447000
"Manhattan C.",641,"all non s e fields","All",129000
"U. Virginia's C. Wise",642,"all r d expenditures","All",1223000
"U. Virginia's C. Wise",642,"computer and information sciences","All",223000
"U. Virginia's C. Wise",642,"geosciences atmospheric sciences and ocean sciences","All",6000
"U. Virginia's C. Wise",642,"life sciences","All",180000
"U. Virginia's C. Wise",642,"mathematics and statistics","All",76000
"U. Virginia's C. Wise",642,"physical sciences","All",18000
"U. Virginia's C. Wise",642,"psychology","All",0
"U. Virginia's C. Wise",642,"social sciences","All",40000
"U. Virginia's C. Wise",642,"sciences nec","All",0
"U. Virginia's C. Wise",642,"engineering","All",0
"U. Virginia's C. Wise",642,"all non s e fields","All",680000
"Pennsylvania State U., Altoona",643,"all r d expenditures","All",1215000
"Pennsylvania State U., Altoona",643,"computer and information sciences","All",0
"Pennsylvania State U., Altoona",643,"geosciences atmospheric sciences and ocean sciences","All",0
"Pennsylvania State U., Altoona",643,"life sciences","All",609000
"Pennsylvania State U., Altoona",643,"mathematics and statistics","All",39000
"Pennsylvania State U., Altoona",643,"physical sciences","All",77000
"Pennsylvania State U., Altoona",643,"psychology","All",0
"Pennsylvania State U., Altoona",643,"social sciences","All",3000
"Pennsylvania State U., Altoona",643,"sciences nec","All",0
"Pennsylvania State U., Altoona",643,"engineering","All",425000
"Pennsylvania State U., Altoona",643,"all non s e fields","All",62000
"U. Scranton",644,"all r d expenditures","All",1169000
"U. Scranton",644,"computer and information sciences","All",35000
"U. Scranton",644,"geosciences atmospheric sciences and ocean sciences","All",561000
"U. Scranton",644,"life sciences","All",251000
"U. Scranton",644,"mathematics and statistics","All",0
"U. Scranton",644,"physical sciences","All",1e+05
"U. Scranton",644,"psychology","All",8000
"U. Scranton",644,"social sciences","All",8000
"U. Scranton",644,"sciences nec","All",0
"U. Scranton",644,"engineering","All",4000
"U. Scranton",644,"all non s e fields","All",202000
"Ursinus C.",645,"all r d expenditures","All",1150000
"Ursinus C.",645,"computer and information sciences","All",12000
"Ursinus C.",645,"geosciences atmospheric sciences and ocean sciences","All",0
"Ursinus C.",645,"life sciences","All",665000
"Ursinus C.",645,"mathematics and statistics","All",120000
"Ursinus C.",645,"physical sciences","All",344000
"Ursinus C.",645,"psychology","All",3000
"Ursinus C.",645,"social sciences","All",6000
"Ursinus C.",645,"sciences nec","All",0
"Ursinus C.",645,"engineering","All",0
"Ursinus C.",645,"all non s e fields","All",0
"U. of Mary Washington",646,"all r d expenditures","All",1115000
"U. of Mary Washington",646,"computer and information sciences","All",71000
"U. of Mary Washington",646,"geosciences atmospheric sciences and ocean sciences","All",25000
"U. of Mary Washington",646,"life sciences","All",213000
"U. of Mary Washington",646,"mathematics and statistics","All",2000
"U. of Mary Washington",646,"physical sciences","All",63000
"U. of Mary Washington",646,"psychology","All",33000
"U. of Mary Washington",646,"social sciences","All",38000
"U. of Mary Washington",646,"sciences nec","All",0
"U. of Mary Washington",646,"engineering","All",0
"U. of Mary Washington",646,"all non s e fields","All",670000
"Western New England U.",646,"all r d expenditures","All",1115000
"Western New England U.",646,"computer and information sciences","All",76000
"Western New England U.",646,"geosciences atmospheric sciences and ocean sciences","All",0
"Western New England U.",646,"life sciences","All",318000
"Western New England U.",646,"mathematics and statistics","All",35000
"Western New England U.",646,"physical sciences","All",0
"Western New England U.",646,"psychology","All",0
"Western New England U.",646,"social sciences","All",0
"Western New England U.",646,"sciences nec","All",0
"Western New England U.",646,"engineering","All",686000
"Western New England U.",646,"all non s e fields","All",0
"Gettysburg C.",648,"all r d expenditures","All",1099000
"Gettysburg C.",648,"computer and information sciences","All",4000
"Gettysburg C.",648,"geosciences atmospheric sciences and ocean sciences","All",0
"Gettysburg C.",648,"life sciences","All",274000
"Gettysburg C.",648,"mathematics and statistics","All",0
"Gettysburg C.",648,"physical sciences","All",228000
"Gettysburg C.",648,"psychology","All",24000
"Gettysburg C.",648,"social sciences","All",393000
"Gettysburg C.",648,"sciences nec","All",0
"Gettysburg C.",648,"engineering","All",0
"Gettysburg C.",648,"all non s e fields","All",176000
"New C. Florida",649,"all r d expenditures","All",1080000
"New C. Florida",649,"computer and information sciences","All",99000
"New C. Florida",649,"geosciences atmospheric sciences and ocean sciences","All",21000
"New C. Florida",649,"life sciences","All",720000
"New C. Florida",649,"mathematics and statistics","All",43000
"New C. Florida",649,"physical sciences","All",40000
"New C. Florida",649,"psychology","All",14000
"New C. Florida",649,"social sciences","All",38000
"New C. Florida",649,"sciences nec","All",0
"New C. Florida",649,"engineering","All",32000
"New C. Florida",649,"all non s e fields","All",73000
"Southern U., New Orleans",650,"all r d expenditures","All",1004000
"Southern U., New Orleans",650,"computer and information sciences","All",0
"Southern U., New Orleans",650,"geosciences atmospheric sciences and ocean sciences","All",0
"Southern U., New Orleans",650,"life sciences","All",536000
"Southern U., New Orleans",650,"mathematics and statistics","All",0
"Southern U., New Orleans",650,"physical sciences","All",0
"Southern U., New Orleans",650,"psychology","All",0
"Southern U., New Orleans",650,"social sciences","All",0
"Southern U., New Orleans",650,"sciences nec","All",0
"Southern U., New Orleans",650,"engineering","All",0
"Southern U., New Orleans",650,"all non s e fields","All",468000
"Gustavus Adolphus C.",651,"all r d expenditures","All",969000
"Gustavus Adolphus C.",651,"computer and information sciences","All",0
"Gustavus Adolphus C.",651,"geosciences atmospheric sciences and ocean sciences","All",124000
"Gustavus Adolphus C.",651,"life sciences","All",64000
"Gustavus Adolphus C.",651,"mathematics and statistics","All",13000
"Gustavus Adolphus C.",651,"physical sciences","All",598000
"Gustavus Adolphus C.",651,"psychology","All",8000
"Gustavus Adolphus C.",651,"social sciences","All",14000
"Gustavus Adolphus C.",651,"sciences nec","All",0
"Gustavus Adolphus C.",651,"engineering","All",0
"Gustavus Adolphus C.",651,"all non s e fields","All",148000
"Central Connecticut State U.",652,"all r d expenditures","All",934000
"Central Connecticut State U.",652,"computer and information sciences","All",27000
"Central Connecticut State U.",652,"geosciences atmospheric sciences and ocean sciences","All",10000
"Central Connecticut State U.",652,"life sciences","All",95000
"Central Connecticut State U.",652,"mathematics and statistics","All",40000
"Central Connecticut State U.",652,"physical sciences","All",82000
"Central Connecticut State U.",652,"psychology","All",21000
"Central Connecticut State U.",652,"social sciences","All",219000
"Central Connecticut State U.",652,"sciences nec","All",0
"Central Connecticut State U.",652,"engineering","All",172000
"Central Connecticut State U.",652,"all non s e fields","All",268000
"Canisius U.",653,"all r d expenditures","All",905000
"Canisius U.",653,"computer and information sciences","All",0
"Canisius U.",653,"geosciences atmospheric sciences and ocean sciences","All",0
"Canisius U.",653,"life sciences","All",0
"Canisius U.",653,"mathematics and statistics","All",0
"Canisius U.",653,"physical sciences","All",108000
"Canisius U.",653,"psychology","All",0
"Canisius U.",653,"social sciences","All",0
"Canisius U.",653,"sciences nec","All",797000
"Canisius U.",653,"engineering","All",0
"Canisius U.",653,"all non s e fields","All",0
"Ithaca C.",654,"all r d expenditures","All",861000
"Ithaca C.",654,"computer and information sciences","All",72000
"Ithaca C.",654,"geosciences atmospheric sciences and ocean sciences","All",154000
"Ithaca C.",654,"life sciences","All",76000
"Ithaca C.",654,"mathematics and statistics","All",87000
"Ithaca C.",654,"physical sciences","All",277000
"Ithaca C.",654,"psychology","All",6000
"Ithaca C.",654,"social sciences","All",44000
"Ithaca C.",654,"sciences nec","All",0
"Ithaca C.",654,"engineering","All",0
"Ithaca C.",654,"all non s e fields","All",145000
"Rhode Island C.",655,"all r d expenditures","All",839000
"Rhode Island C.",655,"computer and information sciences","All",98000
"Rhode Island C.",655,"geosciences atmospheric sciences and ocean sciences","All",0
"Rhode Island C.",655,"life sciences","All",358000
"Rhode Island C.",655,"mathematics and statistics","All",0
"Rhode Island C.",655,"physical sciences","All",326000
"Rhode Island C.",655,"psychology","All",57000
"Rhode Island C.",655,"social sciences","All",0
"Rhode Island C.",655,"sciences nec","All",0
"Rhode Island C.",655,"engineering","All",0
"Rhode Island C.",655,"all non s e fields","All",0
"Framingham State U.",656,"all r d expenditures","All",735000
"Framingham State U.",656,"computer and information sciences","All",0
"Framingham State U.",656,"geosciences atmospheric sciences and ocean sciences","All",0
"Framingham State U.",656,"life sciences","All",710000
"Framingham State U.",656,"mathematics and statistics","All",0
"Framingham State U.",656,"physical sciences","All",5000
"Framingham State U.",656,"psychology","All",0
"Framingham State U.",656,"social sciences","All",13000
"Framingham State U.",656,"sciences nec","All",0
"Framingham State U.",656,"engineering","All",0
"Framingham State U.",656,"all non s e fields","All",7000
"U.S. Coast Guard Academy",657,"all r d expenditures","All",689000
"U.S. Coast Guard Academy",657,"computer and information sciences","All",108000
"U.S. Coast Guard Academy",657,"geosciences atmospheric sciences and ocean sciences","All",20000
"U.S. Coast Guard Academy",657,"life sciences","All",0
"U.S. Coast Guard Academy",657,"mathematics and statistics","All",7000
"U.S. Coast Guard Academy",657,"physical sciences","All",62000
"U.S. Coast Guard Academy",657,"psychology","All",0
"U.S. Coast Guard Academy",657,"social sciences","All",207000
"U.S. Coast Guard Academy",657,"sciences nec","All",0
"U.S. Coast Guard Academy",657,"engineering","All",133000
"U.S. Coast Guard Academy",657,"all non s e fields","All",152000
"U. Puerto Rico, Ponce",658,"all r d expenditures","All",659000
"U. Puerto Rico, Ponce",658,"computer and information sciences","All",0
"U. Puerto Rico, Ponce",658,"geosciences atmospheric sciences and ocean sciences","All",0
"U. Puerto Rico, Ponce",658,"life sciences","All",401000
"U. Puerto Rico, Ponce",658,"mathematics and statistics","All",69000
"U. Puerto Rico, Ponce",658,"physical sciences","All",9000
"U. Puerto Rico, Ponce",658,"psychology","All",0
"U. Puerto Rico, Ponce",658,"social sciences","All",0
"U. Puerto Rico, Ponce",658,"sciences nec","All",0
"U. Puerto Rico, Ponce",658,"engineering","All",0
"U. Puerto Rico, Ponce",658,"all non s e fields","All",180000
"Lincoln U.",659,"all r d expenditures","All",628000
"Lincoln U.",659,"computer and information sciences","All",96000
"Lincoln U.",659,"geosciences atmospheric sciences and ocean sciences","All",0
"Lincoln U.",659,"life sciences","All",232000
"Lincoln U.",659,"mathematics and statistics","All",0
"Lincoln U.",659,"physical sciences","All",14000
"Lincoln U.",659,"psychology","All",0
"Lincoln U.",659,"social sciences","All",0
"Lincoln U.",659,"sciences nec","All",0
"Lincoln U.",659,"engineering","All",0
"Lincoln U.",659,"all non s e fields","All",286000
"Bryant U.",660,"all r d expenditures","All",558000
"Bryant U.",660,"computer and information sciences","All",3000
"Bryant U.",660,"geosciences atmospheric sciences and ocean sciences","All",7000
"Bryant U.",660,"life sciences","All",353000
"Bryant U.",660,"mathematics and statistics","All",82000
"Bryant U.",660,"physical sciences","All",0
"Bryant U.",660,"psychology","All",0
"Bryant U.",660,"social sciences","All",12000
"Bryant U.",660,"sciences nec","All",0
"Bryant U.",660,"engineering","All",0
"Bryant U.",660,"all non s e fields","All",101000
"William Paterson U.",661,"all r d expenditures","All",533000
"William Paterson U.",661,"computer and information sciences","All",32000
"William Paterson U.",661,"geosciences atmospheric sciences and ocean sciences","All",114000
"William Paterson U.",661,"life sciences","All",121000
"William Paterson U.",661,"mathematics and statistics","All",1000
"William Paterson U.",661,"physical sciences","All",1000
"William Paterson U.",661,"psychology","All",79000
"William Paterson U.",661,"social sciences","All",18000
"William Paterson U.",661,"sciences nec","All",0
"William Paterson U.",661,"engineering","All",0
"William Paterson U.",661,"all non s e fields","All",167000
"Grambling State U.",662,"all r d expenditures","All",449000
"Grambling State U.",662,"computer and information sciences","All",112000
"Grambling State U.",662,"geosciences atmospheric sciences and ocean sciences","All",16000
"Grambling State U.",662,"life sciences","All",118000
"Grambling State U.",662,"mathematics and statistics","All",0
"Grambling State U.",662,"physical sciences","All",0
"Grambling State U.",662,"psychology","All",101000
"Grambling State U.",662,"social sciences","All",0
"Grambling State U.",662,"sciences nec","All",0
"Grambling State U.",662,"engineering","All",0
"Grambling State U.",662,"all non s e fields","All",102000
"Albion C.",663,"all r d expenditures","All",276000
"Albion C.",663,"computer and information sciences","All",0
"Albion C.",663,"geosciences atmospheric sciences and ocean sciences","All",73000
"Albion C.",663,"life sciences","All",0
"Albion C.",663,"mathematics and statistics","All",0
"Albion C.",663,"physical sciences","All",203000
"Albion C.",663,"psychology","All",0
"Albion C.",663,"social sciences","All",0
"Albion C.",663,"sciences nec","All",0
"Albion C.",663,"engineering","All",0
"Albion C.",663,"all non s e fields","All",0
"St. Mary's C. Maryland",664,"all r d expenditures","All",205000
"St. Mary's C. Maryland",664,"computer and information sciences","All",0
"St. Mary's C. Maryland",664,"geosciences atmospheric sciences and ocean sciences","All",158000
"St. Mary's C. Maryland",664,"life sciences","All",0
"St. Mary's C. Maryland",664,"mathematics and statistics","All",0
"St. Mary's C. Maryland",664,"physical sciences","All",22000
"St. Mary's C. Maryland",664,"psychology","All",0
"St. Mary's C. Maryland",664,"social sciences","All",0
"St. Mary's C. Maryland",664,"sciences nec","All",0
"St. Mary's C. Maryland",664,"engineering","All",13000
"St. Mary's C. Maryland",664,"all non s e fields","All",12000
"All institutions",NA,"all r d expenditures","Federal",59603993000
"All institutions",NA,"computer and information sciences","Federal",2417938000
"All institutions",NA,"geosciences atmospheric sciences and ocean sciences","Federal",2693891000
"All institutions",NA,"life sciences","Federal",33896235000
"All institutions",NA,"mathematics and statistics","Federal",661446000
"All institutions",NA,"physical sciences","Federal",4621763000
"All institutions",NA,"psychology","Federal",978784000
"All institutions",NA,"social sciences","Federal",1202546000
"All institutions",NA,"sciences nec","Federal",475264000
"All institutions",NA,"engineering","Federal",10931327000
"All institutions",NA,"all non s e fields","Federal",1724799000
"Johns Hopkins U",1,"all r d expenditures","Federal",3324551000
"Johns Hopkins U",1,"computer and information sciences","Federal",299497000
"Johns Hopkins U",1,"geosciences atmospheric sciences and ocean sciences","Federal",67703000
"Johns Hopkins U",1,"life sciences","Federal",897607000
"Johns Hopkins U",1,"mathematics and statistics","Federal",224276000
"Johns Hopkins U",1,"physical sciences","Federal",318657000
"Johns Hopkins U",1,"psychology","Federal",7573000
"Johns Hopkins U",1,"social sciences","Federal",9001000
"Johns Hopkins U",1,"sciences nec","Federal",60538000
"Johns Hopkins U",1,"engineering","Federal",1436413000
"Johns Hopkins U",1,"all non s e fields","Federal",3286000
"U. Washington, Seattle",2,"all r d expenditures","Federal",1188836000
"U. Washington, Seattle",2,"computer and information sciences","Federal",18717000
"U. Washington, Seattle",2,"geosciences atmospheric sciences and ocean sciences","Federal",135638000
"U. Washington, Seattle",2,"life sciences","Federal",763571000
"U. Washington, Seattle",2,"mathematics and statistics","Federal",8377000
"U. Washington, Seattle",2,"physical sciences","Federal",63604000
"U. Washington, Seattle",2,"psychology","Federal",8970000
"U. Washington, Seattle",2,"social sciences","Federal",10546000
"U. Washington, Seattle",2,"sciences nec","Federal",0
"U. Washington, Seattle",2,"engineering","Federal",139691000
"U. Washington, Seattle",2,"all non s e fields","Federal",39722000
"Georgia Institute of Technology",3,"all r d expenditures","Federal",1083903000
"Georgia Institute of Technology",3,"computer and information sciences","Federal",159436000
"Georgia Institute of Technology",3,"geosciences atmospheric sciences and ocean sciences","Federal",7393000
"Georgia Institute of Technology",3,"life sciences","Federal",17718000
"Georgia Institute of Technology",3,"mathematics and statistics","Federal",4607000
"Georgia Institute of Technology",3,"physical sciences","Federal",24326000
"Georgia Institute of Technology",3,"psychology","Federal",2128000
"Georgia Institute of Technology",3,"social sciences","Federal",4063000
"Georgia Institute of Technology",3,"sciences nec","Federal",0
"Georgia Institute of Technology",3,"engineering","Federal",847360000
"Georgia Institute of Technology",3,"all non s e fields","Federal",16872000
"U. California, San Diego",4,"all r d expenditures","Federal",1083790000
"U. California, San Diego",4,"computer and information sciences","Federal",34673000
"U. California, San Diego",4,"geosciences atmospheric sciences and ocean sciences","Federal",169439000
"U. California, San Diego",4,"life sciences","Federal",642446000
"U. California, San Diego",4,"mathematics and statistics","Federal",3043000
"U. California, San Diego",4,"physical sciences","Federal",70946000
"U. California, San Diego",4,"psychology","Federal",1.1e+07
"U. California, San Diego",4,"social sciences","Federal",7973000
"U. California, San Diego",4,"sciences nec","Federal",0
"U. California, San Diego",4,"engineering","Federal",114380000
"U. California, San Diego",4,"all non s e fields","Federal",29890000
"U. Michigan, Ann Arbor",5,"all r d expenditures","Federal",1041430000
"U. Michigan, Ann Arbor",5,"computer and information sciences","Federal",7577000
"U. Michigan, Ann Arbor",5,"geosciences atmospheric sciences and ocean sciences","Federal",10505000
"U. Michigan, Ann Arbor",5,"life sciences","Federal",631452000
"U. Michigan, Ann Arbor",5,"mathematics and statistics","Federal",7505000
"U. Michigan, Ann Arbor",5,"physical sciences","Federal",42501000
"U. Michigan, Ann Arbor",5,"psychology","Federal",9184000
"U. Michigan, Ann Arbor",5,"social sciences","Federal",113394000
"U. Michigan, Ann Arbor",5,"sciences nec","Federal",2861000
"U. Michigan, Ann Arbor",5,"engineering","Federal",206437000
"U. Michigan, Ann Arbor",5,"all non s e fields","Federal",10014000
"Columbia U. in the City of New York",6,"all r d expenditures","Federal",988670000
"Columbia U. in the City of New York",6,"computer and information sciences","Federal",24749000
"Columbia U. in the City of New York",6,"geosciences atmospheric sciences and ocean sciences","Federal",63561000
"Columbia U. in the City of New York",6,"life sciences","Federal",739861000
"Columbia U. in the City of New York",6,"mathematics and statistics","Federal",2650000
"Columbia U. in the City of New York",6,"physical sciences","Federal",41677000
"Columbia U. in the City of New York",6,"psychology","Federal",3518000
"Columbia U. in the City of New York",6,"social sciences","Federal",2911000
"Columbia U. in the City of New York",6,"sciences nec","Federal",0
"Columbia U. in the City of New York",6,"engineering","Federal",80040000
"Columbia U. in the City of New York",6,"all non s e fields","Federal",29703000
"Duke U.",7,"all r d expenditures","Federal",974202000
"Duke U.",7,"computer and information sciences","Federal",11229000
"Duke U.",7,"geosciences atmospheric sciences and ocean sciences","Federal",6097000
"Duke U.",7,"life sciences","Federal",807184000
"Duke U.",7,"mathematics and statistics","Federal",5166000
"Duke U.",7,"physical sciences","Federal",25284000
"Duke U.",7,"psychology","Federal",7025000
"Duke U.",7,"social sciences","Federal",25177000
"Duke U.",7,"sciences nec","Federal",9000
"Duke U.",7,"engineering","Federal",85594000
"Duke U.",7,"all non s e fields","Federal",1437000
"Stanford U.",8,"all r d expenditures","Federal",943669000
"Stanford U.",8,"computer and information sciences","Federal",15889000
"Stanford U.",8,"geosciences atmospheric sciences and ocean sciences","Federal",12175000
"Stanford U.",8,"life sciences","Federal",689915000
"Stanford U.",8,"mathematics and statistics","Federal",5291000
"Stanford U.",8,"physical sciences","Federal",78192000
"Stanford U.",8,"psychology","Federal",10153000
"Stanford U.",8,"social sciences","Federal",5626000
"Stanford U.",8,"sciences nec","Federal",0
"Stanford U.",8,"engineering","Federal",100033000
"Stanford U.",8,"all non s e fields","Federal",26395000
"U. Pennsylvania",9,"all r d expenditures","Federal",936469000
"U. Pennsylvania",9,"computer and information sciences","Federal",14071000
"U. Pennsylvania",9,"geosciences atmospheric sciences and ocean sciences","Federal",625000
"U. Pennsylvania",9,"life sciences","Federal",765293000
"U. Pennsylvania",9,"mathematics and statistics","Federal",4584000
"U. Pennsylvania",9,"physical sciences","Federal",49316000
"U. Pennsylvania",9,"psychology","Federal",8656000
"U. Pennsylvania",9,"social sciences","Federal",16193000
"U. Pennsylvania",9,"sciences nec","Federal",324000
"U. Pennsylvania",9,"engineering","Federal",56036000
"U. Pennsylvania",9,"all non s e fields","Federal",21371000
"U. Pittsburgh, Pittsburgh",10,"all r d expenditures","Federal",916735000
"U. Pittsburgh, Pittsburgh",10,"computer and information sciences","Federal",8450000
"U. Pittsburgh, Pittsburgh",10,"geosciences atmospheric sciences and ocean sciences","Federal",9854000
"U. Pittsburgh, Pittsburgh",10,"life sciences","Federal",792983000
"U. Pittsburgh, Pittsburgh",10,"mathematics and statistics","Federal",3886000
"U. Pittsburgh, Pittsburgh",10,"physical sciences","Federal",21533000
"U. Pittsburgh, Pittsburgh",10,"psychology","Federal",13588000
"U. Pittsburgh, Pittsburgh",10,"social sciences","Federal",1789000
"U. Pittsburgh, Pittsburgh",10,"sciences nec","Federal",6017000
"U. Pittsburgh, Pittsburgh",10,"engineering","Federal",54013000
"U. Pittsburgh, Pittsburgh",10,"all non s e fields","Federal",4622000
"U. North Carolina, Chapel Hill",11,"all r d expenditures","Federal",907710000
"U. North Carolina, Chapel Hill",11,"computer and information sciences","Federal",35159000
"U. North Carolina, Chapel Hill",11,"geosciences atmospheric sciences and ocean sciences","Federal",16172000
"U. North Carolina, Chapel Hill",11,"life sciences","Federal",668464000
"U. North Carolina, Chapel Hill",11,"mathematics and statistics","Federal",2975000
"U. North Carolina, Chapel Hill",11,"physical sciences","Federal",32265000
"U. North Carolina, Chapel Hill",11,"psychology","Federal",27799000
"U. North Carolina, Chapel Hill",11,"social sciences","Federal",65162000
"U. North Carolina, Chapel Hill",11,"sciences nec","Federal",0
"U. North Carolina, Chapel Hill",11,"engineering","Federal",24138000
"U. North Carolina, Chapel Hill",11,"all non s e fields","Federal",35576000
"U. California, Los Angeles",12,"all r d expenditures","Federal",878571000
"U. California, Los Angeles",12,"computer and information sciences","Federal",10926000
"U. California, Los Angeles",12,"geosciences atmospheric sciences and ocean sciences","Federal",38858000
"U. California, Los Angeles",12,"life sciences","Federal",639872000
"U. California, Los Angeles",12,"mathematics and statistics","Federal",8404000
"U. California, Los Angeles",12,"physical sciences","Federal",44032000
"U. California, Los Angeles",12,"psychology","Federal",13995000
"U. California, Los Angeles",12,"social sciences","Federal",13624000
"U. California, Los Angeles",12,"sciences nec","Federal",27632000
"U. California, Los Angeles",12,"engineering","Federal",62859000
"U. California, Los Angeles",12,"all non s e fields","Federal",18369000
"U. California, San Francisco",13,"all r d expenditures","Federal",858066000
"U. California, San Francisco",13,"computer and information sciences","Federal",0
"U. California, San Francisco",13,"geosciences atmospheric sciences and ocean sciences","Federal",0
"U. California, San Francisco",13,"life sciences","Federal",816481000
"U. California, San Francisco",13,"mathematics and statistics","Federal",0
"U. California, San Francisco",13,"physical sciences","Federal",41585000
"U. California, San Francisco",13,"psychology","Federal",0
"U. California, San Francisco",13,"social sciences","Federal",0
"U. California, San Francisco",13,"sciences nec","Federal",0
"U. California, San Francisco",13,"engineering","Federal",0
"U. California, San Francisco",13,"all non s e fields","Federal",0
"U. Marylandb",14,"all r d expenditures","Federal",825546000
"U. Marylandb",14,"computer and information sciences","Federal",48215000
"U. Marylandb",14,"geosciences atmospheric sciences and ocean sciences","Federal",74204000
"U. Marylandb",14,"life sciences","Federal",390312000
"U. Marylandb",14,"mathematics and statistics","Federal",4143000
"U. Marylandb",14,"physical sciences","Federal",102096000
"U. Marylandb",14,"psychology","Federal",9515000
"U. Marylandb",14,"social sciences","Federal",39549000
"U. Marylandb",14,"sciences nec","Federal",17650000
"U. Marylandb",14,"engineering","Federal",112818000
"U. Marylandb",14,"all non s e fields","Federal",27044000
"U. Wisconsin-Madison",15,"all r d expenditures","Federal",816814000
"U. Wisconsin-Madison",15,"computer and information sciences","Federal",21627000
"U. Wisconsin-Madison",15,"geosciences atmospheric sciences and ocean sciences","Federal",44661000
"U. Wisconsin-Madison",15,"life sciences","Federal",484792000
"U. Wisconsin-Madison",15,"mathematics and statistics","Federal",5225000
"U. Wisconsin-Madison",15,"physical sciences","Federal",73094000
"U. Wisconsin-Madison",15,"psychology","Federal",5201000
"U. Wisconsin-Madison",15,"social sciences","Federal",30209000
"U. Wisconsin-Madison",15,"sciences nec","Federal",34298000
"U. Wisconsin-Madison",15,"engineering","Federal",93870000
"U. Wisconsin-Madison",15,"all non s e fields","Federal",23837000
"New York U.",16,"all r d expenditures","Federal",787204000
"New York U.",16,"computer and information sciences","Federal",11518000
"New York U.",16,"geosciences atmospheric sciences and ocean sciences","Federal",188000
"New York U.",16,"life sciences","Federal",670216000
"New York U.",16,"mathematics and statistics","Federal",10870000
"New York U.",16,"physical sciences","Federal",18882000
"New York U.",16,"psychology","Federal",21388000
"New York U.",16,"social sciences","Federal",10489000
"New York U.",16,"sciences nec","Federal",0
"New York U.",16,"engineering","Federal",24015000
"New York U.",16,"all non s e fields","Federal",19638000
"Pennsylvania State U., University Park and Hershey Medical Center",17,"all r d expenditures","Federal",781303000
"Pennsylvania State U., University Park and Hershey Medical Center",17,"computer and information sciences","Federal",83515000
"Pennsylvania State U., University Park and Hershey Medical Center",17,"geosciences atmospheric sciences and ocean sciences","Federal",26986000
"Pennsylvania State U., University Park and Hershey Medical Center",17,"life sciences","Federal",178800000
"Pennsylvania State U., University Park and Hershey Medical Center",17,"mathematics and statistics","Federal",21148000
"Pennsylvania State U., University Park and Hershey Medical Center",17,"physical sciences","Federal",58927000
"Pennsylvania State U., University Park and Hershey Medical Center",17,"psychology","Federal",28731000
"Pennsylvania State U., University Park and Hershey Medical Center",17,"social sciences","Federal",19189000
"Pennsylvania State U., University Park and Hershey Medical Center",17,"sciences nec","Federal",0
"Pennsylvania State U., University Park and Hershey Medical Center",17,"engineering","Federal",348549000
"Pennsylvania State U., University Park and Hershey Medical Center",17,"all non s e fields","Federal",15458000
"Washington U., Saint Louis",18,"all r d expenditures","Federal",758464000
"Washington U., Saint Louis",18,"computer and information sciences","Federal",4773000
"Washington U., Saint Louis",18,"geosciences atmospheric sciences and ocean sciences","Federal",6169000
"Washington U., Saint Louis",18,"life sciences","Federal",658608000
"Washington U., Saint Louis",18,"mathematics and statistics","Federal",1118000
"Washington U., Saint Louis",18,"physical sciences","Federal",25365000
"Washington U., Saint Louis",18,"psychology","Federal",7120000
"Washington U., Saint Louis",18,"social sciences","Federal",1759000
"Washington U., Saint Louis",18,"sciences nec","Federal",113000
"Washington U., Saint Louis",18,"engineering","Federal",28140000
"Washington U., Saint Louis",18,"all non s e fields","Federal",25299000
"Vanderbilt U. and Vanderbilt U. Medical Center",19,"all r d expenditures","Federal",751019000
"Vanderbilt U. and Vanderbilt U. Medical Center",19,"computer and information sciences","Federal",15997000
"Vanderbilt U. and Vanderbilt U. Medical Center",19,"geosciences atmospheric sciences and ocean sciences","Federal",1374000
"Vanderbilt U. and Vanderbilt U. Medical Center",19,"life sciences","Federal",623875000
"Vanderbilt U. and Vanderbilt U. Medical Center",19,"mathematics and statistics","Federal",693000
"Vanderbilt U. and Vanderbilt U. Medical Center",19,"physical sciences","Federal",16670000
"Vanderbilt U. and Vanderbilt U. Medical Center",19,"psychology","Federal",9667000
"Vanderbilt U. and Vanderbilt U. Medical Center",19,"social sciences","Federal",3695000
"Vanderbilt U. and Vanderbilt U. Medical Center",19,"sciences nec","Federal",0
"Vanderbilt U. and Vanderbilt U. Medical Center",19,"engineering","Federal",53911000
"Vanderbilt U. and Vanderbilt U. Medical Center",19,"all non s e fields","Federal",25137000
"Yale U.",20,"all r d expenditures","Federal",741198000
"Yale U.",20,"computer and information sciences","Federal",7023000
"Yale U.",20,"geosciences atmospheric sciences and ocean sciences","Federal",3134000
"Yale U.",20,"life sciences","Federal",650783000
"Yale U.",20,"mathematics and statistics","Federal",1990000
"Yale U.",20,"physical sciences","Federal",37212000
"Yale U.",20,"psychology","Federal",6752000
"Yale U.",20,"social sciences","Federal",4316000
"Yale U.",20,"sciences nec","Federal",0
"Yale U.",20,"engineering","Federal",24446000
"Yale U.",20,"all non s e fields","Federal",5542000
"Cornell U.",21,"all r d expenditures","Federal",705132000
"Cornell U.",21,"computer and information sciences","Federal",18513000
"Cornell U.",21,"geosciences atmospheric sciences and ocean sciences","Federal",4631000
"Cornell U.",21,"life sciences","Federal",470625000
"Cornell U.",21,"mathematics and statistics","Federal",2852000
"Cornell U.",21,"physical sciences","Federal",105708000
"Cornell U.",21,"psychology","Federal",4302000
"Cornell U.",21,"social sciences","Federal",8061000
"Cornell U.",21,"sciences nec","Federal",145000
"Cornell U.",21,"engineering","Federal",84312000
"Cornell U.",21,"all non s e fields","Federal",5983000
"U. Minnesota, Twin Cities",22,"all r d expenditures","Federal",702483000
"U. Minnesota, Twin Cities",22,"computer and information sciences","Federal",9091000
"U. Minnesota, Twin Cities",22,"geosciences atmospheric sciences and ocean sciences","Federal",11431000
"U. Minnesota, Twin Cities",22,"life sciences","Federal",493390000
"U. Minnesota, Twin Cities",22,"mathematics and statistics","Federal",5394000
"U. Minnesota, Twin Cities",22,"physical sciences","Federal",33927000
"U. Minnesota, Twin Cities",22,"psychology","Federal",23854000
"U. Minnesota, Twin Cities",22,"social sciences","Federal",22801000
"U. Minnesota, Twin Cities",22,"sciences nec","Federal",243000
"U. Minnesota, Twin Cities",22,"engineering","Federal",92997000
"U. Minnesota, Twin Cities",22,"all non s e fields","Federal",9355000
"Ohio State U.",23,"all r d expenditures","Federal",694647000
"Ohio State U.",23,"computer and information sciences","Federal",14679000
"Ohio State U.",23,"geosciences atmospheric sciences and ocean sciences","Federal",6142000
"Ohio State U.",23,"life sciences","Federal",458697000
"Ohio State U.",23,"mathematics and statistics","Federal",3275000
"Ohio State U.",23,"physical sciences","Federal",27100000
"Ohio State U.",23,"psychology","Federal",4526000
"Ohio State U.",23,"social sciences","Federal",12385000
"Ohio State U.",23,"sciences nec","Federal",23995000
"Ohio State U.",23,"engineering","Federal",113636000
"Ohio State U.",23,"all non s e fields","Federal",30212000
"U. Southern California",24,"all r d expenditures","Federal",683819000
"U. Southern California",24,"computer and information sciences","Federal",116290000
"U. Southern California",24,"geosciences atmospheric sciences and ocean sciences","Federal",13949000
"U. Southern California",24,"life sciences","Federal",381729000
"U. Southern California",24,"mathematics and statistics","Federal",1748000
"U. Southern California",24,"physical sciences","Federal",13375000
"U. Southern California",24,"psychology","Federal",7570000
"U. Southern California",24,"social sciences","Federal",60441000
"U. Southern California",24,"sciences nec","Federal",0
"U. Southern California",24,"engineering","Federal",68833000
"U. Southern California",24,"all non s e fields","Federal",19884000
"Northwestern U.",25,"all r d expenditures","Federal",678062000
"Northwestern U.",25,"computer and information sciences","Federal",7891000
"Northwestern U.",25,"geosciences atmospheric sciences and ocean sciences","Federal",929000
"Northwestern U.",25,"life sciences","Federal",526737000
"Northwestern U.",25,"mathematics and statistics","Federal",1310000
"Northwestern U.",25,"physical sciences","Federal",53306000
"Northwestern U.",25,"psychology","Federal",1817000
"Northwestern U.",25,"social sciences","Federal",11247000
"Northwestern U.",25,"sciences nec","Federal",12677000
"Northwestern U.",25,"engineering","Federal",57708000
"Northwestern U.",25,"all non s e fields","Federal",4440000
"Emory U.",26,"all r d expenditures","Federal",664370000
"Emory U.",26,"computer and information sciences","Federal",3164000
"Emory U.",26,"geosciences atmospheric sciences and ocean sciences","Federal",2266000
"Emory U.",26,"life sciences","Federal",617601000
"Emory U.",26,"mathematics and statistics","Federal",1542000
"Emory U.",26,"physical sciences","Federal",16167000
"Emory U.",26,"psychology","Federal",3444000
"Emory U.",26,"social sciences","Federal",1595000
"Emory U.",26,"sciences nec","Federal",0
"Emory U.",26,"engineering","Federal",17322000
"Emory U.",26,"all non s e fields","Federal",1269000
"Icahn School of Medicine at Mount Sinai",27,"all r d expenditures","Federal",658916000
"Icahn School of Medicine at Mount Sinai",27,"computer and information sciences","Federal",0
"Icahn School of Medicine at Mount Sinai",27,"geosciences atmospheric sciences and ocean sciences","Federal",0
"Icahn School of Medicine at Mount Sinai",27,"life sciences","Federal",658916000
"Icahn School of Medicine at Mount Sinai",27,"mathematics and statistics","Federal",0
"Icahn School of Medicine at Mount Sinai",27,"physical sciences","Federal",0
"Icahn School of Medicine at Mount Sinai",27,"psychology","Federal",0
"Icahn School of Medicine at Mount Sinai",27,"social sciences","Federal",0
"Icahn School of Medicine at Mount Sinai",27,"sciences nec","Federal",0
"Icahn School of Medicine at Mount Sinai",27,"engineering","Federal",0
"Icahn School of Medicine at Mount Sinai",27,"all non s e fields","Federal",0
"Harvard U.",28,"all r d expenditures","Federal",639953000
"Harvard U.",28,"computer and information sciences","Federal",11410000
"Harvard U.",28,"geosciences atmospheric sciences and ocean sciences","Federal",19045000
"Harvard U.",28,"life sciences","Federal",425411000
"Harvard U.",28,"mathematics and statistics","Federal",16858000
"Harvard U.",28,"physical sciences","Federal",65331000
"Harvard U.",28,"psychology","Federal",3140000
"Harvard U.",28,"social sciences","Federal",45358000
"Harvard U.",28,"sciences nec","Federal",444000
"Harvard U.",28,"engineering","Federal",42222000
"Harvard U.",28,"all non s e fields","Federal",10734000
"U. Texas, Austin",29,"all r d expenditures","Federal",621223000
"U. Texas, Austin",29,"computer and information sciences","Federal",97635000
"U. Texas, Austin",29,"geosciences atmospheric sciences and ocean sciences","Federal",28880000
"U. Texas, Austin",29,"life sciences","Federal",97447000
"U. Texas, Austin",29,"mathematics and statistics","Federal",7001000
"U. Texas, Austin",29,"physical sciences","Federal",76105000
"U. Texas, Austin",29,"psychology","Federal",11970000
"U. Texas, Austin",29,"social sciences","Federal",13532000
"U. Texas, Austin",29,"sciences nec","Federal",6000
"U. Texas, Austin",29,"engineering","Federal",249098000
"U. Texas, Austin",29,"all non s e fields","Federal",39549000
"Massachusetts Institute of Technology",30,"all r d expenditures","Federal",559766000
"Massachusetts Institute of Technology",30,"computer and information sciences","Federal",68071000
"Massachusetts Institute of Technology",30,"geosciences atmospheric sciences and ocean sciences","Federal",20269000
"Massachusetts Institute of Technology",30,"life sciences","Federal",86466000
"Massachusetts Institute of Technology",30,"mathematics and statistics","Federal",5971000
"Massachusetts Institute of Technology",30,"physical sciences","Federal",132434000
"Massachusetts Institute of Technology",30,"psychology","Federal",520000
"Massachusetts Institute of Technology",30,"social sciences","Federal",9496000
"Massachusetts Institute of Technology",30,"sciences nec","Federal",5077000
"Massachusetts Institute of Technology",30,"engineering","Federal",226746000
"Massachusetts Institute of Technology",30,"all non s e fields","Federal",4716000
"Texas A&M U., College Station and Health Science Center",31,"all r d expenditures","Federal",546481000
"Texas A&M U., College Station and Health Science Center",31,"computer and information sciences","Federal",17436000
"Texas A&M U., College Station and Health Science Center",31,"geosciences atmospheric sciences and ocean sciences","Federal",99602000
"Texas A&M U., College Station and Health Science Center",31,"life sciences","Federal",172838000
"Texas A&M U., College Station and Health Science Center",31,"mathematics and statistics","Federal",5979000
"Texas A&M U., College Station and Health Science Center",31,"physical sciences","Federal",31816000
"Texas A&M U., College Station and Health Science Center",31,"psychology","Federal",6087000
"Texas A&M U., College Station and Health Science Center",31,"social sciences","Federal",13562000
"Texas A&M U., College Station and Health Science Center",31,"sciences nec","Federal",5728000
"Texas A&M U., College Station and Health Science Center",31,"engineering","Federal",170864000
"Texas A&M U., College Station and Health Science Center",31,"all non s e fields","Federal",22569000
"U. Colorado Boulder",32,"all r d expenditures","Federal",538715000
"U. Colorado Boulder",32,"computer and information sciences","Federal",19774000
"U. Colorado Boulder",32,"geosciences atmospheric sciences and ocean sciences","Federal",134584000
"U. Colorado Boulder",32,"life sciences","Federal",51966000
"U. Colorado Boulder",32,"mathematics and statistics","Federal",3900000
"U. Colorado Boulder",32,"physical sciences","Federal",146786000
"U. Colorado Boulder",32,"psychology","Federal",12204000
"U. Colorado Boulder",32,"social sciences","Federal",12038000
"U. Colorado Boulder",32,"sciences nec","Federal",1254000
"U. Colorado Boulder",32,"engineering","Federal",140779000
"U. Colorado Boulder",32,"all non s e fields","Federal",15430000
"U. Florida",33,"all r d expenditures","Federal",529391000
"U. Florida",33,"computer and information sciences","Federal",12409000
"U. Florida",33,"geosciences atmospheric sciences and ocean sciences","Federal",11348000
"U. Florida",33,"life sciences","Federal",352391000
"U. Florida",33,"mathematics and statistics","Federal",1925000
"U. Florida",33,"physical sciences","Federal",28674000
"U. Florida",33,"psychology","Federal",11545000
"U. Florida",33,"social sciences","Federal",7471000
"U. Florida",33,"sciences nec","Federal",0
"U. Florida",33,"engineering","Federal",84288000
"U. Florida",33,"all non s e fields","Federal",19340000
"U. California, Berkeley",34,"all r d expenditures","Federal",496298000
"U. California, Berkeley",34,"computer and information sciences","Federal",1832000
"U. California, Berkeley",34,"geosciences atmospheric sciences and ocean sciences","Federal",7459000
"U. California, Berkeley",34,"life sciences","Federal",141785000
"U. California, Berkeley",34,"mathematics and statistics","Federal",6502000
"U. California, Berkeley",34,"physical sciences","Federal",157546000
"U. California, Berkeley",34,"psychology","Federal",8162000
"U. California, Berkeley",34,"social sciences","Federal",10143000
"U. California, Berkeley",34,"sciences nec","Federal",58299000
"U. California, Berkeley",34,"engineering","Federal",92895000
"U. California, Berkeley",34,"all non s e fields","Federal",11675000
"U. California, Davis",35,"all r d expenditures","Federal",494847000
"U. California, Davis",35,"computer and information sciences","Federal",5918000
"U. California, Davis",35,"geosciences atmospheric sciences and ocean sciences","Federal",10879000
"U. California, Davis",35,"life sciences","Federal",363804000
"U. California, Davis",35,"mathematics and statistics","Federal",4285000
"U. California, Davis",35,"physical sciences","Federal",23211000
"U. California, Davis",35,"psychology","Federal",2955000
"U. California, Davis",35,"social sciences","Federal",18325000
"U. California, Davis",35,"sciences nec","Federal",24000
"U. California, Davis",35,"engineering","Federal",59180000
"U. California, Davis",35,"all non s e fields","Federal",6266000
"U. Chicago",36,"all r d expenditures","Federal",476689000
"U. Chicago",36,"computer and information sciences","Federal",32781000
"U. Chicago",36,"geosciences atmospheric sciences and ocean sciences","Federal",9341000
"U. Chicago",36,"life sciences","Federal",304483000
"U. Chicago",36,"mathematics and statistics","Federal",4564000
"U. Chicago",36,"physical sciences","Federal",61355000
"U. Chicago",36,"psychology","Federal",7849000
"U. Chicago",36,"social sciences","Federal",9412000
"U. Chicago",36,"sciences nec","Federal",0
"U. Chicago",36,"engineering","Federal",40732000
"U. Chicago",36,"all non s e fields","Federal",6172000
"U. Colorado Anschutz Medical Campus",37,"all r d expenditures","Federal",474523000
"U. Colorado Anschutz Medical Campus",37,"computer and information sciences","Federal",0
"U. Colorado Anschutz Medical Campus",37,"geosciences atmospheric sciences and ocean sciences","Federal",75000
"U. Colorado Anschutz Medical Campus",37,"life sciences","Federal",471749000
"U. Colorado Anschutz Medical Campus",37,"mathematics and statistics","Federal",0
"U. Colorado Anschutz Medical Campus",37,"physical sciences","Federal",279000
"U. Colorado Anschutz Medical Campus",37,"psychology","Federal",911000
"U. Colorado Anschutz Medical Campus",37,"social sciences","Federal",56000
"U. Colorado Anschutz Medical Campus",37,"sciences nec","Federal",0
"U. Colorado Anschutz Medical Campus",37,"engineering","Federal",707000
"U. Colorado Anschutz Medical Campus",37,"all non s e fields","Federal",746000
"U. Illinois, Urbana-Champaign",38,"all r d expenditures","Federal",460491000
"U. Illinois, Urbana-Champaign",38,"computer and information sciences","Federal",56104000
"U. Illinois, Urbana-Champaign",38,"geosciences atmospheric sciences and ocean sciences","Federal",15466000
"U. Illinois, Urbana-Champaign",38,"life sciences","Federal",123278000
"U. Illinois, Urbana-Champaign",38,"mathematics and statistics","Federal",3184000
"U. Illinois, Urbana-Champaign",38,"physical sciences","Federal",57753000
"U. Illinois, Urbana-Champaign",38,"psychology","Federal",7736000
"U. Illinois, Urbana-Champaign",38,"social sciences","Federal",3155000
"U. Illinois, Urbana-Champaign",38,"sciences nec","Federal",706000
"U. Illinois, Urbana-Champaign",38,"engineering","Federal",176925000
"U. Illinois, Urbana-Champaign",38,"all non s e fields","Federal",16184000
"U. Alabama, Birmingham",39,"all r d expenditures","Federal",451880000
"U. Alabama, Birmingham",39,"computer and information sciences","Federal",815000
"U. Alabama, Birmingham",39,"geosciences atmospheric sciences and ocean sciences","Federal",0
"U. Alabama, Birmingham",39,"life sciences","Federal",421115000
"U. Alabama, Birmingham",39,"mathematics and statistics","Federal",169000
"U. Alabama, Birmingham",39,"physical sciences","Federal",4247000
"U. Alabama, Birmingham",39,"psychology","Federal",7961000
"U. Alabama, Birmingham",39,"social sciences","Federal",633000
"U. Alabama, Birmingham",39,"sciences nec","Federal",0
"U. Alabama, Birmingham",39,"engineering","Federal",15320000
"U. Alabama, Birmingham",39,"all non s e fields","Federal",1620000
"Baylor C. of Medicine",40,"all r d expenditures","Federal",440345000
"Baylor C. of Medicine",40,"computer and information sciences","Federal",0
"Baylor C. of Medicine",40,"geosciences atmospheric sciences and ocean sciences","Federal",0
"Baylor C. of Medicine",40,"life sciences","Federal",440345000
"Baylor C. of Medicine",40,"mathematics and statistics","Federal",0
"Baylor C. of Medicine",40,"physical sciences","Federal",0
"Baylor C. of Medicine",40,"psychology","Federal",0
"Baylor C. of Medicine",40,"social sciences","Federal",0
"Baylor C. of Medicine",40,"sciences nec","Federal",0
"Baylor C. of Medicine",40,"engineering","Federal",0
"Baylor C. of Medicine",40,"all non s e fields","Federal",0
"Michigan State U.",41,"all r d expenditures","Federal",435564000
"Michigan State U.",41,"computer and information sciences","Federal",9968000
"Michigan State U.",41,"geosciences atmospheric sciences and ocean sciences","Federal",3391000
"Michigan State U.",41,"life sciences","Federal",176867000
"Michigan State U.",41,"mathematics and statistics","Federal",8247000
"Michigan State U.",41,"physical sciences","Federal",154210000
"Michigan State U.",41,"psychology","Federal",8883000
"Michigan State U.",41,"social sciences","Federal",19628000
"Michigan State U.",41,"sciences nec","Federal",863000
"Michigan State U.",41,"engineering","Federal",37598000
"Michigan State U.",41,"all non s e fields","Federal",15909000
"U. Arizona",42,"all r d expenditures","Federal",434700000
"U. Arizona",42,"computer and information sciences","Federal",7738000
"U. Arizona",42,"geosciences atmospheric sciences and ocean sciences","Federal",18827000
"U. Arizona",42,"life sciences","Federal",244172000
"U. Arizona",42,"mathematics and statistics","Federal",3304000
"U. Arizona",42,"physical sciences","Federal",87271000
"U. Arizona",42,"psychology","Federal",8221000
"U. Arizona",42,"social sciences","Federal",8487000
"U. Arizona",42,"sciences nec","Federal",3003000
"U. Arizona",42,"engineering","Federal",49493000
"U. Arizona",42,"all non s e fields","Federal",4184000
"Indiana U., Bloomington",43,"all r d expenditures","Federal",432223000
"Indiana U., Bloomington",43,"computer and information sciences","Federal",35137000
"Indiana U., Bloomington",43,"geosciences atmospheric sciences and ocean sciences","Federal",3250000
"Indiana U., Bloomington",43,"life sciences","Federal",325897000
"Indiana U., Bloomington",43,"mathematics and statistics","Federal",2014000
"Indiana U., Bloomington",43,"physical sciences","Federal",18516000
"Indiana U., Bloomington",43,"psychology","Federal",10082000
"Indiana U., Bloomington",43,"social sciences","Federal",10144000
"Indiana U., Bloomington",43,"sciences nec","Federal",1415000
"Indiana U., Bloomington",43,"engineering","Federal",18033000
"Indiana U., Bloomington",43,"all non s e fields","Federal",7735000
"Case Western Reserve U.",44,"all r d expenditures","Federal",431736000
"Case Western Reserve U.",44,"computer and information sciences","Federal",4784000
"Case Western Reserve U.",44,"geosciences atmospheric sciences and ocean sciences","Federal",667000
"Case Western Reserve U.",44,"life sciences","Federal",368182000
"Case Western Reserve U.",44,"mathematics and statistics","Federal",632000
"Case Western Reserve U.",44,"physical sciences","Federal",4507000
"Case Western Reserve U.",44,"psychology","Federal",1530000
"Case Western Reserve U.",44,"social sciences","Federal",5227000
"Case Western Reserve U.",44,"sciences nec","Federal",175000
"Case Western Reserve U.",44,"engineering","Federal",43497000
"Case Western Reserve U.",44,"all non s e fields","Federal",2535000
"U. Utah",45,"all r d expenditures","Federal",416079000
"U. Utah",45,"computer and information sciences","Federal",0
"U. Utah",45,"geosciences atmospheric sciences and ocean sciences","Federal",9127000
"U. Utah",45,"life sciences","Federal",260698000
"U. Utah",45,"mathematics and statistics","Federal",3127000
"U. Utah",45,"physical sciences","Federal",20854000
"U. Utah",45,"psychology","Federal",4213000
"U. Utah",45,"social sciences","Federal",12980000
"U. Utah",45,"sciences nec","Federal",0
"U. Utah",45,"engineering","Federal",93722000
"U. Utah",45,"all non s e fields","Federal",11358000
"Boston U.",46,"all r d expenditures","Federal",409551000
"Boston U.",46,"computer and information sciences","Federal",8749000
"Boston U.",46,"geosciences atmospheric sciences and ocean sciences","Federal",6716000
"Boston U.",46,"life sciences","Federal",274668000
"Boston U.",46,"mathematics and statistics","Federal",2753000
"Boston U.",46,"physical sciences","Federal",26252000
"Boston U.",46,"psychology","Federal",14547000
"Boston U.",46,"social sciences","Federal",1028000
"Boston U.",46,"sciences nec","Federal",1579000
"Boston U.",46,"engineering","Federal",62597000
"Boston U.",46,"all non s e fields","Federal",10662000
"Uniformed Services U. of the Health Sciences",47,"all r d expenditures","Federal",403671000
"Uniformed Services U. of the Health Sciences",47,"computer and information sciences","Federal",0
"Uniformed Services U. of the Health Sciences",47,"geosciences atmospheric sciences and ocean sciences","Federal",0
"Uniformed Services U. of the Health Sciences",47,"life sciences","Federal",364294000
"Uniformed Services U. of the Health Sciences",47,"mathematics and statistics","Federal",0
"Uniformed Services U. of the Health Sciences",47,"physical sciences","Federal",0
"Uniformed Services U. of the Health Sciences",47,"psychology","Federal",39377000
"Uniformed Services U. of the Health Sciences",47,"social sciences","Federal",0
"Uniformed Services U. of the Health Sciences",47,"sciences nec","Federal",0
"Uniformed Services U. of the Health Sciences",47,"engineering","Federal",0
"Uniformed Services U. of the Health Sciences",47,"all non s e fields","Federal",0
"Rutgers, State U. New Jersey, New Brunswick",48,"all r d expenditures","Federal",400930000
"Rutgers, State U. New Jersey, New Brunswick",48,"computer and information sciences","Federal",5557000
"Rutgers, State U. New Jersey, New Brunswick",48,"geosciences atmospheric sciences and ocean sciences","Federal",14997000
"Rutgers, State U. New Jersey, New Brunswick",48,"life sciences","Federal",298495000
"Rutgers, State U. New Jersey, New Brunswick",48,"mathematics and statistics","Federal",6424000
"Rutgers, State U. New Jersey, New Brunswick",48,"physical sciences","Federal",13191000
"Rutgers, State U. New Jersey, New Brunswick",48,"psychology","Federal",8532000
"Rutgers, State U. New Jersey, New Brunswick",48,"social sciences","Federal",2263000
"Rutgers, State U. New Jersey, New Brunswick",48,"sciences nec","Federal",22000
"Rutgers, State U. New Jersey, New Brunswick",48,"engineering","Federal",40402000
"Rutgers, State U. New Jersey, New Brunswick",48,"all non s e fields","Federal",11047000
"U. Cincinnati",49,"all r d expenditures","Federal",391943000
"U. Cincinnati",49,"computer and information sciences","Federal",895000
"U. Cincinnati",49,"geosciences atmospheric sciences and ocean sciences","Federal",896000
"U. Cincinnati",49,"life sciences","Federal",347406000
"U. Cincinnati",49,"mathematics and statistics","Federal",849000
"U. Cincinnati",49,"physical sciences","Federal",6422000
"U. Cincinnati",49,"psychology","Federal",9094000
"U. Cincinnati",49,"social sciences","Federal",4897000
"U. Cincinnati",49,"sciences nec","Federal",0
"U. Cincinnati",49,"engineering","Federal",17940000
"U. Cincinnati",49,"all non s e fields","Federal",3544000
"Purdue U., West Lafayette",50,"all r d expenditures","Federal",385738000
"Purdue U., West Lafayette",50,"computer and information sciences","Federal",18513000
"Purdue U., West Lafayette",50,"geosciences atmospheric sciences and ocean sciences","Federal",5949000
"Purdue U., West Lafayette",50,"life sciences","Federal",109823000
"Purdue U., West Lafayette",50,"mathematics and statistics","Federal",1524000
"Purdue U., West Lafayette",50,"physical sciences","Federal",32897000
"Purdue U., West Lafayette",50,"psychology","Federal",3290000
"Purdue U., West Lafayette",50,"social sciences","Federal",6347000
"Purdue U., West Lafayette",50,"sciences nec","Federal",91000
"Purdue U., West Lafayette",50,"engineering","Federal",188696000
"Purdue U., West Lafayette",50,"all non s e fields","Federal",18608000
"Oregon Health and Science U.",51,"all r d expenditures","Federal",374043000
"Oregon Health and Science U.",51,"computer and information sciences","Federal",0
"Oregon Health and Science U.",51,"geosciences atmospheric sciences and ocean sciences","Federal",0
"Oregon Health and Science U.",51,"life sciences","Federal",361933000
"Oregon Health and Science U.",51,"mathematics and statistics","Federal",0
"Oregon Health and Science U.",51,"physical sciences","Federal",13000
"Oregon Health and Science U.",51,"psychology","Federal",0
"Oregon Health and Science U.",51,"social sciences","Federal",0
"Oregon Health and Science U.",51,"sciences nec","Federal",0
"Oregon Health and Science U.",51,"engineering","Federal",12097000
"Oregon Health and Science U.",51,"all non s e fields","Federal",0
"U. Rochester",52,"all r d expenditures","Federal",368190000
"U. Rochester",52,"computer and information sciences","Federal",2464000
"U. Rochester",52,"geosciences atmospheric sciences and ocean sciences","Federal",2366000
"U. Rochester",52,"life sciences","Federal",210132000
"U. Rochester",52,"mathematics and statistics","Federal",292000
"U. Rochester",52,"physical sciences","Federal",117139000
"U. Rochester",52,"psychology","Federal",5575000
"U. Rochester",52,"social sciences","Federal",506000
"U. Rochester",52,"sciences nec","Federal",8857000
"U. Rochester",52,"engineering","Federal",18978000
"U. Rochester",52,"all non s e fields","Federal",1881000
"U. Virginia, Charlottesville",53,"all r d expenditures","Federal",354748000
"U. Virginia, Charlottesville",53,"computer and information sciences","Federal",19009000
"U. Virginia, Charlottesville",53,"geosciences atmospheric sciences and ocean sciences","Federal",4724000
"U. Virginia, Charlottesville",53,"life sciences","Federal",194206000
"U. Virginia, Charlottesville",53,"mathematics and statistics","Federal",1576000
"U. Virginia, Charlottesville",53,"physical sciences","Federal",19880000
"U. Virginia, Charlottesville",53,"psychology","Federal",4907000
"U. Virginia, Charlottesville",53,"social sciences","Federal",1489000
"U. Virginia, Charlottesville",53,"sciences nec","Federal",0
"U. Virginia, Charlottesville",53,"engineering","Federal",65008000
"U. Virginia, Charlottesville",53,"all non s e fields","Federal",43949000
"Colorado State U., Fort Collins",54,"all r d expenditures","Federal",354401000
"Colorado State U., Fort Collins",54,"computer and information sciences","Federal",3617000
"Colorado State U., Fort Collins",54,"geosciences atmospheric sciences and ocean sciences","Federal",48659000
"Colorado State U., Fort Collins",54,"life sciences","Federal",215670000
"Colorado State U., Fort Collins",54,"mathematics and statistics","Federal",2749000
"Colorado State U., Fort Collins",54,"physical sciences","Federal",16078000
"Colorado State U., Fort Collins",54,"psychology","Federal",2818000
"Colorado State U., Fort Collins",54,"social sciences","Federal",8774000
"Colorado State U., Fort Collins",54,"sciences nec","Federal",8144000
"Colorado State U., Fort Collins",54,"engineering","Federal",39358000
"Colorado State U., Fort Collins",54,"all non s e fields","Federal",8534000
"Arizona State U.",55,"all r d expenditures","Federal",340880000
"Arizona State U.",55,"computer and information sciences","Federal",21665000
"Arizona State U.",55,"geosciences atmospheric sciences and ocean sciences","Federal",41166000
"Arizona State U.",55,"life sciences","Federal",76676000
"Arizona State U.",55,"mathematics and statistics","Federal",1607000
"Arizona State U.",55,"physical sciences","Federal",27453000
"Arizona State U.",55,"psychology","Federal",8950000
"Arizona State U.",55,"social sciences","Federal",25628000
"Arizona State U.",55,"sciences nec","Federal",4040000
"Arizona State U.",55,"engineering","Federal",98381000
"Arizona State U.",55,"all non s e fields","Federal",35314000
"U. Texas Southwestern Medical Center",56,"all r d expenditures","Federal",336126000
"U. Texas Southwestern Medical Center",56,"computer and information sciences","Federal",0
"U. Texas Southwestern Medical Center",56,"geosciences atmospheric sciences and ocean sciences","Federal",0
"U. Texas Southwestern Medical Center",56,"life sciences","Federal",336126000
"U. Texas Southwestern Medical Center",56,"mathematics and statistics","Federal",0
"U. Texas Southwestern Medical Center",56,"physical sciences","Federal",0
"U. Texas Southwestern Medical Center",56,"psychology","Federal",0
"U. Texas Southwestern Medical Center",56,"social sciences","Federal",0
"U. Texas Southwestern Medical Center",56,"sciences nec","Federal",0
"U. Texas Southwestern Medical Center",56,"engineering","Federal",0
"U. Texas Southwestern Medical Center",56,"all non s e fields","Federal",0
"U. California, Irvine",57,"all r d expenditures","Federal",335393000
"U. California, Irvine",57,"computer and information sciences","Federal",13381000
"U. California, Irvine",57,"geosciences atmospheric sciences and ocean sciences","Federal",7903000
"U. California, Irvine",57,"life sciences","Federal",208512000
"U. California, Irvine",57,"mathematics and statistics","Federal",4445000
"U. California, Irvine",57,"physical sciences","Federal",30228000
"U. California, Irvine",57,"psychology","Federal",7151000
"U. California, Irvine",57,"social sciences","Federal",2116000
"U. California, Irvine",57,"sciences nec","Federal",39000
"U. California, Irvine",57,"engineering","Federal",45509000
"U. California, Irvine",57,"all non s e fields","Federal",16109000
"U. Iowa",58,"all r d expenditures","Federal",331824000
"U. Iowa",58,"computer and information sciences","Federal",2227000
"U. Iowa",58,"geosciences atmospheric sciences and ocean sciences","Federal",1130000
"U. Iowa",58,"life sciences","Federal",228930000
"U. Iowa",58,"mathematics and statistics","Federal",706000
"U. Iowa",58,"physical sciences","Federal",57100000
"U. Iowa",58,"psychology","Federal",7031000
"U. Iowa",58,"social sciences","Federal",896000
"U. Iowa",58,"sciences nec","Federal",30000
"U. Iowa",58,"engineering","Federal",27689000
"U. Iowa",58,"all non s e fields","Federal",6085000
"Utah State U.",59,"all r d expenditures","Federal",322336000
"Utah State U.",59,"computer and information sciences","Federal",1929000
"Utah State U.",59,"geosciences atmospheric sciences and ocean sciences","Federal",1018000
"Utah State U.",59,"life sciences","Federal",28675000
"Utah State U.",59,"mathematics and statistics","Federal",340000
"Utah State U.",59,"physical sciences","Federal",4246000
"Utah State U.",59,"psychology","Federal",2211000
"Utah State U.",59,"social sciences","Federal",365000
"Utah State U.",59,"sciences nec","Federal",0
"Utah State U.",59,"engineering","Federal",280768000
"Utah State U.",59,"all non s e fields","Federal",2784000
"California Institute of Technology",60,"all r d expenditures","Federal",310519000
"California Institute of Technology",60,"computer and information sciences","Federal",9088000
"California Institute of Technology",60,"geosciences atmospheric sciences and ocean sciences","Federal",30338000
"California Institute of Technology",60,"life sciences","Federal",64984000
"California Institute of Technology",60,"mathematics and statistics","Federal",489000
"California Institute of Technology",60,"physical sciences","Federal",160855000
"California Institute of Technology",60,"psychology","Federal",1031000
"California Institute of Technology",60,"social sciences","Federal",1634000
"California Institute of Technology",60,"sciences nec","Federal",63000
"California Institute of Technology",60,"engineering","Federal",41780000
"California Institute of Technology",60,"all non s e fields","Federal",257000
"U. Miami",61,"all r d expenditures","Federal",291783000
"U. Miami",61,"computer and information sciences","Federal",2185000
"U. Miami",61,"geosciences atmospheric sciences and ocean sciences","Federal",52297000
"U. Miami",61,"life sciences","Federal",210172000
"U. Miami",61,"mathematics and statistics","Federal",368000
"U. Miami",61,"physical sciences","Federal",5934000
"U. Miami",61,"psychology","Federal",14258000
"U. Miami",61,"social sciences","Federal",405000
"U. Miami",61,"sciences nec","Federal",0
"U. Miami",61,"engineering","Federal",4988000
"U. Miami",61,"all non s e fields","Federal",1176000
"Virginia Polytechnic Institute and State U.",62,"all r d expenditures","Federal",282152000
"Virginia Polytechnic Institute and State U.",62,"computer and information sciences","Federal",14280000
"Virginia Polytechnic Institute and State U.",62,"geosciences atmospheric sciences and ocean sciences","Federal",3961000
"Virginia Polytechnic Institute and State U.",62,"life sciences","Federal",89893000
"Virginia Polytechnic Institute and State U.",62,"mathematics and statistics","Federal",6803000
"Virginia Polytechnic Institute and State U.",62,"physical sciences","Federal",15624000
"Virginia Polytechnic Institute and State U.",62,"psychology","Federal",3775000
"Virginia Polytechnic Institute and State U.",62,"social sciences","Federal",4128000
"Virginia Polytechnic Institute and State U.",62,"sciences nec","Federal",0
"Virginia Polytechnic Institute and State U.",62,"engineering","Federal",128941000
"Virginia Polytechnic Institute and State U.",62,"all non s e fields","Federal",14747000
"U. Nebraska, Lincoln and Medical Centerc",63,"all r d expenditures","Federal",280120000
"U. Nebraska, Lincoln and Medical Centerc",63,"computer and information sciences","Federal",4526000
"U. Nebraska, Lincoln and Medical Centerc",63,"geosciences atmospheric sciences and ocean sciences","Federal",1588000
"U. Nebraska, Lincoln and Medical Centerc",63,"life sciences","Federal",188452000
"U. Nebraska, Lincoln and Medical Centerc",63,"mathematics and statistics","Federal",1572000
"U. Nebraska, Lincoln and Medical Centerc",63,"physical sciences","Federal",26970000
"U. Nebraska, Lincoln and Medical Centerc",63,"psychology","Federal",10234000
"U. Nebraska, Lincoln and Medical Centerc",63,"social sciences","Federal",4049000
"U. Nebraska, Lincoln and Medical Centerc",63,"sciences nec","Federal",7000
"U. Nebraska, Lincoln and Medical Centerc",63,"engineering","Federal",37913000
"U. Nebraska, Lincoln and Medical Centerc",63,"all non s e fields","Federal",4809000
"Carnegie Mellon U.",64,"all r d expenditures","Federal",279954000
"Carnegie Mellon U.",64,"computer and information sciences","Federal",136813000
"Carnegie Mellon U.",64,"geosciences atmospheric sciences and ocean sciences","Federal",1122000
"Carnegie Mellon U.",64,"life sciences","Federal",9772000
"Carnegie Mellon U.",64,"mathematics and statistics","Federal",6431000
"Carnegie Mellon U.",64,"physical sciences","Federal",15023000
"Carnegie Mellon U.",64,"psychology","Federal",8376000
"Carnegie Mellon U.",64,"social sciences","Federal",1966000
"Carnegie Mellon U.",64,"sciences nec","Federal",4004000
"Carnegie Mellon U.",64,"engineering","Federal",95826000
"Carnegie Mellon U.",64,"all non s e fields","Federal",621000
"North Carolina State U.",65,"all r d expenditures","Federal",279179000
"North Carolina State U.",65,"computer and information sciences","Federal",15455000
"North Carolina State U.",65,"geosciences atmospheric sciences and ocean sciences","Federal",20341000
"North Carolina State U.",65,"life sciences","Federal",96838000
"North Carolina State U.",65,"mathematics and statistics","Federal",11113000
"North Carolina State U.",65,"physical sciences","Federal",16937000
"North Carolina State U.",65,"psychology","Federal",1119000
"North Carolina State U.",65,"social sciences","Federal",2620000
"North Carolina State U.",65,"sciences nec","Federal",9647000
"North Carolina State U.",65,"engineering","Federal",100328000
"North Carolina State U.",65,"all non s e fields","Federal",4781000
"Scripps Research Institute",66,"all r d expenditures","Federal",278099000
"Scripps Research Institute",66,"computer and information sciences","Federal",0
"Scripps Research Institute",66,"geosciences atmospheric sciences and ocean sciences","Federal",0
"Scripps Research Institute",66,"life sciences","Federal",278099000
"Scripps Research Institute",66,"mathematics and statistics","Federal",0
"Scripps Research Institute",66,"physical sciences","Federal",0
"Scripps Research Institute",66,"psychology","Federal",0
"Scripps Research Institute",66,"social sciences","Federal",0
"Scripps Research Institute",66,"sciences nec","Federal",0
"Scripps Research Institute",66,"engineering","Federal",0
"Scripps Research Institute",66,"all non s e fields","Federal",0
"U. Illinois, Chicago",67,"all r d expenditures","Federal",274424000
"U. Illinois, Chicago",67,"computer and information sciences","Federal",5756000
"U. Illinois, Chicago",67,"geosciences atmospheric sciences and ocean sciences","Federal",731000
"U. Illinois, Chicago",67,"life sciences","Federal",202299000
"U. Illinois, Chicago",67,"mathematics and statistics","Federal",3130000
"U. Illinois, Chicago",67,"physical sciences","Federal",20200000
"U. Illinois, Chicago",67,"psychology","Federal",1182000
"U. Illinois, Chicago",67,"social sciences","Federal",2747000
"U. Illinois, Chicago",67,"sciences nec","Federal",958000
"U. Illinois, Chicago",67,"engineering","Federal",29282000
"U. Illinois, Chicago",67,"all non s e fields","Federal",8139000
"U. Kentucky",68,"all r d expenditures","Federal",265543000
"U. Kentucky",68,"computer and information sciences","Federal",2202000
"U. Kentucky",68,"geosciences atmospheric sciences and ocean sciences","Federal",1868000
"U. Kentucky",68,"life sciences","Federal",201680000
"U. Kentucky",68,"mathematics and statistics","Federal",1181000
"U. Kentucky",68,"physical sciences","Federal",7162000
"U. Kentucky",68,"psychology","Federal",5715000
"U. Kentucky",68,"social sciences","Federal",2867000
"U. Kentucky",68,"sciences nec","Federal",473000
"U. Kentucky",68,"engineering","Federal",37882000
"U. Kentucky",68,"all non s e fields","Federal",4513000
"U. Texas M. D. Anderson Cancer Center",69,"all r d expenditures","Federal",259285000
"U. Texas M. D. Anderson Cancer Center",69,"computer and information sciences","Federal",0
"U. Texas M. D. Anderson Cancer Center",69,"geosciences atmospheric sciences and ocean sciences","Federal",0
"U. Texas M. D. Anderson Cancer Center",69,"life sciences","Federal",225450000
"U. Texas M. D. Anderson Cancer Center",69,"mathematics and statistics","Federal",11294000
"U. Texas M. D. Anderson Cancer Center",69,"physical sciences","Federal",11861000
"U. Texas M. D. Anderson Cancer Center",69,"psychology","Federal",4918000
"U. Texas M. D. Anderson Cancer Center",69,"social sciences","Federal",5762000
"U. Texas M. D. Anderson Cancer Center",69,"sciences nec","Federal",0
"U. Texas M. D. Anderson Cancer Center",69,"engineering","Federal",0
"U. Texas M. D. Anderson Cancer Center",69,"all non s e fields","Federal",0
"SUNY, U. Buffalo",70,"all r d expenditures","Federal",257857000
"SUNY, U. Buffalo",70,"computer and information sciences","Federal",12966000
"SUNY, U. Buffalo",70,"geosciences atmospheric sciences and ocean sciences","Federal",4556000
"SUNY, U. Buffalo",70,"life sciences","Federal",136241000
"SUNY, U. Buffalo",70,"mathematics and statistics","Federal",885000
"SUNY, U. Buffalo",70,"physical sciences","Federal",9997000
"SUNY, U. Buffalo",70,"psychology","Federal",4357000
"SUNY, U. Buffalo",70,"social sciences","Federal",646000
"SUNY, U. Buffalo",70,"sciences nec","Federal",260000
"SUNY, U. Buffalo",70,"engineering","Federal",83743000
"SUNY, U. Buffalo",70,"all non s e fields","Federal",4206000
"U. South Florida",71,"all r d expenditures","Federal",242224000
"U. South Florida",71,"computer and information sciences","Federal",10902000
"U. South Florida",71,"geosciences atmospheric sciences and ocean sciences","Federal",13777000
"U. South Florida",71,"life sciences","Federal",132859000
"U. South Florida",71,"mathematics and statistics","Federal",849000
"U. South Florida",71,"physical sciences","Federal",4431000
"U. South Florida",71,"psychology","Federal",2777000
"U. South Florida",71,"social sciences","Federal",16052000
"U. South Florida",71,"sciences nec","Federal",196000
"U. South Florida",71,"engineering","Federal",34863000
"U. South Florida",71,"all non s e fields","Federal",25518000
"Brown U.",72,"all r d expenditures","Federal",239744000
"Brown U.",72,"computer and information sciences","Federal",12185000
"Brown U.",72,"geosciences atmospheric sciences and ocean sciences","Federal",7463000
"Brown U.",72,"life sciences","Federal",128698000
"Brown U.",72,"mathematics and statistics","Federal",12161000
"Brown U.",72,"physical sciences","Federal",12798000
"Brown U.",72,"psychology","Federal",9599000
"Brown U.",72,"social sciences","Federal",24744000
"Brown U.",72,"sciences nec","Federal",9504000
"Brown U.",72,"engineering","Federal",20340000
"Brown U.",72,"all non s e fields","Federal",2252000
"U. Connecticut",73,"all r d expenditures","Federal",238701000
"U. Connecticut",73,"computer and information sciences","Federal",3562000
"U. Connecticut",73,"geosciences atmospheric sciences and ocean sciences","Federal",8186000
"U. Connecticut",73,"life sciences","Federal",139444000
"U. Connecticut",73,"mathematics and statistics","Federal",1823000
"U. Connecticut",73,"physical sciences","Federal",11828000
"U. Connecticut",73,"psychology","Federal",19530000
"U. Connecticut",73,"social sciences","Federal",3021000
"U. Connecticut",73,"sciences nec","Federal",298000
"U. Connecticut",73,"engineering","Federal",46010000
"U. Connecticut",73,"all non s e fields","Federal",4999000
"Woods Hole Oceanographic Institution",74,"all r d expenditures","Federal",238554000
"Woods Hole Oceanographic Institution",74,"computer and information sciences","Federal",0
"Woods Hole Oceanographic Institution",74,"geosciences atmospheric sciences and ocean sciences","Federal",154295000
"Woods Hole Oceanographic Institution",74,"life sciences","Federal",0
"Woods Hole Oceanographic Institution",74,"mathematics and statistics","Federal",0
"Woods Hole Oceanographic Institution",74,"physical sciences","Federal",0
"Woods Hole Oceanographic Institution",74,"psychology","Federal",0
"Woods Hole Oceanographic Institution",74,"social sciences","Federal",0
"Woods Hole Oceanographic Institution",74,"sciences nec","Federal",0
"Woods Hole Oceanographic Institution",74,"engineering","Federal",84259000
"Woods Hole Oceanographic Institution",74,"all non s e fields","Federal",0
"Albert Einstein C. of Medicine",75,"all r d expenditures","Federal",230151000
"Albert Einstein C. of Medicine",75,"computer and information sciences","Federal",0
"Albert Einstein C. of Medicine",75,"geosciences atmospheric sciences and ocean sciences","Federal",0
"Albert Einstein C. of Medicine",75,"life sciences","Federal",230151000
"Albert Einstein C. of Medicine",75,"mathematics and statistics","Federal",0
"Albert Einstein C. of Medicine",75,"physical sciences","Federal",0
"Albert Einstein C. of Medicine",75,"psychology","Federal",0
"Albert Einstein C. of Medicine",75,"social sciences","Federal",0
"Albert Einstein C. of Medicine",75,"sciences nec","Federal",0
"Albert Einstein C. of Medicine",75,"engineering","Federal",0
"Albert Einstein C. of Medicine",75,"all non s e fields","Federal",0
"U. Massachusetts, Medical School",76,"all r d expenditures","Federal",223490000
"U. Massachusetts, Medical School",76,"computer and information sciences","Federal",0
"U. Massachusetts, Medical School",76,"geosciences atmospheric sciences and ocean sciences","Federal",0
"U. Massachusetts, Medical School",76,"life sciences","Federal",223490000
"U. Massachusetts, Medical School",76,"mathematics and statistics","Federal",0
"U. Massachusetts, Medical School",76,"physical sciences","Federal",0
"U. Massachusetts, Medical School",76,"psychology","Federal",0
"U. Massachusetts, Medical School",76,"social sciences","Federal",0
"U. Massachusetts, Medical School",76,"sciences nec","Federal",0
"U. Massachusetts, Medical School",76,"engineering","Federal",0
"U. Massachusetts, Medical School",76,"all non s e fields","Federal",0
"Oregon State U.",77,"all r d expenditures","Federal",222169000
"Oregon State U.",77,"computer and information sciences","Federal",4122000
"Oregon State U.",77,"geosciences atmospheric sciences and ocean sciences","Federal",50415000
"Oregon State U.",77,"life sciences","Federal",90340000
"Oregon State U.",77,"mathematics and statistics","Federal",813000
"Oregon State U.",77,"physical sciences","Federal",7052000
"Oregon State U.",77,"psychology","Federal",1085000
"Oregon State U.",77,"social sciences","Federal",3641000
"Oregon State U.",77,"sciences nec","Federal",3082000
"Oregon State U.",77,"engineering","Federal",55520000
"Oregon State U.",77,"all non s e fields","Federal",6099000
"U. Georgia",78,"all r d expenditures","Federal",221804000
"U. Georgia",78,"computer and information sciences","Federal",2597000
"U. Georgia",78,"geosciences atmospheric sciences and ocean sciences","Federal",8259000
"U. Georgia",78,"life sciences","Federal",151231000
"U. Georgia",78,"mathematics and statistics","Federal",1335000
"U. Georgia",78,"physical sciences","Federal",4938000
"U. Georgia",78,"psychology","Federal",19318000
"U. Georgia",78,"social sciences","Federal",13265000
"U. Georgia",78,"sciences nec","Federal",153000
"U. Georgia",78,"engineering","Federal",11735000
"U. Georgia",78,"all non s e fields","Federal",8973000
"U. Oklahoma, Norman and Health Science Center",79,"all r d expenditures","Federal",219964000
"U. Oklahoma, Norman and Health Science Center",79,"computer and information sciences","Federal",5640000
"U. Oklahoma, Norman and Health Science Center",79,"geosciences atmospheric sciences and ocean sciences","Federal",64382000
"U. Oklahoma, Norman and Health Science Center",79,"life sciences","Federal",85141000
"U. Oklahoma, Norman and Health Science Center",79,"mathematics and statistics","Federal",546000
"U. Oklahoma, Norman and Health Science Center",79,"physical sciences","Federal",11345000
"U. Oklahoma, Norman and Health Science Center",79,"psychology","Federal",3332000
"U. Oklahoma, Norman and Health Science Center",79,"social sciences","Federal",4779000
"U. Oklahoma, Norman and Health Science Center",79,"sciences nec","Federal",0
"U. Oklahoma, Norman and Health Science Center",79,"engineering","Federal",30388000
"U. Oklahoma, Norman and Health Science Center",79,"all non s e fields","Federal",14411000
"Princeton U.",80,"all r d expenditures","Federal",219600000
"Princeton U.",80,"computer and information sciences","Federal",16491000
"Princeton U.",80,"geosciences atmospheric sciences and ocean sciences","Federal",21598000
"Princeton U.",80,"life sciences","Federal",53629000
"Princeton U.",80,"mathematics and statistics","Federal",6148000
"Princeton U.",80,"physical sciences","Federal",59526000
"Princeton U.",80,"psychology","Federal",1810000
"Princeton U.",80,"social sciences","Federal",7135000
"Princeton U.",80,"sciences nec","Federal",0
"Princeton U.",80,"engineering","Federal",52300000
"Princeton U.",80,"all non s e fields","Federal",963000
"U. Missouri, Columbia",81,"all r d expenditures","Federal",217091000
"U. Missouri, Columbia",81,"computer and information sciences","Federal",5340000
"U. Missouri, Columbia",81,"geosciences atmospheric sciences and ocean sciences","Federal",1388000
"U. Missouri, Columbia",81,"life sciences","Federal",148119000
"U. Missouri, Columbia",81,"mathematics and statistics","Federal",1100000
"U. Missouri, Columbia",81,"physical sciences","Federal",7860000
"U. Missouri, Columbia",81,"psychology","Federal",4587000
"U. Missouri, Columbia",81,"social sciences","Federal",1433000
"U. Missouri, Columbia",81,"sciences nec","Federal",1810000
"U. Missouri, Columbia",81,"engineering","Federal",16700000
"U. Missouri, Columbia",81,"all non s e fields","Federal",28754000
"U. Dayton",82,"all r d expenditures","Federal",216729000
"U. Dayton",82,"computer and information sciences","Federal",23181000
"U. Dayton",82,"geosciences atmospheric sciences and ocean sciences","Federal",728000
"U. Dayton",82,"life sciences","Federal",1664000
"U. Dayton",82,"mathematics and statistics","Federal",61000
"U. Dayton",82,"physical sciences","Federal",361000
"U. Dayton",82,"psychology","Federal",157000
"U. Dayton",82,"social sciences","Federal",1e+05
"U. Dayton",82,"sciences nec","Federal",0
"U. Dayton",82,"engineering","Federal",188040000
"U. Dayton",82,"all non s e fields","Federal",2437000
"U. Kansas",83,"all r d expenditures","Federal",211111000
"U. Kansas",83,"computer and information sciences","Federal",4542000
"U. Kansas",83,"geosciences atmospheric sciences and ocean sciences","Federal",7241000
"U. Kansas",83,"life sciences","Federal",121051000
"U. Kansas",83,"mathematics and statistics","Federal",575000
"U. Kansas",83,"physical sciences","Federal",13648000
"U. Kansas",83,"psychology","Federal",6847000
"U. Kansas",83,"social sciences","Federal",1320000
"U. Kansas",83,"sciences nec","Federal",59000
"U. Kansas",83,"engineering","Federal",15825000
"U. Kansas",83,"all non s e fields","Federal",40003000
"Washington State U.",84,"all r d expenditures","Federal",207086000
"Washington State U.",84,"computer and information sciences","Federal",7409000
"Washington State U.",84,"geosciences atmospheric sciences and ocean sciences","Federal",6514000
"Washington State U.",84,"life sciences","Federal",120447000
"Washington State U.",84,"mathematics and statistics","Federal",164000
"Washington State U.",84,"physical sciences","Federal",13980000
"Washington State U.",84,"psychology","Federal",2496000
"Washington State U.",84,"social sciences","Federal",4771000
"Washington State U.",84,"sciences nec","Federal",2272000
"Washington State U.",84,"engineering","Federal",22414000
"Washington State U.",84,"all non s e fields","Federal",26619000
"U. New Mexico",85,"all r d expenditures","Federal",205351000
"U. New Mexico",85,"computer and information sciences","Federal",3652000
"U. New Mexico",85,"geosciences atmospheric sciences and ocean sciences","Federal",6936000
"U. New Mexico",85,"life sciences","Federal",127253000
"U. New Mexico",85,"mathematics and statistics","Federal",884000
"U. New Mexico",85,"physical sciences","Federal",10132000
"U. New Mexico",85,"psychology","Federal",6249000
"U. New Mexico",85,"social sciences","Federal",5006000
"U. New Mexico",85,"sciences nec","Federal",161000
"U. New Mexico",85,"engineering","Federal",42513000
"U. New Mexico",85,"all non s e fields","Federal",2565000
"Wake Forest U.",86,"all r d expenditures","Federal",204713000
"Wake Forest U.",86,"computer and information sciences","Federal",490000
"Wake Forest U.",86,"geosciences atmospheric sciences and ocean sciences","Federal",0
"Wake Forest U.",86,"life sciences","Federal",200949000
"Wake Forest U.",86,"mathematics and statistics","Federal",292000
"Wake Forest U.",86,"physical sciences","Federal",1482000
"Wake Forest U.",86,"psychology","Federal",230000
"Wake Forest U.",86,"social sciences","Federal",80000
"Wake Forest U.",86,"sciences nec","Federal",0
"Wake Forest U.",86,"engineering","Federal",937000
"Wake Forest U.",86,"all non s e fields","Federal",253000
"U. Delaware",87,"all r d expenditures","Federal",202469000
"U. Delaware",87,"computer and information sciences","Federal",4163000
"U. Delaware",87,"geosciences atmospheric sciences and ocean sciences","Federal",19081000
"U. Delaware",87,"life sciences","Federal",37111000
"U. Delaware",87,"mathematics and statistics","Federal",1685000
"U. Delaware",87,"physical sciences","Federal",28042000
"U. Delaware",87,"psychology","Federal",6540000
"U. Delaware",87,"social sciences","Federal",6363000
"U. Delaware",87,"sciences nec","Federal",3058000
"U. Delaware",87,"engineering","Federal",90547000
"U. Delaware",87,"all non s e fields","Federal",5879000
"U. Texas Health Science Center, Houston",88,"all r d expenditures","Federal",197759000
"U. Texas Health Science Center, Houston",88,"computer and information sciences","Federal",0
"U. Texas Health Science Center, Houston",88,"geosciences atmospheric sciences and ocean sciences","Federal",0
"U. Texas Health Science Center, Houston",88,"life sciences","Federal",197759000
"U. Texas Health Science Center, Houston",88,"mathematics and statistics","Federal",0
"U. Texas Health Science Center, Houston",88,"physical sciences","Federal",0
"U. Texas Health Science Center, Houston",88,"psychology","Federal",0
"U. Texas Health Science Center, Houston",88,"social sciences","Federal",0
"U. Texas Health Science Center, Houston",88,"sciences nec","Federal",0
"U. Texas Health Science Center, Houston",88,"engineering","Federal",0
"U. Texas Health Science Center, Houston",88,"all non s e fields","Federal",0
"Iowa State U.",89,"all r d expenditures","Federal",195394000
"Iowa State U.",89,"computer and information sciences","Federal",3346000
"Iowa State U.",89,"geosciences atmospheric sciences and ocean sciences","Federal",3218000
"Iowa State U.",89,"life sciences","Federal",73394000
"Iowa State U.",89,"mathematics and statistics","Federal",11643000
"Iowa State U.",89,"physical sciences","Federal",23112000
"Iowa State U.",89,"psychology","Federal",811000
"Iowa State U.",89,"social sciences","Federal",1273000
"Iowa State U.",89,"sciences nec","Federal",0
"Iowa State U.",89,"engineering","Federal",73907000
"Iowa State U.",89,"all non s e fields","Federal",4690000
"Florida State U.",90,"all r d expenditures","Federal",195323000
"Florida State U.",90,"computer and information sciences","Federal",3674000
"Florida State U.",90,"geosciences atmospheric sciences and ocean sciences","Federal",10234000
"Florida State U.",90,"life sciences","Federal",37541000
"Florida State U.",90,"mathematics and statistics","Federal",2220000
"Florida State U.",90,"physical sciences","Federal",52655000
"Florida State U.",90,"psychology","Federal",9248000
"Florida State U.",90,"social sciences","Federal",3744000
"Florida State U.",90,"sciences nec","Federal",1540000
"Florida State U.",90,"engineering","Federal",43395000
"Florida State U.",90,"all non s e fields","Federal",31072000
"SUNY, Stony Brook U.",91,"all r d expenditures","Federal",192448000
"SUNY, Stony Brook U.",91,"computer and information sciences","Federal",12371000
"SUNY, Stony Brook U.",91,"geosciences atmospheric sciences and ocean sciences","Federal",16828000
"SUNY, Stony Brook U.",91,"life sciences","Federal",80051000
"SUNY, Stony Brook U.",91,"mathematics and statistics","Federal",4535000
"SUNY, Stony Brook U.",91,"physical sciences","Federal",38023000
"SUNY, Stony Brook U.",91,"psychology","Federal",4121000
"SUNY, Stony Brook U.",91,"social sciences","Federal",1065000
"SUNY, Stony Brook U.",91,"sciences nec","Federal",5105000
"SUNY, Stony Brook U.",91,"engineering","Federal",28320000
"SUNY, Stony Brook U.",91,"all non s e fields","Federal",2029000
"U. Hawaii, Manoa",92,"all r d expenditures","Federal",192205000
"U. Hawaii, Manoa",92,"computer and information sciences","Federal",22073000
"U. Hawaii, Manoa",92,"geosciences atmospheric sciences and ocean sciences","Federal",56127000
"U. Hawaii, Manoa",92,"life sciences","Federal",70252000
"U. Hawaii, Manoa",92,"mathematics and statistics","Federal",483000
"U. Hawaii, Manoa",92,"physical sciences","Federal",15748000
"U. Hawaii, Manoa",92,"psychology","Federal",429000
"U. Hawaii, Manoa",92,"social sciences","Federal",1045000
"U. Hawaii, Manoa",92,"sciences nec","Federal",4075000
"U. Hawaii, Manoa",92,"engineering","Federal",20303000
"U. Hawaii, Manoa",92,"all non s e fields","Federal",1670000
"Northeastern U.",93,"all r d expenditures","Federal",186013000
"Northeastern U.",93,"computer and information sciences","Federal",17333000
"Northeastern U.",93,"geosciences atmospheric sciences and ocean sciences","Federal",3357000
"Northeastern U.",93,"life sciences","Federal",24681000
"Northeastern U.",93,"mathematics and statistics","Federal",921000
"Northeastern U.",93,"physical sciences","Federal",23066000
"Northeastern U.",93,"psychology","Federal",7387000
"Northeastern U.",93,"social sciences","Federal",5623000
"Northeastern U.",93,"sciences nec","Federal",0
"Northeastern U.",93,"engineering","Federal",96495000
"Northeastern U.",93,"all non s e fields","Federal",7150000
"Virginia Commonwealth U.",94,"all r d expenditures","Federal",184852000
"Virginia Commonwealth U.",94,"computer and information sciences","Federal",1799000
"Virginia Commonwealth U.",94,"geosciences atmospheric sciences and ocean sciences","Federal",59000
"Virginia Commonwealth U.",94,"life sciences","Federal",139106000
"Virginia Commonwealth U.",94,"mathematics and statistics","Federal",574000
"Virginia Commonwealth U.",94,"physical sciences","Federal",3547000
"Virginia Commonwealth U.",94,"psychology","Federal",8509000
"Virginia Commonwealth U.",94,"social sciences","Federal",746000
"Virginia Commonwealth U.",94,"sciences nec","Federal",0
"Virginia Commonwealth U.",94,"engineering","Federal",8436000
"Virginia Commonwealth U.",94,"all non s e fields","Federal",22076000
"U. California, Santa Barbara",95,"all r d expenditures","Federal",179896000
"U. California, Santa Barbara",95,"computer and information sciences","Federal",14281000
"U. California, Santa Barbara",95,"geosciences atmospheric sciences and ocean sciences","Federal",12410000
"U. California, Santa Barbara",95,"life sciences","Federal",12411000
"U. California, Santa Barbara",95,"mathematics and statistics","Federal",1376000
"U. California, Santa Barbara",95,"physical sciences","Federal",47290000
"U. California, Santa Barbara",95,"psychology","Federal",2285000
"U. California, Santa Barbara",95,"social sciences","Federal",4523000
"U. California, Santa Barbara",95,"sciences nec","Federal",6171000
"U. California, Santa Barbara",95,"engineering","Federal",77243000
"U. California, Santa Barbara",95,"all non s e fields","Federal",1906000
"Medical U. South Carolina",96,"all r d expenditures","Federal",168957000
"Medical U. South Carolina",96,"computer and information sciences","Federal",0
"Medical U. South Carolina",96,"geosciences atmospheric sciences and ocean sciences","Federal",0
"Medical U. South Carolina",96,"life sciences","Federal",168957000
"Medical U. South Carolina",96,"mathematics and statistics","Federal",0
"Medical U. South Carolina",96,"physical sciences","Federal",0
"Medical U. South Carolina",96,"psychology","Federal",0
"Medical U. South Carolina",96,"social sciences","Federal",0
"Medical U. South Carolina",96,"sciences nec","Federal",0
"Medical U. South Carolina",96,"engineering","Federal",0
"Medical U. South Carolina",96,"all non s e fields","Federal",0
"Dartmouth C. and Dartmouth Hitchcock Medical Center",97,"all r d expenditures","Federal",168740000
"Dartmouth C. and Dartmouth Hitchcock Medical Center",97,"computer and information sciences","Federal",4684000
"Dartmouth C. and Dartmouth Hitchcock Medical Center",97,"geosciences atmospheric sciences and ocean sciences","Federal",3046000
"Dartmouth C. and Dartmouth Hitchcock Medical Center",97,"life sciences","Federal",105853000
"Dartmouth C. and Dartmouth Hitchcock Medical Center",97,"mathematics and statistics","Federal",3795000
"Dartmouth C. and Dartmouth Hitchcock Medical Center",97,"physical sciences","Federal",9680000
"Dartmouth C. and Dartmouth Hitchcock Medical Center",97,"psychology","Federal",10158000
"Dartmouth C. and Dartmouth Hitchcock Medical Center",97,"social sciences","Federal",1824000
"Dartmouth C. and Dartmouth Hitchcock Medical Center",97,"sciences nec","Federal",863000
"Dartmouth C. and Dartmouth Hitchcock Medical Center",97,"engineering","Federal",28224000
"Dartmouth C. and Dartmouth Hitchcock Medical Center",97,"all non s e fields","Federal",613000
"George Washington U.",98,"all r d expenditures","Federal",162892000
"George Washington U.",98,"computer and information sciences","Federal",3196000
"George Washington U.",98,"geosciences atmospheric sciences and ocean sciences","Federal",392000
"George Washington U.",98,"life sciences","Federal",114971000
"George Washington U.",98,"mathematics and statistics","Federal",315000
"George Washington U.",98,"physical sciences","Federal",5740000
"George Washington U.",98,"psychology","Federal",3625000
"George Washington U.",98,"social sciences","Federal",12515000
"George Washington U.",98,"sciences nec","Federal",3459000
"George Washington U.",98,"engineering","Federal",14653000
"George Washington U.",98,"all non s e fields","Federal",4026000
"U. Alaska, Fairbanks",99,"all r d expenditures","Federal",156702000
"U. Alaska, Fairbanks",99,"computer and information sciences","Federal",166000
"U. Alaska, Fairbanks",99,"geosciences atmospheric sciences and ocean sciences","Federal",95819000
"U. Alaska, Fairbanks",99,"life sciences","Federal",25680000
"U. Alaska, Fairbanks",99,"mathematics and statistics","Federal",336000
"U. Alaska, Fairbanks",99,"physical sciences","Federal",9443000
"U. Alaska, Fairbanks",99,"psychology","Federal",3000
"U. Alaska, Fairbanks",99,"social sciences","Federal",1465000
"U. Alaska, Fairbanks",99,"sciences nec","Federal",8366000
"U. Alaska, Fairbanks",99,"engineering","Federal",13928000
"U. Alaska, Fairbanks",99,"all non s e fields","Federal",1496000
"Florida International U.",100,"all r d expenditures","Federal",156381000
"Florida International U.",100,"computer and information sciences","Federal",13542000
"Florida International U.",100,"geosciences atmospheric sciences and ocean sciences","Federal",15441000
"Florida International U.",100,"life sciences","Federal",33432000
"Florida International U.",100,"mathematics and statistics","Federal",633000
"Florida International U.",100,"physical sciences","Federal",19452000
"Florida International U.",100,"psychology","Federal",22453000
"Florida International U.",100,"social sciences","Federal",7042000
"Florida International U.",100,"sciences nec","Federal",759000
"Florida International U.",100,"engineering","Federal",37670000
"Florida International U.",100,"all non s e fields","Federal",5957000
"Medical C. Wisconsin",101,"all r d expenditures","Federal",155403000
"Medical C. Wisconsin",101,"computer and information sciences","Federal",0
"Medical C. Wisconsin",101,"geosciences atmospheric sciences and ocean sciences","Federal",0
"Medical C. Wisconsin",101,"life sciences","Federal",149668000
"Medical C. Wisconsin",101,"mathematics and statistics","Federal",0
"Medical C. Wisconsin",101,"physical sciences","Federal",0
"Medical C. Wisconsin",101,"psychology","Federal",0
"Medical C. Wisconsin",101,"social sciences","Federal",0
"Medical C. Wisconsin",101,"sciences nec","Federal",0
"Medical C. Wisconsin",101,"engineering","Federal",5735000
"Medical C. Wisconsin",101,"all non s e fields","Federal",0
"Temple U.",102,"all r d expenditures","Federal",154516000
"Temple U.",102,"computer and information sciences","Federal",4626000
"Temple U.",102,"geosciences atmospheric sciences and ocean sciences","Federal",431000
"Temple U.",102,"life sciences","Federal",114411000
"Temple U.",102,"mathematics and statistics","Federal",739000
"Temple U.",102,"physical sciences","Federal",12195000
"Temple U.",102,"psychology","Federal",8617000
"Temple U.",102,"social sciences","Federal",1618000
"Temple U.",102,"sciences nec","Federal",41000
"Temple U.",102,"engineering","Federal",4482000
"Temple U.",102,"all non s e fields","Federal",7356000
"Tufts U.",103,"all r d expenditures","Federal",154458000
"Tufts U.",103,"computer and information sciences","Federal",2296000
"Tufts U.",103,"geosciences atmospheric sciences and ocean sciences","Federal",1875000
"Tufts U.",103,"life sciences","Federal",92307000
"Tufts U.",103,"mathematics and statistics","Federal",4331000
"Tufts U.",103,"physical sciences","Federal",8160000
"Tufts U.",103,"psychology","Federal",5199000
"Tufts U.",103,"social sciences","Federal",2089000
"Tufts U.",103,"sciences nec","Federal",16357000
"Tufts U.",103,"engineering","Federal",20965000
"Tufts U.",103,"all non s e fields","Federal",879000
"U. Tennessee, Knoxville",104,"all r d expenditures","Federal",153637000
"U. Tennessee, Knoxville",104,"computer and information sciences","Federal",5586000
"U. Tennessee, Knoxville",104,"geosciences atmospheric sciences and ocean sciences","Federal",2380000
"U. Tennessee, Knoxville",104,"life sciences","Federal",42883000
"U. Tennessee, Knoxville",104,"mathematics and statistics","Federal",1021000
"U. Tennessee, Knoxville",104,"physical sciences","Federal",15806000
"U. Tennessee, Knoxville",104,"psychology","Federal",1578000
"U. Tennessee, Knoxville",104,"social sciences","Federal",1480000
"U. Tennessee, Knoxville",104,"sciences nec","Federal",7701000
"U. Tennessee, Knoxville",104,"engineering","Federal",70876000
"U. Tennessee, Knoxville",104,"all non s e fields","Federal",4326000
"Tulane U.",105,"all r d expenditures","Federal",152468000
"Tulane U.",105,"computer and information sciences","Federal",1105000
"Tulane U.",105,"geosciences atmospheric sciences and ocean sciences","Federal",5364000
"Tulane U.",105,"life sciences","Federal",131852000
"Tulane U.",105,"mathematics and statistics","Federal",456000
"Tulane U.",105,"physical sciences","Federal",4173000
"Tulane U.",105,"psychology","Federal",1839000
"Tulane U.",105,"social sciences","Federal",2919000
"Tulane U.",105,"sciences nec","Federal",0
"Tulane U.",105,"engineering","Federal",4041000
"Tulane U.",105,"all non s e fields","Federal",719000
"U. New Hampshire",106,"all r d expenditures","Federal",152377000
"U. New Hampshire",106,"computer and information sciences","Federal",802000
"U. New Hampshire",106,"geosciences atmospheric sciences and ocean sciences","Federal",92244000
"U. New Hampshire",106,"life sciences","Federal",27945000
"U. New Hampshire",106,"mathematics and statistics","Federal",581000
"U. New Hampshire",106,"physical sciences","Federal",2846000
"U. New Hampshire",106,"psychology","Federal",466000
"U. New Hampshire",106,"social sciences","Federal",11283000
"U. New Hampshire",106,"sciences nec","Federal",0
"U. New Hampshire",106,"engineering","Federal",13998000
"U. New Hampshire",106,"all non s e fields","Federal",2212000
"Mississippi State U.",107,"all r d expenditures","Federal",150804000
"Mississippi State U.",107,"computer and information sciences","Federal",7165000
"Mississippi State U.",107,"geosciences atmospheric sciences and ocean sciences","Federal",12719000
"Mississippi State U.",107,"life sciences","Federal",51611000
"Mississippi State U.",107,"mathematics and statistics","Federal",117000
"Mississippi State U.",107,"physical sciences","Federal",5802000
"Mississippi State U.",107,"psychology","Federal",544000
"Mississippi State U.",107,"social sciences","Federal",13329000
"Mississippi State U.",107,"sciences nec","Federal",757000
"Mississippi State U.",107,"engineering","Federal",54768000
"Mississippi State U.",107,"all non s e fields","Federal",3992000
"U. Texas Medical Branch",108,"all r d expenditures","Federal",150272000
"U. Texas Medical Branch",108,"computer and information sciences","Federal",0
"U. Texas Medical Branch",108,"geosciences atmospheric sciences and ocean sciences","Federal",0
"U. Texas Medical Branch",108,"life sciences","Federal",149765000
"U. Texas Medical Branch",108,"mathematics and statistics","Federal",0
"U. Texas Medical Branch",108,"physical sciences","Federal",0
"U. Texas Medical Branch",108,"psychology","Federal",0
"U. Texas Medical Branch",108,"social sciences","Federal",0
"U. Texas Medical Branch",108,"sciences nec","Federal",0
"U. Texas Medical Branch",108,"engineering","Federal",507000
"U. Texas Medical Branch",108,"all non s e fields","Federal",0
"U. Notre Dame",109,"all r d expenditures","Federal",147985000
"U. Notre Dame",109,"computer and information sciences","Federal",9564000
"U. Notre Dame",109,"geosciences atmospheric sciences and ocean sciences","Federal",0
"U. Notre Dame",109,"life sciences","Federal",13981000
"U. Notre Dame",109,"mathematics and statistics","Federal",3482000
"U. Notre Dame",109,"physical sciences","Federal",37066000
"U. Notre Dame",109,"psychology","Federal",5314000
"U. Notre Dame",109,"social sciences","Federal",2006000
"U. Notre Dame",109,"sciences nec","Federal",6496000
"U. Notre Dame",109,"engineering","Federal",57913000
"U. Notre Dame",109,"all non s e fields","Federal",12163000
"U. Texas Health Science Center, San Antonio",110,"all r d expenditures","Federal",143730000
"U. Texas Health Science Center, San Antonio",110,"computer and information sciences","Federal",0
"U. Texas Health Science Center, San Antonio",110,"geosciences atmospheric sciences and ocean sciences","Federal",0
"U. Texas Health Science Center, San Antonio",110,"life sciences","Federal",143730000
"U. Texas Health Science Center, San Antonio",110,"mathematics and statistics","Federal",0
"U. Texas Health Science Center, San Antonio",110,"physical sciences","Federal",0
"U. Texas Health Science Center, San Antonio",110,"psychology","Federal",0
"U. Texas Health Science Center, San Antonio",110,"social sciences","Federal",0
"U. Texas Health Science Center, San Antonio",110,"sciences nec","Federal",0
"U. Texas Health Science Center, San Antonio",110,"engineering","Federal",0
"U. Texas Health Science Center, San Antonio",110,"all non s e fields","Federal",0
"Montana State U., Bozeman",111,"all r d expenditures","Federal",142965000
"Montana State U., Bozeman",111,"computer and information sciences","Federal",1981000
"Montana State U., Bozeman",111,"geosciences atmospheric sciences and ocean sciences","Federal",4029000
"Montana State U., Bozeman",111,"life sciences","Federal",39505000
"Montana State U., Bozeman",111,"mathematics and statistics","Federal",1477000
"Montana State U., Bozeman",111,"physical sciences","Federal",21673000
"Montana State U., Bozeman",111,"psychology","Federal",575000
"Montana State U., Bozeman",111,"social sciences","Federal",686000
"Montana State U., Bozeman",111,"sciences nec","Federal",6885000
"Montana State U., Bozeman",111,"engineering","Federal",54709000
"Montana State U., Bozeman",111,"all non s e fields","Federal",11445000
"Wichita State U.",112,"all r d expenditures","Federal",142371000
"Wichita State U.",112,"computer and information sciences","Federal",0
"Wichita State U.",112,"geosciences atmospheric sciences and ocean sciences","Federal",0
"Wichita State U.",112,"life sciences","Federal",1183000
"Wichita State U.",112,"mathematics and statistics","Federal",133000
"Wichita State U.",112,"physical sciences","Federal",1658000
"Wichita State U.",112,"psychology","Federal",228000
"Wichita State U.",112,"social sciences","Federal",24000
"Wichita State U.",112,"sciences nec","Federal",0
"Wichita State U.",112,"engineering","Federal",136780000
"Wichita State U.",112,"all non s e fields","Federal",2365000
"U. Massachusetts, Amherst",113,"all r d expenditures","Federal",138849000
"U. Massachusetts, Amherst",113,"computer and information sciences","Federal",16516000
"U. Massachusetts, Amherst",113,"geosciences atmospheric sciences and ocean sciences","Federal",3057000
"U. Massachusetts, Amherst",113,"life sciences","Federal",43382000
"U. Massachusetts, Amherst",113,"mathematics and statistics","Federal",2171000
"U. Massachusetts, Amherst",113,"physical sciences","Federal",18832000
"U. Massachusetts, Amherst",113,"psychology","Federal",6191000
"U. Massachusetts, Amherst",113,"social sciences","Federal",2880000
"U. Massachusetts, Amherst",113,"sciences nec","Federal",0
"U. Massachusetts, Amherst",113,"engineering","Federal",41770000
"U. Massachusetts, Amherst",113,"all non s e fields","Federal",4050000
"Clemson U.",114,"all r d expenditures","Federal",129955000
"Clemson U.",114,"computer and information sciences","Federal",5586000
"Clemson U.",114,"geosciences atmospheric sciences and ocean sciences","Federal",0
"Clemson U.",114,"life sciences","Federal",30942000
"Clemson U.",114,"mathematics and statistics","Federal",1457000
"Clemson U.",114,"physical sciences","Federal",8075000
"Clemson U.",114,"psychology","Federal",2839000
"Clemson U.",114,"social sciences","Federal",5328000
"Clemson U.",114,"sciences nec","Federal",0
"Clemson U.",114,"engineering","Federal",65399000
"Clemson U.",114,"all non s e fields","Federal",10329000
"U. Vermont",115,"all r d expenditures","Federal",128645000
"U. Vermont",115,"computer and information sciences","Federal",869000
"U. Vermont",115,"geosciences atmospheric sciences and ocean sciences","Federal",3691000
"U. Vermont",115,"life sciences","Federal",105516000
"U. Vermont",115,"mathematics and statistics","Federal",214000
"U. Vermont",115,"physical sciences","Federal",1828000
"U. Vermont",115,"psychology","Federal",2080000
"U. Vermont",115,"social sciences","Federal",3534000
"U. Vermont",115,"sciences nec","Federal",850000
"U. Vermont",115,"engineering","Federal",9208000
"U. Vermont",115,"all non s e fields","Federal",855000
"Wayne State U.",116,"all r d expenditures","Federal",128521000
"Wayne State U.",116,"computer and information sciences","Federal",2776000
"Wayne State U.",116,"geosciences atmospheric sciences and ocean sciences","Federal",53000
"Wayne State U.",116,"life sciences","Federal",96256000
"Wayne State U.",116,"mathematics and statistics","Federal",490000
"Wayne State U.",116,"physical sciences","Federal",14149000
"Wayne State U.",116,"psychology","Federal",2513000
"Wayne State U.",116,"social sciences","Federal",526000
"Wayne State U.",116,"sciences nec","Federal",438000
"Wayne State U.",116,"engineering","Federal",7106000
"Wayne State U.",116,"all non s e fields","Federal",4214000
"Georgetown U.",117,"all r d expenditures","Federal",127370000
"Georgetown U.",117,"computer and information sciences","Federal",2449000
"Georgetown U.",117,"geosciences atmospheric sciences and ocean sciences","Federal",0
"Georgetown U.",117,"life sciences","Federal",109818000
"Georgetown U.",117,"mathematics and statistics","Federal",99000
"Georgetown U.",117,"physical sciences","Federal",7924000
"Georgetown U.",117,"psychology","Federal",1372000
"Georgetown U.",117,"social sciences","Federal",5331000
"Georgetown U.",117,"sciences nec","Federal",0
"Georgetown U.",117,"engineering","Federal",0
"Georgetown U.",117,"all non s e fields","Federal",377000
"Louisiana State U., Baton Rouge",118,"all r d expenditures","Federal",127243000
"Louisiana State U., Baton Rouge",118,"computer and information sciences","Federal",5835000
"Louisiana State U., Baton Rouge",118,"geosciences atmospheric sciences and ocean sciences","Federal",12616000
"Louisiana State U., Baton Rouge",118,"life sciences","Federal",62288000
"Louisiana State U., Baton Rouge",118,"mathematics and statistics","Federal",1883000
"Louisiana State U., Baton Rouge",118,"physical sciences","Federal",14676000
"Louisiana State U., Baton Rouge",118,"psychology","Federal",437000
"Louisiana State U., Baton Rouge",118,"social sciences","Federal",2024000
"Louisiana State U., Baton Rouge",118,"sciences nec","Federal",123000
"Louisiana State U., Baton Rouge",118,"engineering","Federal",15748000
"Louisiana State U., Baton Rouge",118,"all non s e fields","Federal",11613000
"U. Alabama, Huntsville",119,"all r d expenditures","Federal",126040000
"U. Alabama, Huntsville",119,"computer and information sciences","Federal",43721000
"U. Alabama, Huntsville",119,"geosciences atmospheric sciences and ocean sciences","Federal",21468000
"U. Alabama, Huntsville",119,"life sciences","Federal",892000
"U. Alabama, Huntsville",119,"mathematics and statistics","Federal",42000
"U. Alabama, Huntsville",119,"physical sciences","Federal",14689000
"U. Alabama, Huntsville",119,"psychology","Federal",157000
"U. Alabama, Huntsville",119,"social sciences","Federal",1580000
"U. Alabama, Huntsville",119,"sciences nec","Federal",0
"U. Alabama, Huntsville",119,"engineering","Federal",42694000
"U. Alabama, Huntsville",119,"all non s e fields","Federal",797000
"Auburn U., Auburn",120,"all r d expenditures","Federal",125783000
"Auburn U., Auburn",120,"computer and information sciences","Federal",2567000
"Auburn U., Auburn",120,"geosciences atmospheric sciences and ocean sciences","Federal",2077000
"Auburn U., Auburn",120,"life sciences","Federal",54282000
"Auburn U., Auburn",120,"mathematics and statistics","Federal",729000
"Auburn U., Auburn",120,"physical sciences","Federal",9293000
"Auburn U., Auburn",120,"psychology","Federal",291000
"Auburn U., Auburn",120,"social sciences","Federal",1018000
"Auburn U., Auburn",120,"sciences nec","Federal",1560000
"Auburn U., Auburn",120,"engineering","Federal",50218000
"Auburn U., Auburn",120,"all non s e fields","Federal",3748000
"George Mason U.",121,"all r d expenditures","Federal",125437000
"George Mason U.",121,"computer and information sciences","Federal",15847000
"George Mason U.",121,"geosciences atmospheric sciences and ocean sciences","Federal",14490000
"George Mason U.",121,"life sciences","Federal",18356000
"George Mason U.",121,"mathematics and statistics","Federal",1523000
"George Mason U.",121,"physical sciences","Federal",5856000
"George Mason U.",121,"psychology","Federal",2881000
"George Mason U.",121,"social sciences","Federal",12132000
"George Mason U.",121,"sciences nec","Federal",88000
"George Mason U.",121,"engineering","Federal",49947000
"George Mason U.",121,"all non s e fields","Federal",4317000
"U. South Carolina, Columbia",122,"all r d expenditures","Federal",124330000
"U. South Carolina, Columbia",122,"computer and information sciences","Federal",2871000
"U. South Carolina, Columbia",122,"geosciences atmospheric sciences and ocean sciences","Federal",4012000
"U. South Carolina, Columbia",122,"life sciences","Federal",69522000
"U. South Carolina, Columbia",122,"mathematics and statistics","Federal",1418000
"U. South Carolina, Columbia",122,"physical sciences","Federal",1336000
"U. South Carolina, Columbia",122,"psychology","Federal",6419000
"U. South Carolina, Columbia",122,"social sciences","Federal",4786000
"U. South Carolina, Columbia",122,"sciences nec","Federal",0
"U. South Carolina, Columbia",122,"engineering","Federal",27685000
"U. South Carolina, Columbia",122,"all non s e fields","Federal",6281000
"U. Central Florida",123,"all r d expenditures","Federal",124256000
"U. Central Florida",123,"computer and information sciences","Federal",19488000
"U. Central Florida",123,"geosciences atmospheric sciences and ocean sciences","Federal",3273000
"U. Central Florida",123,"life sciences","Federal",16303000
"U. Central Florida",123,"mathematics and statistics","Federal",868000
"U. Central Florida",123,"physical sciences","Federal",28344000
"U. Central Florida",123,"psychology","Federal",5768000
"U. Central Florida",123,"social sciences","Federal",1851000
"U. Central Florida",123,"sciences nec","Federal",1109000
"U. Central Florida",123,"engineering","Federal",41638000
"U. Central Florida",123,"all non s e fields","Federal",5614000
"U. California, Riverside",124,"all r d expenditures","Federal",120524000
"U. California, Riverside",124,"computer and information sciences","Federal",6123000
"U. California, Riverside",124,"geosciences atmospheric sciences and ocean sciences","Federal",6910000
"U. California, Riverside",124,"life sciences","Federal",57145000
"U. California, Riverside",124,"mathematics and statistics","Federal",1795000
"U. California, Riverside",124,"physical sciences","Federal",15451000
"U. California, Riverside",124,"psychology","Federal",4838000
"U. California, Riverside",124,"social sciences","Federal",1049000
"U. California, Riverside",124,"sciences nec","Federal",1879000
"U. California, Riverside",124,"engineering","Federal",23236000
"U. California, Riverside",124,"all non s e fields","Federal",2098000
"Rice U.",125,"all r d expenditures","Federal",119853000
"Rice U.",125,"computer and information sciences","Federal",7788000
"Rice U.",125,"geosciences atmospheric sciences and ocean sciences","Federal",4759000
"Rice U.",125,"life sciences","Federal",10966000
"Rice U.",125,"mathematics and statistics","Federal",4143000
"Rice U.",125,"physical sciences","Federal",21939000
"Rice U.",125,"psychology","Federal",4103000
"Rice U.",125,"social sciences","Federal",2517000
"Rice U.",125,"sciences nec","Federal",501000
"Rice U.",125,"engineering","Federal",61759000
"Rice U.",125,"all non s e fields","Federal",1378000
"West Virginia U.",126,"all r d expenditures","Federal",114708000
"West Virginia U.",126,"computer and information sciences","Federal",1639000
"West Virginia U.",126,"geosciences atmospheric sciences and ocean sciences","Federal",2448000
"West Virginia U.",126,"life sciences","Federal",69272000
"West Virginia U.",126,"mathematics and statistics","Federal",208000
"West Virginia U.",126,"physical sciences","Federal",11286000
"West Virginia U.",126,"psychology","Federal",825000
"West Virginia U.",126,"social sciences","Federal",1317000
"West Virginia U.",126,"sciences nec","Federal",765000
"West Virginia U.",126,"engineering","Federal",23114000
"West Virginia U.",126,"all non s e fields","Federal",3834000
"U. California, Santa Cruz",127,"all r d expenditures","Federal",112847000
"U. California, Santa Cruz",127,"computer and information sciences","Federal",3928000
"U. California, Santa Cruz",127,"geosciences atmospheric sciences and ocean sciences","Federal",21751000
"U. California, Santa Cruz",127,"life sciences","Federal",20473000
"U. California, Santa Cruz",127,"mathematics and statistics","Federal",203000
"U. California, Santa Cruz",127,"physical sciences","Federal",22072000
"U. California, Santa Cruz",127,"psychology","Federal",290000
"U. California, Santa Cruz",127,"social sciences","Federal",819000
"U. California, Santa Cruz",127,"sciences nec","Federal",0
"U. California, Santa Cruz",127,"engineering","Federal",42217000
"U. California, Santa Cruz",127,"all non s e fields","Federal",1094000
"Thomas Jefferson U.",128,"all r d expenditures","Federal",110366000
"Thomas Jefferson U.",128,"computer and information sciences","Federal",0
"Thomas Jefferson U.",128,"geosciences atmospheric sciences and ocean sciences","Federal",0
"Thomas Jefferson U.",128,"life sciences","Federal",110312000
"Thomas Jefferson U.",128,"mathematics and statistics","Federal",0
"Thomas Jefferson U.",128,"physical sciences","Federal",0
"Thomas Jefferson U.",128,"psychology","Federal",0
"Thomas Jefferson U.",128,"social sciences","Federal",0
"Thomas Jefferson U.",128,"sciences nec","Federal",0
"Thomas Jefferson U.",128,"engineering","Federal",33000
"Thomas Jefferson U.",128,"all non s e fields","Federal",21000
"Drexel U.",129,"all r d expenditures","Federal",108724000
"Drexel U.",129,"computer and information sciences","Federal",5264000
"Drexel U.",129,"geosciences atmospheric sciences and ocean sciences","Federal",0
"Drexel U.",129,"life sciences","Federal",58903000
"Drexel U.",129,"mathematics and statistics","Federal",467000
"Drexel U.",129,"physical sciences","Federal",1615000
"Drexel U.",129,"psychology","Federal",2706000
"Drexel U.",129,"social sciences","Federal",665000
"Drexel U.",129,"sciences nec","Federal",43000
"Drexel U.",129,"engineering","Federal",31364000
"Drexel U.",129,"all non s e fields","Federal",7697000
"U. Rhode Island",130,"all r d expenditures","Federal",102056000
"U. Rhode Island",130,"computer and information sciences","Federal",2431000
"U. Rhode Island",130,"geosciences atmospheric sciences and ocean sciences","Federal",45185000
"U. Rhode Island",130,"life sciences","Federal",27275000
"U. Rhode Island",130,"mathematics and statistics","Federal",57000
"U. Rhode Island",130,"physical sciences","Federal",3062000
"U. Rhode Island",130,"psychology","Federal",3098000
"U. Rhode Island",130,"social sciences","Federal",2463000
"U. Rhode Island",130,"sciences nec","Federal",3334000
"U. Rhode Island",130,"engineering","Federal",11545000
"U. Rhode Island",130,"all non s e fields","Federal",3606000
"Rockefeller U.",131,"all r d expenditures","Federal",101422000
"Rockefeller U.",131,"computer and information sciences","Federal",0
"Rockefeller U.",131,"geosciences atmospheric sciences and ocean sciences","Federal",26000
"Rockefeller U.",131,"life sciences","Federal",98597000
"Rockefeller U.",131,"mathematics and statistics","Federal",86000
"Rockefeller U.",131,"physical sciences","Federal",2713000
"Rockefeller U.",131,"psychology","Federal",0
"Rockefeller U.",131,"social sciences","Federal",0
"Rockefeller U.",131,"sciences nec","Federal",0
"Rockefeller U.",131,"engineering","Federal",0
"Rockefeller U.",131,"all non s e fields","Federal",0
"U. Louisville",132,"all r d expenditures","Federal",100890000
"U. Louisville",132,"computer and information sciences","Federal",44000
"U. Louisville",132,"geosciences atmospheric sciences and ocean sciences","Federal",46000
"U. Louisville",132,"life sciences","Federal",79218000
"U. Louisville",132,"mathematics and statistics","Federal",111000
"U. Louisville",132,"physical sciences","Federal",1382000
"U. Louisville",132,"psychology","Federal",2035000
"U. Louisville",132,"social sciences","Federal",493000
"U. Louisville",132,"sciences nec","Federal",76000
"U. Louisville",132,"engineering","Federal",15122000
"U. Louisville",132,"all non s e fields","Federal",2363000
"New Mexico Institute of Mining and Technology",133,"all r d expenditures","Federal",100873000
"New Mexico Institute of Mining and Technology",133,"computer and information sciences","Federal",14051000
"New Mexico Institute of Mining and Technology",133,"geosciences atmospheric sciences and ocean sciences","Federal",8266000
"New Mexico Institute of Mining and Technology",133,"life sciences","Federal",480000
"New Mexico Institute of Mining and Technology",133,"mathematics and statistics","Federal",151000
"New Mexico Institute of Mining and Technology",133,"physical sciences","Federal",6995000
"New Mexico Institute of Mining and Technology",133,"psychology","Federal",464000
"New Mexico Institute of Mining and Technology",133,"social sciences","Federal",0
"New Mexico Institute of Mining and Technology",133,"sciences nec","Federal",0
"New Mexico Institute of Mining and Technology",133,"engineering","Federal",68220000
"New Mexico Institute of Mining and Technology",133,"all non s e fields","Federal",2246000
"U. Oregon",134,"all r d expenditures","Federal",100265000
"U. Oregon",134,"computer and information sciences","Federal",5587000
"U. Oregon",134,"geosciences atmospheric sciences and ocean sciences","Federal",6186000
"U. Oregon",134,"life sciences","Federal",31772000
"U. Oregon",134,"mathematics and statistics","Federal",1441000
"U. Oregon",134,"physical sciences","Federal",14369000
"U. Oregon",134,"psychology","Federal",19850000
"U. Oregon",134,"social sciences","Federal",1764000
"U. Oregon",134,"sciences nec","Federal",5000
"U. Oregon",134,"engineering","Federal",5004000
"U. Oregon",134,"all non s e fields","Federal",14287000
"U. Houston",135,"all r d expenditures","Federal",99450000
"U. Houston",135,"computer and information sciences","Federal",5957000
"U. Houston",135,"geosciences atmospheric sciences and ocean sciences","Federal",5045000
"U. Houston",135,"life sciences","Federal",23235000
"U. Houston",135,"mathematics and statistics","Federal",4265000
"U. Houston",135,"physical sciences","Federal",9287000
"U. Houston",135,"psychology","Federal",12202000
"U. Houston",135,"social sciences","Federal",1235000
"U. Houston",135,"sciences nec","Federal",1055000
"U. Houston",135,"engineering","Federal",31432000
"U. Houston",135,"all non s e fields","Federal",5737000
"U. Arkansas for Medical Sciences",136,"all r d expenditures","Federal",94483000
"U. Arkansas for Medical Sciences",136,"computer and information sciences","Federal",0
"U. Arkansas for Medical Sciences",136,"geosciences atmospheric sciences and ocean sciences","Federal",0
"U. Arkansas for Medical Sciences",136,"life sciences","Federal",94483000
"U. Arkansas for Medical Sciences",136,"mathematics and statistics","Federal",0
"U. Arkansas for Medical Sciences",136,"physical sciences","Federal",0
"U. Arkansas for Medical Sciences",136,"psychology","Federal",0
"U. Arkansas for Medical Sciences",136,"social sciences","Federal",0
"U. Arkansas for Medical Sciences",136,"sciences nec","Federal",0
"U. Arkansas for Medical Sciences",136,"engineering","Federal",0
"U. Arkansas for Medical Sciences",136,"all non s e fields","Federal",0
"Rush U.",137,"all r d expenditures","Federal",93180000
"Rush U.",137,"computer and information sciences","Federal",0
"Rush U.",137,"geosciences atmospheric sciences and ocean sciences","Federal",0
"Rush U.",137,"life sciences","Federal",88996000
"Rush U.",137,"mathematics and statistics","Federal",0
"Rush U.",137,"physical sciences","Federal",0
"Rush U.",137,"psychology","Federal",4184000
"Rush U.",137,"social sciences","Federal",0
"Rush U.",137,"sciences nec","Federal",0
"Rush U.",137,"engineering","Federal",0
"Rush U.",137,"all non s e fields","Federal",0
"U. Maine",138,"all r d expenditures","Federal",92870000
"U. Maine",138,"computer and information sciences","Federal",705000
"U. Maine",138,"geosciences atmospheric sciences and ocean sciences","Federal",11688000
"U. Maine",138,"life sciences","Federal",23687000
"U. Maine",138,"mathematics and statistics","Federal",52000
"U. Maine",138,"physical sciences","Federal",2820000
"U. Maine",138,"psychology","Federal",92000
"U. Maine",138,"social sciences","Federal",135000
"U. Maine",138,"sciences nec","Federal",4352000
"U. Maine",138,"engineering","Federal",46933000
"U. Maine",138,"all non s e fields","Federal",2406000
"Georgia State U.",139,"all r d expenditures","Federal",91331000
"Georgia State U.",139,"computer and information sciences","Federal",2675000
"Georgia State U.",139,"geosciences atmospheric sciences and ocean sciences","Federal",782000
"Georgia State U.",139,"life sciences","Federal",43706000
"Georgia State U.",139,"mathematics and statistics","Federal",932000
"Georgia State U.",139,"physical sciences","Federal",10931000
"Georgia State U.",139,"psychology","Federal",4347000
"Georgia State U.",139,"social sciences","Federal",9993000
"Georgia State U.",139,"sciences nec","Federal",0
"Georgia State U.",139,"engineering","Federal",0
"Georgia State U.",139,"all non s e fields","Federal",17965000
"U. Maryland, Baltimore County",140,"all r d expenditures","Federal",86573000
"U. Maryland, Baltimore County",140,"computer and information sciences","Federal",9692000
"U. Maryland, Baltimore County",140,"geosciences atmospheric sciences and ocean sciences","Federal",30538000
"U. Maryland, Baltimore County",140,"life sciences","Federal",9131000
"U. Maryland, Baltimore County",140,"mathematics and statistics","Federal",325000
"U. Maryland, Baltimore County",140,"physical sciences","Federal",21603000
"U. Maryland, Baltimore County",140,"psychology","Federal",816000
"U. Maryland, Baltimore County",140,"social sciences","Federal",7087000
"U. Maryland, Baltimore County",140,"sciences nec","Federal",1130000
"U. Maryland, Baltimore County",140,"engineering","Federal",4065000
"U. Maryland, Baltimore County",140,"all non s e fields","Federal",2186000
"U. Alabama, Tuscaloosa",141,"all r d expenditures","Federal",86244000
"U. Alabama, Tuscaloosa",141,"computer and information sciences","Federal",5584000
"U. Alabama, Tuscaloosa",141,"geosciences atmospheric sciences and ocean sciences","Federal",12947000
"U. Alabama, Tuscaloosa",141,"life sciences","Federal",11858000
"U. Alabama, Tuscaloosa",141,"mathematics and statistics","Federal",453000
"U. Alabama, Tuscaloosa",141,"physical sciences","Federal",7960000
"U. Alabama, Tuscaloosa",141,"psychology","Federal",3001000
"U. Alabama, Tuscaloosa",141,"social sciences","Federal",2454000
"U. Alabama, Tuscaloosa",141,"sciences nec","Federal",0
"U. Alabama, Tuscaloosa",141,"engineering","Federal",32570000
"U. Alabama, Tuscaloosa",141,"all non s e fields","Federal",9417000
"U. Mississippi",142,"all r d expenditures","Federal",85186000
"U. Mississippi",142,"computer and information sciences","Federal",107000
"U. Mississippi",142,"geosciences atmospheric sciences and ocean sciences","Federal",1849000
"U. Mississippi",142,"life sciences","Federal",66052000
"U. Mississippi",142,"mathematics and statistics","Federal",169000
"U. Mississippi",142,"physical sciences","Federal",8722000
"U. Mississippi",142,"psychology","Federal",49000
"U. Mississippi",142,"social sciences","Federal",462000
"U. Mississippi",142,"sciences nec","Federal",0
"U. Mississippi",142,"engineering","Federal",4284000
"U. Mississippi",142,"all non s e fields","Federal",3492000
"U. Louisiana, Lafayette",143,"all r d expenditures","Federal",84898000
"U. Louisiana, Lafayette",143,"computer and information sciences","Federal",13962000
"U. Louisiana, Lafayette",143,"geosciences atmospheric sciences and ocean sciences","Federal",2029000
"U. Louisiana, Lafayette",143,"life sciences","Federal",31151000
"U. Louisiana, Lafayette",143,"mathematics and statistics","Federal",174000
"U. Louisiana, Lafayette",143,"physical sciences","Federal",215000
"U. Louisiana, Lafayette",143,"psychology","Federal",0
"U. Louisiana, Lafayette",143,"social sciences","Federal",3998000
"U. Louisiana, Lafayette",143,"sciences nec","Federal",0
"U. Louisiana, Lafayette",143,"engineering","Federal",10734000
"U. Louisiana, Lafayette",143,"all non s e fields","Federal",22635000
"U. Nevada, Reno",144,"all r d expenditures","Federal",83603000
"U. Nevada, Reno",144,"computer and information sciences","Federal",4270000
"U. Nevada, Reno",144,"geosciences atmospheric sciences and ocean sciences","Federal",8364000
"U. Nevada, Reno",144,"life sciences","Federal",42300000
"U. Nevada, Reno",144,"mathematics and statistics","Federal",109000
"U. Nevada, Reno",144,"physical sciences","Federal",7666000
"U. Nevada, Reno",144,"psychology","Federal",3255000
"U. Nevada, Reno",144,"social sciences","Federal",1916000
"U. Nevada, Reno",144,"sciences nec","Federal",88000
"U. Nevada, Reno",144,"engineering","Federal",14595000
"U. Nevada, Reno",144,"all non s e fields","Federal",1040000
"Kansas State U.",145,"all r d expenditures","Federal",82610000
"Kansas State U.",145,"computer and information sciences","Federal",1994000
"Kansas State U.",145,"geosciences atmospheric sciences and ocean sciences","Federal",128000
"Kansas State U.",145,"life sciences","Federal",44020000
"Kansas State U.",145,"mathematics and statistics","Federal",527000
"Kansas State U.",145,"physical sciences","Federal",9127000
"Kansas State U.",145,"psychology","Federal",3314000
"Kansas State U.",145,"social sciences","Federal",4015000
"Kansas State U.",145,"sciences nec","Federal",224000
"Kansas State U.",145,"engineering","Federal",15212000
"Kansas State U.",145,"all non s e fields","Federal",4049000
"U. Arkansas, Fayetteville",146,"all r d expenditures","Federal",82164000
"U. Arkansas, Fayetteville",146,"computer and information sciences","Federal",4104000
"U. Arkansas, Fayetteville",146,"geosciences atmospheric sciences and ocean sciences","Federal",2351000
"U. Arkansas, Fayetteville",146,"life sciences","Federal",23708000
"U. Arkansas, Fayetteville",146,"mathematics and statistics","Federal",80000
"U. Arkansas, Fayetteville",146,"physical sciences","Federal",13005000
"U. Arkansas, Fayetteville",146,"psychology","Federal",969000
"U. Arkansas, Fayetteville",146,"social sciences","Federal",3237000
"U. Arkansas, Fayetteville",146,"sciences nec","Federal",497000
"U. Arkansas, Fayetteville",146,"engineering","Federal",27734000
"U. Arkansas, Fayetteville",146,"all non s e fields","Federal",6479000
"U. North Texas, Health Science Center",147,"all r d expenditures","Federal",77660000
"U. North Texas, Health Science Center",147,"computer and information sciences","Federal",0
"U. North Texas, Health Science Center",147,"geosciences atmospheric sciences and ocean sciences","Federal",0
"U. North Texas, Health Science Center",147,"life sciences","Federal",76741000
"U. North Texas, Health Science Center",147,"mathematics and statistics","Federal",0
"U. North Texas, Health Science Center",147,"physical sciences","Federal",0
"U. North Texas, Health Science Center",147,"psychology","Federal",0
"U. North Texas, Health Science Center",147,"social sciences","Federal",919000
"U. North Texas, Health Science Center",147,"sciences nec","Federal",0
"U. North Texas, Health Science Center",147,"engineering","Federal",0
"U. North Texas, Health Science Center",147,"all non s e fields","Federal",0
"U. Montana, Missoula",148,"all r d expenditures","Federal",75490000
"U. Montana, Missoula",148,"computer and information sciences","Federal",597000
"U. Montana, Missoula",148,"geosciences atmospheric sciences and ocean sciences","Federal",2846000
"U. Montana, Missoula",148,"life sciences","Federal",58193000
"U. Montana, Missoula",148,"mathematics and statistics","Federal",473000
"U. Montana, Missoula",148,"physical sciences","Federal",6654000
"U. Montana, Missoula",148,"psychology","Federal",310000
"U. Montana, Missoula",148,"social sciences","Federal",2043000
"U. Montana, Missoula",148,"sciences nec","Federal",0
"U. Montana, Missoula",148,"engineering","Federal",0
"U. Montana, Missoula",148,"all non s e fields","Federal",4374000
"New Mexico State U.",149,"all r d expenditures","Federal",71764000
"New Mexico State U.",149,"computer and information sciences","Federal",4253000
"New Mexico State U.",149,"geosciences atmospheric sciences and ocean sciences","Federal",2452000
"New Mexico State U.",149,"life sciences","Federal",25116000
"New Mexico State U.",149,"mathematics and statistics","Federal",111000
"New Mexico State U.",149,"physical sciences","Federal",7413000
"New Mexico State U.",149,"psychology","Federal",30000
"New Mexico State U.",149,"social sciences","Federal",488000
"New Mexico State U.",149,"sciences nec","Federal",3269000
"New Mexico State U.",149,"engineering","Federal",28215000
"New Mexico State U.",149,"all non s e fields","Federal",417000
"U. Texas, El Paso",150,"all r d expenditures","Federal",70873000
"U. Texas, El Paso",150,"computer and information sciences","Federal",6258000
"U. Texas, El Paso",150,"geosciences atmospheric sciences and ocean sciences","Federal",2652000
"U. Texas, El Paso",150,"life sciences","Federal",18554000
"U. Texas, El Paso",150,"mathematics and statistics","Federal",1117000
"U. Texas, El Paso",150,"physical sciences","Federal",6551000
"U. Texas, El Paso",150,"psychology","Federal",3567000
"U. Texas, El Paso",150,"social sciences","Federal",1086000
"U. Texas, El Paso",150,"sciences nec","Federal",0
"U. Texas, El Paso",150,"engineering","Federal",28605000
"U. Texas, El Paso",150,"all non s e fields","Federal",2483000
"U. Tennessee, Health Science Center",151,"all r d expenditures","Federal",70676000
"U. Tennessee, Health Science Center",151,"computer and information sciences","Federal",0
"U. Tennessee, Health Science Center",151,"geosciences atmospheric sciences and ocean sciences","Federal",0
"U. Tennessee, Health Science Center",151,"life sciences","Federal",70356000
"U. Tennessee, Health Science Center",151,"mathematics and statistics","Federal",0
"U. Tennessee, Health Science Center",151,"physical sciences","Federal",0
"U. Tennessee, Health Science Center",151,"psychology","Federal",0
"U. Tennessee, Health Science Center",151,"social sciences","Federal",0
"U. Tennessee, Health Science Center",151,"sciences nec","Federal",0
"U. Tennessee, Health Science Center",151,"engineering","Federal",0
"U. Tennessee, Health Science Center",151,"all non s e fields","Federal",320000
"New Jersey Institute of Technology",152,"all r d expenditures","Federal",70080000
"New Jersey Institute of Technology",152,"computer and information sciences","Federal",4296000
"New Jersey Institute of Technology",152,"geosciences atmospheric sciences and ocean sciences","Federal",0
"New Jersey Institute of Technology",152,"life sciences","Federal",1374000
"New Jersey Institute of Technology",152,"mathematics and statistics","Federal",1093000
"New Jersey Institute of Technology",152,"physical sciences","Federal",8613000
"New Jersey Institute of Technology",152,"psychology","Federal",0
"New Jersey Institute of Technology",152,"social sciences","Federal",148000
"New Jersey Institute of Technology",152,"sciences nec","Federal",254000
"New Jersey Institute of Technology",152,"engineering","Federal",53008000
"New Jersey Institute of Technology",152,"all non s e fields","Federal",1294000
"Colorado School of Mines",153,"all r d expenditures","Federal",68795000
"Colorado School of Mines",153,"computer and information sciences","Federal",3468000
"Colorado School of Mines",153,"geosciences atmospheric sciences and ocean sciences","Federal",6428000
"Colorado School of Mines",153,"life sciences","Federal",1222000
"Colorado School of Mines",153,"mathematics and statistics","Federal",748000
"Colorado School of Mines",153,"physical sciences","Federal",15408000
"Colorado School of Mines",153,"psychology","Federal",29000
"Colorado School of Mines",153,"social sciences","Federal",902000
"Colorado School of Mines",153,"sciences nec","Federal",345000
"Colorado School of Mines",153,"engineering","Federal",39767000
"Colorado School of Mines",153,"all non s e fields","Federal",478000
"U. Wyoming",154,"all r d expenditures","Federal",68467000
"U. Wyoming",154,"computer and information sciences","Federal",1006000
"U. Wyoming",154,"geosciences atmospheric sciences and ocean sciences","Federal",13191000
"U. Wyoming",154,"life sciences","Federal",39798000
"U. Wyoming",154,"mathematics and statistics","Federal",767000
"U. Wyoming",154,"physical sciences","Federal",2469000
"U. Wyoming",154,"psychology","Federal",82000
"U. Wyoming",154,"social sciences","Federal",1065000
"U. Wyoming",154,"sciences nec","Federal",7000
"U. Wyoming",154,"engineering","Federal",9991000
"U. Wyoming",154,"all non s e fields","Federal",91000
"San Diego State U.",155,"all r d expenditures","Federal",68045000
"San Diego State U.",155,"computer and information sciences","Federal",964000
"San Diego State U.",155,"geosciences atmospheric sciences and ocean sciences","Federal",1615000
"San Diego State U.",155,"life sciences","Federal",25723000
"San Diego State U.",155,"mathematics and statistics","Federal",1527000
"San Diego State U.",155,"physical sciences","Federal",5712000
"San Diego State U.",155,"psychology","Federal",16043000
"San Diego State U.",155,"social sciences","Federal",1416000
"San Diego State U.",155,"sciences nec","Federal",166000
"San Diego State U.",155,"engineering","Federal",6656000
"San Diego State U.",155,"all non s e fields","Federal",8223000
"U. Texas, Dallas",156,"all r d expenditures","Federal",66127000
"U. Texas, Dallas",156,"computer and information sciences","Federal",7112000
"U. Texas, Dallas",156,"geosciences atmospheric sciences and ocean sciences","Federal",277000
"U. Texas, Dallas",156,"life sciences","Federal",17587000
"U. Texas, Dallas",156,"mathematics and statistics","Federal",962000
"U. Texas, Dallas",156,"physical sciences","Federal",11068000
"U. Texas, Dallas",156,"psychology","Federal",1992000
"U. Texas, Dallas",156,"social sciences","Federal",973000
"U. Texas, Dallas",156,"sciences nec","Federal",0
"U. Texas, Dallas",156,"engineering","Federal",25609000
"U. Texas, Dallas",156,"all non s e fields","Federal",547000
"U. North Dakota",157,"all r d expenditures","Federal",65890000
"U. North Dakota",157,"computer and information sciences","Federal",2318000
"U. North Dakota",157,"geosciences atmospheric sciences and ocean sciences","Federal",3762000
"U. North Dakota",157,"life sciences","Federal",21527000
"U. North Dakota",157,"mathematics and statistics","Federal",0
"U. North Dakota",157,"physical sciences","Federal",5282000
"U. North Dakota",157,"psychology","Federal",389000
"U. North Dakota",157,"social sciences","Federal",126000
"U. North Dakota",157,"sciences nec","Federal",24000
"U. North Dakota",157,"engineering","Federal",27690000
"U. North Dakota",157,"all non s e fields","Federal",4772000
"Augusta U.",158,"all r d expenditures","Federal",64410000
"Augusta U.",158,"computer and information sciences","Federal",854000
"Augusta U.",158,"geosciences atmospheric sciences and ocean sciences","Federal",0
"Augusta U.",158,"life sciences","Federal",63267000
"Augusta U.",158,"mathematics and statistics","Federal",94000
"Augusta U.",158,"physical sciences","Federal",82000
"Augusta U.",158,"psychology","Federal",93000
"Augusta U.",158,"social sciences","Federal",0
"Augusta U.",158,"sciences nec","Federal",0
"Augusta U.",158,"engineering","Federal",0
"Augusta U.",158,"all non s e fields","Federal",20000
"Oklahoma State U., Stillwater",159,"all r d expenditures","Federal",64098000
"Oklahoma State U., Stillwater",159,"computer and information sciences","Federal",540000
"Oklahoma State U., Stillwater",159,"geosciences atmospheric sciences and ocean sciences","Federal",973000
"Oklahoma State U., Stillwater",159,"life sciences","Federal",25550000
"Oklahoma State U., Stillwater",159,"mathematics and statistics","Federal",751000
"Oklahoma State U., Stillwater",159,"physical sciences","Federal",3955000
"Oklahoma State U., Stillwater",159,"psychology","Federal",1938000
"Oklahoma State U., Stillwater",159,"social sciences","Federal",1989000
"Oklahoma State U., Stillwater",159,"sciences nec","Federal",3865000
"Oklahoma State U., Stillwater",159,"engineering","Federal",21997000
"Oklahoma State U., Stillwater",159,"all non s e fields","Federal",2540000
"SUNY, U. Albany",160,"all r d expenditures","Federal",62935000
"SUNY, U. Albany",160,"computer and information sciences","Federal",1484000
"SUNY, U. Albany",160,"geosciences atmospheric sciences and ocean sciences","Federal",7730000
"SUNY, U. Albany",160,"life sciences","Federal",43062000
"SUNY, U. Albany",160,"mathematics and statistics","Federal",328000
"SUNY, U. Albany",160,"physical sciences","Federal",3759000
"SUNY, U. Albany",160,"psychology","Federal",1259000
"SUNY, U. Albany",160,"social sciences","Federal",2790000
"SUNY, U. Albany",160,"sciences nec","Federal",0
"SUNY, U. Albany",160,"engineering","Federal",1412000
"SUNY, U. Albany",160,"all non s e fields","Federal",1111000
"Naval Postgraduate School",161,"all r d expenditures","Federal",62715000
"Naval Postgraduate School",161,"computer and information sciences","Federal",7783000
"Naval Postgraduate School",161,"geosciences atmospheric sciences and ocean sciences","Federal",10695000
"Naval Postgraduate School",161,"life sciences","Federal",366000
"Naval Postgraduate School",161,"mathematics and statistics","Federal",1981000
"Naval Postgraduate School",161,"physical sciences","Federal",4038000
"Naval Postgraduate School",161,"psychology","Federal",356000
"Naval Postgraduate School",161,"social sciences","Federal",5955000
"Naval Postgraduate School",161,"sciences nec","Federal",4272000
"Naval Postgraduate School",161,"engineering","Federal",21980000
"Naval Postgraduate School",161,"all non s e fields","Federal",5289000
"U. Idaho",162,"all r d expenditures","Federal",61531000
"U. Idaho",162,"computer and information sciences","Federal",3376000
"U. Idaho",162,"geosciences atmospheric sciences and ocean sciences","Federal",2410000
"U. Idaho",162,"life sciences","Federal",44964000
"U. Idaho",162,"mathematics and statistics","Federal",46000
"U. Idaho",162,"physical sciences","Federal",1265000
"U. Idaho",162,"psychology","Federal",50000
"U. Idaho",162,"social sciences","Federal",1788000
"U. Idaho",162,"sciences nec","Federal",0
"U. Idaho",162,"engineering","Federal",6244000
"U. Idaho",162,"all non s e fields","Federal",1388000
"U. Massachusetts, Lowell",163,"all r d expenditures","Federal",61413000
"U. Massachusetts, Lowell",163,"computer and information sciences","Federal",5635000
"U. Massachusetts, Lowell",163,"geosciences atmospheric sciences and ocean sciences","Federal",792000
"U. Massachusetts, Lowell",163,"life sciences","Federal",10241000
"U. Massachusetts, Lowell",163,"mathematics and statistics","Federal",281000
"U. Massachusetts, Lowell",163,"physical sciences","Federal",12222000
"U. Massachusetts, Lowell",163,"psychology","Federal",344000
"U. Massachusetts, Lowell",163,"social sciences","Federal",3989000
"U. Massachusetts, Lowell",163,"sciences nec","Federal",0
"U. Massachusetts, Lowell",163,"engineering","Federal",25882000
"U. Massachusetts, Lowell",163,"all non s e fields","Federal",2027000
"Texas Tech U.",164,"all r d expenditures","Federal",58922000
"Texas Tech U.",164,"computer and information sciences","Federal",1410000
"Texas Tech U.",164,"geosciences atmospheric sciences and ocean sciences","Federal",5564000
"Texas Tech U.",164,"life sciences","Federal",14981000
"Texas Tech U.",164,"mathematics and statistics","Federal",996000
"Texas Tech U.",164,"physical sciences","Federal",4550000
"Texas Tech U.",164,"psychology","Federal",914000
"Texas Tech U.",164,"social sciences","Federal",983000
"Texas Tech U.",164,"sciences nec","Federal",0
"Texas Tech U.",164,"engineering","Federal",27046000
"Texas Tech U.",164,"all non s e fields","Federal",2478000
"U. Texas, San Antonio",165,"all r d expenditures","Federal",58171000
"U. Texas, San Antonio",165,"computer and information sciences","Federal",13407000
"U. Texas, San Antonio",165,"geosciences atmospheric sciences and ocean sciences","Federal",2904000
"U. Texas, San Antonio",165,"life sciences","Federal",17421000
"U. Texas, San Antonio",165,"mathematics and statistics","Federal",316000
"U. Texas, San Antonio",165,"physical sciences","Federal",5045000
"U. Texas, San Antonio",165,"psychology","Federal",552000
"U. Texas, San Antonio",165,"social sciences","Federal",3797000
"U. Texas, San Antonio",165,"sciences nec","Federal",229000
"U. Texas, San Antonio",165,"engineering","Federal",11142000
"U. Texas, San Antonio",165,"all non s e fields","Federal",3358000
"Cleveland State U.",166,"all r d expenditures","Federal",56550000
"Cleveland State U.",166,"computer and information sciences","Federal",0
"Cleveland State U.",166,"geosciences atmospheric sciences and ocean sciences","Federal",0
"Cleveland State U.",166,"life sciences","Federal",42985000
"Cleveland State U.",166,"mathematics and statistics","Federal",139000
"Cleveland State U.",166,"physical sciences","Federal",580000
"Cleveland State U.",166,"psychology","Federal",163000
"Cleveland State U.",166,"social sciences","Federal",903000
"Cleveland State U.",166,"sciences nec","Federal",0
"Cleveland State U.",166,"engineering","Federal",9606000
"Cleveland State U.",166,"all non s e fields","Federal",2174000
"Rensselaer Polytechnic Institute",167,"all r d expenditures","Federal",56445000
"Rensselaer Polytechnic Institute",167,"computer and information sciences","Federal",4769000
"Rensselaer Polytechnic Institute",167,"geosciences atmospheric sciences and ocean sciences","Federal",1339000
"Rensselaer Polytechnic Institute",167,"life sciences","Federal",4524000
"Rensselaer Polytechnic Institute",167,"mathematics and statistics","Federal",1244000
"Rensselaer Polytechnic Institute",167,"physical sciences","Federal",5155000
"Rensselaer Polytechnic Institute",167,"psychology","Federal",2144000
"Rensselaer Polytechnic Institute",167,"social sciences","Federal",133000
"Rensselaer Polytechnic Institute",167,"sciences nec","Federal",0
"Rensselaer Polytechnic Institute",167,"engineering","Federal",34192000
"Rensselaer Polytechnic Institute",167,"all non s e fields","Federal",2945000
"U. Texas, Arlington",168,"all r d expenditures","Federal",56337000
"U. Texas, Arlington",168,"computer and information sciences","Federal",3739000
"U. Texas, Arlington",168,"geosciences atmospheric sciences and ocean sciences","Federal",82000
"U. Texas, Arlington",168,"life sciences","Federal",9619000
"U. Texas, Arlington",168,"mathematics and statistics","Federal",1357000
"U. Texas, Arlington",168,"physical sciences","Federal",10808000
"U. Texas, Arlington",168,"psychology","Federal",681000
"U. Texas, Arlington",168,"social sciences","Federal",76000
"U. Texas, Arlington",168,"sciences nec","Federal",0
"U. Texas, Arlington",168,"engineering","Federal",26470000
"U. Texas, Arlington",168,"all non s e fields","Federal",3505000
"Florida A&M U.",169,"all r d expenditures","Federal",54363000
"Florida A&M U.",169,"computer and information sciences","Federal",220000
"Florida A&M U.",169,"geosciences atmospheric sciences and ocean sciences","Federal",5183000
"Florida A&M U.",169,"life sciences","Federal",25160000
"Florida A&M U.",169,"mathematics and statistics","Federal",28000
"Florida A&M U.",169,"physical sciences","Federal",2169000
"Florida A&M U.",169,"psychology","Federal",115000
"Florida A&M U.",169,"social sciences","Federal",124000
"Florida A&M U.",169,"sciences nec","Federal",0
"Florida A&M U.",169,"engineering","Federal",8959000
"Florida A&M U.",169,"all non s e fields","Federal",12405000
"Cold Spring Harbor Laboratory",170,"all r d expenditures","Federal",54123000
"Cold Spring Harbor Laboratory",170,"computer and information sciences","Federal",0
"Cold Spring Harbor Laboratory",170,"geosciences atmospheric sciences and ocean sciences","Federal",0
"Cold Spring Harbor Laboratory",170,"life sciences","Federal",54123000
"Cold Spring Harbor Laboratory",170,"mathematics and statistics","Federal",0
"Cold Spring Harbor Laboratory",170,"physical sciences","Federal",0
"Cold Spring Harbor Laboratory",170,"psychology","Federal",0
"Cold Spring Harbor Laboratory",170,"social sciences","Federal",0
"Cold Spring Harbor Laboratory",170,"sciences nec","Federal",0
"Cold Spring Harbor Laboratory",170,"engineering","Federal",0
"Cold Spring Harbor Laboratory",170,"all non s e fields","Federal",0
"North Dakota State U.",171,"all r d expenditures","Federal",53339000
"North Dakota State U.",171,"computer and information sciences","Federal",1227000
"North Dakota State U.",171,"geosciences atmospheric sciences and ocean sciences","Federal",153000
"North Dakota State U.",171,"life sciences","Federal",24760000
"North Dakota State U.",171,"mathematics and statistics","Federal",14000
"North Dakota State U.",171,"physical sciences","Federal",7949000
"North Dakota State U.",171,"psychology","Federal",1169000
"North Dakota State U.",171,"social sciences","Federal",951000
"North Dakota State U.",171,"sciences nec","Federal",2404000
"North Dakota State U.",171,"engineering","Federal",13852000
"North Dakota State U.",171,"all non s e fields","Federal",860000
"Michigan Technological U.",172,"all r d expenditures","Federal",52102000
"Michigan Technological U.",172,"computer and information sciences","Federal",4975000
"Michigan Technological U.",172,"geosciences atmospheric sciences and ocean sciences","Federal",12604000
"Michigan Technological U.",172,"life sciences","Federal",4559000
"Michigan Technological U.",172,"mathematics and statistics","Federal",192000
"Michigan Technological U.",172,"physical sciences","Federal",1591000
"Michigan Technological U.",172,"psychology","Federal",273000
"Michigan Technological U.",172,"social sciences","Federal",358000
"Michigan Technological U.",172,"sciences nec","Federal",227000
"Michigan Technological U.",172,"engineering","Federal",27248000
"Michigan Technological U.",172,"all non s e fields","Federal",75000
"Northern Arizona U.",173,"all r d expenditures","Federal",50491000
"Northern Arizona U.",173,"computer and information sciences","Federal",2894000
"Northern Arizona U.",173,"geosciences atmospheric sciences and ocean sciences","Federal",4316000
"Northern Arizona U.",173,"life sciences","Federal",3.3e+07
"Northern Arizona U.",173,"mathematics and statistics","Federal",0
"Northern Arizona U.",173,"physical sciences","Federal",4508000
"Northern Arizona U.",173,"psychology","Federal",92000
"Northern Arizona U.",173,"social sciences","Federal",461000
"Northern Arizona U.",173,"sciences nec","Federal",359000
"Northern Arizona U.",173,"engineering","Federal",3505000
"Northern Arizona U.",173,"all non s e fields","Federal",1356000
"U. Southern Mississippi",174,"all r d expenditures","Federal",48374000
"U. Southern Mississippi",174,"computer and information sciences","Federal",236000
"U. Southern Mississippi",174,"geosciences atmospheric sciences and ocean sciences","Federal",22242000
"U. Southern Mississippi",174,"life sciences","Federal",7120000
"U. Southern Mississippi",174,"mathematics and statistics","Federal",0
"U. Southern Mississippi",174,"physical sciences","Federal",9823000
"U. Southern Mississippi",174,"psychology","Federal",17000
"U. Southern Mississippi",174,"social sciences","Federal",885000
"U. Southern Mississippi",174,"sciences nec","Federal",0
"U. Southern Mississippi",174,"engineering","Federal",5330000
"U. Southern Mississippi",174,"all non s e fields","Federal",2721000
"Howard U.",175,"all r d expenditures","Federal",47662000
"Howard U.",175,"computer and information sciences","Federal",6235000
"Howard U.",175,"geosciences atmospheric sciences and ocean sciences","Federal",0
"Howard U.",175,"life sciences","Federal",21080000
"Howard U.",175,"mathematics and statistics","Federal",253000
"Howard U.",175,"physical sciences","Federal",5764000
"Howard U.",175,"psychology","Federal",218000
"Howard U.",175,"social sciences","Federal",1477000
"Howard U.",175,"sciences nec","Federal",0
"Howard U.",175,"engineering","Federal",6744000
"Howard U.",175,"all non s e fields","Federal",5891000
"U. Puerto Rico, Medical Sciences Campus",176,"all r d expenditures","Federal",46789000
"U. Puerto Rico, Medical Sciences Campus",176,"computer and information sciences","Federal",0
"U. Puerto Rico, Medical Sciences Campus",176,"geosciences atmospheric sciences and ocean sciences","Federal",250000
"U. Puerto Rico, Medical Sciences Campus",176,"life sciences","Federal",46539000
"U. Puerto Rico, Medical Sciences Campus",176,"mathematics and statistics","Federal",0
"U. Puerto Rico, Medical Sciences Campus",176,"physical sciences","Federal",0
"U. Puerto Rico, Medical Sciences Campus",176,"psychology","Federal",0
"U. Puerto Rico, Medical Sciences Campus",176,"social sciences","Federal",0
"U. Puerto Rico, Medical Sciences Campus",176,"sciences nec","Federal",0
"U. Puerto Rico, Medical Sciences Campus",176,"engineering","Federal",0
"U. Puerto Rico, Medical Sciences Campus",176,"all non s e fields","Federal",0
"Brandeis U.",177,"all r d expenditures","Federal",46654000
"Brandeis U.",177,"computer and information sciences","Federal",1110000
"Brandeis U.",177,"geosciences atmospheric sciences and ocean sciences","Federal",0
"Brandeis U.",177,"life sciences","Federal",23270000
"Brandeis U.",177,"mathematics and statistics","Federal",540000
"Brandeis U.",177,"physical sciences","Federal",10317000
"Brandeis U.",177,"psychology","Federal",2889000
"Brandeis U.",177,"social sciences","Federal",7478000
"Brandeis U.",177,"sciences nec","Federal",963000
"Brandeis U.",177,"engineering","Federal",0
"Brandeis U.",177,"all non s e fields","Federal",87000
"Syracuse U.",178,"all r d expenditures","Federal",46595000
"Syracuse U.",178,"computer and information sciences","Federal",1060000
"Syracuse U.",178,"geosciences atmospheric sciences and ocean sciences","Federal",1360000
"Syracuse U.",178,"life sciences","Federal",9572000
"Syracuse U.",178,"mathematics and statistics","Federal",353000
"Syracuse U.",178,"physical sciences","Federal",11176000
"Syracuse U.",178,"psychology","Federal",1004000
"Syracuse U.",178,"social sciences","Federal",3828000
"Syracuse U.",178,"sciences nec","Federal",933000
"Syracuse U.",178,"engineering","Federal",8149000
"Syracuse U.",178,"all non s e fields","Federal",9160000
"Air Force Institute of Technology",179,"all r d expenditures","Federal",45087000
"Air Force Institute of Technology",179,"computer and information sciences","Federal",7354000
"Air Force Institute of Technology",179,"geosciences atmospheric sciences and ocean sciences","Federal",1123000
"Air Force Institute of Technology",179,"life sciences","Federal",0
"Air Force Institute of Technology",179,"mathematics and statistics","Federal",352000
"Air Force Institute of Technology",179,"physical sciences","Federal",7070000
"Air Force Institute of Technology",179,"psychology","Federal",0
"Air Force Institute of Technology",179,"social sciences","Federal",0
"Air Force Institute of Technology",179,"sciences nec","Federal",0
"Air Force Institute of Technology",179,"engineering","Federal",29188000
"Air Force Institute of Technology",179,"all non s e fields","Federal",0
"Texas State U.",180,"all r d expenditures","Federal",44297000
"Texas State U.",180,"computer and information sciences","Federal",1150000
"Texas State U.",180,"geosciences atmospheric sciences and ocean sciences","Federal",1984000
"Texas State U.",180,"life sciences","Federal",6976000
"Texas State U.",180,"mathematics and statistics","Federal",1514000
"Texas State U.",180,"physical sciences","Federal",3905000
"Texas State U.",180,"psychology","Federal",149000
"Texas State U.",180,"social sciences","Federal",3882000
"Texas State U.",180,"sciences nec","Federal",45000
"Texas State U.",180,"engineering","Federal",3577000
"Texas State U.",180,"all non s e fields","Federal",21115000
"Saint Louis U.",181,"all r d expenditures","Federal",44157000
"Saint Louis U.",181,"computer and information sciences","Federal",729000
"Saint Louis U.",181,"geosciences atmospheric sciences and ocean sciences","Federal",581000
"Saint Louis U.",181,"life sciences","Federal",35488000
"Saint Louis U.",181,"mathematics and statistics","Federal",199000
"Saint Louis U.",181,"physical sciences","Federal",2955000
"Saint Louis U.",181,"psychology","Federal",81000
"Saint Louis U.",181,"social sciences","Federal",304000
"Saint Louis U.",181,"sciences nec","Federal",0
"Saint Louis U.",181,"engineering","Federal",1603000
"Saint Louis U.",181,"all non s e fields","Federal",2217000
"U.S. Air Force Academy",182,"all r d expenditures","Federal",44056000
"U.S. Air Force Academy",182,"computer and information sciences","Federal",1260000
"U.S. Air Force Academy",182,"geosciences atmospheric sciences and ocean sciences","Federal",46000
"U.S. Air Force Academy",182,"life sciences","Federal",4130000
"U.S. Air Force Academy",182,"mathematics and statistics","Federal",27000
"U.S. Air Force Academy",182,"physical sciences","Federal",1669000
"U.S. Air Force Academy",182,"psychology","Federal",0
"U.S. Air Force Academy",182,"social sciences","Federal",106000
"U.S. Air Force Academy",182,"sciences nec","Federal",1014000
"U.S. Air Force Academy",182,"engineering","Federal",35804000
"U.S. Air Force Academy",182,"all non s e fields","Federal",0
"Stevens Institute of Technology",183,"all r d expenditures","Federal",44036000
"Stevens Institute of Technology",183,"computer and information sciences","Federal",4145000
"Stevens Institute of Technology",183,"geosciences atmospheric sciences and ocean sciences","Federal",0
"Stevens Institute of Technology",183,"life sciences","Federal",104000
"Stevens Institute of Technology",183,"mathematics and statistics","Federal",410000
"Stevens Institute of Technology",183,"physical sciences","Federal",2206000
"Stevens Institute of Technology",183,"psychology","Federal",0
"Stevens Institute of Technology",183,"social sciences","Federal",174000
"Stevens Institute of Technology",183,"sciences nec","Federal",0
"Stevens Institute of Technology",183,"engineering","Federal",36535000
"Stevens Institute of Technology",183,"all non s e fields","Federal",462000
"Morehouse School of Medicine",184,"all r d expenditures","Federal",41069000
"Morehouse School of Medicine",184,"computer and information sciences","Federal",0
"Morehouse School of Medicine",184,"geosciences atmospheric sciences and ocean sciences","Federal",0
"Morehouse School of Medicine",184,"life sciences","Federal",41069000
"Morehouse School of Medicine",184,"mathematics and statistics","Federal",0
"Morehouse School of Medicine",184,"physical sciences","Federal",0
"Morehouse School of Medicine",184,"psychology","Federal",0
"Morehouse School of Medicine",184,"social sciences","Federal",0
"Morehouse School of Medicine",184,"sciences nec","Federal",0
"Morehouse School of Medicine",184,"engineering","Federal",0
"Morehouse School of Medicine",184,"all non s e fields","Federal",0
"Touro U., New York",185,"all r d expenditures","Federal",40008000
"Touro U., New York",185,"computer and information sciences","Federal",0
"Touro U., New York",185,"geosciences atmospheric sciences and ocean sciences","Federal",0
"Touro U., New York",185,"life sciences","Federal",40008000
"Touro U., New York",185,"mathematics and statistics","Federal",0
"Touro U., New York",185,"physical sciences","Federal",0
"Touro U., New York",185,"psychology","Federal",0
"Touro U., New York",185,"social sciences","Federal",0
"Touro U., New York",185,"sciences nec","Federal",0
"Touro U., New York",185,"engineering","Federal",0
"Touro U., New York",185,"all non s e fields","Federal",0
"Lehigh U.",186,"all r d expenditures","Federal",39909000
"Lehigh U.",186,"computer and information sciences","Federal",1823000
"Lehigh U.",186,"geosciences atmospheric sciences and ocean sciences","Federal",1205000
"Lehigh U.",186,"life sciences","Federal",6852000
"Lehigh U.",186,"mathematics and statistics","Federal",443000
"Lehigh U.",186,"physical sciences","Federal",4084000
"Lehigh U.",186,"psychology","Federal",656000
"Lehigh U.",186,"social sciences","Federal",573000
"Lehigh U.",186,"sciences nec","Federal",0
"Lehigh U.",186,"engineering","Federal",21706000
"Lehigh U.",186,"all non s e fields","Federal",2567000
"Indiana U.-Purdue U., Indianapolis",187,"all r d expenditures","Federal",39869000
"Indiana U.-Purdue U., Indianapolis",187,"computer and information sciences","Federal",3503000
"Indiana U.-Purdue U., Indianapolis",187,"geosciences atmospheric sciences and ocean sciences","Federal",1019000
"Indiana U.-Purdue U., Indianapolis",187,"life sciences","Federal",14902000
"Indiana U.-Purdue U., Indianapolis",187,"mathematics and statistics","Federal",459000
"Indiana U.-Purdue U., Indianapolis",187,"physical sciences","Federal",2535000
"Indiana U.-Purdue U., Indianapolis",187,"psychology","Federal",2881000
"Indiana U.-Purdue U., Indianapolis",187,"social sciences","Federal",5493000
"Indiana U.-Purdue U., Indianapolis",187,"sciences nec","Federal",677000
"Indiana U.-Purdue U., Indianapolis",187,"engineering","Federal",6049000
"Indiana U.-Purdue U., Indianapolis",187,"all non s e fields","Federal",2351000
"Boston C.",188,"all r d expenditures","Federal",39356000
"Boston C.",188,"computer and information sciences","Federal",669000
"Boston C.",188,"geosciences atmospheric sciences and ocean sciences","Federal",7462000
"Boston C.",188,"life sciences","Federal",7509000
"Boston C.",188,"mathematics and statistics","Federal",1121000
"Boston C.",188,"physical sciences","Federal",9802000
"Boston C.",188,"psychology","Federal",2443000
"Boston C.",188,"social sciences","Federal",3323000
"Boston C.",188,"sciences nec","Federal",0
"Boston C.",188,"engineering","Federal",0
"Boston C.",188,"all non s e fields","Federal",7027000
"U. Nevada, Las Vegas",189,"all r d expenditures","Federal",38815000
"U. Nevada, Las Vegas",189,"computer and information sciences","Federal",1300000
"U. Nevada, Las Vegas",189,"geosciences atmospheric sciences and ocean sciences","Federal",3419000
"U. Nevada, Las Vegas",189,"life sciences","Federal",16628000
"U. Nevada, Las Vegas",189,"mathematics and statistics","Federal",261000
"U. Nevada, Las Vegas",189,"physical sciences","Federal",6399000
"U. Nevada, Las Vegas",189,"psychology","Federal",666000
"U. Nevada, Las Vegas",189,"social sciences","Federal",803000
"U. Nevada, Las Vegas",189,"sciences nec","Federal",28000
"U. Nevada, Las Vegas",189,"engineering","Federal",6771000
"U. Nevada, Las Vegas",189,"all non s e fields","Federal",2540000
"CUNY, City C.",190,"all r d expenditures","Federal",38669000
"CUNY, City C.",190,"computer and information sciences","Federal",355000
"CUNY, City C.",190,"geosciences atmospheric sciences and ocean sciences","Federal",1578000
"CUNY, City C.",190,"life sciences","Federal",7834000
"CUNY, City C.",190,"mathematics and statistics","Federal",236000
"CUNY, City C.",190,"physical sciences","Federal",9283000
"CUNY, City C.",190,"psychology","Federal",1178000
"CUNY, City C.",190,"social sciences","Federal",0
"CUNY, City C.",190,"sciences nec","Federal",4000
"CUNY, City C.",190,"engineering","Federal",17700000
"CUNY, City C.",190,"all non s e fields","Federal",501000
"U. Toledo",191,"all r d expenditures","Federal",37872000
"U. Toledo",191,"computer and information sciences","Federal",0
"U. Toledo",191,"geosciences atmospheric sciences and ocean sciences","Federal",3228000
"U. Toledo",191,"life sciences","Federal",15144000
"U. Toledo",191,"mathematics and statistics","Federal",42000
"U. Toledo",191,"physical sciences","Federal",8941000
"U. Toledo",191,"psychology","Federal",187000
"U. Toledo",191,"social sciences","Federal",18000
"U. Toledo",191,"sciences nec","Federal",0
"U. Toledo",191,"engineering","Federal",7048000
"U. Toledo",191,"all non s e fields","Federal",3264000
"Worcester Polytechnic Institute",192,"all r d expenditures","Federal",37736000
"Worcester Polytechnic Institute",192,"computer and information sciences","Federal",8476000
"Worcester Polytechnic Institute",192,"geosciences atmospheric sciences and ocean sciences","Federal",0
"Worcester Polytechnic Institute",192,"life sciences","Federal",1519000
"Worcester Polytechnic Institute",192,"mathematics and statistics","Federal",1947000
"Worcester Polytechnic Institute",192,"physical sciences","Federal",2787000
"Worcester Polytechnic Institute",192,"psychology","Federal",0
"Worcester Polytechnic Institute",192,"social sciences","Federal",793000
"Worcester Polytechnic Institute",192,"sciences nec","Federal",0
"Worcester Polytechnic Institute",192,"engineering","Federal",20579000
"Worcester Polytechnic Institute",192,"all non s e fields","Federal",1635000
"Rochester Institute of Technology",193,"all r d expenditures","Federal",37334000
"Rochester Institute of Technology",193,"computer and information sciences","Federal",8031000
"Rochester Institute of Technology",193,"geosciences atmospheric sciences and ocean sciences","Federal",0
"Rochester Institute of Technology",193,"life sciences","Federal",1105000
"Rochester Institute of Technology",193,"mathematics and statistics","Federal",1850000
"Rochester Institute of Technology",193,"physical sciences","Federal",9434000
"Rochester Institute of Technology",193,"psychology","Federal",533000
"Rochester Institute of Technology",193,"social sciences","Federal",262000
"Rochester Institute of Technology",193,"sciences nec","Federal",0
"Rochester Institute of Technology",193,"engineering","Federal",11359000
"Rochester Institute of Technology",193,"all non s e fields","Federal",4760000
"North Carolina A&T State U.",194,"all r d expenditures","Federal",37152000
"North Carolina A&T State U.",194,"computer and information sciences","Federal",1714000
"North Carolina A&T State U.",194,"geosciences atmospheric sciences and ocean sciences","Federal",0
"North Carolina A&T State U.",194,"life sciences","Federal",12291000
"North Carolina A&T State U.",194,"mathematics and statistics","Federal",1061000
"North Carolina A&T State U.",194,"physical sciences","Federal",3084000
"North Carolina A&T State U.",194,"psychology","Federal",87000
"North Carolina A&T State U.",194,"social sciences","Federal",111000
"North Carolina A&T State U.",194,"sciences nec","Federal",1330000
"North Carolina A&T State U.",194,"engineering","Federal",14059000
"North Carolina A&T State U.",194,"all non s e fields","Federal",3415000
"Louisiana State U., Health Sciences Center, New Orleans",195,"all r d expenditures","Federal",35933000
"Louisiana State U., Health Sciences Center, New Orleans",195,"computer and information sciences","Federal",0
"Louisiana State U., Health Sciences Center, New Orleans",195,"geosciences atmospheric sciences and ocean sciences","Federal",0
"Louisiana State U., Health Sciences Center, New Orleans",195,"life sciences","Federal",35933000
"Louisiana State U., Health Sciences Center, New Orleans",195,"mathematics and statistics","Federal",0
"Louisiana State U., Health Sciences Center, New Orleans",195,"physical sciences","Federal",0
"Louisiana State U., Health Sciences Center, New Orleans",195,"psychology","Federal",0
"Louisiana State U., Health Sciences Center, New Orleans",195,"social sciences","Federal",0
"Louisiana State U., Health Sciences Center, New Orleans",195,"sciences nec","Federal",0
"Louisiana State U., Health Sciences Center, New Orleans",195,"engineering","Federal",0
"Louisiana State U., Health Sciences Center, New Orleans",195,"all non s e fields","Federal",0
"Boise State U.",196,"all r d expenditures","Federal",35801000
"Boise State U.",196,"computer and information sciences","Federal",1623000
"Boise State U.",196,"geosciences atmospheric sciences and ocean sciences","Federal",2766000
"Boise State U.",196,"life sciences","Federal",8196000
"Boise State U.",196,"mathematics and statistics","Federal",513000
"Boise State U.",196,"physical sciences","Federal",4961000
"Boise State U.",196,"psychology","Federal",282000
"Boise State U.",196,"social sciences","Federal",1614000
"Boise State U.",196,"sciences nec","Federal",183000
"Boise State U.",196,"engineering","Federal",14082000
"Boise State U.",196,"all non s e fields","Federal",1581000
"Catholic U. of America",197,"all r d expenditures","Federal",35502000
"Catholic U. of America",197,"computer and information sciences","Federal",0
"Catholic U. of America",197,"geosciences atmospheric sciences and ocean sciences","Federal",0
"Catholic U. of America",197,"life sciences","Federal",565000
"Catholic U. of America",197,"mathematics and statistics","Federal",202000
"Catholic U. of America",197,"physical sciences","Federal",30887000
"Catholic U. of America",197,"psychology","Federal",465000
"Catholic U. of America",197,"social sciences","Federal",3000
"Catholic U. of America",197,"sciences nec","Federal",0
"Catholic U. of America",197,"engineering","Federal",2405000
"Catholic U. of America",197,"all non s e fields","Federal",975000
"Florida Atlantic U.",198,"all r d expenditures","Federal",35108000
"Florida Atlantic U.",198,"computer and information sciences","Federal",3666000
"Florida Atlantic U.",198,"geosciences atmospheric sciences and ocean sciences","Federal",482000
"Florida Atlantic U.",198,"life sciences","Federal",13181000
"Florida Atlantic U.",198,"mathematics and statistics","Federal",558000
"Florida Atlantic U.",198,"physical sciences","Federal",1837000
"Florida Atlantic U.",198,"psychology","Federal",1145000
"Florida Atlantic U.",198,"social sciences","Federal",217000
"Florida Atlantic U.",198,"sciences nec","Federal",0
"Florida Atlantic U.",198,"engineering","Federal",12770000
"Florida Atlantic U.",198,"all non s e fields","Federal",1252000
"SUNY, Polytechnic Institute",199,"all r d expenditures","Federal",34393000
"SUNY, Polytechnic Institute",199,"computer and information sciences","Federal",18000
"SUNY, Polytechnic Institute",199,"geosciences atmospheric sciences and ocean sciences","Federal",0
"SUNY, Polytechnic Institute",199,"life sciences","Federal",1884000
"SUNY, Polytechnic Institute",199,"mathematics and statistics","Federal",0
"SUNY, Polytechnic Institute",199,"physical sciences","Federal",0
"SUNY, Polytechnic Institute",199,"psychology","Federal",0
"SUNY, Polytechnic Institute",199,"social sciences","Federal",0
"SUNY, Polytechnic Institute",199,"sciences nec","Federal",0
"SUNY, Polytechnic Institute",199,"engineering","Federal",32487000
"SUNY, Polytechnic Institute",199,"all non s e fields","Federal",4000
"U. North Carolina, Charlotte",200,"all r d expenditures","Federal",33784000
"U. North Carolina, Charlotte",200,"computer and information sciences","Federal",7266000
"U. North Carolina, Charlotte",200,"geosciences atmospheric sciences and ocean sciences","Federal",675000
"U. North Carolina, Charlotte",200,"life sciences","Federal",5427000
"U. North Carolina, Charlotte",200,"mathematics and statistics","Federal",1221000
"U. North Carolina, Charlotte",200,"physical sciences","Federal",4854000
"U. North Carolina, Charlotte",200,"psychology","Federal",477000
"U. North Carolina, Charlotte",200,"social sciences","Federal",1013000
"U. North Carolina, Charlotte",200,"sciences nec","Federal",0
"U. North Carolina, Charlotte",200,"engineering","Federal",9789000
"U. North Carolina, Charlotte",200,"all non s e fields","Federal",3062000
"U. Denver",201,"all r d expenditures","Federal",33148000
"U. Denver",201,"computer and information sciences","Federal",122000
"U. Denver",201,"geosciences atmospheric sciences and ocean sciences","Federal",85000
"U. Denver",201,"life sciences","Federal",6681000
"U. Denver",201,"mathematics and statistics","Federal",64000
"U. Denver",201,"physical sciences","Federal",1452000
"U. Denver",201,"psychology","Federal",6865000
"U. Denver",201,"social sciences","Federal",3213000
"U. Denver",201,"sciences nec","Federal",84000
"U. Denver",201,"engineering","Federal",1353000
"U. Denver",201,"all non s e fields","Federal",13229000
"William & Mary",202,"all r d expenditures","Federal",32631000
"William & Mary",202,"computer and information sciences","Federal",2535000
"William & Mary",202,"geosciences atmospheric sciences and ocean sciences","Federal",16880000
"William & Mary",202,"life sciences","Federal",2121000
"William & Mary",202,"mathematics and statistics","Federal",275000
"William & Mary",202,"physical sciences","Federal",5641000
"William & Mary",202,"psychology","Federal",112000
"William & Mary",202,"social sciences","Federal",1997000
"William & Mary",202,"sciences nec","Federal",0
"William & Mary",202,"engineering","Federal",0
"William & Mary",202,"all non s e fields","Federal",3070000
"Missouri U. of Science and Technology",203,"all r d expenditures","Federal",32457000
"Missouri U. of Science and Technology",203,"computer and information sciences","Federal",764000
"Missouri U. of Science and Technology",203,"geosciences atmospheric sciences and ocean sciences","Federal",0
"Missouri U. of Science and Technology",203,"life sciences","Federal",220000
"Missouri U. of Science and Technology",203,"mathematics and statistics","Federal",193000
"Missouri U. of Science and Technology",203,"physical sciences","Federal",3055000
"Missouri U. of Science and Technology",203,"psychology","Federal",235000
"Missouri U. of Science and Technology",203,"social sciences","Federal",6000
"Missouri U. of Science and Technology",203,"sciences nec","Federal",0
"Missouri U. of Science and Technology",203,"engineering","Federal",27984000
"Missouri U. of Science and Technology",203,"all non s e fields","Federal",0
"San Jose State U.",204,"all r d expenditures","Federal",31780000
"San Jose State U.",204,"computer and information sciences","Federal",0
"San Jose State U.",204,"geosciences atmospheric sciences and ocean sciences","Federal",7151000
"San Jose State U.",204,"life sciences","Federal",2763000
"San Jose State U.",204,"mathematics and statistics","Federal",279000
"San Jose State U.",204,"physical sciences","Federal",2663000
"San Jose State U.",204,"psychology","Federal",15762000
"San Jose State U.",204,"social sciences","Federal",119000
"San Jose State U.",204,"sciences nec","Federal",0
"San Jose State U.",204,"engineering","Federal",1672000
"San Jose State U.",204,"all non s e fields","Federal",1371000
"Portland State U.",205,"all r d expenditures","Federal",31731000
"Portland State U.",205,"computer and information sciences","Federal",1645000
"Portland State U.",205,"geosciences atmospheric sciences and ocean sciences","Federal",1972000
"Portland State U.",205,"life sciences","Federal",11180000
"Portland State U.",205,"mathematics and statistics","Federal",1477000
"Portland State U.",205,"physical sciences","Federal",1285000
"Portland State U.",205,"psychology","Federal",1456000
"Portland State U.",205,"social sciences","Federal",1834000
"Portland State U.",205,"sciences nec","Federal",53000
"Portland State U.",205,"engineering","Federal",4290000
"Portland State U.",205,"all non s e fields","Federal",6539000
"SUNY, Binghamton U.",206,"all r d expenditures","Federal",31601000
"SUNY, Binghamton U.",206,"computer and information sciences","Federal",1583000
"SUNY, Binghamton U.",206,"geosciences atmospheric sciences and ocean sciences","Federal",206000
"SUNY, Binghamton U.",206,"life sciences","Federal",3338000
"SUNY, Binghamton U.",206,"mathematics and statistics","Federal",191000
"SUNY, Binghamton U.",206,"physical sciences","Federal",6688000
"SUNY, Binghamton U.",206,"psychology","Federal",5027000
"SUNY, Binghamton U.",206,"social sciences","Federal",725000
"SUNY, Binghamton U.",206,"sciences nec","Federal",0
"SUNY, Binghamton U.",206,"engineering","Federal",11658000
"SUNY, Binghamton U.",206,"all non s e fields","Federal",2185000
"U. North Carolina, Greensboro",207,"all r d expenditures","Federal",31581000
"U. North Carolina, Greensboro",207,"computer and information sciences","Federal",626000
"U. North Carolina, Greensboro",207,"geosciences atmospheric sciences and ocean sciences","Federal",31000
"U. North Carolina, Greensboro",207,"life sciences","Federal",9380000
"U. North Carolina, Greensboro",207,"mathematics and statistics","Federal",417000
"U. North Carolina, Greensboro",207,"physical sciences","Federal",4306000
"U. North Carolina, Greensboro",207,"psychology","Federal",2473000
"U. North Carolina, Greensboro",207,"social sciences","Federal",486000
"U. North Carolina, Greensboro",207,"sciences nec","Federal",0
"U. North Carolina, Greensboro",207,"engineering","Federal",0
"U. North Carolina, Greensboro",207,"all non s e fields","Federal",13862000
"Brigham Young U., Provo",208,"all r d expenditures","Federal",31216000
"Brigham Young U., Provo",208,"computer and information sciences","Federal",2199000
"Brigham Young U., Provo",208,"geosciences atmospheric sciences and ocean sciences","Federal",420000
"Brigham Young U., Provo",208,"life sciences","Federal",7708000
"Brigham Young U., Provo",208,"mathematics and statistics","Federal",796000
"Brigham Young U., Provo",208,"physical sciences","Federal",4348000
"Brigham Young U., Provo",208,"psychology","Federal",49000
"Brigham Young U., Provo",208,"social sciences","Federal",221000
"Brigham Young U., Provo",208,"sciences nec","Federal",0
"Brigham Young U., Provo",208,"engineering","Federal",14299000
"Brigham Young U., Provo",208,"all non s e fields","Federal",1176000
"Old Dominion U.",209,"all r d expenditures","Federal",31104000
"Old Dominion U.",209,"computer and information sciences","Federal",1538000
"Old Dominion U.",209,"geosciences atmospheric sciences and ocean sciences","Federal",2642000
"Old Dominion U.",209,"life sciences","Federal",3802000
"Old Dominion U.",209,"mathematics and statistics","Federal",759000
"Old Dominion U.",209,"physical sciences","Federal",5894000
"Old Dominion U.",209,"psychology","Federal",1119000
"Old Dominion U.",209,"social sciences","Federal",897000
"Old Dominion U.",209,"sciences nec","Federal",0
"Old Dominion U.",209,"engineering","Federal",11962000
"Old Dominion U.",209,"all non s e fields","Federal",2491000
"Van Andel Research Institute",210,"all r d expenditures","Federal",30934000
"Van Andel Research Institute",210,"computer and information sciences","Federal",0
"Van Andel Research Institute",210,"geosciences atmospheric sciences and ocean sciences","Federal",0
"Van Andel Research Institute",210,"life sciences","Federal",30934000
"Van Andel Research Institute",210,"mathematics and statistics","Federal",0
"Van Andel Research Institute",210,"physical sciences","Federal",0
"Van Andel Research Institute",210,"psychology","Federal",0
"Van Andel Research Institute",210,"social sciences","Federal",0
"Van Andel Research Institute",210,"sciences nec","Federal",0
"Van Andel Research Institute",210,"engineering","Federal",0
"Van Andel Research Institute",210,"all non s e fields","Federal",0
"East Carolina U.",211,"all r d expenditures","Federal",30851000
"East Carolina U.",211,"computer and information sciences","Federal",910000
"East Carolina U.",211,"geosciences atmospheric sciences and ocean sciences","Federal",3778000
"East Carolina U.",211,"life sciences","Federal",19510000
"East Carolina U.",211,"mathematics and statistics","Federal",77000
"East Carolina U.",211,"physical sciences","Federal",1260000
"East Carolina U.",211,"psychology","Federal",987000
"East Carolina U.",211,"social sciences","Federal",819000
"East Carolina U.",211,"sciences nec","Federal",0
"East Carolina U.",211,"engineering","Federal",1796000
"East Carolina U.",211,"all non s e fields","Federal",1714000
"Morgan State U.",212,"all r d expenditures","Federal",30451000
"Morgan State U.",212,"computer and information sciences","Federal",744000
"Morgan State U.",212,"geosciences atmospheric sciences and ocean sciences","Federal",8288000
"Morgan State U.",212,"life sciences","Federal",6697000
"Morgan State U.",212,"mathematics and statistics","Federal",344000
"Morgan State U.",212,"physical sciences","Federal",3173000
"Morgan State U.",212,"psychology","Federal",236000
"Morgan State U.",212,"social sciences","Federal",319000
"Morgan State U.",212,"sciences nec","Federal",0
"Morgan State U.",212,"engineering","Federal",5962000
"Morgan State U.",212,"all non s e fields","Federal",4688000
"SUNY, Upstate Medical U.",213,"all r d expenditures","Federal",30069000
"SUNY, Upstate Medical U.",213,"computer and information sciences","Federal",0
"SUNY, Upstate Medical U.",213,"geosciences atmospheric sciences and ocean sciences","Federal",0
"SUNY, Upstate Medical U.",213,"life sciences","Federal",30069000
"SUNY, Upstate Medical U.",213,"mathematics and statistics","Federal",0
"SUNY, Upstate Medical U.",213,"physical sciences","Federal",0
"SUNY, Upstate Medical U.",213,"psychology","Federal",0
"SUNY, Upstate Medical U.",213,"social sciences","Federal",0
"SUNY, Upstate Medical U.",213,"sciences nec","Federal",0
"SUNY, Upstate Medical U.",213,"engineering","Federal",0
"SUNY, Upstate Medical U.",213,"all non s e fields","Federal",0
"U. North Texas, Denton",214,"all r d expenditures","Federal",30017000
"U. North Texas, Denton",214,"computer and information sciences","Federal",3937000
"U. North Texas, Denton",214,"geosciences atmospheric sciences and ocean sciences","Federal",0
"U. North Texas, Denton",214,"life sciences","Federal",3941000
"U. North Texas, Denton",214,"mathematics and statistics","Federal",533000
"U. North Texas, Denton",214,"physical sciences","Federal",3162000
"U. North Texas, Denton",214,"psychology","Federal",1590000
"U. North Texas, Denton",214,"social sciences","Federal",275000
"U. North Texas, Denton",214,"sciences nec","Federal",0
"U. North Texas, Denton",214,"engineering","Federal",13452000
"U. North Texas, Denton",214,"all non s e fields","Federal",3127000
"Mercer U.",215,"all r d expenditures","Federal",29944000
"Mercer U.",215,"computer and information sciences","Federal",6000
"Mercer U.",215,"geosciences atmospheric sciences and ocean sciences","Federal",0
"Mercer U.",215,"life sciences","Federal",2494000
"Mercer U.",215,"mathematics and statistics","Federal",0
"Mercer U.",215,"physical sciences","Federal",18000
"Mercer U.",215,"psychology","Federal",0
"Mercer U.",215,"social sciences","Federal",54000
"Mercer U.",215,"sciences nec","Federal",0
"Mercer U.",215,"engineering","Federal",26989000
"Mercer U.",215,"all non s e fields","Federal",383000
"Loyola U., Chicago",216,"all r d expenditures","Federal",29712000
"Loyola U., Chicago",216,"computer and information sciences","Federal",806000
"Loyola U., Chicago",216,"geosciences atmospheric sciences and ocean sciences","Federal",0
"Loyola U., Chicago",216,"life sciences","Federal",25750000
"Loyola U., Chicago",216,"mathematics and statistics","Federal",25000
"Loyola U., Chicago",216,"physical sciences","Federal",1188000
"Loyola U., Chicago",216,"psychology","Federal",864000
"Loyola U., Chicago",216,"social sciences","Federal",413000
"Loyola U., Chicago",216,"sciences nec","Federal",0
"Loyola U., Chicago",216,"engineering","Federal",0
"Loyola U., Chicago",216,"all non s e fields","Federal",666000
"South Dakota State U.",217,"all r d expenditures","Federal",28897000
"South Dakota State U.",217,"computer and information sciences","Federal",11000
"South Dakota State U.",217,"geosciences atmospheric sciences and ocean sciences","Federal",936000
"South Dakota State U.",217,"life sciences","Federal",19940000
"South Dakota State U.",217,"mathematics and statistics","Federal",582000
"South Dakota State U.",217,"physical sciences","Federal",2403000
"South Dakota State U.",217,"psychology","Federal",259000
"South Dakota State U.",217,"social sciences","Federal",418000
"South Dakota State U.",217,"sciences nec","Federal",0
"South Dakota State U.",217,"engineering","Federal",3850000
"South Dakota State U.",217,"all non s e fields","Federal",498000
"U. South Alabama",218,"all r d expenditures","Federal",28637000
"U. South Alabama",218,"computer and information sciences","Federal",580000
"U. South Alabama",218,"geosciences atmospheric sciences and ocean sciences","Federal",7899000
"U. South Alabama",218,"life sciences","Federal",10461000
"U. South Alabama",218,"mathematics and statistics","Federal",494000
"U. South Alabama",218,"physical sciences","Federal",816000
"U. South Alabama",218,"psychology","Federal",1153000
"U. South Alabama",218,"social sciences","Federal",385000
"U. South Alabama",218,"sciences nec","Federal",0
"U. South Alabama",218,"engineering","Federal",5784000
"U. South Alabama",218,"all non s e fields","Federal",1065000
"U. California, Merced",219,"all r d expenditures","Federal",28576000
"U. California, Merced",219,"computer and information sciences","Federal",860000
"U. California, Merced",219,"geosciences atmospheric sciences and ocean sciences","Federal",1956000
"U. California, Merced",219,"life sciences","Federal",6785000
"U. California, Merced",219,"mathematics and statistics","Federal",793000
"U. California, Merced",219,"physical sciences","Federal",4779000
"U. California, Merced",219,"psychology","Federal",0
"U. California, Merced",219,"social sciences","Federal",716000
"U. California, Merced",219,"sciences nec","Federal",2755000
"U. California, Merced",219,"engineering","Federal",7349000
"U. California, Merced",219,"all non s e fields","Federal",2583000
"SUNY, Downstate Health Sciences U.",220,"all r d expenditures","Federal",28543000
"SUNY, Downstate Health Sciences U.",220,"computer and information sciences","Federal",0
"SUNY, Downstate Health Sciences U.",220,"geosciences atmospheric sciences and ocean sciences","Federal",0
"SUNY, Downstate Health Sciences U.",220,"life sciences","Federal",28543000
"SUNY, Downstate Health Sciences U.",220,"mathematics and statistics","Federal",0
"SUNY, Downstate Health Sciences U.",220,"physical sciences","Federal",0
"SUNY, Downstate Health Sciences U.",220,"psychology","Federal",0
"SUNY, Downstate Health Sciences U.",220,"social sciences","Federal",0
"SUNY, Downstate Health Sciences U.",220,"sciences nec","Federal",0
"SUNY, Downstate Health Sciences U.",220,"engineering","Federal",0
"SUNY, Downstate Health Sciences U.",220,"all non s e fields","Federal",0
"U. Missouri, Kansas City",221,"all r d expenditures","Federal",28115000
"U. Missouri, Kansas City",221,"computer and information sciences","Federal",416000
"U. Missouri, Kansas City",221,"geosciences atmospheric sciences and ocean sciences","Federal",281000
"U. Missouri, Kansas City",221,"life sciences","Federal",12599000
"U. Missouri, Kansas City",221,"mathematics and statistics","Federal",0
"U. Missouri, Kansas City",221,"physical sciences","Federal",8e+05
"U. Missouri, Kansas City",221,"psychology","Federal",254000
"U. Missouri, Kansas City",221,"social sciences","Federal",38000
"U. Missouri, Kansas City",221,"sciences nec","Federal",0
"U. Missouri, Kansas City",221,"engineering","Federal",12734000
"U. Missouri, Kansas City",221,"all non s e fields","Federal",993000
"Illinois Institute of Technology",222,"all r d expenditures","Federal",28027000
"Illinois Institute of Technology",222,"computer and information sciences","Federal",3298000
"Illinois Institute of Technology",222,"geosciences atmospheric sciences and ocean sciences","Federal",94000
"Illinois Institute of Technology",222,"life sciences","Federal",10433000
"Illinois Institute of Technology",222,"mathematics and statistics","Federal",391000
"Illinois Institute of Technology",222,"physical sciences","Federal",2552000
"Illinois Institute of Technology",222,"psychology","Federal",0
"Illinois Institute of Technology",222,"social sciences","Federal",7000
"Illinois Institute of Technology",222,"sciences nec","Federal",152000
"Illinois Institute of Technology",222,"engineering","Federal",11065000
"Illinois Institute of Technology",222,"all non s e fields","Federal",35000
"U. Massachusetts, Boston",223,"all r d expenditures","Federal",27098000
"U. Massachusetts, Boston",223,"computer and information sciences","Federal",745000
"U. Massachusetts, Boston",223,"geosciences atmospheric sciences and ocean sciences","Federal",1208000
"U. Massachusetts, Boston",223,"life sciences","Federal",7370000
"U. Massachusetts, Boston",223,"mathematics and statistics","Federal",284000
"U. Massachusetts, Boston",223,"physical sciences","Federal",1925000
"U. Massachusetts, Boston",223,"psychology","Federal",2665000
"U. Massachusetts, Boston",223,"social sciences","Federal",2851000
"U. Massachusetts, Boston",223,"sciences nec","Federal",0
"U. Massachusetts, Boston",223,"engineering","Federal",705000
"U. Massachusetts, Boston",223,"all non s e fields","Federal",9345000
"U. Memphis",224,"all r d expenditures","Federal",26913000
"U. Memphis",224,"computer and information sciences","Federal",4575000
"U. Memphis",224,"geosciences atmospheric sciences and ocean sciences","Federal",2220000
"U. Memphis",224,"life sciences","Federal",4058000
"U. Memphis",224,"mathematics and statistics","Federal",375000
"U. Memphis",224,"physical sciences","Federal",1096000
"U. Memphis",224,"psychology","Federal",1154000
"U. Memphis",224,"social sciences","Federal",3198000
"U. Memphis",224,"sciences nec","Federal",345000
"U. Memphis",224,"engineering","Federal",5852000
"U. Memphis",224,"all non s e fields","Federal",4040000
"U. Wisconsin-Milwaukee",225,"all r d expenditures","Federal",25612000
"U. Wisconsin-Milwaukee",225,"computer and information sciences","Federal",112000
"U. Wisconsin-Milwaukee",225,"geosciences atmospheric sciences and ocean sciences","Federal",2777000
"U. Wisconsin-Milwaukee",225,"life sciences","Federal",6168000
"U. Wisconsin-Milwaukee",225,"mathematics and statistics","Federal",132000
"U. Wisconsin-Milwaukee",225,"physical sciences","Federal",6420000
"U. Wisconsin-Milwaukee",225,"psychology","Federal",3926000
"U. Wisconsin-Milwaukee",225,"social sciences","Federal",1033000
"U. Wisconsin-Milwaukee",225,"sciences nec","Federal",0
"U. Wisconsin-Milwaukee",225,"engineering","Federal",3322000
"U. Wisconsin-Milwaukee",225,"all non s e fields","Federal",1722000
"U. Texas Rio Grande Valley",226,"all r d expenditures","Federal",25068000
"U. Texas Rio Grande Valley",226,"computer and information sciences","Federal",257000
"U. Texas Rio Grande Valley",226,"geosciences atmospheric sciences and ocean sciences","Federal",1196000
"U. Texas Rio Grande Valley",226,"life sciences","Federal",11747000
"U. Texas Rio Grande Valley",226,"mathematics and statistics","Federal",1279000
"U. Texas Rio Grande Valley",226,"physical sciences","Federal",2169000
"U. Texas Rio Grande Valley",226,"psychology","Federal",131000
"U. Texas Rio Grande Valley",226,"social sciences","Federal",176000
"U. Texas Rio Grande Valley",226,"sciences nec","Federal",63000
"U. Texas Rio Grande Valley",226,"engineering","Federal",6988000
"U. Texas Rio Grande Valley",226,"all non s e fields","Federal",1062000
"Delaware State U.",227,"all r d expenditures","Federal",24167000
"Delaware State U.",227,"computer and information sciences","Federal",1071000
"Delaware State U.",227,"geosciences atmospheric sciences and ocean sciences","Federal",590000
"Delaware State U.",227,"life sciences","Federal",14808000
"Delaware State U.",227,"mathematics and statistics","Federal",803000
"Delaware State U.",227,"physical sciences","Federal",4727000
"Delaware State U.",227,"psychology","Federal",352000
"Delaware State U.",227,"social sciences","Federal",412000
"Delaware State U.",227,"sciences nec","Federal",1035000
"Delaware State U.",227,"engineering","Federal",176000
"Delaware State U.",227,"all non s e fields","Federal",193000
"Embry-Riddle Aeronautical U.",228,"all r d expenditures","Federal",23733000
"Embry-Riddle Aeronautical U.",228,"computer and information sciences","Federal",1663000
"Embry-Riddle Aeronautical U.",228,"geosciences atmospheric sciences and ocean sciences","Federal",1308000
"Embry-Riddle Aeronautical U.",228,"life sciences","Federal",460000
"Embry-Riddle Aeronautical U.",228,"mathematics and statistics","Federal",609000
"Embry-Riddle Aeronautical U.",228,"physical sciences","Federal",6290000
"Embry-Riddle Aeronautical U.",228,"psychology","Federal",0
"Embry-Riddle Aeronautical U.",228,"social sciences","Federal",81000
"Embry-Riddle Aeronautical U.",228,"sciences nec","Federal",0
"Embry-Riddle Aeronautical U.",228,"engineering","Federal",12190000
"Embry-Riddle Aeronautical U.",228,"all non s e fields","Federal",1132000
"CUNY, Hunter C.",229,"all r d expenditures","Federal",22124000
"CUNY, Hunter C.",229,"computer and information sciences","Federal",1608000
"CUNY, Hunter C.",229,"geosciences atmospheric sciences and ocean sciences","Federal",365000
"CUNY, Hunter C.",229,"life sciences","Federal",6882000
"CUNY, Hunter C.",229,"mathematics and statistics","Federal",198000
"CUNY, Hunter C.",229,"physical sciences","Federal",4500000
"CUNY, Hunter C.",229,"psychology","Federal",6538000
"CUNY, Hunter C.",229,"social sciences","Federal",655000
"CUNY, Hunter C.",229,"sciences nec","Federal",0
"CUNY, Hunter C.",229,"engineering","Federal",0
"CUNY, Hunter C.",229,"all non s e fields","Federal",1378000
"U. Nebraska, Omaha",230,"all r d expenditures","Federal",22096000
"U. Nebraska, Omaha",230,"computer and information sciences","Federal",4351000
"U. Nebraska, Omaha",230,"geosciences atmospheric sciences and ocean sciences","Federal",52000
"U. Nebraska, Omaha",230,"life sciences","Federal",5350000
"U. Nebraska, Omaha",230,"mathematics and statistics","Federal",513000
"U. Nebraska, Omaha",230,"physical sciences","Federal",446000
"U. Nebraska, Omaha",230,"psychology","Federal",139000
"U. Nebraska, Omaha",230,"social sciences","Federal",1427000
"U. Nebraska, Omaha",230,"sciences nec","Federal",8317000
"U. Nebraska, Omaha",230,"engineering","Federal",1021000
"U. Nebraska, Omaha",230,"all non s e fields","Federal",480000
"Ohio U.",231,"all r d expenditures","Federal",21919000
"Ohio U.",231,"computer and information sciences","Federal",123000
"Ohio U.",231,"geosciences atmospheric sciences and ocean sciences","Federal",1704000
"Ohio U.",231,"life sciences","Federal",8024000
"Ohio U.",231,"mathematics and statistics","Federal",0
"Ohio U.",231,"physical sciences","Federal",4116000
"Ohio U.",231,"psychology","Federal",2128000
"Ohio U.",231,"social sciences","Federal",492000
"Ohio U.",231,"sciences nec","Federal",0
"Ohio U.",231,"engineering","Federal",4985000
"Ohio U.",231,"all non s e fields","Federal",347000
"Desert Research Institute",232,"all r d expenditures","Federal",20061000
"Desert Research Institute",232,"computer and information sciences","Federal",0
"Desert Research Institute",232,"geosciences atmospheric sciences and ocean sciences","Federal",20061000
"Desert Research Institute",232,"life sciences","Federal",0
"Desert Research Institute",232,"mathematics and statistics","Federal",0
"Desert Research Institute",232,"physical sciences","Federal",0
"Desert Research Institute",232,"psychology","Federal",0
"Desert Research Institute",232,"social sciences","Federal",0
"Desert Research Institute",232,"sciences nec","Federal",0
"Desert Research Institute",232,"engineering","Federal",0
"Desert Research Institute",232,"all non s e fields","Federal",0
"Marquette U.",233,"all r d expenditures","Federal",20055000
"Marquette U.",233,"computer and information sciences","Federal",874000
"Marquette U.",233,"geosciences atmospheric sciences and ocean sciences","Federal",0
"Marquette U.",233,"life sciences","Federal",9372000
"Marquette U.",233,"mathematics and statistics","Federal",411000
"Marquette U.",233,"physical sciences","Federal",1259000
"Marquette U.",233,"psychology","Federal",169000
"Marquette U.",233,"social sciences","Federal",0
"Marquette U.",233,"sciences nec","Federal",0
"Marquette U.",233,"engineering","Federal",7361000
"Marquette U.",233,"all non s e fields","Federal",609000
"Southern Methodist U.",234,"all r d expenditures","Federal",19986000
"Southern Methodist U.",234,"computer and information sciences","Federal",398000
"Southern Methodist U.",234,"geosciences atmospheric sciences and ocean sciences","Federal",4268000
"Southern Methodist U.",234,"life sciences","Federal",1378000
"Southern Methodist U.",234,"mathematics and statistics","Federal",1339000
"Southern Methodist U.",234,"physical sciences","Federal",2774000
"Southern Methodist U.",234,"psychology","Federal",1611000
"Southern Methodist U.",234,"social sciences","Federal",809000
"Southern Methodist U.",234,"sciences nec","Federal",803000
"Southern Methodist U.",234,"engineering","Federal",2612000
"Southern Methodist U.",234,"all non s e fields","Federal",3994000
"Marshall U.",235,"all r d expenditures","Federal",19797000
"Marshall U.",235,"computer and information sciences","Federal",269000
"Marshall U.",235,"geosciences atmospheric sciences and ocean sciences","Federal",320000
"Marshall U.",235,"life sciences","Federal",13321000
"Marshall U.",235,"mathematics and statistics","Federal",17000
"Marshall U.",235,"physical sciences","Federal",1229000
"Marshall U.",235,"psychology","Federal",0
"Marshall U.",235,"social sciences","Federal",43000
"Marshall U.",235,"sciences nec","Federal",0
"Marshall U.",235,"engineering","Federal",3993000
"Marshall U.",235,"all non s e fields","Federal",605000
"U.S. Military Academy",236,"all r d expenditures","Federal",19390000
"U.S. Military Academy",236,"computer and information sciences","Federal",3770000
"U.S. Military Academy",236,"geosciences atmospheric sciences and ocean sciences","Federal",138000
"U.S. Military Academy",236,"life sciences","Federal",120000
"U.S. Military Academy",236,"mathematics and statistics","Federal",2059000
"U.S. Military Academy",236,"physical sciences","Federal",408000
"U.S. Military Academy",236,"psychology","Federal",109000
"U.S. Military Academy",236,"social sciences","Federal",5331000
"U.S. Military Academy",236,"sciences nec","Federal",0
"U.S. Military Academy",236,"engineering","Federal",7214000
"U.S. Military Academy",236,"all non s e fields","Federal",241000
"California State U., Northridge",237,"all r d expenditures","Federal",19169000
"California State U., Northridge",237,"computer and information sciences","Federal",269000
"California State U., Northridge",237,"geosciences atmospheric sciences and ocean sciences","Federal",1670000
"California State U., Northridge",237,"life sciences","Federal",5783000
"California State U., Northridge",237,"mathematics and statistics","Federal",371000
"California State U., Northridge",237,"physical sciences","Federal",7252000
"California State U., Northridge",237,"psychology","Federal",440000
"California State U., Northridge",237,"social sciences","Federal",494000
"California State U., Northridge",237,"sciences nec","Federal",242000
"California State U., Northridge",237,"engineering","Federal",1911000
"California State U., Northridge",237,"all non s e fields","Federal",737000
"U. of the Virgin Islands",238,"all r d expenditures","Federal",19127000
"U. of the Virgin Islands",238,"computer and information sciences","Federal",267000
"U. of the Virgin Islands",238,"geosciences atmospheric sciences and ocean sciences","Federal",8544000
"U. of the Virgin Islands",238,"life sciences","Federal",7183000
"U. of the Virgin Islands",238,"mathematics and statistics","Federal",679000
"U. of the Virgin Islands",238,"physical sciences","Federal",1130000
"U. of the Virgin Islands",238,"psychology","Federal",0
"U. of the Virgin Islands",238,"social sciences","Federal",534000
"U. of the Virgin Islands",238,"sciences nec","Federal",0
"U. of the Virgin Islands",238,"engineering","Federal",790000
"U. of the Virgin Islands",238,"all non s e fields","Federal",0
"Wright State U.",239,"all r d expenditures","Federal",19081000
"Wright State U.",239,"computer and information sciences","Federal",5015000
"Wright State U.",239,"geosciences atmospheric sciences and ocean sciences","Federal",138000
"Wright State U.",239,"life sciences","Federal",8346000
"Wright State U.",239,"mathematics and statistics","Federal",32000
"Wright State U.",239,"physical sciences","Federal",582000
"Wright State U.",239,"psychology","Federal",1236000
"Wright State U.",239,"social sciences","Federal",0
"Wright State U.",239,"sciences nec","Federal",17000
"Wright State U.",239,"engineering","Federal",3694000
"Wright State U.",239,"all non s e fields","Federal",21000
"U. Guam",240,"all r d expenditures","Federal",18992000
"U. Guam",240,"computer and information sciences","Federal",0
"U. Guam",240,"geosciences atmospheric sciences and ocean sciences","Federal",7610000
"U. Guam",240,"life sciences","Federal",10272000
"U. Guam",240,"mathematics and statistics","Federal",155000
"U. Guam",240,"physical sciences","Federal",266000
"U. Guam",240,"psychology","Federal",0
"U. Guam",240,"social sciences","Federal",116000
"U. Guam",240,"sciences nec","Federal",0
"U. Guam",240,"engineering","Federal",0
"U. Guam",240,"all non s e fields","Federal",573000
"Louisiana State U., Health Sciences Center, Shreveport",241,"all r d expenditures","Federal",18742000
"Louisiana State U., Health Sciences Center, Shreveport",241,"computer and information sciences","Federal",0
"Louisiana State U., Health Sciences Center, Shreveport",241,"geosciences atmospheric sciences and ocean sciences","Federal",0
"Louisiana State U., Health Sciences Center, Shreveport",241,"life sciences","Federal",18742000
"Louisiana State U., Health Sciences Center, Shreveport",241,"mathematics and statistics","Federal",0
"Louisiana State U., Health Sciences Center, Shreveport",241,"physical sciences","Federal",0
"Louisiana State U., Health Sciences Center, Shreveport",241,"psychology","Federal",0
"Louisiana State U., Health Sciences Center, Shreveport",241,"social sciences","Federal",0
"Louisiana State U., Health Sciences Center, Shreveport",241,"sciences nec","Federal",0
"Louisiana State U., Health Sciences Center, Shreveport",241,"engineering","Federal",0
"Louisiana State U., Health Sciences Center, Shreveport",241,"all non s e fields","Federal",0
"Rowan U.",242,"all r d expenditures","Federal",18454000
"Rowan U.",242,"computer and information sciences","Federal",63000
"Rowan U.",242,"geosciences atmospheric sciences and ocean sciences","Federal",253000
"Rowan U.",242,"life sciences","Federal",4575000
"Rowan U.",242,"mathematics and statistics","Federal",464000
"Rowan U.",242,"physical sciences","Federal",2031000
"Rowan U.",242,"psychology","Federal",806000
"Rowan U.",242,"social sciences","Federal",292000
"Rowan U.",242,"sciences nec","Federal",139000
"Rowan U.",242,"engineering","Federal",9769000
"Rowan U.",242,"all non s e fields","Federal",62000
"Meharry Medical C.",243,"all r d expenditures","Federal",18398000
"Meharry Medical C.",243,"computer and information sciences","Federal",508000
"Meharry Medical C.",243,"geosciences atmospheric sciences and ocean sciences","Federal",0
"Meharry Medical C.",243,"life sciences","Federal",17890000
"Meharry Medical C.",243,"mathematics and statistics","Federal",0
"Meharry Medical C.",243,"physical sciences","Federal",0
"Meharry Medical C.",243,"psychology","Federal",0
"Meharry Medical C.",243,"social sciences","Federal",0
"Meharry Medical C.",243,"sciences nec","Federal",0
"Meharry Medical C.",243,"engineering","Federal",0
"Meharry Medical C.",243,"all non s e fields","Federal",0
"Kent State U.",244,"all r d expenditures","Federal",17959000
"Kent State U.",244,"computer and information sciences","Federal",1108000
"Kent State U.",244,"geosciences atmospheric sciences and ocean sciences","Federal",520000
"Kent State U.",244,"life sciences","Federal",5229000
"Kent State U.",244,"mathematics and statistics","Federal",135000
"Kent State U.",244,"physical sciences","Federal",4710000
"Kent State U.",244,"psychology","Federal",2294000
"Kent State U.",244,"social sciences","Federal",993000
"Kent State U.",244,"sciences nec","Federal",478000
"Kent State U.",244,"engineering","Federal",574000
"Kent State U.",244,"all non s e fields","Federal",1918000
"U. West Florida",245,"all r d expenditures","Federal",17954000
"U. West Florida",245,"computer and information sciences","Federal",5663000
"U. West Florida",245,"geosciences atmospheric sciences and ocean sciences","Federal",0
"U. West Florida",245,"life sciences","Federal",857000
"U. West Florida",245,"mathematics and statistics","Federal",0
"U. West Florida",245,"physical sciences","Federal",904000
"U. West Florida",245,"psychology","Federal",0
"U. West Florida",245,"social sciences","Federal",87000
"U. West Florida",245,"sciences nec","Federal",0
"U. West Florida",245,"engineering","Federal",647000
"U. West Florida",245,"all non s e fields","Federal",9796000
"Eastern Virginia Medical School",246,"all r d expenditures","Federal",17947000
"Eastern Virginia Medical School",246,"computer and information sciences","Federal",0
"Eastern Virginia Medical School",246,"geosciences atmospheric sciences and ocean sciences","Federal",0
"Eastern Virginia Medical School",246,"life sciences","Federal",17947000
"Eastern Virginia Medical School",246,"mathematics and statistics","Federal",0
"Eastern Virginia Medical School",246,"physical sciences","Federal",0
"Eastern Virginia Medical School",246,"psychology","Federal",0
"Eastern Virginia Medical School",246,"social sciences","Federal",0
"Eastern Virginia Medical School",246,"sciences nec","Federal",0
"Eastern Virginia Medical School",246,"engineering","Federal",0
"Eastern Virginia Medical School",246,"all non s e fields","Federal",0
"CUNY, Queens C.",247,"all r d expenditures","Federal",17811000
"CUNY, Queens C.",247,"computer and information sciences","Federal",223000
"CUNY, Queens C.",247,"geosciences atmospheric sciences and ocean sciences","Federal",342000
"CUNY, Queens C.",247,"life sciences","Federal",12748000
"CUNY, Queens C.",247,"mathematics and statistics","Federal",189000
"CUNY, Queens C.",247,"physical sciences","Federal",1455000
"CUNY, Queens C.",247,"psychology","Federal",1665000
"CUNY, Queens C.",247,"social sciences","Federal",786000
"CUNY, Queens C.",247,"sciences nec","Federal",0
"CUNY, Queens C.",247,"engineering","Federal",0
"CUNY, Queens C.",247,"all non s e fields","Federal",403000
"Texas A&M U.-Corpus Christi",248,"all r d expenditures","Federal",17742000
"Texas A&M U.-Corpus Christi",248,"computer and information sciences","Federal",381000
"Texas A&M U.-Corpus Christi",248,"geosciences atmospheric sciences and ocean sciences","Federal",7728000
"Texas A&M U.-Corpus Christi",248,"life sciences","Federal",2755000
"Texas A&M U.-Corpus Christi",248,"mathematics and statistics","Federal",78000
"Texas A&M U.-Corpus Christi",248,"physical sciences","Federal",1297000
"Texas A&M U.-Corpus Christi",248,"psychology","Federal",0
"Texas A&M U.-Corpus Christi",248,"social sciences","Federal",893000
"Texas A&M U.-Corpus Christi",248,"sciences nec","Federal",762000
"Texas A&M U.-Corpus Christi",248,"engineering","Federal",1905000
"Texas A&M U.-Corpus Christi",248,"all non s e fields","Federal",1943000
"American U.",249,"all r d expenditures","Federal",17462000
"American U.",249,"computer and information sciences","Federal",92000
"American U.",249,"geosciences atmospheric sciences and ocean sciences","Federal",539000
"American U.",249,"life sciences","Federal",345000
"American U.",249,"mathematics and statistics","Federal",514000
"American U.",249,"physical sciences","Federal",3433000
"American U.",249,"psychology","Federal",209000
"American U.",249,"social sciences","Federal",3759000
"American U.",249,"sciences nec","Federal",1728000
"American U.",249,"engineering","Federal",0
"American U.",249,"all non s e fields","Federal",6843000
"Southern Illinois U., Carbondale",250,"all r d expenditures","Federal",17209000
"Southern Illinois U., Carbondale",250,"computer and information sciences","Federal",89000
"Southern Illinois U., Carbondale",250,"geosciences atmospheric sciences and ocean sciences","Federal",1264000
"Southern Illinois U., Carbondale",250,"life sciences","Federal",12717000
"Southern Illinois U., Carbondale",250,"mathematics and statistics","Federal",24000
"Southern Illinois U., Carbondale",250,"physical sciences","Federal",1263000
"Southern Illinois U., Carbondale",250,"psychology","Federal",59000
"Southern Illinois U., Carbondale",250,"social sciences","Federal",314000
"Southern Illinois U., Carbondale",250,"sciences nec","Federal",432000
"Southern Illinois U., Carbondale",250,"engineering","Federal",865000
"Southern Illinois U., Carbondale",250,"all non s e fields","Federal",182000
"U. Colorado Denver",251,"all r d expenditures","Federal",17181000
"U. Colorado Denver",251,"computer and information sciences","Federal",554000
"U. Colorado Denver",251,"geosciences atmospheric sciences and ocean sciences","Federal",887000
"U. Colorado Denver",251,"life sciences","Federal",3659000
"U. Colorado Denver",251,"mathematics and statistics","Federal",1533000
"U. Colorado Denver",251,"physical sciences","Federal",1809000
"U. Colorado Denver",251,"psychology","Federal",673000
"U. Colorado Denver",251,"social sciences","Federal",288000
"U. Colorado Denver",251,"sciences nec","Federal",16000
"U. Colorado Denver",251,"engineering","Federal",3868000
"U. Colorado Denver",251,"all non s e fields","Federal",3894000
"Baylor U.",252,"all r d expenditures","Federal",17147000
"Baylor U.",252,"computer and information sciences","Federal",642000
"Baylor U.",252,"geosciences atmospheric sciences and ocean sciences","Federal",985000
"Baylor U.",252,"life sciences","Federal",4988000
"Baylor U.",252,"mathematics and statistics","Federal",643000
"Baylor U.",252,"physical sciences","Federal",4451000
"Baylor U.",252,"psychology","Federal",1124000
"Baylor U.",252,"social sciences","Federal",1194000
"Baylor U.",252,"sciences nec","Federal",0
"Baylor U.",252,"engineering","Federal",2815000
"Baylor U.",252,"all non s e fields","Federal",305000
"San Francisco State U.",253,"all r d expenditures","Federal",16507000
"San Francisco State U.",253,"computer and information sciences","Federal",1061000
"San Francisco State U.",253,"geosciences atmospheric sciences and ocean sciences","Federal",1102000
"San Francisco State U.",253,"life sciences","Federal",9597000
"San Francisco State U.",253,"mathematics and statistics","Federal",259000
"San Francisco State U.",253,"physical sciences","Federal",1151000
"San Francisco State U.",253,"psychology","Federal",222000
"San Francisco State U.",253,"social sciences","Federal",1034000
"San Francisco State U.",253,"sciences nec","Federal",1187000
"San Francisco State U.",253,"engineering","Federal",613000
"San Francisco State U.",253,"all non s e fields","Federal",281000
"Jackson State U.",254,"all r d expenditures","Federal",16443000
"Jackson State U.",254,"computer and information sciences","Federal",271000
"Jackson State U.",254,"geosciences atmospheric sciences and ocean sciences","Federal",0
"Jackson State U.",254,"life sciences","Federal",5512000
"Jackson State U.",254,"mathematics and statistics","Federal",91000
"Jackson State U.",254,"physical sciences","Federal",6754000
"Jackson State U.",254,"psychology","Federal",107000
"Jackson State U.",254,"social sciences","Federal",370000
"Jackson State U.",254,"sciences nec","Federal",160000
"Jackson State U.",254,"engineering","Federal",2669000
"Jackson State U.",254,"all non s e fields","Federal",509000
"Rutgers, State U. New Jersey, Newark",255,"all r d expenditures","Federal",16315000
"Rutgers, State U. New Jersey, Newark",255,"computer and information sciences","Federal",996000
"Rutgers, State U. New Jersey, Newark",255,"geosciences atmospheric sciences and ocean sciences","Federal",1983000
"Rutgers, State U. New Jersey, Newark",255,"life sciences","Federal",7908000
"Rutgers, State U. New Jersey, Newark",255,"mathematics and statistics","Federal",0
"Rutgers, State U. New Jersey, Newark",255,"physical sciences","Federal",2839000
"Rutgers, State U. New Jersey, Newark",255,"psychology","Federal",417000
"Rutgers, State U. New Jersey, Newark",255,"social sciences","Federal",952000
"Rutgers, State U. New Jersey, Newark",255,"sciences nec","Federal",0
"Rutgers, State U. New Jersey, Newark",255,"engineering","Federal",0
"Rutgers, State U. New Jersey, Newark",255,"all non s e fields","Federal",1220000
"U. Puerto Rico, Rio Piedras",256,"all r d expenditures","Federal",16053000
"U. Puerto Rico, Rio Piedras",256,"computer and information sciences","Federal",467000
"U. Puerto Rico, Rio Piedras",256,"geosciences atmospheric sciences and ocean sciences","Federal",2289000
"U. Puerto Rico, Rio Piedras",256,"life sciences","Federal",2477000
"U. Puerto Rico, Rio Piedras",256,"mathematics and statistics","Federal",124000
"U. Puerto Rico, Rio Piedras",256,"physical sciences","Federal",4606000
"U. Puerto Rico, Rio Piedras",256,"psychology","Federal",76000
"U. Puerto Rico, Rio Piedras",256,"social sciences","Federal",78000
"U. Puerto Rico, Rio Piedras",256,"sciences nec","Federal",3200000
"U. Puerto Rico, Rio Piedras",256,"engineering","Federal",2580000
"U. Puerto Rico, Rio Piedras",256,"all non s e fields","Federal",156000
"Tuskegee U.",257,"all r d expenditures","Federal",16023000
"Tuskegee U.",257,"computer and information sciences","Federal",923000
"Tuskegee U.",257,"geosciences atmospheric sciences and ocean sciences","Federal",0
"Tuskegee U.",257,"life sciences","Federal",9529000
"Tuskegee U.",257,"mathematics and statistics","Federal",616000
"Tuskegee U.",257,"physical sciences","Federal",2135000
"Tuskegee U.",257,"psychology","Federal",0
"Tuskegee U.",257,"social sciences","Federal",5000
"Tuskegee U.",257,"sciences nec","Federal",472000
"Tuskegee U.",257,"engineering","Federal",2326000
"Tuskegee U.",257,"all non s e fields","Federal",17000
"Tennessee State U.",258,"all r d expenditures","Federal",15983000
"Tennessee State U.",258,"computer and information sciences","Federal",340000
"Tennessee State U.",258,"geosciences atmospheric sciences and ocean sciences","Federal",0
"Tennessee State U.",258,"life sciences","Federal",11384000
"Tennessee State U.",258,"mathematics and statistics","Federal",0
"Tennessee State U.",258,"physical sciences","Federal",369000
"Tennessee State U.",258,"psychology","Federal",129000
"Tennessee State U.",258,"social sciences","Federal",0
"Tennessee State U.",258,"sciences nec","Federal",0
"Tennessee State U.",258,"engineering","Federal",2781000
"Tennessee State U.",258,"all non s e fields","Federal",980000
"U. Maryland Center for Environmental Science",259,"all r d expenditures","Federal",15378000
"U. Maryland Center for Environmental Science",259,"computer and information sciences","Federal",0
"U. Maryland Center for Environmental Science",259,"geosciences atmospheric sciences and ocean sciences","Federal",7975000
"U. Maryland Center for Environmental Science",259,"life sciences","Federal",6056000
"U. Maryland Center for Environmental Science",259,"mathematics and statistics","Federal",0
"U. Maryland Center for Environmental Science",259,"physical sciences","Federal",132000
"U. Maryland Center for Environmental Science",259,"psychology","Federal",0
"U. Maryland Center for Environmental Science",259,"social sciences","Federal",318000
"U. Maryland Center for Environmental Science",259,"sciences nec","Federal",150000
"U. Maryland Center for Environmental Science",259,"engineering","Federal",0
"U. Maryland Center for Environmental Science",259,"all non s e fields","Federal",747000
"North Carolina Central U.",260,"all r d expenditures","Federal",15188000
"North Carolina Central U.",260,"computer and information sciences","Federal",0
"North Carolina Central U.",260,"geosciences atmospheric sciences and ocean sciences","Federal",205000
"North Carolina Central U.",260,"life sciences","Federal",6771000
"North Carolina Central U.",260,"mathematics and statistics","Federal",0
"North Carolina Central U.",260,"physical sciences","Federal",5092000
"North Carolina Central U.",260,"psychology","Federal",0
"North Carolina Central U.",260,"social sciences","Federal",233000
"North Carolina Central U.",260,"sciences nec","Federal",70000
"North Carolina Central U.",260,"engineering","Federal",1545000
"North Carolina Central U.",260,"all non s e fields","Federal",1272000
"California Polytechnic State U., San Luis Obispo",261,"all r d expenditures","Federal",14810000
"California Polytechnic State U., San Luis Obispo",261,"computer and information sciences","Federal",178000
"California Polytechnic State U., San Luis Obispo",261,"geosciences atmospheric sciences and ocean sciences","Federal",1038000
"California Polytechnic State U., San Luis Obispo",261,"life sciences","Federal",3644000
"California Polytechnic State U., San Luis Obispo",261,"mathematics and statistics","Federal",2359000
"California Polytechnic State U., San Luis Obispo",261,"physical sciences","Federal",1523000
"California Polytechnic State U., San Luis Obispo",261,"psychology","Federal",0
"California Polytechnic State U., San Luis Obispo",261,"social sciences","Federal",164000
"California Polytechnic State U., San Luis Obispo",261,"sciences nec","Federal",0
"California Polytechnic State U., San Luis Obispo",261,"engineering","Federal",4584000
"California Polytechnic State U., San Luis Obispo",261,"all non s e fields","Federal",1320000
"Texas Tech U., Health Sciences Center",262,"all r d expenditures","Federal",14732000
"Texas Tech U., Health Sciences Center",262,"computer and information sciences","Federal",0
"Texas Tech U., Health Sciences Center",262,"geosciences atmospheric sciences and ocean sciences","Federal",0
"Texas Tech U., Health Sciences Center",262,"life sciences","Federal",14679000
"Texas Tech U., Health Sciences Center",262,"mathematics and statistics","Federal",0
"Texas Tech U., Health Sciences Center",262,"physical sciences","Federal",0
"Texas Tech U., Health Sciences Center",262,"psychology","Federal",0
"Texas Tech U., Health Sciences Center",262,"social sciences","Federal",0
"Texas Tech U., Health Sciences Center",262,"sciences nec","Federal",0
"Texas Tech U., Health Sciences Center",262,"engineering","Federal",0
"Texas Tech U., Health Sciences Center",262,"all non s e fields","Federal",53000
"South Dakota School of Mines and Technology",263,"all r d expenditures","Federal",14640000
"South Dakota School of Mines and Technology",263,"computer and information sciences","Federal",257000
"South Dakota School of Mines and Technology",263,"geosciences atmospheric sciences and ocean sciences","Federal",0
"South Dakota School of Mines and Technology",263,"life sciences","Federal",0
"South Dakota School of Mines and Technology",263,"mathematics and statistics","Federal",95000
"South Dakota School of Mines and Technology",263,"physical sciences","Federal",3214000
"South Dakota School of Mines and Technology",263,"psychology","Federal",0
"South Dakota School of Mines and Technology",263,"social sciences","Federal",0
"South Dakota School of Mines and Technology",263,"sciences nec","Federal",0
"South Dakota School of Mines and Technology",263,"engineering","Federal",11074000
"South Dakota School of Mines and Technology",263,"all non s e fields","Federal",0
"Albany Medical C.",264,"all r d expenditures","Federal",14193000
"Albany Medical C.",264,"computer and information sciences","Federal",0
"Albany Medical C.",264,"geosciences atmospheric sciences and ocean sciences","Federal",0
"Albany Medical C.",264,"life sciences","Federal",14193000
"Albany Medical C.",264,"mathematics and statistics","Federal",0
"Albany Medical C.",264,"physical sciences","Federal",0
"Albany Medical C.",264,"psychology","Federal",0
"Albany Medical C.",264,"social sciences","Federal",0
"Albany Medical C.",264,"sciences nec","Federal",0
"Albany Medical C.",264,"engineering","Federal",0
"Albany Medical C.",264,"all non s e fields","Federal",0
"U. Hawaii, system office",265,"all r d expenditures","Federal",14150000
"U. Hawaii, system office",265,"computer and information sciences","Federal",574000
"U. Hawaii, system office",265,"geosciences atmospheric sciences and ocean sciences","Federal",13576000
"U. Hawaii, system office",265,"life sciences","Federal",0
"U. Hawaii, system office",265,"mathematics and statistics","Federal",0
"U. Hawaii, system office",265,"physical sciences","Federal",0
"U. Hawaii, system office",265,"psychology","Federal",0
"U. Hawaii, system office",265,"social sciences","Federal",0
"U. Hawaii, system office",265,"sciences nec","Federal",0
"U. Hawaii, system office",265,"engineering","Federal",0
"U. Hawaii, system office",265,"all non s e fields","Federal",0
"U. South Dakota",266,"all r d expenditures","Federal",14101000
"U. South Dakota",266,"computer and information sciences","Federal",226000
"U. South Dakota",266,"geosciences atmospheric sciences and ocean sciences","Federal",0
"U. South Dakota",266,"life sciences","Federal",9622000
"U. South Dakota",266,"mathematics and statistics","Federal",0
"U. South Dakota",266,"physical sciences","Federal",2467000
"U. South Dakota",266,"psychology","Federal",859000
"U. South Dakota",266,"social sciences","Federal",34000
"U. South Dakota",266,"sciences nec","Federal",0
"U. South Dakota",266,"engineering","Federal",653000
"U. South Dakota",266,"all non s e fields","Federal",240000
"California State U., Long Beach",267,"all r d expenditures","Federal",13758000
"California State U., Long Beach",267,"computer and information sciences","Federal",165000
"California State U., Long Beach",267,"geosciences atmospheric sciences and ocean sciences","Federal",406000
"California State U., Long Beach",267,"life sciences","Federal",5512000
"California State U., Long Beach",267,"mathematics and statistics","Federal",265000
"California State U., Long Beach",267,"physical sciences","Federal",2589000
"California State U., Long Beach",267,"psychology","Federal",1845000
"California State U., Long Beach",267,"social sciences","Federal",662000
"California State U., Long Beach",267,"sciences nec","Federal",0
"California State U., Long Beach",267,"engineering","Federal",1897000
"California State U., Long Beach",267,"all non s e fields","Federal",417000
"U. Massachusetts, Dartmouth",268,"all r d expenditures","Federal",13742000
"U. Massachusetts, Dartmouth",268,"computer and information sciences","Federal",1102000
"U. Massachusetts, Dartmouth",268,"geosciences atmospheric sciences and ocean sciences","Federal",6699000
"U. Massachusetts, Dartmouth",268,"life sciences","Federal",213000
"U. Massachusetts, Dartmouth",268,"mathematics and statistics","Federal",975000
"U. Massachusetts, Dartmouth",268,"physical sciences","Federal",520000
"U. Massachusetts, Dartmouth",268,"psychology","Federal",0
"U. Massachusetts, Dartmouth",268,"social sciences","Federal",91000
"U. Massachusetts, Dartmouth",268,"sciences nec","Federal",0
"U. Massachusetts, Dartmouth",268,"engineering","Federal",3203000
"U. Massachusetts, Dartmouth",268,"all non s e fields","Federal",939000
"Illinois State U.",269,"all r d expenditures","Federal",13612000
"Illinois State U.",269,"computer and information sciences","Federal",259000
"Illinois State U.",269,"geosciences atmospheric sciences and ocean sciences","Federal",504000
"Illinois State U.",269,"life sciences","Federal",4438000
"Illinois State U.",269,"mathematics and statistics","Federal",197000
"Illinois State U.",269,"physical sciences","Federal",1711000
"Illinois State U.",269,"psychology","Federal",0
"Illinois State U.",269,"social sciences","Federal",0
"Illinois State U.",269,"sciences nec","Federal",0
"Illinois State U.",269,"engineering","Federal",0
"Illinois State U.",269,"all non s e fields","Federal",6503000
"CUNY, Graduate School of Public Health and Health Policy",270,"all r d expenditures","Federal",13413000
"CUNY, Graduate School of Public Health and Health Policy",270,"computer and information sciences","Federal",0
"CUNY, Graduate School of Public Health and Health Policy",270,"geosciences atmospheric sciences and ocean sciences","Federal",0
"CUNY, Graduate School of Public Health and Health Policy",270,"life sciences","Federal",12638000
"CUNY, Graduate School of Public Health and Health Policy",270,"mathematics and statistics","Federal",0
"CUNY, Graduate School of Public Health and Health Policy",270,"physical sciences","Federal",0
"CUNY, Graduate School of Public Health and Health Policy",270,"psychology","Federal",775000
"CUNY, Graduate School of Public Health and Health Policy",270,"social sciences","Federal",0
"CUNY, Graduate School of Public Health and Health Policy",270,"sciences nec","Federal",0
"CUNY, Graduate School of Public Health and Health Policy",270,"engineering","Federal",0
"CUNY, Graduate School of Public Health and Health Policy",270,"all non s e fields","Federal",0
"Charles R. Drew U. of Medicine and Science",271,"all r d expenditures","Federal",13297000
"Charles R. Drew U. of Medicine and Science",271,"computer and information sciences","Federal",0
"Charles R. Drew U. of Medicine and Science",271,"geosciences atmospheric sciences and ocean sciences","Federal",0
"Charles R. Drew U. of Medicine and Science",271,"life sciences","Federal",13297000
"Charles R. Drew U. of Medicine and Science",271,"mathematics and statistics","Federal",0
"Charles R. Drew U. of Medicine and Science",271,"physical sciences","Federal",0
"Charles R. Drew U. of Medicine and Science",271,"psychology","Federal",0
"Charles R. Drew U. of Medicine and Science",271,"social sciences","Federal",0
"Charles R. Drew U. of Medicine and Science",271,"sciences nec","Federal",0
"Charles R. Drew U. of Medicine and Science",271,"engineering","Federal",0
"Charles R. Drew U. of Medicine and Science",271,"all non s e fields","Federal",0
"Missouri State U.",272,"all r d expenditures","Federal",12973000
"Missouri State U.",272,"computer and information sciences","Federal",0
"Missouri State U.",272,"geosciences atmospheric sciences and ocean sciences","Federal",179000
"Missouri State U.",272,"life sciences","Federal",892000
"Missouri State U.",272,"mathematics and statistics","Federal",0
"Missouri State U.",272,"physical sciences","Federal",81000
"Missouri State U.",272,"psychology","Federal",57000
"Missouri State U.",272,"social sciences","Federal",84000
"Missouri State U.",272,"sciences nec","Federal",0
"Missouri State U.",272,"engineering","Federal",11680000
"Missouri State U.",272,"all non s e fields","Federal",0
"Xavier U. Louisiana",273,"all r d expenditures","Federal",12833000
"Xavier U. Louisiana",273,"computer and information sciences","Federal",539000
"Xavier U. Louisiana",273,"geosciences atmospheric sciences and ocean sciences","Federal",0
"Xavier U. Louisiana",273,"life sciences","Federal",4457000
"Xavier U. Louisiana",273,"mathematics and statistics","Federal",0
"Xavier U. Louisiana",273,"physical sciences","Federal",7608000
"Xavier U. Louisiana",273,"psychology","Federal",0
"Xavier U. Louisiana",273,"social sciences","Federal",91000
"Xavier U. Louisiana",273,"sciences nec","Federal",0
"Xavier U. Louisiana",273,"engineering","Federal",135000
"Xavier U. Louisiana",273,"all non s e fields","Federal",3000
"Creighton U.",274,"all r d expenditures","Federal",12681000
"Creighton U.",274,"computer and information sciences","Federal",728000
"Creighton U.",274,"geosciences atmospheric sciences and ocean sciences","Federal",0
"Creighton U.",274,"life sciences","Federal",9821000
"Creighton U.",274,"mathematics and statistics","Federal",191000
"Creighton U.",274,"physical sciences","Federal",1302000
"Creighton U.",274,"psychology","Federal",178000
"Creighton U.",274,"social sciences","Federal",226000
"Creighton U.",274,"sciences nec","Federal",0
"Creighton U.",274,"engineering","Federal",0
"Creighton U.",274,"all non s e fields","Federal",235000
"U. Alaska, Anchorage",275,"all r d expenditures","Federal",12646000
"U. Alaska, Anchorage",275,"computer and information sciences","Federal",62000
"U. Alaska, Anchorage",275,"geosciences atmospheric sciences and ocean sciences","Federal",1966000
"U. Alaska, Anchorage",275,"life sciences","Federal",6850000
"U. Alaska, Anchorage",275,"mathematics and statistics","Federal",0
"U. Alaska, Anchorage",275,"physical sciences","Federal",310000
"U. Alaska, Anchorage",275,"psychology","Federal",0
"U. Alaska, Anchorage",275,"social sciences","Federal",814000
"U. Alaska, Anchorage",275,"sciences nec","Federal",1215000
"U. Alaska, Anchorage",275,"engineering","Federal",885000
"U. Alaska, Anchorage",275,"all non s e fields","Federal",544000
"Western Michigan U. and Homer Stryker M.D. School of Medicine",276,"all r d expenditures","Federal",12631000
"Western Michigan U. and Homer Stryker M.D. School of Medicine",276,"computer and information sciences","Federal",83000
"Western Michigan U. and Homer Stryker M.D. School of Medicine",276,"geosciences atmospheric sciences and ocean sciences","Federal",8e+05
"Western Michigan U. and Homer Stryker M.D. School of Medicine",276,"life sciences","Federal",2126000
"Western Michigan U. and Homer Stryker M.D. School of Medicine",276,"mathematics and statistics","Federal",10000
"Western Michigan U. and Homer Stryker M.D. School of Medicine",276,"physical sciences","Federal",945000
"Western Michigan U. and Homer Stryker M.D. School of Medicine",276,"psychology","Federal",209000
"Western Michigan U. and Homer Stryker M.D. School of Medicine",276,"social sciences","Federal",106000
"Western Michigan U. and Homer Stryker M.D. School of Medicine",276,"sciences nec","Federal",73000
"Western Michigan U. and Homer Stryker M.D. School of Medicine",276,"engineering","Federal",4884000
"Western Michigan U. and Homer Stryker M.D. School of Medicine",276,"all non s e fields","Federal",3395000
"U. Texas Health Science Center, Tyler",277,"all r d expenditures","Federal",12555000
"U. Texas Health Science Center, Tyler",277,"computer and information sciences","Federal",0
"U. Texas Health Science Center, Tyler",277,"geosciences atmospheric sciences and ocean sciences","Federal",0
"U. Texas Health Science Center, Tyler",277,"life sciences","Federal",12555000
"U. Texas Health Science Center, Tyler",277,"mathematics and statistics","Federal",0
"U. Texas Health Science Center, Tyler",277,"physical sciences","Federal",0
"U. Texas Health Science Center, Tyler",277,"psychology","Federal",0
"U. Texas Health Science Center, Tyler",277,"social sciences","Federal",0
"U. Texas Health Science Center, Tyler",277,"sciences nec","Federal",0
"U. Texas Health Science Center, Tyler",277,"engineering","Federal",0
"U. Texas Health Science Center, Tyler",277,"all non s e fields","Federal",0
"Loma Linda U.",278,"all r d expenditures","Federal",12485000
"Loma Linda U.",278,"computer and information sciences","Federal",0
"Loma Linda U.",278,"geosciences atmospheric sciences and ocean sciences","Federal",0
"Loma Linda U.",278,"life sciences","Federal",11245000
"Loma Linda U.",278,"mathematics and statistics","Federal",0
"Loma Linda U.",278,"physical sciences","Federal",0
"Loma Linda U.",278,"psychology","Federal",1240000
"Loma Linda U.",278,"social sciences","Federal",0
"Loma Linda U.",278,"sciences nec","Federal",0
"Loma Linda U.",278,"engineering","Federal",0
"Loma Linda U.",278,"all non s e fields","Federal",0
"Prairie View A&M U.",279,"all r d expenditures","Federal",12354000
"Prairie View A&M U.",279,"computer and information sciences","Federal",538000
"Prairie View A&M U.",279,"geosciences atmospheric sciences and ocean sciences","Federal",2000
"Prairie View A&M U.",279,"life sciences","Federal",5935000
"Prairie View A&M U.",279,"mathematics and statistics","Federal",40000
"Prairie View A&M U.",279,"physical sciences","Federal",1287000
"Prairie View A&M U.",279,"psychology","Federal",0
"Prairie View A&M U.",279,"social sciences","Federal",368000
"Prairie View A&M U.",279,"sciences nec","Federal",0
"Prairie View A&M U.",279,"engineering","Federal",3799000
"Prairie View A&M U.",279,"all non s e fields","Federal",385000
"U. Puerto Rico, Mayaguez",280,"all r d expenditures","Federal",12260000
"U. Puerto Rico, Mayaguez",280,"computer and information sciences","Federal",296000
"U. Puerto Rico, Mayaguez",280,"geosciences atmospheric sciences and ocean sciences","Federal",1913000
"U. Puerto Rico, Mayaguez",280,"life sciences","Federal",366000
"U. Puerto Rico, Mayaguez",280,"mathematics and statistics","Federal",0
"U. Puerto Rico, Mayaguez",280,"physical sciences","Federal",1857000
"U. Puerto Rico, Mayaguez",280,"psychology","Federal",0
"U. Puerto Rico, Mayaguez",280,"social sciences","Federal",172000
"U. Puerto Rico, Mayaguez",280,"sciences nec","Federal",0
"U. Puerto Rico, Mayaguez",280,"engineering","Federal",6545000
"U. Puerto Rico, Mayaguez",280,"all non s e fields","Federal",1111000
"Alabama A&M U.",281,"all r d expenditures","Federal",12197000
"Alabama A&M U.",281,"computer and information sciences","Federal",479000
"Alabama A&M U.",281,"geosciences atmospheric sciences and ocean sciences","Federal",0
"Alabama A&M U.",281,"life sciences","Federal",7171000
"Alabama A&M U.",281,"mathematics and statistics","Federal",101000
"Alabama A&M U.",281,"physical sciences","Federal",978000
"Alabama A&M U.",281,"psychology","Federal",258000
"Alabama A&M U.",281,"social sciences","Federal",290000
"Alabama A&M U.",281,"sciences nec","Federal",0
"Alabama A&M U.",281,"engineering","Federal",2462000
"Alabama A&M U.",281,"all non s e fields","Federal",458000
"CUNY, Advanced Science Research Center",282,"all r d expenditures","Federal",11916000
"CUNY, Advanced Science Research Center",282,"computer and information sciences","Federal",0
"CUNY, Advanced Science Research Center",282,"geosciences atmospheric sciences and ocean sciences","Federal",267000
"CUNY, Advanced Science Research Center",282,"life sciences","Federal",3954000
"CUNY, Advanced Science Research Center",282,"mathematics and statistics","Federal",0
"CUNY, Advanced Science Research Center",282,"physical sciences","Federal",6092000
"CUNY, Advanced Science Research Center",282,"psychology","Federal",0
"CUNY, Advanced Science Research Center",282,"social sciences","Federal",0
"CUNY, Advanced Science Research Center",282,"sciences nec","Federal",0
"CUNY, Advanced Science Research Center",282,"engineering","Federal",1603000
"CUNY, Advanced Science Research Center",282,"all non s e fields","Federal",0
"Teachers C., Columbia U.",283,"all r d expenditures","Federal",11871000
"Teachers C., Columbia U.",283,"computer and information sciences","Federal",1788000
"Teachers C., Columbia U.",283,"geosciences atmospheric sciences and ocean sciences","Federal",0
"Teachers C., Columbia U.",283,"life sciences","Federal",1843000
"Teachers C., Columbia U.",283,"mathematics and statistics","Federal",0
"Teachers C., Columbia U.",283,"physical sciences","Federal",0
"Teachers C., Columbia U.",283,"psychology","Federal",546000
"Teachers C., Columbia U.",283,"social sciences","Federal",7694000
"Teachers C., Columbia U.",283,"sciences nec","Federal",0
"Teachers C., Columbia U.",283,"engineering","Federal",0
"Teachers C., Columbia U.",283,"all non s e fields","Federal",0
"Nova Southeastern U.",284,"all r d expenditures","Federal",11637000
"Nova Southeastern U.",284,"computer and information sciences","Federal",454000
"Nova Southeastern U.",284,"geosciences atmospheric sciences and ocean sciences","Federal",4795000
"Nova Southeastern U.",284,"life sciences","Federal",6019000
"Nova Southeastern U.",284,"mathematics and statistics","Federal",0
"Nova Southeastern U.",284,"physical sciences","Federal",0
"Nova Southeastern U.",284,"psychology","Federal",319000
"Nova Southeastern U.",284,"social sciences","Federal",0
"Nova Southeastern U.",284,"sciences nec","Federal",0
"Nova Southeastern U.",284,"engineering","Federal",0
"Nova Southeastern U.",284,"all non s e fields","Federal",50000
"Florida Institute of Technology",285,"all r d expenditures","Federal",11520000
"Florida Institute of Technology",285,"computer and information sciences","Federal",2930000
"Florida Institute of Technology",285,"geosciences atmospheric sciences and ocean sciences","Federal",2014000
"Florida Institute of Technology",285,"life sciences","Federal",1320000
"Florida Institute of Technology",285,"mathematics and statistics","Federal",120000
"Florida Institute of Technology",285,"physical sciences","Federal",1343000
"Florida Institute of Technology",285,"psychology","Federal",427000
"Florida Institute of Technology",285,"social sciences","Federal",0
"Florida Institute of Technology",285,"sciences nec","Federal",0
"Florida Institute of Technology",285,"engineering","Federal",3306000
"Florida Institute of Technology",285,"all non s e fields","Federal",60000
"California State U., Sacramento",286,"all r d expenditures","Federal",11284000
"California State U., Sacramento",286,"computer and information sciences","Federal",145000
"California State U., Sacramento",286,"geosciences atmospheric sciences and ocean sciences","Federal",747000
"California State U., Sacramento",286,"life sciences","Federal",451000
"California State U., Sacramento",286,"mathematics and statistics","Federal",26000
"California State U., Sacramento",286,"physical sciences","Federal",419000
"California State U., Sacramento",286,"psychology","Federal",98000
"California State U., Sacramento",286,"social sciences","Federal",1032000
"California State U., Sacramento",286,"sciences nec","Federal",282000
"California State U., Sacramento",286,"engineering","Federal",7114000
"California State U., Sacramento",286,"all non s e fields","Federal",970000
"Alcorn State U.",287,"all r d expenditures","Federal",10996000
"Alcorn State U.",287,"computer and information sciences","Federal",0
"Alcorn State U.",287,"geosciences atmospheric sciences and ocean sciences","Federal",0
"Alcorn State U.",287,"life sciences","Federal",6967000
"Alcorn State U.",287,"mathematics and statistics","Federal",0
"Alcorn State U.",287,"physical sciences","Federal",0
"Alcorn State U.",287,"psychology","Federal",0
"Alcorn State U.",287,"social sciences","Federal",2996000
"Alcorn State U.",287,"sciences nec","Federal",0
"Alcorn State U.",287,"engineering","Federal",1033000
"Alcorn State U.",287,"all non s e fields","Federal",0
"Texas Southern U.",288,"all r d expenditures","Federal",10969000
"Texas Southern U.",288,"computer and information sciences","Federal",91000
"Texas Southern U.",288,"geosciences atmospheric sciences and ocean sciences","Federal",0
"Texas Southern U.",288,"life sciences","Federal",7314000
"Texas Southern U.",288,"mathematics and statistics","Federal",120000
"Texas Southern U.",288,"physical sciences","Federal",1673000
"Texas Southern U.",288,"psychology","Federal",661000
"Texas Southern U.",288,"social sciences","Federal",0
"Texas Southern U.",288,"sciences nec","Federal",0
"Texas Southern U.",288,"engineering","Federal",69000
"Texas Southern U.",288,"all non s e fields","Federal",1041000
"Northern Illinois U.",289,"all r d expenditures","Federal",10849000
"Northern Illinois U.",289,"computer and information sciences","Federal",812000
"Northern Illinois U.",289,"geosciences atmospheric sciences and ocean sciences","Federal",1058000
"Northern Illinois U.",289,"life sciences","Federal",669000
"Northern Illinois U.",289,"mathematics and statistics","Federal",78000
"Northern Illinois U.",289,"physical sciences","Federal",4986000
"Northern Illinois U.",289,"psychology","Federal",513000
"Northern Illinois U.",289,"social sciences","Federal",43000
"Northern Illinois U.",289,"sciences nec","Federal",0
"Northern Illinois U.",289,"engineering","Federal",2193000
"Northern Illinois U.",289,"all non s e fields","Federal",497000
"East Tennessee State U.",290,"all r d expenditures","Federal",10776000
"East Tennessee State U.",290,"computer and information sciences","Federal",0
"East Tennessee State U.",290,"geosciences atmospheric sciences and ocean sciences","Federal",0
"East Tennessee State U.",290,"life sciences","Federal",10118000
"East Tennessee State U.",290,"mathematics and statistics","Federal",19000
"East Tennessee State U.",290,"physical sciences","Federal",397000
"East Tennessee State U.",290,"psychology","Federal",42000
"East Tennessee State U.",290,"social sciences","Federal",0
"East Tennessee State U.",290,"sciences nec","Federal",2000
"East Tennessee State U.",290,"engineering","Federal",0
"East Tennessee State U.",290,"all non s e fields","Federal",198000
"Miami U.",291,"all r d expenditures","Federal",10724000
"Miami U.",291,"computer and information sciences","Federal",318000
"Miami U.",291,"geosciences atmospheric sciences and ocean sciences","Federal",568000
"Miami U.",291,"life sciences","Federal",2817000
"Miami U.",291,"mathematics and statistics","Federal",70000
"Miami U.",291,"physical sciences","Federal",3444000
"Miami U.",291,"psychology","Federal",1070000
"Miami U.",291,"social sciences","Federal",252000
"Miami U.",291,"sciences nec","Federal",0
"Miami U.",291,"engineering","Federal",798000
"Miami U.",291,"all non s e fields","Federal",1387000
"U. Akron",292,"all r d expenditures","Federal",10709000
"U. Akron",292,"computer and information sciences","Federal",80000
"U. Akron",292,"geosciences atmospheric sciences and ocean sciences","Federal",162000
"U. Akron",292,"life sciences","Federal",699000
"U. Akron",292,"mathematics and statistics","Federal",58000
"U. Akron",292,"physical sciences","Federal",4844000
"U. Akron",292,"psychology","Federal",33000
"U. Akron",292,"social sciences","Federal",0
"U. Akron",292,"sciences nec","Federal",0
"U. Akron",292,"engineering","Federal",4733000
"U. Akron",292,"all non s e fields","Federal",1e+05
"Clarkson U.",293,"all r d expenditures","Federal",10611000
"Clarkson U.",293,"computer and information sciences","Federal",749000
"Clarkson U.",293,"geosciences atmospheric sciences and ocean sciences","Federal",70000
"Clarkson U.",293,"life sciences","Federal",1048000
"Clarkson U.",293,"mathematics and statistics","Federal",261000
"Clarkson U.",293,"physical sciences","Federal",1653000
"Clarkson U.",293,"psychology","Federal",0
"Clarkson U.",293,"social sciences","Federal",55000
"Clarkson U.",293,"sciences nec","Federal",0
"Clarkson U.",293,"engineering","Federal",6413000
"Clarkson U.",293,"all non s e fields","Federal",362000
"U.S. Naval Academy",294,"all r d expenditures","Federal",10260000
"U.S. Naval Academy",294,"computer and information sciences","Federal",968000
"U.S. Naval Academy",294,"geosciences atmospheric sciences and ocean sciences","Federal",438000
"U.S. Naval Academy",294,"life sciences","Federal",0
"U.S. Naval Academy",294,"mathematics and statistics","Federal",1016000
"U.S. Naval Academy",294,"physical sciences","Federal",1959000
"U.S. Naval Academy",294,"psychology","Federal",0
"U.S. Naval Academy",294,"social sciences","Federal",91000
"U.S. Naval Academy",294,"sciences nec","Federal",0
"U.S. Naval Academy",294,"engineering","Federal",5788000
"U.S. Naval Academy",294,"all non s e fields","Federal",0
"U. Maryland, Eastern Shore",295,"all r d expenditures","Federal",10201000
"U. Maryland, Eastern Shore",295,"computer and information sciences","Federal",0
"U. Maryland, Eastern Shore",295,"geosciences atmospheric sciences and ocean sciences","Federal",3188000
"U. Maryland, Eastern Shore",295,"life sciences","Federal",6935000
"U. Maryland, Eastern Shore",295,"mathematics and statistics","Federal",0
"U. Maryland, Eastern Shore",295,"physical sciences","Federal",15000
"U. Maryland, Eastern Shore",295,"psychology","Federal",0
"U. Maryland, Eastern Shore",295,"social sciences","Federal",0
"U. Maryland, Eastern Shore",295,"sciences nec","Federal",0
"U. Maryland, Eastern Shore",295,"engineering","Federal",63000
"U. Maryland, Eastern Shore",295,"all non s e fields","Federal",0
"Chapman U.",296,"all r d expenditures","Federal",10015000
"Chapman U.",296,"computer and information sciences","Federal",82000
"Chapman U.",296,"geosciences atmospheric sciences and ocean sciences","Federal",186000
"Chapman U.",296,"life sciences","Federal",6276000
"Chapman U.",296,"mathematics and statistics","Federal",0
"Chapman U.",296,"physical sciences","Federal",1511000
"Chapman U.",296,"psychology","Federal",853000
"Chapman U.",296,"social sciences","Federal",439000
"Chapman U.",296,"sciences nec","Federal",0
"Chapman U.",296,"engineering","Federal",228000
"Chapman U.",296,"all non s e fields","Federal",440000
"Tennessee Technological U.",297,"all r d expenditures","Federal",9975000
"Tennessee Technological U.",297,"computer and information sciences","Federal",2063000
"Tennessee Technological U.",297,"geosciences atmospheric sciences and ocean sciences","Federal",31000
"Tennessee Technological U.",297,"life sciences","Federal",2784000
"Tennessee Technological U.",297,"mathematics and statistics","Federal",0
"Tennessee Technological U.",297,"physical sciences","Federal",467000
"Tennessee Technological U.",297,"psychology","Federal",84000
"Tennessee Technological U.",297,"social sciences","Federal",27000
"Tennessee Technological U.",297,"sciences nec","Federal",0
"Tennessee Technological U.",297,"engineering","Federal",4141000
"Tennessee Technological U.",297,"all non s e fields","Federal",378000
"Florida Gulf Coast U.",298,"all r d expenditures","Federal",9858000
"Florida Gulf Coast U.",298,"computer and information sciences","Federal",0
"Florida Gulf Coast U.",298,"geosciences atmospheric sciences and ocean sciences","Federal",1245000
"Florida Gulf Coast U.",298,"life sciences","Federal",1573000
"Florida Gulf Coast U.",298,"mathematics and statistics","Federal",2000
"Florida Gulf Coast U.",298,"physical sciences","Federal",177000
"Florida Gulf Coast U.",298,"psychology","Federal",10000
"Florida Gulf Coast U.",298,"social sciences","Federal",23000
"Florida Gulf Coast U.",298,"sciences nec","Federal",0
"Florida Gulf Coast U.",298,"engineering","Federal",26000
"Florida Gulf Coast U.",298,"all non s e fields","Federal",6802000
"California State U., San Marcos",299,"all r d expenditures","Federal",9845000
"California State U., San Marcos",299,"computer and information sciences","Federal",609000
"California State U., San Marcos",299,"geosciences atmospheric sciences and ocean sciences","Federal",83000
"California State U., San Marcos",299,"life sciences","Federal",1265000
"California State U., San Marcos",299,"mathematics and statistics","Federal",52000
"California State U., San Marcos",299,"physical sciences","Federal",976000
"California State U., San Marcos",299,"psychology","Federal",744000
"California State U., San Marcos",299,"social sciences","Federal",14000
"California State U., San Marcos",299,"sciences nec","Federal",4469000
"California State U., San Marcos",299,"engineering","Federal",904000
"California State U., San Marcos",299,"all non s e fields","Federal",729000
"Oakland U.",300,"all r d expenditures","Federal",9600000
"Oakland U.",300,"computer and information sciences","Federal",843000
"Oakland U.",300,"geosciences atmospheric sciences and ocean sciences","Federal",0
"Oakland U.",300,"life sciences","Federal",4949000
"Oakland U.",300,"mathematics and statistics","Federal",63000
"Oakland U.",300,"physical sciences","Federal",2411000
"Oakland U.",300,"psychology","Federal",289000
"Oakland U.",300,"social sciences","Federal",0
"Oakland U.",300,"sciences nec","Federal",0
"Oakland U.",300,"engineering","Federal",1017000
"Oakland U.",300,"all non s e fields","Federal",28000
"Central Michigan U.",301,"all r d expenditures","Federal",9591000
"Central Michigan U.",301,"computer and information sciences","Federal",0
"Central Michigan U.",301,"geosciences atmospheric sciences and ocean sciences","Federal",647000
"Central Michigan U.",301,"life sciences","Federal",6079000
"Central Michigan U.",301,"mathematics and statistics","Federal",16000
"Central Michigan U.",301,"physical sciences","Federal",1960000
"Central Michigan U.",301,"psychology","Federal",70000
"Central Michigan U.",301,"social sciences","Federal",121000
"Central Michigan U.",301,"sciences nec","Federal",489000
"Central Michigan U.",301,"engineering","Federal",187000
"Central Michigan U.",301,"all non s e fields","Federal",22000
"Montana Technological U.",302,"all r d expenditures","Federal",9585000
"Montana Technological U.",302,"computer and information sciences","Federal",0
"Montana Technological U.",302,"geosciences atmospheric sciences and ocean sciences","Federal",4011000
"Montana Technological U.",302,"life sciences","Federal",492000
"Montana Technological U.",302,"mathematics and statistics","Federal",0
"Montana Technological U.",302,"physical sciences","Federal",31000
"Montana Technological U.",302,"psychology","Federal",0
"Montana Technological U.",302,"social sciences","Federal",0
"Montana Technological U.",302,"sciences nec","Federal",0
"Montana Technological U.",302,"engineering","Federal",5051000
"Montana Technological U.",302,"all non s e fields","Federal",0
"Texas A&M U.-Kingsville",303,"all r d expenditures","Federal",9584000
"Texas A&M U.-Kingsville",303,"computer and information sciences","Federal",784000
"Texas A&M U.-Kingsville",303,"geosciences atmospheric sciences and ocean sciences","Federal",0
"Texas A&M U.-Kingsville",303,"life sciences","Federal",3823000
"Texas A&M U.-Kingsville",303,"mathematics and statistics","Federal",0
"Texas A&M U.-Kingsville",303,"physical sciences","Federal",119000
"Texas A&M U.-Kingsville",303,"psychology","Federal",55000
"Texas A&M U.-Kingsville",303,"social sciences","Federal",24000
"Texas A&M U.-Kingsville",303,"sciences nec","Federal",0
"Texas A&M U.-Kingsville",303,"engineering","Federal",3690000
"Texas A&M U.-Kingsville",303,"all non s e fields","Federal",1089000
"Hampton U.",304,"all r d expenditures","Federal",9445000
"Hampton U.",304,"computer and information sciences","Federal",409000
"Hampton U.",304,"geosciences atmospheric sciences and ocean sciences","Federal",1880000
"Hampton U.",304,"life sciences","Federal",1745000
"Hampton U.",304,"mathematics and statistics","Federal",490000
"Hampton U.",304,"physical sciences","Federal",3898000
"Hampton U.",304,"psychology","Federal",0
"Hampton U.",304,"social sciences","Federal",139000
"Hampton U.",304,"sciences nec","Federal",0
"Hampton U.",304,"engineering","Federal",837000
"Hampton U.",304,"all non s e fields","Federal",47000
"SUNY, C. of Environmental Science and Forestry",305,"all r d expenditures","Federal",9231000
"SUNY, C. of Environmental Science and Forestry",305,"computer and information sciences","Federal",236000
"SUNY, C. of Environmental Science and Forestry",305,"geosciences atmospheric sciences and ocean sciences","Federal",518000
"SUNY, C. of Environmental Science and Forestry",305,"life sciences","Federal",6481000
"SUNY, C. of Environmental Science and Forestry",305,"mathematics and statistics","Federal",0
"SUNY, C. of Environmental Science and Forestry",305,"physical sciences","Federal",645000
"SUNY, C. of Environmental Science and Forestry",305,"psychology","Federal",26000
"SUNY, C. of Environmental Science and Forestry",305,"social sciences","Federal",61000
"SUNY, C. of Environmental Science and Forestry",305,"sciences nec","Federal",0
"SUNY, C. of Environmental Science and Forestry",305,"engineering","Federal",1013000
"SUNY, C. of Environmental Science and Forestry",305,"all non s e fields","Federal",251000
"Idaho State U.",306,"all r d expenditures","Federal",9230000
"Idaho State U.",306,"computer and information sciences","Federal",669000
"Idaho State U.",306,"geosciences atmospheric sciences and ocean sciences","Federal",1467000
"Idaho State U.",306,"life sciences","Federal",3549000
"Idaho State U.",306,"mathematics and statistics","Federal",38000
"Idaho State U.",306,"physical sciences","Federal",482000
"Idaho State U.",306,"psychology","Federal",24000
"Idaho State U.",306,"social sciences","Federal",98000
"Idaho State U.",306,"sciences nec","Federal",0
"Idaho State U.",306,"engineering","Federal",2640000
"Idaho State U.",306,"all non s e fields","Federal",263000
"California State U., Los Angeles",307,"all r d expenditures","Federal",8973000
"California State U., Los Angeles",307,"computer and information sciences","Federal",499000
"California State U., Los Angeles",307,"geosciences atmospheric sciences and ocean sciences","Federal",236000
"California State U., Los Angeles",307,"life sciences","Federal",1200000
"California State U., Los Angeles",307,"mathematics and statistics","Federal",10000
"California State U., Los Angeles",307,"physical sciences","Federal",3807000
"California State U., Los Angeles",307,"psychology","Federal",15000
"California State U., Los Angeles",307,"social sciences","Federal",313000
"California State U., Los Angeles",307,"sciences nec","Federal",0
"California State U., Los Angeles",307,"engineering","Federal",2149000
"California State U., Los Angeles",307,"all non s e fields","Federal",744000
"Northeast Ohio Medical U.",308,"all r d expenditures","Federal",8873000
"Northeast Ohio Medical U.",308,"computer and information sciences","Federal",0
"Northeast Ohio Medical U.",308,"geosciences atmospheric sciences and ocean sciences","Federal",115000
"Northeast Ohio Medical U.",308,"life sciences","Federal",8412000
"Northeast Ohio Medical U.",308,"mathematics and statistics","Federal",0
"Northeast Ohio Medical U.",308,"physical sciences","Federal",0
"Northeast Ohio Medical U.",308,"psychology","Federal",0
"Northeast Ohio Medical U.",308,"social sciences","Federal",278000
"Northeast Ohio Medical U.",308,"sciences nec","Federal",59000
"Northeast Ohio Medical U.",308,"engineering","Federal",0
"Northeast Ohio Medical U.",308,"all non s e fields","Federal",9000
"Villanova U.",309,"all r d expenditures","Federal",8741000
"Villanova U.",309,"computer and information sciences","Federal",59000
"Villanova U.",309,"geosciences atmospheric sciences and ocean sciences","Federal",528000
"Villanova U.",309,"life sciences","Federal",2002000
"Villanova U.",309,"mathematics and statistics","Federal",107000
"Villanova U.",309,"physical sciences","Federal",1634000
"Villanova U.",309,"psychology","Federal",294000
"Villanova U.",309,"social sciences","Federal",0
"Villanova U.",309,"sciences nec","Federal",0
"Villanova U.",309,"engineering","Federal",3147000
"Villanova U.",309,"all non s e fields","Federal",970000
"U. Tulsa",310,"all r d expenditures","Federal",8545000
"U. Tulsa",310,"computer and information sciences","Federal",4400000
"U. Tulsa",310,"geosciences atmospheric sciences and ocean sciences","Federal",54000
"U. Tulsa",310,"life sciences","Federal",438000
"U. Tulsa",310,"mathematics and statistics","Federal",0
"U. Tulsa",310,"physical sciences","Federal",433000
"U. Tulsa",310,"psychology","Federal",131000
"U. Tulsa",310,"social sciences","Federal",194000
"U. Tulsa",310,"sciences nec","Federal",0
"U. Tulsa",310,"engineering","Federal",2462000
"U. Tulsa",310,"all non s e fields","Federal",433000
"California State U., East Bay",311,"all r d expenditures","Federal",8508000
"California State U., East Bay",311,"computer and information sciences","Federal",0
"California State U., East Bay",311,"geosciences atmospheric sciences and ocean sciences","Federal",202000
"California State U., East Bay",311,"life sciences","Federal",1066000
"California State U., East Bay",311,"mathematics and statistics","Federal",0
"California State U., East Bay",311,"physical sciences","Federal",683000
"California State U., East Bay",311,"psychology","Federal",0
"California State U., East Bay",311,"social sciences","Federal",150000
"California State U., East Bay",311,"sciences nec","Federal",0
"California State U., East Bay",311,"engineering","Federal",0
"California State U., East Bay",311,"all non s e fields","Federal",6407000
"New York Medical C.",312,"all r d expenditures","Federal",8226000
"New York Medical C.",312,"computer and information sciences","Federal",0
"New York Medical C.",312,"geosciences atmospheric sciences and ocean sciences","Federal",0
"New York Medical C.",312,"life sciences","Federal",8226000
"New York Medical C.",312,"mathematics and statistics","Federal",0
"New York Medical C.",312,"physical sciences","Federal",0
"New York Medical C.",312,"psychology","Federal",0
"New York Medical C.",312,"social sciences","Federal",0
"New York Medical C.",312,"sciences nec","Federal",0
"New York Medical C.",312,"engineering","Federal",0
"New York Medical C.",312,"all non s e fields","Federal",0
"Bowling Green State U.",313,"all r d expenditures","Federal",8208000
"Bowling Green State U.",313,"computer and information sciences","Federal",153000
"Bowling Green State U.",313,"geosciences atmospheric sciences and ocean sciences","Federal",1781000
"Bowling Green State U.",313,"life sciences","Federal",1432000
"Bowling Green State U.",313,"mathematics and statistics","Federal",39000
"Bowling Green State U.",313,"physical sciences","Federal",1173000
"Bowling Green State U.",313,"psychology","Federal",0
"Bowling Green State U.",313,"social sciences","Federal",1082000
"Bowling Green State U.",313,"sciences nec","Federal",0
"Bowling Green State U.",313,"engineering","Federal",114000
"Bowling Green State U.",313,"all non s e fields","Federal",2434000
"California State Polytechnic U., Pomona",314,"all r d expenditures","Federal",8162000
"California State Polytechnic U., Pomona",314,"computer and information sciences","Federal",397000
"California State Polytechnic U., Pomona",314,"geosciences atmospheric sciences and ocean sciences","Federal",0
"California State Polytechnic U., Pomona",314,"life sciences","Federal",2551000
"California State Polytechnic U., Pomona",314,"mathematics and statistics","Federal",106000
"California State Polytechnic U., Pomona",314,"physical sciences","Federal",1329000
"California State Polytechnic U., Pomona",314,"psychology","Federal",19000
"California State Polytechnic U., Pomona",314,"social sciences","Federal",82000
"California State Polytechnic U., Pomona",314,"sciences nec","Federal",50000
"California State Polytechnic U., Pomona",314,"engineering","Federal",1213000
"California State Polytechnic U., Pomona",314,"all non s e fields","Federal",2415000
"Louisiana Tech U.",315,"all r d expenditures","Federal",8118000
"Louisiana Tech U.",315,"computer and information sciences","Federal",433000
"Louisiana Tech U.",315,"geosciences atmospheric sciences and ocean sciences","Federal",0
"Louisiana Tech U.",315,"life sciences","Federal",1598000
"Louisiana Tech U.",315,"mathematics and statistics","Federal",301000
"Louisiana Tech U.",315,"physical sciences","Federal",528000
"Louisiana Tech U.",315,"psychology","Federal",121000
"Louisiana Tech U.",315,"social sciences","Federal",31000
"Louisiana Tech U.",315,"sciences nec","Federal",0
"Louisiana Tech U.",315,"engineering","Federal",4122000
"Louisiana Tech U.",315,"all non s e fields","Federal",984000
"U. North Carolina, Wilmington",316,"all r d expenditures","Federal",8116000
"U. North Carolina, Wilmington",316,"computer and information sciences","Federal",144000
"U. North Carolina, Wilmington",316,"geosciences atmospheric sciences and ocean sciences","Federal",1389000
"U. North Carolina, Wilmington",316,"life sciences","Federal",3465000
"U. North Carolina, Wilmington",316,"mathematics and statistics","Federal",32000
"U. North Carolina, Wilmington",316,"physical sciences","Federal",1178000
"U. North Carolina, Wilmington",316,"psychology","Federal",208000
"U. North Carolina, Wilmington",316,"social sciences","Federal",1107000
"U. North Carolina, Wilmington",316,"sciences nec","Federal",0
"U. North Carolina, Wilmington",316,"engineering","Federal",265000
"U. North Carolina, Wilmington",316,"all non s e fields","Federal",328000
"U. North Florida",317,"all r d expenditures","Federal",8113000
"U. North Florida",317,"computer and information sciences","Federal",453000
"U. North Florida",317,"geosciences atmospheric sciences and ocean sciences","Federal",9000
"U. North Florida",317,"life sciences","Federal",879000
"U. North Florida",317,"mathematics and statistics","Federal",0
"U. North Florida",317,"physical sciences","Federal",630000
"U. North Florida",317,"psychology","Federal",1324000
"U. North Florida",317,"social sciences","Federal",197000
"U. North Florida",317,"sciences nec","Federal",0
"U. North Florida",317,"engineering","Federal",208000
"U. North Florida",317,"all non s e fields","Federal",4413000
"Winston-Salem State U.",318,"all r d expenditures","Federal",7901000
"Winston-Salem State U.",318,"computer and information sciences","Federal",372000
"Winston-Salem State U.",318,"geosciences atmospheric sciences and ocean sciences","Federal",0
"Winston-Salem State U.",318,"life sciences","Federal",2814000
"Winston-Salem State U.",318,"mathematics and statistics","Federal",43000
"Winston-Salem State U.",318,"physical sciences","Federal",551000
"Winston-Salem State U.",318,"psychology","Federal",195000
"Winston-Salem State U.",318,"social sciences","Federal",20000
"Winston-Salem State U.",318,"sciences nec","Federal",0
"Winston-Salem State U.",318,"engineering","Federal",0
"Winston-Salem State U.",318,"all non s e fields","Federal",3906000
"Clark Atlanta U.",319,"all r d expenditures","Federal",7687000
"Clark Atlanta U.",319,"computer and information sciences","Federal",60000
"Clark Atlanta U.",319,"geosciences atmospheric sciences and ocean sciences","Federal",0
"Clark Atlanta U.",319,"life sciences","Federal",3531000
"Clark Atlanta U.",319,"mathematics and statistics","Federal",827000
"Clark Atlanta U.",319,"physical sciences","Federal",2956000
"Clark Atlanta U.",319,"psychology","Federal",0
"Clark Atlanta U.",319,"social sciences","Federal",0
"Clark Atlanta U.",319,"sciences nec","Federal",0
"Clark Atlanta U.",319,"engineering","Federal",114000
"Clark Atlanta U.",319,"all non s e fields","Federal",199000
"Texas Christian U.",320,"all r d expenditures","Federal",7627000
"Texas Christian U.",320,"computer and information sciences","Federal",83000
"Texas Christian U.",320,"geosciences atmospheric sciences and ocean sciences","Federal",346000
"Texas Christian U.",320,"life sciences","Federal",567000
"Texas Christian U.",320,"mathematics and statistics","Federal",42000
"Texas Christian U.",320,"physical sciences","Federal",776000
"Texas Christian U.",320,"psychology","Federal",232000
"Texas Christian U.",320,"social sciences","Federal",0
"Texas Christian U.",320,"sciences nec","Federal",5239000
"Texas Christian U.",320,"engineering","Federal",59000
"Texas Christian U.",320,"all non s e fields","Federal",283000
"California State U., San Bernardino",321,"all r d expenditures","Federal",7606000
"California State U., San Bernardino",321,"computer and information sciences","Federal",1189000
"California State U., San Bernardino",321,"geosciences atmospheric sciences and ocean sciences","Federal",210000
"California State U., San Bernardino",321,"life sciences","Federal",453000
"California State U., San Bernardino",321,"mathematics and statistics","Federal",188000
"California State U., San Bernardino",321,"physical sciences","Federal",2947000
"California State U., San Bernardino",321,"psychology","Federal",1351000
"California State U., San Bernardino",321,"social sciences","Federal",36000
"California State U., San Bernardino",321,"sciences nec","Federal",0
"California State U., San Bernardino",321,"engineering","Federal",0
"California State U., San Bernardino",321,"all non s e fields","Federal",1232000
"Kentucky State U.",322,"all r d expenditures","Federal",7605000
"Kentucky State U.",322,"computer and information sciences","Federal",0
"Kentucky State U.",322,"geosciences atmospheric sciences and ocean sciences","Federal",0
"Kentucky State U.",322,"life sciences","Federal",7605000
"Kentucky State U.",322,"mathematics and statistics","Federal",0
"Kentucky State U.",322,"physical sciences","Federal",0
"Kentucky State U.",322,"psychology","Federal",0
"Kentucky State U.",322,"social sciences","Federal",0
"Kentucky State U.",322,"sciences nec","Federal",0
"Kentucky State U.",322,"engineering","Federal",0
"Kentucky State U.",322,"all non s e fields","Federal",0
"U. Arkansas, Little Rock",323,"all r d expenditures","Federal",7544000
"U. Arkansas, Little Rock",323,"computer and information sciences","Federal",2586000
"U. Arkansas, Little Rock",323,"geosciences atmospheric sciences and ocean sciences","Federal",0
"U. Arkansas, Little Rock",323,"life sciences","Federal",1707000
"U. Arkansas, Little Rock",323,"mathematics and statistics","Federal",0
"U. Arkansas, Little Rock",323,"physical sciences","Federal",423000
"U. Arkansas, Little Rock",323,"psychology","Federal",0
"U. Arkansas, Little Rock",323,"social sciences","Federal",19000
"U. Arkansas, Little Rock",323,"sciences nec","Federal",0
"U. Arkansas, Little Rock",323,"engineering","Federal",1805000
"U. Arkansas, Little Rock",323,"all non s e fields","Federal",1004000
"U. Minnesota, Duluth",324,"all r d expenditures","Federal",7533000
"U. Minnesota, Duluth",324,"computer and information sciences","Federal",172000
"U. Minnesota, Duluth",324,"geosciences atmospheric sciences and ocean sciences","Federal",427000
"U. Minnesota, Duluth",324,"life sciences","Federal",5495000
"U. Minnesota, Duluth",324,"mathematics and statistics","Federal",92000
"U. Minnesota, Duluth",324,"physical sciences","Federal",376000
"U. Minnesota, Duluth",324,"psychology","Federal",451000
"U. Minnesota, Duluth",324,"social sciences","Federal",165000
"U. Minnesota, Duluth",324,"sciences nec","Federal",0
"U. Minnesota, Duluth",324,"engineering","Federal",331000
"U. Minnesota, Duluth",324,"all non s e fields","Federal",24000
"Fort Valley State U.",325,"all r d expenditures","Federal",7505000
"Fort Valley State U.",325,"computer and information sciences","Federal",0
"Fort Valley State U.",325,"geosciences atmospheric sciences and ocean sciences","Federal",70000
"Fort Valley State U.",325,"life sciences","Federal",7300000
"Fort Valley State U.",325,"mathematics and statistics","Federal",17000
"Fort Valley State U.",325,"physical sciences","Federal",118000
"Fort Valley State U.",325,"psychology","Federal",0
"Fort Valley State U.",325,"social sciences","Federal",0
"Fort Valley State U.",325,"sciences nec","Federal",0
"Fort Valley State U.",325,"engineering","Federal",0
"Fort Valley State U.",325,"all non s e fields","Federal",0
"CUNY, John Jay C. of Criminal Justice",326,"all r d expenditures","Federal",7452000
"CUNY, John Jay C. of Criminal Justice",326,"computer and information sciences","Federal",0
"CUNY, John Jay C. of Criminal Justice",326,"geosciences atmospheric sciences and ocean sciences","Federal",0
"CUNY, John Jay C. of Criminal Justice",326,"life sciences","Federal",180000
"CUNY, John Jay C. of Criminal Justice",326,"mathematics and statistics","Federal",335000
"CUNY, John Jay C. of Criminal Justice",326,"physical sciences","Federal",651000
"CUNY, John Jay C. of Criminal Justice",326,"psychology","Federal",2282000
"CUNY, John Jay C. of Criminal Justice",326,"social sciences","Federal",1911000
"CUNY, John Jay C. of Criminal Justice",326,"sciences nec","Federal",34000
"CUNY, John Jay C. of Criminal Justice",326,"engineering","Federal",0
"CUNY, John Jay C. of Criminal Justice",326,"all non s e fields","Federal",2059000
"U. of the District of Columbia",327,"all r d expenditures","Federal",7367000
"U. of the District of Columbia",327,"computer and information sciences","Federal",351000
"U. of the District of Columbia",327,"geosciences atmospheric sciences and ocean sciences","Federal",146000
"U. of the District of Columbia",327,"life sciences","Federal",66000
"U. of the District of Columbia",327,"mathematics and statistics","Federal",227000
"U. of the District of Columbia",327,"physical sciences","Federal",0
"U. of the District of Columbia",327,"psychology","Federal",284000
"U. of the District of Columbia",327,"social sciences","Federal",0
"U. of the District of Columbia",327,"sciences nec","Federal",145000
"U. of the District of Columbia",327,"engineering","Federal",3314000
"U. of the District of Columbia",327,"all non s e fields","Federal",2834000
"Virginia State U.",328,"all r d expenditures","Federal",7166000
"Virginia State U.",328,"computer and information sciences","Federal",0
"Virginia State U.",328,"geosciences atmospheric sciences and ocean sciences","Federal",45000
"Virginia State U.",328,"life sciences","Federal",4480000
"Virginia State U.",328,"mathematics and statistics","Federal",36000
"Virginia State U.",328,"physical sciences","Federal",144000
"Virginia State U.",328,"psychology","Federal",323000
"Virginia State U.",328,"social sciences","Federal",16000
"Virginia State U.",328,"sciences nec","Federal",0
"Virginia State U.",328,"engineering","Federal",1249000
"Virginia State U.",328,"all non s e fields","Federal",873000
"Pacific U.",329,"all r d expenditures","Federal",7133000
"Pacific U.",329,"computer and information sciences","Federal",0
"Pacific U.",329,"geosciences atmospheric sciences and ocean sciences","Federal",0
"Pacific U.",329,"life sciences","Federal",3274000
"Pacific U.",329,"mathematics and statistics","Federal",0
"Pacific U.",329,"physical sciences","Federal",34000
"Pacific U.",329,"psychology","Federal",67000
"Pacific U.",329,"social sciences","Federal",86000
"Pacific U.",329,"sciences nec","Federal",0
"Pacific U.",329,"engineering","Federal",0
"Pacific U.",329,"all non s e fields","Federal",3672000
"Rosalind Franklin U. of Medicine and Science",330,"all r d expenditures","Federal",7124000
"Rosalind Franklin U. of Medicine and Science",330,"computer and information sciences","Federal",0
"Rosalind Franklin U. of Medicine and Science",330,"geosciences atmospheric sciences and ocean sciences","Federal",0
"Rosalind Franklin U. of Medicine and Science",330,"life sciences","Federal",6687000
"Rosalind Franklin U. of Medicine and Science",330,"mathematics and statistics","Federal",0
"Rosalind Franklin U. of Medicine and Science",330,"physical sciences","Federal",0
"Rosalind Franklin U. of Medicine and Science",330,"psychology","Federal",437000
"Rosalind Franklin U. of Medicine and Science",330,"social sciences","Federal",0
"Rosalind Franklin U. of Medicine and Science",330,"sciences nec","Federal",0
"Rosalind Franklin U. of Medicine and Science",330,"engineering","Federal",0
"Rosalind Franklin U. of Medicine and Science",330,"all non s e fields","Federal",0
"Western Washington U.",331,"all r d expenditures","Federal",6598000
"Western Washington U.",331,"computer and information sciences","Federal",90000
"Western Washington U.",331,"geosciences atmospheric sciences and ocean sciences","Federal",1396000
"Western Washington U.",331,"life sciences","Federal",386000
"Western Washington U.",331,"mathematics and statistics","Federal",342000
"Western Washington U.",331,"physical sciences","Federal",2021000
"Western Washington U.",331,"psychology","Federal",76000
"Western Washington U.",331,"social sciences","Federal",224000
"Western Washington U.",331,"sciences nec","Federal",825000
"Western Washington U.",331,"engineering","Federal",421000
"Western Washington U.",331,"all non s e fields","Federal",817000
"Duquesne U.",332,"all r d expenditures","Federal",6555000
"Duquesne U.",332,"computer and information sciences","Federal",0
"Duquesne U.",332,"geosciences atmospheric sciences and ocean sciences","Federal",54000
"Duquesne U.",332,"life sciences","Federal",5247000
"Duquesne U.",332,"mathematics and statistics","Federal",50000
"Duquesne U.",332,"physical sciences","Federal",494000
"Duquesne U.",332,"psychology","Federal",0
"Duquesne U.",332,"social sciences","Federal",84000
"Duquesne U.",332,"sciences nec","Federal",0
"Duquesne U.",332,"engineering","Federal",52000
"Duquesne U.",332,"all non s e fields","Federal",574000
"Ball State U.",333,"all r d expenditures","Federal",6355000
"Ball State U.",333,"computer and information sciences","Federal",18000
"Ball State U.",333,"geosciences atmospheric sciences and ocean sciences","Federal",0
"Ball State U.",333,"life sciences","Federal",4559000
"Ball State U.",333,"mathematics and statistics","Federal",44000
"Ball State U.",333,"physical sciences","Federal",857000
"Ball State U.",333,"psychology","Federal",215000
"Ball State U.",333,"social sciences","Federal",178000
"Ball State U.",333,"sciences nec","Federal",0
"Ball State U.",333,"engineering","Federal",0
"Ball State U.",333,"all non s e fields","Federal",484000
"MGH Institute of Health Professions",334,"all r d expenditures","Federal",6200000
"MGH Institute of Health Professions",334,"computer and information sciences","Federal",0
"MGH Institute of Health Professions",334,"geosciences atmospheric sciences and ocean sciences","Federal",0
"MGH Institute of Health Professions",334,"life sciences","Federal",6200000
"MGH Institute of Health Professions",334,"mathematics and statistics","Federal",0
"MGH Institute of Health Professions",334,"physical sciences","Federal",0
"MGH Institute of Health Professions",334,"psychology","Federal",0
"MGH Institute of Health Professions",334,"social sciences","Federal",0
"MGH Institute of Health Professions",334,"sciences nec","Federal",0
"MGH Institute of Health Professions",334,"engineering","Federal",0
"MGH Institute of Health Professions",334,"all non s e fields","Federal",0
"Western U. of Health Sciences",335,"all r d expenditures","Federal",6099000
"Western U. of Health Sciences",335,"computer and information sciences","Federal",0
"Western U. of Health Sciences",335,"geosciences atmospheric sciences and ocean sciences","Federal",0
"Western U. of Health Sciences",335,"life sciences","Federal",4076000
"Western U. of Health Sciences",335,"mathematics and statistics","Federal",0
"Western U. of Health Sciences",335,"physical sciences","Federal",0
"Western U. of Health Sciences",335,"psychology","Federal",0
"Western U. of Health Sciences",335,"social sciences","Federal",0
"Western U. of Health Sciences",335,"sciences nec","Federal",0
"Western U. of Health Sciences",335,"engineering","Federal",0
"Western U. of Health Sciences",335,"all non s e fields","Federal",2023000
"U. Hawaii, Hilo",336,"all r d expenditures","Federal",6068000
"U. Hawaii, Hilo",336,"computer and information sciences","Federal",286000
"U. Hawaii, Hilo",336,"geosciences atmospheric sciences and ocean sciences","Federal",1796000
"U. Hawaii, Hilo",336,"life sciences","Federal",3217000
"U. Hawaii, Hilo",336,"mathematics and statistics","Federal",0
"U. Hawaii, Hilo",336,"physical sciences","Federal",180000
"U. Hawaii, Hilo",336,"psychology","Federal",0
"U. Hawaii, Hilo",336,"social sciences","Federal",328000
"U. Hawaii, Hilo",336,"sciences nec","Federal",261000
"U. Hawaii, Hilo",336,"engineering","Federal",0
"U. Hawaii, Hilo",336,"all non s e fields","Federal",0
"California State U., Fullerton",337,"all r d expenditures","Federal",6049000
"California State U., Fullerton",337,"computer and information sciences","Federal",320000
"California State U., Fullerton",337,"geosciences atmospheric sciences and ocean sciences","Federal",402000
"California State U., Fullerton",337,"life sciences","Federal",2906000
"California State U., Fullerton",337,"mathematics and statistics","Federal",157000
"California State U., Fullerton",337,"physical sciences","Federal",989000
"California State U., Fullerton",337,"psychology","Federal",176000
"California State U., Fullerton",337,"social sciences","Federal",271000
"California State U., Fullerton",337,"sciences nec","Federal",149000
"California State U., Fullerton",337,"engineering","Federal",622000
"California State U., Fullerton",337,"all non s e fields","Federal",57000
"U.S. Army War C.",338,"all r d expenditures","Federal",6035000
"U.S. Army War C.",338,"computer and information sciences","Federal",0
"U.S. Army War C.",338,"geosciences atmospheric sciences and ocean sciences","Federal",0
"U.S. Army War C.",338,"life sciences","Federal",0
"U.S. Army War C.",338,"mathematics and statistics","Federal",0
"U.S. Army War C.",338,"physical sciences","Federal",0
"U.S. Army War C.",338,"psychology","Federal",0
"U.S. Army War C.",338,"social sciences","Federal",6035000
"U.S. Army War C.",338,"sciences nec","Federal",0
"U.S. Army War C.",338,"engineering","Federal",0
"U.S. Army War C.",338,"all non s e fields","Federal",0
"U. Tennessee, Chattanooga",339,"all r d expenditures","Federal",6003000
"U. Tennessee, Chattanooga",339,"computer and information sciences","Federal",580000
"U. Tennessee, Chattanooga",339,"geosciences atmospheric sciences and ocean sciences","Federal",0
"U. Tennessee, Chattanooga",339,"life sciences","Federal",685000
"U. Tennessee, Chattanooga",339,"mathematics and statistics","Federal",360000
"U. Tennessee, Chattanooga",339,"physical sciences","Federal",113000
"U. Tennessee, Chattanooga",339,"psychology","Federal",0
"U. Tennessee, Chattanooga",339,"social sciences","Federal",7000
"U. Tennessee, Chattanooga",339,"sciences nec","Federal",1070000
"U. Tennessee, Chattanooga",339,"engineering","Federal",3049000
"U. Tennessee, Chattanooga",339,"all non s e fields","Federal",139000
"Wesleyan U.",340,"all r d expenditures","Federal",5955000
"Wesleyan U.",340,"computer and information sciences","Federal",0
"Wesleyan U.",340,"geosciences atmospheric sciences and ocean sciences","Federal",547000
"Wesleyan U.",340,"life sciences","Federal",1360000
"Wesleyan U.",340,"mathematics and statistics","Federal",411000
"Wesleyan U.",340,"physical sciences","Federal",1567000
"Wesleyan U.",340,"psychology","Federal",963000
"Wesleyan U.",340,"social sciences","Federal",20000
"Wesleyan U.",340,"sciences nec","Federal",0
"Wesleyan U.",340,"engineering","Federal",0
"Wesleyan U.",340,"all non s e fields","Federal",1087000
"Montclair State U.",341,"all r d expenditures","Federal",5916000
"Montclair State U.",341,"computer and information sciences","Federal",316000
"Montclair State U.",341,"geosciences atmospheric sciences and ocean sciences","Federal",537000
"Montclair State U.",341,"life sciences","Federal",962000
"Montclair State U.",341,"mathematics and statistics","Federal",456000
"Montclair State U.",341,"physical sciences","Federal",956000
"Montclair State U.",341,"psychology","Federal",318000
"Montclair State U.",341,"social sciences","Federal",595000
"Montclair State U.",341,"sciences nec","Federal",0
"Montclair State U.",341,"engineering","Federal",360000
"Montclair State U.",341,"all non s e fields","Federal",1416000
"Kennesaw State U.",342,"all r d expenditures","Federal",5908000
"Kennesaw State U.",342,"computer and information sciences","Federal",511000
"Kennesaw State U.",342,"geosciences atmospheric sciences and ocean sciences","Federal",0
"Kennesaw State U.",342,"life sciences","Federal",1694000
"Kennesaw State U.",342,"mathematics and statistics","Federal",675000
"Kennesaw State U.",342,"physical sciences","Federal",234000
"Kennesaw State U.",342,"psychology","Federal",15000
"Kennesaw State U.",342,"social sciences","Federal",350000
"Kennesaw State U.",342,"sciences nec","Federal",0
"Kennesaw State U.",342,"engineering","Federal",776000
"Kennesaw State U.",342,"all non s e fields","Federal",1653000
"Naval War C.",343,"all r d expenditures","Federal",5819000
"Naval War C.",343,"computer and information sciences","Federal",0
"Naval War C.",343,"geosciences atmospheric sciences and ocean sciences","Federal",0
"Naval War C.",343,"life sciences","Federal",0
"Naval War C.",343,"mathematics and statistics","Federal",0
"Naval War C.",343,"physical sciences","Federal",0
"Naval War C.",343,"psychology","Federal",0
"Naval War C.",343,"social sciences","Federal",8e+05
"Naval War C.",343,"sciences nec","Federal",0
"Naval War C.",343,"engineering","Federal",0
"Naval War C.",343,"all non s e fields","Federal",5019000
"Morehouse C.",344,"all r d expenditures","Federal",5750000
"Morehouse C.",344,"computer and information sciences","Federal",641000
"Morehouse C.",344,"geosciences atmospheric sciences and ocean sciences","Federal",0
"Morehouse C.",344,"life sciences","Federal",4e+05
"Morehouse C.",344,"mathematics and statistics","Federal",0
"Morehouse C.",344,"physical sciences","Federal",2813000
"Morehouse C.",344,"psychology","Federal",46000
"Morehouse C.",344,"social sciences","Federal",0
"Morehouse C.",344,"sciences nec","Federal",1471000
"Morehouse C.",344,"engineering","Federal",0
"Morehouse C.",344,"all non s e fields","Federal",379000
"California State U., Monterey Bay",345,"all r d expenditures","Federal",5639000
"California State U., Monterey Bay",345,"computer and information sciences","Federal",609000
"California State U., Monterey Bay",345,"geosciences atmospheric sciences and ocean sciences","Federal",1166000
"California State U., Monterey Bay",345,"life sciences","Federal",3223000
"California State U., Monterey Bay",345,"mathematics and statistics","Federal",190000
"California State U., Monterey Bay",345,"physical sciences","Federal",333000
"California State U., Monterey Bay",345,"psychology","Federal",0
"California State U., Monterey Bay",345,"social sciences","Federal",31000
"California State U., Monterey Bay",345,"sciences nec","Federal",0
"California State U., Monterey Bay",345,"engineering","Federal",0
"California State U., Monterey Bay",345,"all non s e fields","Federal",87000
"DePaul U.",346,"all r d expenditures","Federal",5592000
"DePaul U.",346,"computer and information sciences","Federal",768000
"DePaul U.",346,"geosciences atmospheric sciences and ocean sciences","Federal",456000
"DePaul U.",346,"life sciences","Federal",3041000
"DePaul U.",346,"mathematics and statistics","Federal",136000
"DePaul U.",346,"physical sciences","Federal",0
"DePaul U.",346,"psychology","Federal",0
"DePaul U.",346,"social sciences","Federal",194000
"DePaul U.",346,"sciences nec","Federal",0
"DePaul U.",346,"engineering","Federal",106000
"DePaul U.",346,"all non s e fields","Federal",891000
"Central State U.",347,"all r d expenditures","Federal",5523000
"Central State U.",347,"computer and information sciences","Federal",0
"Central State U.",347,"geosciences atmospheric sciences and ocean sciences","Federal",163000
"Central State U.",347,"life sciences","Federal",4670000
"Central State U.",347,"mathematics and statistics","Federal",59000
"Central State U.",347,"physical sciences","Federal",352000
"Central State U.",347,"psychology","Federal",0
"Central State U.",347,"social sciences","Federal",0
"Central State U.",347,"sciences nec","Federal",124000
"Central State U.",347,"engineering","Federal",155000
"Central State U.",347,"all non s e fields","Federal",0
"Gallaudet U.",347,"all r d expenditures","Federal",5523000
"Gallaudet U.",347,"computer and information sciences","Federal",1746000
"Gallaudet U.",347,"geosciences atmospheric sciences and ocean sciences","Federal",0
"Gallaudet U.",347,"life sciences","Federal",1815000
"Gallaudet U.",347,"mathematics and statistics","Federal",40000
"Gallaudet U.",347,"physical sciences","Federal",184000
"Gallaudet U.",347,"psychology","Federal",160000
"Gallaudet U.",347,"social sciences","Federal",981000
"Gallaudet U.",347,"sciences nec","Federal",0
"Gallaudet U.",347,"engineering","Federal",0
"Gallaudet U.",347,"all non s e fields","Federal",597000
"CUNY, Brooklyn C.",349,"all r d expenditures","Federal",5518000
"CUNY, Brooklyn C.",349,"computer and information sciences","Federal",163000
"CUNY, Brooklyn C.",349,"geosciences atmospheric sciences and ocean sciences","Federal",79000
"CUNY, Brooklyn C.",349,"life sciences","Federal",932000
"CUNY, Brooklyn C.",349,"mathematics and statistics","Federal",71000
"CUNY, Brooklyn C.",349,"physical sciences","Federal",2491000
"CUNY, Brooklyn C.",349,"psychology","Federal",1655000
"CUNY, Brooklyn C.",349,"social sciences","Federal",45000
"CUNY, Brooklyn C.",349,"sciences nec","Federal",0
"CUNY, Brooklyn C.",349,"engineering","Federal",0
"CUNY, Brooklyn C.",349,"all non s e fields","Federal",82000
"Tarleton State U.",350,"all r d expenditures","Federal",5478000
"Tarleton State U.",350,"computer and information sciences","Federal",0
"Tarleton State U.",350,"geosciences atmospheric sciences and ocean sciences","Federal",92000
"Tarleton State U.",350,"life sciences","Federal",4375000
"Tarleton State U.",350,"mathematics and statistics","Federal",0
"Tarleton State U.",350,"physical sciences","Federal",0
"Tarleton State U.",350,"psychology","Federal",37000
"Tarleton State U.",350,"social sciences","Federal",19000
"Tarleton State U.",350,"sciences nec","Federal",954000
"Tarleton State U.",350,"engineering","Federal",0
"Tarleton State U.",350,"all non s e fields","Federal",1000
"Langston U.",351,"all r d expenditures","Federal",5473000
"Langston U.",351,"computer and information sciences","Federal",0
"Langston U.",351,"geosciences atmospheric sciences and ocean sciences","Federal",0
"Langston U.",351,"life sciences","Federal",4823000
"Langston U.",351,"mathematics and statistics","Federal",21000
"Langston U.",351,"physical sciences","Federal",94000
"Langston U.",351,"psychology","Federal",429000
"Langston U.",351,"social sciences","Federal",0
"Langston U.",351,"sciences nec","Federal",0
"Langston U.",351,"engineering","Federal",0
"Langston U.",351,"all non s e fields","Federal",106000
"South Carolina State U.",352,"all r d expenditures","Federal",5330000
"South Carolina State U.",352,"computer and information sciences","Federal",565000
"South Carolina State U.",352,"geosciences atmospheric sciences and ocean sciences","Federal",278000
"South Carolina State U.",352,"life sciences","Federal",3036000
"South Carolina State U.",352,"mathematics and statistics","Federal",0
"South Carolina State U.",352,"physical sciences","Federal",541000
"South Carolina State U.",352,"psychology","Federal",0
"South Carolina State U.",352,"social sciences","Federal",184000
"South Carolina State U.",352,"sciences nec","Federal",0
"South Carolina State U.",352,"engineering","Federal",549000
"South Carolina State U.",352,"all non s e fields","Federal",177000
"U. New Orleans",353,"all r d expenditures","Federal",5283000
"U. New Orleans",353,"computer and information sciences","Federal",1614000
"U. New Orleans",353,"geosciences atmospheric sciences and ocean sciences","Federal",582000
"U. New Orleans",353,"life sciences","Federal",170000
"U. New Orleans",353,"mathematics and statistics","Federal",290000
"U. New Orleans",353,"physical sciences","Federal",825000
"U. New Orleans",353,"psychology","Federal",0
"U. New Orleans",353,"social sciences","Federal",559000
"U. New Orleans",353,"sciences nec","Federal",105000
"U. New Orleans",353,"engineering","Federal",640000
"U. New Orleans",353,"all non s e fields","Federal",498000
"U. Colorado Colorado Springs",354,"all r d expenditures","Federal",5205000
"U. Colorado Colorado Springs",354,"computer and information sciences","Federal",2367000
"U. Colorado Colorado Springs",354,"geosciences atmospheric sciences and ocean sciences","Federal",190000
"U. Colorado Colorado Springs",354,"life sciences","Federal",343000
"U. Colorado Colorado Springs",354,"mathematics and statistics","Federal",67000
"U. Colorado Colorado Springs",354,"physical sciences","Federal",240000
"U. Colorado Colorado Springs",354,"psychology","Federal",243000
"U. Colorado Colorado Springs",354,"social sciences","Federal",148000
"U. Colorado Colorado Springs",354,"sciences nec","Federal",0
"U. Colorado Colorado Springs",354,"engineering","Federal",762000
"U. Colorado Colorado Springs",354,"all non s e fields","Federal",845000
"Salisbury U.",355,"all r d expenditures","Federal",5049000
"Salisbury U.",355,"computer and information sciences","Federal",230000
"Salisbury U.",355,"geosciences atmospheric sciences and ocean sciences","Federal",131000
"Salisbury U.",355,"life sciences","Federal",195000
"Salisbury U.",355,"mathematics and statistics","Federal",0
"Salisbury U.",355,"physical sciences","Federal",102000
"Salisbury U.",355,"psychology","Federal",0
"Salisbury U.",355,"social sciences","Federal",0
"Salisbury U.",355,"sciences nec","Federal",0
"Salisbury U.",355,"engineering","Federal",0
"Salisbury U.",355,"all non s e fields","Federal",4391000
"C. Charleston",356,"all r d expenditures","Federal",5036000
"C. Charleston",356,"computer and information sciences","Federal",356000
"C. Charleston",356,"geosciences atmospheric sciences and ocean sciences","Federal",1978000
"C. Charleston",356,"life sciences","Federal",1301000
"C. Charleston",356,"mathematics and statistics","Federal",0
"C. Charleston",356,"physical sciences","Federal",514000
"C. Charleston",356,"psychology","Federal",0
"C. Charleston",356,"social sciences","Federal",85000
"C. Charleston",356,"sciences nec","Federal",0
"C. Charleston",356,"engineering","Federal",524000
"C. Charleston",356,"all non s e fields","Federal",278000
"California State U., Fresno",357,"all r d expenditures","Federal",4864000
"California State U., Fresno",357,"computer and information sciences","Federal",193000
"California State U., Fresno",357,"geosciences atmospheric sciences and ocean sciences","Federal",193000
"California State U., Fresno",357,"life sciences","Federal",1581000
"California State U., Fresno",357,"mathematics and statistics","Federal",514000
"California State U., Fresno",357,"physical sciences","Federal",1180000
"California State U., Fresno",357,"psychology","Federal",144000
"California State U., Fresno",357,"social sciences","Federal",107000
"California State U., Fresno",357,"sciences nec","Federal",0
"California State U., Fresno",357,"engineering","Federal",728000
"California State U., Fresno",357,"all non s e fields","Federal",224000
"U. New England",358,"all r d expenditures","Federal",4777000
"U. New England",358,"computer and information sciences","Federal",0
"U. New England",358,"geosciences atmospheric sciences and ocean sciences","Federal",217000
"U. New England",358,"life sciences","Federal",4560000
"U. New England",358,"mathematics and statistics","Federal",0
"U. New England",358,"physical sciences","Federal",0
"U. New England",358,"psychology","Federal",0
"U. New England",358,"social sciences","Federal",0
"U. New England",358,"sciences nec","Federal",0
"U. New England",358,"engineering","Federal",0
"U. New England",358,"all non s e fields","Federal",0
"Oklahoma State U., Center for Health Sciences",359,"all r d expenditures","Federal",4773000
"Oklahoma State U., Center for Health Sciences",359,"computer and information sciences","Federal",0
"Oklahoma State U., Center for Health Sciences",359,"geosciences atmospheric sciences and ocean sciences","Federal",0
"Oklahoma State U., Center for Health Sciences",359,"life sciences","Federal",2295000
"Oklahoma State U., Center for Health Sciences",359,"mathematics and statistics","Federal",0
"Oklahoma State U., Center for Health Sciences",359,"physical sciences","Federal",0
"Oklahoma State U., Center for Health Sciences",359,"psychology","Federal",2478000
"Oklahoma State U., Center for Health Sciences",359,"social sciences","Federal",0
"Oklahoma State U., Center for Health Sciences",359,"sciences nec","Federal",0
"Oklahoma State U., Center for Health Sciences",359,"engineering","Federal",0
"Oklahoma State U., Center for Health Sciences",359,"all non s e fields","Federal",0
"Southern U. and A&M C., Agricultural Research and Extension Center",360,"all r d expenditures","Federal",4688000
"Southern U. and A&M C., Agricultural Research and Extension Center",360,"computer and information sciences","Federal",0
"Southern U. and A&M C., Agricultural Research and Extension Center",360,"geosciences atmospheric sciences and ocean sciences","Federal",0
"Southern U. and A&M C., Agricultural Research and Extension Center",360,"life sciences","Federal",4688000
"Southern U. and A&M C., Agricultural Research and Extension Center",360,"mathematics and statistics","Federal",0
"Southern U. and A&M C., Agricultural Research and Extension Center",360,"physical sciences","Federal",0
"Southern U. and A&M C., Agricultural Research and Extension Center",360,"psychology","Federal",0
"Southern U. and A&M C., Agricultural Research and Extension Center",360,"social sciences","Federal",0
"Southern U. and A&M C., Agricultural Research and Extension Center",360,"sciences nec","Federal",0
"Southern U. and A&M C., Agricultural Research and Extension Center",360,"engineering","Federal",0
"Southern U. and A&M C., Agricultural Research and Extension Center",360,"all non s e fields","Federal",0
"Fordham U.",361,"all r d expenditures","Federal",4687000
"Fordham U.",361,"computer and information sciences","Federal",54000
"Fordham U.",361,"geosciences atmospheric sciences and ocean sciences","Federal",0
"Fordham U.",361,"life sciences","Federal",718000
"Fordham U.",361,"mathematics and statistics","Federal",10000
"Fordham U.",361,"physical sciences","Federal",212000
"Fordham U.",361,"psychology","Federal",2377000
"Fordham U.",361,"social sciences","Federal",0
"Fordham U.",361,"sciences nec","Federal",0
"Fordham U.",361,"engineering","Federal",0
"Fordham U.",361,"all non s e fields","Federal",1316000
"Providence C.",362,"all r d expenditures","Federal",4648000
"Providence C.",362,"computer and information sciences","Federal",0
"Providence C.",362,"geosciences atmospheric sciences and ocean sciences","Federal",243000
"Providence C.",362,"life sciences","Federal",1071000
"Providence C.",362,"mathematics and statistics","Federal",0
"Providence C.",362,"physical sciences","Federal",248000
"Providence C.",362,"psychology","Federal",105000
"Providence C.",362,"social sciences","Federal",41000
"Providence C.",362,"sciences nec","Federal",0
"Providence C.",362,"engineering","Federal",0
"Providence C.",362,"all non s e fields","Federal",2940000
"Lincoln U., Jefferson City",363,"all r d expenditures","Federal",4610000
"Lincoln U., Jefferson City",363,"computer and information sciences","Federal",0
"Lincoln U., Jefferson City",363,"geosciences atmospheric sciences and ocean sciences","Federal",278000
"Lincoln U., Jefferson City",363,"life sciences","Federal",3978000
"Lincoln U., Jefferson City",363,"mathematics and statistics","Federal",0
"Lincoln U., Jefferson City",363,"physical sciences","Federal",0
"Lincoln U., Jefferson City",363,"psychology","Federal",0
"Lincoln U., Jefferson City",363,"social sciences","Federal",19000
"Lincoln U., Jefferson City",363,"sciences nec","Federal",335000
"Lincoln U., Jefferson City",363,"engineering","Federal",0
"Lincoln U., Jefferson City",363,"all non s e fields","Federal",0
"Northwest Indian C.",364,"all r d expenditures","Federal",4595000
"Northwest Indian C.",364,"computer and information sciences","Federal",0
"Northwest Indian C.",364,"geosciences atmospheric sciences and ocean sciences","Federal",64000
"Northwest Indian C.",364,"life sciences","Federal",539000
"Northwest Indian C.",364,"mathematics and statistics","Federal",0
"Northwest Indian C.",364,"physical sciences","Federal",0
"Northwest Indian C.",364,"psychology","Federal",0
"Northwest Indian C.",364,"social sciences","Federal",0
"Northwest Indian C.",364,"sciences nec","Federal",0
"Northwest Indian C.",364,"engineering","Federal",243000
"Northwest Indian C.",364,"all non s e fields","Federal",3749000
"U. Missouri, Saint Louis",365,"all r d expenditures","Federal",4569000
"U. Missouri, Saint Louis",365,"computer and information sciences","Federal",63000
"U. Missouri, Saint Louis",365,"geosciences atmospheric sciences and ocean sciences","Federal",0
"U. Missouri, Saint Louis",365,"life sciences","Federal",2901000
"U. Missouri, Saint Louis",365,"mathematics and statistics","Federal",120000
"U. Missouri, Saint Louis",365,"physical sciences","Federal",504000
"U. Missouri, Saint Louis",365,"psychology","Federal",303000
"U. Missouri, Saint Louis",365,"social sciences","Federal",366000
"U. Missouri, Saint Louis",365,"sciences nec","Federal",0
"U. Missouri, Saint Louis",365,"engineering","Federal",0
"U. Missouri, Saint Louis",365,"all non s e fields","Federal",312000
"Spelman C.",366,"all r d expenditures","Federal",4567000
"Spelman C.",366,"computer and information sciences","Federal",69000
"Spelman C.",366,"geosciences atmospheric sciences and ocean sciences","Federal",336000
"Spelman C.",366,"life sciences","Federal",869000
"Spelman C.",366,"mathematics and statistics","Federal",1112000
"Spelman C.",366,"physical sciences","Federal",774000
"Spelman C.",366,"psychology","Federal",941000
"Spelman C.",366,"social sciences","Federal",312000
"Spelman C.",366,"sciences nec","Federal",0
"Spelman C.",366,"engineering","Federal",0
"Spelman C.",366,"all non s e fields","Federal",154000
"CUNY, Lehman C.",367,"all r d expenditures","Federal",4487000
"CUNY, Lehman C.",367,"computer and information sciences","Federal",396000
"CUNY, Lehman C.",367,"geosciences atmospheric sciences and ocean sciences","Federal",19000
"CUNY, Lehman C.",367,"life sciences","Federal",614000
"CUNY, Lehman C.",367,"mathematics and statistics","Federal",167000
"CUNY, Lehman C.",367,"physical sciences","Federal",2603000
"CUNY, Lehman C.",367,"psychology","Federal",95000
"CUNY, Lehman C.",367,"social sciences","Federal",427000
"CUNY, Lehman C.",367,"sciences nec","Federal",0
"CUNY, Lehman C.",367,"engineering","Federal",0
"CUNY, Lehman C.",367,"all non s e fields","Federal",166000
"Southern U. and A&M C., Baton Rouge",368,"all r d expenditures","Federal",4444000
"Southern U. and A&M C., Baton Rouge",368,"computer and information sciences","Federal",401000
"Southern U. and A&M C., Baton Rouge",368,"geosciences atmospheric sciences and ocean sciences","Federal",0
"Southern U. and A&M C., Baton Rouge",368,"life sciences","Federal",1199000
"Southern U. and A&M C., Baton Rouge",368,"mathematics and statistics","Federal",1e+05
"Southern U. and A&M C., Baton Rouge",368,"physical sciences","Federal",395000
"Southern U. and A&M C., Baton Rouge",368,"psychology","Federal",0
"Southern U. and A&M C., Baton Rouge",368,"social sciences","Federal",10000
"Southern U. and A&M C., Baton Rouge",368,"sciences nec","Federal",0
"Southern U. and A&M C., Baton Rouge",368,"engineering","Federal",2272000
"Southern U. and A&M C., Baton Rouge",368,"all non s e fields","Federal",67000
"U. Detroit Mercy",369,"all r d expenditures","Federal",4434000
"U. Detroit Mercy",369,"computer and information sciences","Federal",6000
"U. Detroit Mercy",369,"geosciences atmospheric sciences and ocean sciences","Federal",0
"U. Detroit Mercy",369,"life sciences","Federal",3454000
"U. Detroit Mercy",369,"mathematics and statistics","Federal",0
"U. Detroit Mercy",369,"physical sciences","Federal",18000
"U. Detroit Mercy",369,"psychology","Federal",7000
"U. Detroit Mercy",369,"social sciences","Federal",0
"U. Detroit Mercy",369,"sciences nec","Federal",0
"U. Detroit Mercy",369,"engineering","Federal",804000
"U. Detroit Mercy",369,"all non s e fields","Federal",145000
"Norfolk State U.",370,"all r d expenditures","Federal",4381000
"Norfolk State U.",370,"computer and information sciences","Federal",172000
"Norfolk State U.",370,"geosciences atmospheric sciences and ocean sciences","Federal",0
"Norfolk State U.",370,"life sciences","Federal",54000
"Norfolk State U.",370,"mathematics and statistics","Federal",123000
"Norfolk State U.",370,"physical sciences","Federal",1051000
"Norfolk State U.",370,"psychology","Federal",0
"Norfolk State U.",370,"social sciences","Federal",0
"Norfolk State U.",370,"sciences nec","Federal",0
"Norfolk State U.",370,"engineering","Federal",1845000
"Norfolk State U.",370,"all non s e fields","Federal",1136000
"Pennsylvania State U., Behrend",371,"all r d expenditures","Federal",4378000
"Pennsylvania State U., Behrend",371,"computer and information sciences","Federal",0
"Pennsylvania State U., Behrend",371,"geosciences atmospheric sciences and ocean sciences","Federal",443000
"Pennsylvania State U., Behrend",371,"life sciences","Federal",1853000
"Pennsylvania State U., Behrend",371,"mathematics and statistics","Federal",0
"Pennsylvania State U., Behrend",371,"physical sciences","Federal",350000
"Pennsylvania State U., Behrend",371,"psychology","Federal",148000
"Pennsylvania State U., Behrend",371,"social sciences","Federal",0
"Pennsylvania State U., Behrend",371,"sciences nec","Federal",0
"Pennsylvania State U., Behrend",371,"engineering","Federal",1365000
"Pennsylvania State U., Behrend",371,"all non s e fields","Federal",219000
"U. Baltimore",372,"all r d expenditures","Federal",4250000
"U. Baltimore",372,"computer and information sciences","Federal",335000
"U. Baltimore",372,"geosciences atmospheric sciences and ocean sciences","Federal",0
"U. Baltimore",372,"life sciences","Federal",0
"U. Baltimore",372,"mathematics and statistics","Federal",0
"U. Baltimore",372,"physical sciences","Federal",14000
"U. Baltimore",372,"psychology","Federal",75000
"U. Baltimore",372,"social sciences","Federal",747000
"U. Baltimore",372,"sciences nec","Federal",0
"U. Baltimore",372,"engineering","Federal",0
"U. Baltimore",372,"all non s e fields","Federal",3079000
"Barnard C.",373,"all r d expenditures","Federal",4235000
"Barnard C.",373,"computer and information sciences","Federal",135000
"Barnard C.",373,"geosciences atmospheric sciences and ocean sciences","Federal",209000
"Barnard C.",373,"life sciences","Federal",1315000
"Barnard C.",373,"mathematics and statistics","Federal",0
"Barnard C.",373,"physical sciences","Federal",1485000
"Barnard C.",373,"psychology","Federal",1028000
"Barnard C.",373,"social sciences","Federal",39000
"Barnard C.",373,"sciences nec","Federal",0
"Barnard C.",373,"engineering","Federal",0
"Barnard C.",373,"all non s e fields","Federal",24000
"U. Arkansas, Pine Bluff",374,"all r d expenditures","Federal",4204000
"U. Arkansas, Pine Bluff",374,"computer and information sciences","Federal",0
"U. Arkansas, Pine Bluff",374,"geosciences atmospheric sciences and ocean sciences","Federal",0
"U. Arkansas, Pine Bluff",374,"life sciences","Federal",3069000
"U. Arkansas, Pine Bluff",374,"mathematics and statistics","Federal",0
"U. Arkansas, Pine Bluff",374,"physical sciences","Federal",716000
"U. Arkansas, Pine Bluff",374,"psychology","Federal",0
"U. Arkansas, Pine Bluff",374,"social sciences","Federal",0
"U. Arkansas, Pine Bluff",374,"sciences nec","Federal",0
"U. Arkansas, Pine Bluff",374,"engineering","Federal",0
"U. Arkansas, Pine Bluff",374,"all non s e fields","Federal",419000
"U. Washington, Tacoma",375,"all r d expenditures","Federal",3875000
"U. Washington, Tacoma",375,"computer and information sciences","Federal",117000
"U. Washington, Tacoma",375,"geosciences atmospheric sciences and ocean sciences","Federal",2207000
"U. Washington, Tacoma",375,"life sciences","Federal",463000
"U. Washington, Tacoma",375,"mathematics and statistics","Federal",182000
"U. Washington, Tacoma",375,"physical sciences","Federal",0
"U. Washington, Tacoma",375,"psychology","Federal",0
"U. Washington, Tacoma",375,"social sciences","Federal",1e+05
"U. Washington, Tacoma",375,"sciences nec","Federal",0
"U. Washington, Tacoma",375,"engineering","Federal",231000
"U. Washington, Tacoma",375,"all non s e fields","Federal",575000
"Middle Tennessee State U.",376,"all r d expenditures","Federal",3822000
"Middle Tennessee State U.",376,"computer and information sciences","Federal",313000
"Middle Tennessee State U.",376,"geosciences atmospheric sciences and ocean sciences","Federal",127000
"Middle Tennessee State U.",376,"life sciences","Federal",1372000
"Middle Tennessee State U.",376,"mathematics and statistics","Federal",221000
"Middle Tennessee State U.",376,"physical sciences","Federal",833000
"Middle Tennessee State U.",376,"psychology","Federal",68000
"Middle Tennessee State U.",376,"social sciences","Federal",223000
"Middle Tennessee State U.",376,"sciences nec","Federal",0
"Middle Tennessee State U.",376,"engineering","Federal",141000
"Middle Tennessee State U.",376,"all non s e fields","Federal",524000
"Fisk U.",377,"all r d expenditures","Federal",3819000
"Fisk U.",377,"computer and information sciences","Federal",942000
"Fisk U.",377,"geosciences atmospheric sciences and ocean sciences","Federal",0
"Fisk U.",377,"life sciences","Federal",946000
"Fisk U.",377,"mathematics and statistics","Federal",52000
"Fisk U.",377,"physical sciences","Federal",1879000
"Fisk U.",377,"psychology","Federal",0
"Fisk U.",377,"social sciences","Federal",0
"Fisk U.",377,"sciences nec","Federal",0
"Fisk U.",377,"engineering","Federal",0
"Fisk U.",377,"all non s e fields","Federal",0
"U. Washington, Bothell",378,"all r d expenditures","Federal",3787000
"U. Washington, Bothell",378,"computer and information sciences","Federal",310000
"U. Washington, Bothell",378,"geosciences atmospheric sciences and ocean sciences","Federal",267000
"U. Washington, Bothell",378,"life sciences","Federal",789000
"U. Washington, Bothell",378,"mathematics and statistics","Federal",75000
"U. Washington, Bothell",378,"physical sciences","Federal",808000
"U. Washington, Bothell",378,"psychology","Federal",0
"U. Washington, Bothell",378,"social sciences","Federal",112000
"U. Washington, Bothell",378,"sciences nec","Federal",0
"U. Washington, Bothell",378,"engineering","Federal",343000
"U. Washington, Bothell",378,"all non s e fields","Federal",1083000
"Chicago State U.",379,"all r d expenditures","Federal",3756000
"Chicago State U.",379,"computer and information sciences","Federal",8000
"Chicago State U.",379,"geosciences atmospheric sciences and ocean sciences","Federal",0
"Chicago State U.",379,"life sciences","Federal",1984000
"Chicago State U.",379,"mathematics and statistics","Federal",0
"Chicago State U.",379,"physical sciences","Federal",1534000
"Chicago State U.",379,"psychology","Federal",0
"Chicago State U.",379,"social sciences","Federal",230000
"Chicago State U.",379,"sciences nec","Federal",0
"Chicago State U.",379,"engineering","Federal",0
"Chicago State U.",379,"all non s e fields","Federal",0
"Towson U.",380,"all r d expenditures","Federal",3653000
"Towson U.",380,"computer and information sciences","Federal",1168000
"Towson U.",380,"geosciences atmospheric sciences and ocean sciences","Federal",506000
"Towson U.",380,"life sciences","Federal",841000
"Towson U.",380,"mathematics and statistics","Federal",231000
"Towson U.",380,"physical sciences","Federal",386000
"Towson U.",380,"psychology","Federal",192000
"Towson U.",380,"social sciences","Federal",53000
"Towson U.",380,"sciences nec","Federal",36000
"Towson U.",380,"engineering","Federal",0
"Towson U.",380,"all non s e fields","Federal",240000
"Hope C.",381,"all r d expenditures","Federal",3639000
"Hope C.",381,"computer and information sciences","Federal",0
"Hope C.",381,"geosciences atmospheric sciences and ocean sciences","Federal",5000
"Hope C.",381,"life sciences","Federal",2076000
"Hope C.",381,"mathematics and statistics","Federal",3000
"Hope C.",381,"physical sciences","Federal",601000
"Hope C.",381,"psychology","Federal",0
"Hope C.",381,"social sciences","Federal",0
"Hope C.",381,"sciences nec","Federal",0
"Hope C.",381,"engineering","Federal",412000
"Hope C.",381,"all non s e fields","Federal",542000
"Southern Illinois U., Edwardsville",382,"all r d expenditures","Federal",3621000
"Southern Illinois U., Edwardsville",382,"computer and information sciences","Federal",0
"Southern Illinois U., Edwardsville",382,"geosciences atmospheric sciences and ocean sciences","Federal",316000
"Southern Illinois U., Edwardsville",382,"life sciences","Federal",1219000
"Southern Illinois U., Edwardsville",382,"mathematics and statistics","Federal",0
"Southern Illinois U., Edwardsville",382,"physical sciences","Federal",635000
"Southern Illinois U., Edwardsville",382,"psychology","Federal",0
"Southern Illinois U., Edwardsville",382,"social sciences","Federal",212000
"Southern Illinois U., Edwardsville",382,"sciences nec","Federal",8000
"Southern Illinois U., Edwardsville",382,"engineering","Federal",273000
"Southern Illinois U., Edwardsville",382,"all non s e fields","Federal",958000
"Georgia Southern U.",383,"all r d expenditures","Federal",3562000
"Georgia Southern U.",383,"computer and information sciences","Federal",3000
"Georgia Southern U.",383,"geosciences atmospheric sciences and ocean sciences","Federal",388000
"Georgia Southern U.",383,"life sciences","Federal",773000
"Georgia Southern U.",383,"mathematics and statistics","Federal",86000
"Georgia Southern U.",383,"physical sciences","Federal",340000
"Georgia Southern U.",383,"psychology","Federal",0
"Georgia Southern U.",383,"social sciences","Federal",645000
"Georgia Southern U.",383,"sciences nec","Federal",3000
"Georgia Southern U.",383,"engineering","Federal",978000
"Georgia Southern U.",383,"all non s e fields","Federal",346000
"U. Wisconsin-Superior",384,"all r d expenditures","Federal",3559000
"U. Wisconsin-Superior",384,"computer and information sciences","Federal",0
"U. Wisconsin-Superior",384,"geosciences atmospheric sciences and ocean sciences","Federal",3532000
"U. Wisconsin-Superior",384,"life sciences","Federal",4000
"U. Wisconsin-Superior",384,"mathematics and statistics","Federal",0
"U. Wisconsin-Superior",384,"physical sciences","Federal",23000
"U. Wisconsin-Superior",384,"psychology","Federal",0
"U. Wisconsin-Superior",384,"social sciences","Federal",0
"U. Wisconsin-Superior",384,"sciences nec","Federal",0
"U. Wisconsin-Superior",384,"engineering","Federal",0
"U. Wisconsin-Superior",384,"all non s e fields","Federal",0
"California State U., Bakersfield",385,"all r d expenditures","Federal",3525000
"California State U., Bakersfield",385,"computer and information sciences","Federal",0
"California State U., Bakersfield",385,"geosciences atmospheric sciences and ocean sciences","Federal",117000
"California State U., Bakersfield",385,"life sciences","Federal",375000
"California State U., Bakersfield",385,"mathematics and statistics","Federal",969000
"California State U., Bakersfield",385,"physical sciences","Federal",98000
"California State U., Bakersfield",385,"psychology","Federal",10000
"California State U., Bakersfield",385,"social sciences","Federal",10000
"California State U., Bakersfield",385,"sciences nec","Federal",0
"California State U., Bakersfield",385,"engineering","Federal",388000
"California State U., Bakersfield",385,"all non s e fields","Federal",1558000
"U. San Diego",386,"all r d expenditures","Federal",3501000
"U. San Diego",386,"computer and information sciences","Federal",0
"U. San Diego",386,"geosciences atmospheric sciences and ocean sciences","Federal",43000
"U. San Diego",386,"life sciences","Federal",101000
"U. San Diego",386,"mathematics and statistics","Federal",1886000
"U. San Diego",386,"physical sciences","Federal",680000
"U. San Diego",386,"psychology","Federal",0
"U. San Diego",386,"social sciences","Federal",64000
"U. San Diego",386,"sciences nec","Federal",0
"U. San Diego",386,"engineering","Federal",343000
"U. San Diego",386,"all non s e fields","Federal",384000
"Appalachian State U.",387,"all r d expenditures","Federal",3497000
"Appalachian State U.",387,"computer and information sciences","Federal",410000
"Appalachian State U.",387,"geosciences atmospheric sciences and ocean sciences","Federal",429000
"Appalachian State U.",387,"life sciences","Federal",1641000
"Appalachian State U.",387,"mathematics and statistics","Federal",29000
"Appalachian State U.",387,"physical sciences","Federal",497000
"Appalachian State U.",387,"psychology","Federal",59000
"Appalachian State U.",387,"social sciences","Federal",112000
"Appalachian State U.",387,"sciences nec","Federal",0
"Appalachian State U.",387,"engineering","Federal",0
"Appalachian State U.",387,"all non s e fields","Federal",320000
"Sonoma State U.",388,"all r d expenditures","Federal",3483000
"Sonoma State U.",388,"computer and information sciences","Federal",0
"Sonoma State U.",388,"geosciences atmospheric sciences and ocean sciences","Federal",1719000
"Sonoma State U.",388,"life sciences","Federal",410000
"Sonoma State U.",388,"mathematics and statistics","Federal",719000
"Sonoma State U.",388,"physical sciences","Federal",1000
"Sonoma State U.",388,"psychology","Federal",57000
"Sonoma State U.",388,"social sciences","Federal",0
"Sonoma State U.",388,"sciences nec","Federal",54000
"Sonoma State U.",388,"engineering","Federal",43000
"Sonoma State U.",388,"all non s e fields","Federal",480000
"James Madison U.",389,"all r d expenditures","Federal",3475000
"James Madison U.",389,"computer and information sciences","Federal",39000
"James Madison U.",389,"geosciences atmospheric sciences and ocean sciences","Federal",168000
"James Madison U.",389,"life sciences","Federal",1479000
"James Madison U.",389,"mathematics and statistics","Federal",81000
"James Madison U.",389,"physical sciences","Federal",1367000
"James Madison U.",389,"psychology","Federal",0
"James Madison U.",389,"social sciences","Federal",0
"James Madison U.",389,"sciences nec","Federal",0
"James Madison U.",389,"engineering","Federal",209000
"James Madison U.",389,"all non s e fields","Federal",132000
"U. Michigan, Dearborn",390,"all r d expenditures","Federal",3464000
"U. Michigan, Dearborn",390,"computer and information sciences","Federal",0
"U. Michigan, Dearborn",390,"geosciences atmospheric sciences and ocean sciences","Federal",0
"U. Michigan, Dearborn",390,"life sciences","Federal",248000
"U. Michigan, Dearborn",390,"mathematics and statistics","Federal",304000
"U. Michigan, Dearborn",390,"physical sciences","Federal",169000
"U. Michigan, Dearborn",390,"psychology","Federal",0
"U. Michigan, Dearborn",390,"social sciences","Federal",0
"U. Michigan, Dearborn",390,"sciences nec","Federal",112000
"U. Michigan, Dearborn",390,"engineering","Federal",2599000
"U. Michigan, Dearborn",390,"all non s e fields","Federal",32000
"Santa Clara U.",391,"all r d expenditures","Federal",3448000
"Santa Clara U.",391,"computer and information sciences","Federal",0
"Santa Clara U.",391,"geosciences atmospheric sciences and ocean sciences","Federal",0
"Santa Clara U.",391,"life sciences","Federal",432000
"Santa Clara U.",391,"mathematics and statistics","Federal",8000
"Santa Clara U.",391,"physical sciences","Federal",509000
"Santa Clara U.",391,"psychology","Federal",41000
"Santa Clara U.",391,"social sciences","Federal",41000
"Santa Clara U.",391,"sciences nec","Federal",0
"Santa Clara U.",391,"engineering","Federal",1849000
"Santa Clara U.",391,"all non s e fields","Federal",568000
"New Mexico Highlands U.",392,"all r d expenditures","Federal",3416000
"New Mexico Highlands U.",392,"computer and information sciences","Federal",1095000
"New Mexico Highlands U.",392,"geosciences atmospheric sciences and ocean sciences","Federal",151000
"New Mexico Highlands U.",392,"life sciences","Federal",1765000
"New Mexico Highlands U.",392,"mathematics and statistics","Federal",242000
"New Mexico Highlands U.",392,"physical sciences","Federal",12000
"New Mexico Highlands U.",392,"psychology","Federal",151000
"New Mexico Highlands U.",392,"social sciences","Federal",0
"New Mexico Highlands U.",392,"sciences nec","Federal",0
"New Mexico Highlands U.",392,"engineering","Federal",0
"New Mexico Highlands U.",392,"all non s e fields","Federal",0
"Purdue U., Northwest",393,"all r d expenditures","Federal",3409000
"Purdue U., Northwest",393,"computer and information sciences","Federal",458000
"Purdue U., Northwest",393,"geosciences atmospheric sciences and ocean sciences","Federal",0
"Purdue U., Northwest",393,"life sciences","Federal",155000
"Purdue U., Northwest",393,"mathematics and statistics","Federal",0
"Purdue U., Northwest",393,"physical sciences","Federal",175000
"Purdue U., Northwest",393,"psychology","Federal",0
"Purdue U., Northwest",393,"social sciences","Federal",0
"Purdue U., Northwest",393,"sciences nec","Federal",48000
"Purdue U., Northwest",393,"engineering","Federal",2023000
"Purdue U., Northwest",393,"all non s e fields","Federal",550000
"Western Kentucky U.",394,"all r d expenditures","Federal",3401000
"Western Kentucky U.",394,"computer and information sciences","Federal",0
"Western Kentucky U.",394,"geosciences atmospheric sciences and ocean sciences","Federal",226000
"Western Kentucky U.",394,"life sciences","Federal",1688000
"Western Kentucky U.",394,"mathematics and statistics","Federal",0
"Western Kentucky U.",394,"physical sciences","Federal",820000
"Western Kentucky U.",394,"psychology","Federal",393000
"Western Kentucky U.",394,"social sciences","Federal",81000
"Western Kentucky U.",394,"sciences nec","Federal",0
"Western Kentucky U.",394,"engineering","Federal",109000
"Western Kentucky U.",394,"all non s e fields","Federal",84000
"U. North Carolina, Asheville",395,"all r d expenditures","Federal",3323000
"U. North Carolina, Asheville",395,"computer and information sciences","Federal",278000
"U. North Carolina, Asheville",395,"geosciences atmospheric sciences and ocean sciences","Federal",1e+05
"U. North Carolina, Asheville",395,"life sciences","Federal",1520000
"U. North Carolina, Asheville",395,"mathematics and statistics","Federal",0
"U. North Carolina, Asheville",395,"physical sciences","Federal",864000
"U. North Carolina, Asheville",395,"psychology","Federal",0
"U. North Carolina, Asheville",395,"social sciences","Federal",0
"U. North Carolina, Asheville",395,"sciences nec","Federal",0
"U. North Carolina, Asheville",395,"engineering","Federal",2000
"U. North Carolina, Asheville",395,"all non s e fields","Federal",559000
"Sam Houston State U.",396,"all r d expenditures","Federal",3307000
"Sam Houston State U.",396,"computer and information sciences","Federal",64000
"Sam Houston State U.",396,"geosciences atmospheric sciences and ocean sciences","Federal",75000
"Sam Houston State U.",396,"life sciences","Federal",844000
"Sam Houston State U.",396,"mathematics and statistics","Federal",455000
"Sam Houston State U.",396,"physical sciences","Federal",387000
"Sam Houston State U.",396,"psychology","Federal",0
"Sam Houston State U.",396,"social sciences","Federal",986000
"Sam Houston State U.",396,"sciences nec","Federal",0
"Sam Houston State U.",396,"engineering","Federal",80000
"Sam Houston State U.",396,"all non s e fields","Federal",416000
"CUNY, C. Staten Island",397,"all r d expenditures","Federal",3296000
"CUNY, C. Staten Island",397,"computer and information sciences","Federal",102000
"CUNY, C. Staten Island",397,"geosciences atmospheric sciences and ocean sciences","Federal",0
"CUNY, C. Staten Island",397,"life sciences","Federal",1069000
"CUNY, C. Staten Island",397,"mathematics and statistics","Federal",65000
"CUNY, C. Staten Island",397,"physical sciences","Federal",1114000
"CUNY, C. Staten Island",397,"psychology","Federal",660000
"CUNY, C. Staten Island",397,"social sciences","Federal",0
"CUNY, C. Staten Island",397,"sciences nec","Federal",0
"CUNY, C. Staten Island",397,"engineering","Federal",286000
"CUNY, C. Staten Island",397,"all non s e fields","Federal",0
"Citadel Military C. South Carolina",398,"all r d expenditures","Federal",3287000
"Citadel Military C. South Carolina",398,"computer and information sciences","Federal",2407000
"Citadel Military C. South Carolina",398,"geosciences atmospheric sciences and ocean sciences","Federal",35000
"Citadel Military C. South Carolina",398,"life sciences","Federal",32000
"Citadel Military C. South Carolina",398,"mathematics and statistics","Federal",0
"Citadel Military C. South Carolina",398,"physical sciences","Federal",36000
"Citadel Military C. South Carolina",398,"psychology","Federal",15000
"Citadel Military C. South Carolina",398,"social sciences","Federal",0
"Citadel Military C. South Carolina",398,"sciences nec","Federal",0
"Citadel Military C. South Carolina",398,"engineering","Federal",416000
"Citadel Military C. South Carolina",398,"all non s e fields","Federal",346000
"Western Illinois U.",399,"all r d expenditures","Federal",3283000
"Western Illinois U.",399,"computer and information sciences","Federal",0
"Western Illinois U.",399,"geosciences atmospheric sciences and ocean sciences","Federal",0
"Western Illinois U.",399,"life sciences","Federal",2284000
"Western Illinois U.",399,"mathematics and statistics","Federal",0
"Western Illinois U.",399,"physical sciences","Federal",106000
"Western Illinois U.",399,"psychology","Federal",0
"Western Illinois U.",399,"social sciences","Federal",176000
"Western Illinois U.",399,"sciences nec","Federal",0
"Western Illinois U.",399,"engineering","Federal",717000
"Western Illinois U.",399,"all non s e fields","Federal",0
"California State Polytechnic U., Humboldt",400,"all r d expenditures","Federal",3280000
"California State Polytechnic U., Humboldt",400,"computer and information sciences","Federal",8000
"California State Polytechnic U., Humboldt",400,"geosciences atmospheric sciences and ocean sciences","Federal",78000
"California State Polytechnic U., Humboldt",400,"life sciences","Federal",1758000
"California State Polytechnic U., Humboldt",400,"mathematics and statistics","Federal",0
"California State Polytechnic U., Humboldt",400,"physical sciences","Federal",54000
"California State Polytechnic U., Humboldt",400,"psychology","Federal",0
"California State Polytechnic U., Humboldt",400,"social sciences","Federal",995000
"California State Polytechnic U., Humboldt",400,"sciences nec","Federal",0
"California State Polytechnic U., Humboldt",400,"engineering","Federal",6000
"California State Polytechnic U., Humboldt",400,"all non s e fields","Federal",381000
"New York Institute of Technology",401,"all r d expenditures","Federal",3252000
"New York Institute of Technology",401,"computer and information sciences","Federal",108000
"New York Institute of Technology",401,"geosciences atmospheric sciences and ocean sciences","Federal",0
"New York Institute of Technology",401,"life sciences","Federal",2212000
"New York Institute of Technology",401,"mathematics and statistics","Federal",0
"New York Institute of Technology",401,"physical sciences","Federal",190000
"New York Institute of Technology",401,"psychology","Federal",0
"New York Institute of Technology",401,"social sciences","Federal",0
"New York Institute of Technology",401,"sciences nec","Federal",0
"New York Institute of Technology",401,"engineering","Federal",742000
"New York Institute of Technology",401,"all non s e fields","Federal",0
"California State U., Chico",402,"all r d expenditures","Federal",3152000
"California State U., Chico",402,"computer and information sciences","Federal",0
"California State U., Chico",402,"geosciences atmospheric sciences and ocean sciences","Federal",424000
"California State U., Chico",402,"life sciences","Federal",910000
"California State U., Chico",402,"mathematics and statistics","Federal",0
"California State U., Chico",402,"physical sciences","Federal",230000
"California State U., Chico",402,"psychology","Federal",0
"California State U., Chico",402,"social sciences","Federal",81000
"California State U., Chico",402,"sciences nec","Federal",0
"California State U., Chico",402,"engineering","Federal",990000
"California State U., Chico",402,"all non s e fields","Federal",517000
"U. of Health Sciences and Pharmacy in St. Louis",403,"all r d expenditures","Federal",3110000
"U. of Health Sciences and Pharmacy in St. Louis",403,"computer and information sciences","Federal",0
"U. of Health Sciences and Pharmacy in St. Louis",403,"geosciences atmospheric sciences and ocean sciences","Federal",0
"U. of Health Sciences and Pharmacy in St. Louis",403,"life sciences","Federal",3107000
"U. of Health Sciences and Pharmacy in St. Louis",403,"mathematics and statistics","Federal",0
"U. of Health Sciences and Pharmacy in St. Louis",403,"physical sciences","Federal",3000
"U. of Health Sciences and Pharmacy in St. Louis",403,"psychology","Federal",0
"U. of Health Sciences and Pharmacy in St. Louis",403,"social sciences","Federal",0
"U. of Health Sciences and Pharmacy in St. Louis",403,"sciences nec","Federal",0
"U. of Health Sciences and Pharmacy in St. Louis",403,"engineering","Federal",0
"U. of Health Sciences and Pharmacy in St. Louis",403,"all non s e fields","Federal",0
"Arkansas State U., Jonesboro",404,"all r d expenditures","Federal",3083000
"Arkansas State U., Jonesboro",404,"computer and information sciences","Federal",31000
"Arkansas State U., Jonesboro",404,"geosciences atmospheric sciences and ocean sciences","Federal",0
"Arkansas State U., Jonesboro",404,"life sciences","Federal",2237000
"Arkansas State U., Jonesboro",404,"mathematics and statistics","Federal",0
"Arkansas State U., Jonesboro",404,"physical sciences","Federal",221000
"Arkansas State U., Jonesboro",404,"psychology","Federal",30000
"Arkansas State U., Jonesboro",404,"social sciences","Federal",83000
"Arkansas State U., Jonesboro",404,"sciences nec","Federal",0
"Arkansas State U., Jonesboro",404,"engineering","Federal",481000
"Arkansas State U., Jonesboro",404,"all non s e fields","Federal",0
"Troy U.",405,"all r d expenditures","Federal",3069000
"Troy U.",405,"computer and information sciences","Federal",0
"Troy U.",405,"geosciences atmospheric sciences and ocean sciences","Federal",18000
"Troy U.",405,"life sciences","Federal",283000
"Troy U.",405,"mathematics and statistics","Federal",0
"Troy U.",405,"physical sciences","Federal",2525000
"Troy U.",405,"psychology","Federal",0
"Troy U.",405,"social sciences","Federal",0
"Troy U.",405,"sciences nec","Federal",0
"Troy U.",405,"engineering","Federal",47000
"Troy U.",405,"all non s e fields","Federal",196000
"Pennsylvania State U., Harrisburg",406,"all r d expenditures","Federal",3045000
"Pennsylvania State U., Harrisburg",406,"computer and information sciences","Federal",13000
"Pennsylvania State U., Harrisburg",406,"geosciences atmospheric sciences and ocean sciences","Federal",39000
"Pennsylvania State U., Harrisburg",406,"life sciences","Federal",1578000
"Pennsylvania State U., Harrisburg",406,"mathematics and statistics","Federal",15000
"Pennsylvania State U., Harrisburg",406,"physical sciences","Federal",91000
"Pennsylvania State U., Harrisburg",406,"psychology","Federal",33000
"Pennsylvania State U., Harrisburg",406,"social sciences","Federal",25000
"Pennsylvania State U., Harrisburg",406,"sciences nec","Federal",0
"Pennsylvania State U., Harrisburg",406,"engineering","Federal",126000
"Pennsylvania State U., Harrisburg",406,"all non s e fields","Federal",1125000
"Rutgers, State U. New Jersey, Camden",407,"all r d expenditures","Federal",3042000
"Rutgers, State U. New Jersey, Camden",407,"computer and information sciences","Federal",2682000
"Rutgers, State U. New Jersey, Camden",407,"geosciences atmospheric sciences and ocean sciences","Federal",0
"Rutgers, State U. New Jersey, Camden",407,"life sciences","Federal",0
"Rutgers, State U. New Jersey, Camden",407,"mathematics and statistics","Federal",0
"Rutgers, State U. New Jersey, Camden",407,"physical sciences","Federal",2000
"Rutgers, State U. New Jersey, Camden",407,"psychology","Federal",0
"Rutgers, State U. New Jersey, Camden",407,"social sciences","Federal",358000
"Rutgers, State U. New Jersey, Camden",407,"sciences nec","Federal",0
"Rutgers, State U. New Jersey, Camden",407,"engineering","Federal",0
"Rutgers, State U. New Jersey, Camden",407,"all non s e fields","Federal",0
"Smith C.",408,"all r d expenditures","Federal",3013000
"Smith C.",408,"computer and information sciences","Federal",447000
"Smith C.",408,"geosciences atmospheric sciences and ocean sciences","Federal",47000
"Smith C.",408,"life sciences","Federal",1044000
"Smith C.",408,"mathematics and statistics","Federal",342000
"Smith C.",408,"physical sciences","Federal",359000
"Smith C.",408,"psychology","Federal",293000
"Smith C.",408,"social sciences","Federal",0
"Smith C.",408,"sciences nec","Federal",12000
"Smith C.",408,"engineering","Federal",421000
"Smith C.",408,"all non s e fields","Federal",48000
"Colby C.",409,"all r d expenditures","Federal",3011000
"Colby C.",409,"computer and information sciences","Federal",13000
"Colby C.",409,"geosciences atmospheric sciences and ocean sciences","Federal",85000
"Colby C.",409,"life sciences","Federal",2233000
"Colby C.",409,"mathematics and statistics","Federal",88000
"Colby C.",409,"physical sciences","Federal",294000
"Colby C.",409,"psychology","Federal",15000
"Colby C.",409,"social sciences","Federal",201000
"Colby C.",409,"sciences nec","Federal",0
"Colby C.",409,"engineering","Federal",0
"Colby C.",409,"all non s e fields","Federal",82000
"U. Northern Iowa",410,"all r d expenditures","Federal",2975000
"U. Northern Iowa",410,"computer and information sciences","Federal",0
"U. Northern Iowa",410,"geosciences atmospheric sciences and ocean sciences","Federal",0
"U. Northern Iowa",410,"life sciences","Federal",249000
"U. Northern Iowa",410,"mathematics and statistics","Federal",4000
"U. Northern Iowa",410,"physical sciences","Federal",831000
"U. Northern Iowa",410,"psychology","Federal",0
"U. Northern Iowa",410,"social sciences","Federal",1763000
"U. Northern Iowa",410,"sciences nec","Federal",13000
"U. Northern Iowa",410,"engineering","Federal",0
"U. Northern Iowa",410,"all non s e fields","Federal",115000
"Occidental C.",411,"all r d expenditures","Federal",2967000
"Occidental C.",411,"computer and information sciences","Federal",354000
"Occidental C.",411,"geosciences atmospheric sciences and ocean sciences","Federal",645000
"Occidental C.",411,"life sciences","Federal",464000
"Occidental C.",411,"mathematics and statistics","Federal",122000
"Occidental C.",411,"physical sciences","Federal",660000
"Occidental C.",411,"psychology","Federal",445000
"Occidental C.",411,"social sciences","Federal",197000
"Occidental C.",411,"sciences nec","Federal",0
"Occidental C.",411,"engineering","Federal",0
"Occidental C.",411,"all non s e fields","Federal",80000
"U. Central del Caribe",412,"all r d expenditures","Federal",2929000
"U. Central del Caribe",412,"computer and information sciences","Federal",0
"U. Central del Caribe",412,"geosciences atmospheric sciences and ocean sciences","Federal",0
"U. Central del Caribe",412,"life sciences","Federal",2929000
"U. Central del Caribe",412,"mathematics and statistics","Federal",0
"U. Central del Caribe",412,"physical sciences","Federal",0
"U. Central del Caribe",412,"psychology","Federal",0
"U. Central del Caribe",412,"social sciences","Federal",0
"U. Central del Caribe",412,"sciences nec","Federal",0
"U. Central del Caribe",412,"engineering","Federal",0
"U. Central del Caribe",412,"all non s e fields","Federal",0
"Loyola Marymount U.",413,"all r d expenditures","Federal",2921000
"Loyola Marymount U.",413,"computer and information sciences","Federal",52000
"Loyola Marymount U.",413,"geosciences atmospheric sciences and ocean sciences","Federal",8000
"Loyola Marymount U.",413,"life sciences","Federal",317000
"Loyola Marymount U.",413,"mathematics and statistics","Federal",0
"Loyola Marymount U.",413,"physical sciences","Federal",124000
"Loyola Marymount U.",413,"psychology","Federal",724000
"Loyola Marymount U.",413,"social sciences","Federal",352000
"Loyola Marymount U.",413,"sciences nec","Federal",0
"Loyola Marymount U.",413,"engineering","Federal",0
"Loyola Marymount U.",413,"all non s e fields","Federal",1344000
"Wellesley C.",413,"all r d expenditures","Federal",2921000
"Wellesley C.",413,"computer and information sciences","Federal",137000
"Wellesley C.",413,"geosciences atmospheric sciences and ocean sciences","Federal",212000
"Wellesley C.",413,"life sciences","Federal",848000
"Wellesley C.",413,"mathematics and statistics","Federal",292000
"Wellesley C.",413,"physical sciences","Federal",764000
"Wellesley C.",413,"psychology","Federal",170000
"Wellesley C.",413,"social sciences","Federal",397000
"Wellesley C.",413,"sciences nec","Federal",0
"Wellesley C.",413,"engineering","Federal",50000
"Wellesley C.",413,"all non s e fields","Federal",51000
"CUNY, system office",415,"all r d expenditures","Federal",2901000
"CUNY, system office",415,"computer and information sciences","Federal",0
"CUNY, system office",415,"geosciences atmospheric sciences and ocean sciences","Federal",0
"CUNY, system office",415,"life sciences","Federal",45000
"CUNY, system office",415,"mathematics and statistics","Federal",0
"CUNY, system office",415,"physical sciences","Federal",0
"CUNY, system office",415,"psychology","Federal",0
"CUNY, system office",415,"social sciences","Federal",0
"CUNY, system office",415,"sciences nec","Federal",1683000
"CUNY, system office",415,"engineering","Federal",0
"CUNY, system office",415,"all non s e fields","Federal",1173000
"Amherst C.",416,"all r d expenditures","Federal",2869000
"Amherst C.",416,"computer and information sciences","Federal",104000
"Amherst C.",416,"geosciences atmospheric sciences and ocean sciences","Federal",353000
"Amherst C.",416,"life sciences","Federal",826000
"Amherst C.",416,"mathematics and statistics","Federal",815000
"Amherst C.",416,"physical sciences","Federal",755000
"Amherst C.",416,"psychology","Federal",0
"Amherst C.",416,"social sciences","Federal",16000
"Amherst C.",416,"sciences nec","Federal",0
"Amherst C.",416,"engineering","Federal",0
"Amherst C.",416,"all non s e fields","Federal",0
"Midwestern U.",417,"all r d expenditures","Federal",2862000
"Midwestern U.",417,"computer and information sciences","Federal",0
"Midwestern U.",417,"geosciences atmospheric sciences and ocean sciences","Federal",0
"Midwestern U.",417,"life sciences","Federal",2862000
"Midwestern U.",417,"mathematics and statistics","Federal",0
"Midwestern U.",417,"physical sciences","Federal",0
"Midwestern U.",417,"psychology","Federal",0
"Midwestern U.",417,"social sciences","Federal",0
"Midwestern U.",417,"sciences nec","Federal",0
"Midwestern U.",417,"engineering","Federal",0
"Midwestern U.",417,"all non s e fields","Federal",0
"Alabama State U.",418,"all r d expenditures","Federal",2848000
"Alabama State U.",418,"computer and information sciences","Federal",255000
"Alabama State U.",418,"geosciences atmospheric sciences and ocean sciences","Federal",0
"Alabama State U.",418,"life sciences","Federal",2579000
"Alabama State U.",418,"mathematics and statistics","Federal",0
"Alabama State U.",418,"physical sciences","Federal",0
"Alabama State U.",418,"psychology","Federal",0
"Alabama State U.",418,"social sciences","Federal",0
"Alabama State U.",418,"sciences nec","Federal",0
"Alabama State U.",418,"engineering","Federal",14000
"Alabama State U.",418,"all non s e fields","Federal",0
"Fort Lewis C.",419,"all r d expenditures","Federal",2816000
"Fort Lewis C.",419,"computer and information sciences","Federal",0
"Fort Lewis C.",419,"geosciences atmospheric sciences and ocean sciences","Federal",2000
"Fort Lewis C.",419,"life sciences","Federal",981000
"Fort Lewis C.",419,"mathematics and statistics","Federal",0
"Fort Lewis C.",419,"physical sciences","Federal",693000
"Fort Lewis C.",419,"psychology","Federal",0
"Fort Lewis C.",419,"social sciences","Federal",0
"Fort Lewis C.",419,"sciences nec","Federal",0
"Fort Lewis C.",419,"engineering","Federal",569000
"Fort Lewis C.",419,"all non s e fields","Federal",571000
"Carleton C.",420,"all r d expenditures","Federal",2800000
"Carleton C.",420,"computer and information sciences","Federal",117000
"Carleton C.",420,"geosciences atmospheric sciences and ocean sciences","Federal",1627000
"Carleton C.",420,"life sciences","Federal",127000
"Carleton C.",420,"mathematics and statistics","Federal",79000
"Carleton C.",420,"physical sciences","Federal",358000
"Carleton C.",420,"psychology","Federal",304000
"Carleton C.",420,"social sciences","Federal",177000
"Carleton C.",420,"sciences nec","Federal",0
"Carleton C.",420,"engineering","Federal",1000
"Carleton C.",420,"all non s e fields","Federal",10000
"West Virginia State U.",420,"all r d expenditures","Federal",2800000
"West Virginia State U.",420,"computer and information sciences","Federal",0
"West Virginia State U.",420,"geosciences atmospheric sciences and ocean sciences","Federal",0
"West Virginia State U.",420,"life sciences","Federal",2777000
"West Virginia State U.",420,"mathematics and statistics","Federal",23000
"West Virginia State U.",420,"physical sciences","Federal",0
"West Virginia State U.",420,"psychology","Federal",0
"West Virginia State U.",420,"social sciences","Federal",0
"West Virginia State U.",420,"sciences nec","Federal",0
"West Virginia State U.",420,"engineering","Federal",0
"West Virginia State U.",420,"all non s e fields","Federal",0
"CUNY, Graduate Center",422,"all r d expenditures","Federal",2792000
"CUNY, Graduate Center",422,"computer and information sciences","Federal",0
"CUNY, Graduate Center",422,"geosciences atmospheric sciences and ocean sciences","Federal",15000
"CUNY, Graduate Center",422,"life sciences","Federal",0
"CUNY, Graduate Center",422,"mathematics and statistics","Federal",6000
"CUNY, Graduate Center",422,"physical sciences","Federal",659000
"CUNY, Graduate Center",422,"psychology","Federal",145000
"CUNY, Graduate Center",422,"social sciences","Federal",661000
"CUNY, Graduate Center",422,"sciences nec","Federal",301000
"CUNY, Graduate Center",422,"engineering","Federal",206000
"CUNY, Graduate Center",422,"all non s e fields","Federal",799000
"St. John's U., New York",422,"all r d expenditures","Federal",2792000
"St. John's U., New York",422,"computer and information sciences","Federal",163000
"St. John's U., New York",422,"geosciences atmospheric sciences and ocean sciences","Federal",0
"St. John's U., New York",422,"life sciences","Federal",1853000
"St. John's U., New York",422,"mathematics and statistics","Federal",0
"St. John's U., New York",422,"physical sciences","Federal",280000
"St. John's U., New York",422,"psychology","Federal",448000
"St. John's U., New York",422,"social sciences","Federal",0
"St. John's U., New York",422,"sciences nec","Federal",0
"St. John's U., New York",422,"engineering","Federal",0
"St. John's U., New York",422,"all non s e fields","Federal",48000
"Seton Hall U.",424,"all r d expenditures","Federal",2778000
"Seton Hall U.",424,"computer and information sciences","Federal",0
"Seton Hall U.",424,"geosciences atmospheric sciences and ocean sciences","Federal",0
"Seton Hall U.",424,"life sciences","Federal",1750000
"Seton Hall U.",424,"mathematics and statistics","Federal",0
"Seton Hall U.",424,"physical sciences","Federal",939000
"Seton Hall U.",424,"psychology","Federal",0
"Seton Hall U.",424,"social sciences","Federal",0
"Seton Hall U.",424,"sciences nec","Federal",0
"Seton Hall U.",424,"engineering","Federal",0
"Seton Hall U.",424,"all non s e fields","Federal",89000
"Pace U.",425,"all r d expenditures","Federal",2698000
"Pace U.",425,"computer and information sciences","Federal",913000
"Pace U.",425,"geosciences atmospheric sciences and ocean sciences","Federal",0
"Pace U.",425,"life sciences","Federal",108000
"Pace U.",425,"mathematics and statistics","Federal",0
"Pace U.",425,"physical sciences","Federal",16000
"Pace U.",425,"psychology","Federal",108000
"Pace U.",425,"social sciences","Federal",0
"Pace U.",425,"sciences nec","Federal",0
"Pace U.",425,"engineering","Federal",649000
"Pace U.",425,"all non s e fields","Federal",904000
"Youngstown State U.",426,"all r d expenditures","Federal",2691000
"Youngstown State U.",426,"computer and information sciences","Federal",70000
"Youngstown State U.",426,"geosciences atmospheric sciences and ocean sciences","Federal",0
"Youngstown State U.",426,"life sciences","Federal",149000
"Youngstown State U.",426,"mathematics and statistics","Federal",98000
"Youngstown State U.",426,"physical sciences","Federal",73000
"Youngstown State U.",426,"psychology","Federal",48000
"Youngstown State U.",426,"social sciences","Federal",45000
"Youngstown State U.",426,"sciences nec","Federal",0
"Youngstown State U.",426,"engineering","Federal",2208000
"Youngstown State U.",426,"all non s e fields","Federal",0
"Saint Joseph's U.",427,"all r d expenditures","Federal",2680000
"Saint Joseph's U.",427,"computer and information sciences","Federal",266000
"Saint Joseph's U.",427,"geosciences atmospheric sciences and ocean sciences","Federal",0
"Saint Joseph's U.",427,"life sciences","Federal",1307000
"Saint Joseph's U.",427,"mathematics and statistics","Federal",4000
"Saint Joseph's U.",427,"physical sciences","Federal",422000
"Saint Joseph's U.",427,"psychology","Federal",30000
"Saint Joseph's U.",427,"social sciences","Federal",167000
"Saint Joseph's U.",427,"sciences nec","Federal",0
"Saint Joseph's U.",427,"engineering","Federal",0
"Saint Joseph's U.",427,"all non s e fields","Federal",484000
"Tougaloo C.",428,"all r d expenditures","Federal",2643000
"Tougaloo C.",428,"computer and information sciences","Federal",104000
"Tougaloo C.",428,"geosciences atmospheric sciences and ocean sciences","Federal",0
"Tougaloo C.",428,"life sciences","Federal",1366000
"Tougaloo C.",428,"mathematics and statistics","Federal",103000
"Tougaloo C.",428,"physical sciences","Federal",608000
"Tougaloo C.",428,"psychology","Federal",125000
"Tougaloo C.",428,"social sciences","Federal",68000
"Tougaloo C.",428,"sciences nec","Federal",0
"Tougaloo C.",428,"engineering","Federal",0
"Tougaloo C.",428,"all non s e fields","Federal",269000
"U. Southern Maine",429,"all r d expenditures","Federal",2598000
"U. Southern Maine",429,"computer and information sciences","Federal",31000
"U. Southern Maine",429,"geosciences atmospheric sciences and ocean sciences","Federal",148000
"U. Southern Maine",429,"life sciences","Federal",129000
"U. Southern Maine",429,"mathematics and statistics","Federal",29000
"U. Southern Maine",429,"physical sciences","Federal",0
"U. Southern Maine",429,"psychology","Federal",0
"U. Southern Maine",429,"social sciences","Federal",2164000
"U. Southern Maine",429,"sciences nec","Federal",0
"U. Southern Maine",429,"engineering","Federal",97000
"U. Southern Maine",429,"all non s e fields","Federal",0
"Middlebury C.",430,"all r d expenditures","Federal",2564000
"Middlebury C.",430,"computer and information sciences","Federal",219000
"Middlebury C.",430,"geosciences atmospheric sciences and ocean sciences","Federal",581000
"Middlebury C.",430,"life sciences","Federal",801000
"Middlebury C.",430,"mathematics and statistics","Federal",35000
"Middlebury C.",430,"physical sciences","Federal",569000
"Middlebury C.",430,"psychology","Federal",125000
"Middlebury C.",430,"social sciences","Federal",206000
"Middlebury C.",430,"sciences nec","Federal",0
"Middlebury C.",430,"engineering","Federal",0
"Middlebury C.",430,"all non s e fields","Federal",28000
"Eastern Michigan U.",431,"all r d expenditures","Federal",2521000
"Eastern Michigan U.",431,"computer and information sciences","Federal",0
"Eastern Michigan U.",431,"geosciences atmospheric sciences and ocean sciences","Federal",92000
"Eastern Michigan U.",431,"life sciences","Federal",1632000
"Eastern Michigan U.",431,"mathematics and statistics","Federal",131000
"Eastern Michigan U.",431,"physical sciences","Federal",338000
"Eastern Michigan U.",431,"psychology","Federal",0
"Eastern Michigan U.",431,"social sciences","Federal",39000
"Eastern Michigan U.",431,"sciences nec","Federal",0
"Eastern Michigan U.",431,"engineering","Federal",83000
"Eastern Michigan U.",431,"all non s e fields","Federal",206000
"Saginaw Valley State U.",432,"all r d expenditures","Federal",2503000
"Saginaw Valley State U.",432,"computer and information sciences","Federal",272000
"Saginaw Valley State U.",432,"geosciences atmospheric sciences and ocean sciences","Federal",0
"Saginaw Valley State U.",432,"life sciences","Federal",1620000
"Saginaw Valley State U.",432,"mathematics and statistics","Federal",0
"Saginaw Valley State U.",432,"physical sciences","Federal",0
"Saginaw Valley State U.",432,"psychology","Federal",0
"Saginaw Valley State U.",432,"social sciences","Federal",183000
"Saginaw Valley State U.",432,"sciences nec","Federal",0
"Saginaw Valley State U.",432,"engineering","Federal",0
"Saginaw Valley State U.",432,"all non s e fields","Federal",428000
"Central Washington U.",433,"all r d expenditures","Federal",2499000
"Central Washington U.",433,"computer and information sciences","Federal",363000
"Central Washington U.",433,"geosciences atmospheric sciences and ocean sciences","Federal",1597000
"Central Washington U.",433,"life sciences","Federal",28000
"Central Washington U.",433,"mathematics and statistics","Federal",178000
"Central Washington U.",433,"physical sciences","Federal",251000
"Central Washington U.",433,"psychology","Federal",0
"Central Washington U.",433,"social sciences","Federal",38000
"Central Washington U.",433,"sciences nec","Federal",0
"Central Washington U.",433,"engineering","Federal",39000
"Central Washington U.",433,"all non s e fields","Federal",5000
"CUNY, New York City C. of Technology",434,"all r d expenditures","Federal",2498000
"CUNY, New York City C. of Technology",434,"computer and information sciences","Federal",211000
"CUNY, New York City C. of Technology",434,"geosciences atmospheric sciences and ocean sciences","Federal",0
"CUNY, New York City C. of Technology",434,"life sciences","Federal",162000
"CUNY, New York City C. of Technology",434,"mathematics and statistics","Federal",151000
"CUNY, New York City C. of Technology",434,"physical sciences","Federal",543000
"CUNY, New York City C. of Technology",434,"psychology","Federal",0
"CUNY, New York City C. of Technology",434,"social sciences","Federal",0
"CUNY, New York City C. of Technology",434,"sciences nec","Federal",0
"CUNY, New York City C. of Technology",434,"engineering","Federal",782000
"CUNY, New York City C. of Technology",434,"all non s e fields","Federal",649000
"National Defense U.",435,"all r d expenditures","Federal",2494000
"National Defense U.",435,"computer and information sciences","Federal",143000
"National Defense U.",435,"geosciences atmospheric sciences and ocean sciences","Federal",0
"National Defense U.",435,"life sciences","Federal",4e+05
"National Defense U.",435,"mathematics and statistics","Federal",0
"National Defense U.",435,"physical sciences","Federal",0
"National Defense U.",435,"psychology","Federal",0
"National Defense U.",435,"social sciences","Federal",1951000
"National Defense U.",435,"sciences nec","Federal",0
"National Defense U.",435,"engineering","Federal",0
"National Defense U.",435,"all non s e fields","Federal",0
"Bowie State U.",436,"all r d expenditures","Federal",2469000
"Bowie State U.",436,"computer and information sciences","Federal",892000
"Bowie State U.",436,"geosciences atmospheric sciences and ocean sciences","Federal",0
"Bowie State U.",436,"life sciences","Federal",1002000
"Bowie State U.",436,"mathematics and statistics","Federal",14000
"Bowie State U.",436,"physical sciences","Federal",0
"Bowie State U.",436,"psychology","Federal",0
"Bowie State U.",436,"social sciences","Federal",69000
"Bowie State U.",436,"sciences nec","Federal",0
"Bowie State U.",436,"engineering","Federal",0
"Bowie State U.",436,"all non s e fields","Federal",492000
"SUNY, C. of Optometry",436,"all r d expenditures","Federal",2469000
"SUNY, C. of Optometry",436,"computer and information sciences","Federal",0
"SUNY, C. of Optometry",436,"geosciences atmospheric sciences and ocean sciences","Federal",0
"SUNY, C. of Optometry",436,"life sciences","Federal",2469000
"SUNY, C. of Optometry",436,"mathematics and statistics","Federal",0
"SUNY, C. of Optometry",436,"physical sciences","Federal",0
"SUNY, C. of Optometry",436,"psychology","Federal",0
"SUNY, C. of Optometry",436,"social sciences","Federal",0
"SUNY, C. of Optometry",436,"sciences nec","Federal",0
"SUNY, C. of Optometry",436,"engineering","Federal",0
"SUNY, C. of Optometry",436,"all non s e fields","Federal",0
"California State U., Dominguez Hills",438,"all r d expenditures","Federal",2457000
"California State U., Dominguez Hills",438,"computer and information sciences","Federal",307000
"California State U., Dominguez Hills",438,"geosciences atmospheric sciences and ocean sciences","Federal",0
"California State U., Dominguez Hills",438,"life sciences","Federal",263000
"California State U., Dominguez Hills",438,"mathematics and statistics","Federal",1000
"California State U., Dominguez Hills",438,"physical sciences","Federal",892000
"California State U., Dominguez Hills",438,"psychology","Federal",534000
"California State U., Dominguez Hills",438,"social sciences","Federal",250000
"California State U., Dominguez Hills",438,"sciences nec","Federal",0
"California State U., Dominguez Hills",438,"engineering","Federal",0
"California State U., Dominguez Hills",438,"all non s e fields","Federal",210000
"Texas Woman's U.",439,"all r d expenditures","Federal",2439000
"Texas Woman's U.",439,"computer and information sciences","Federal",43000
"Texas Woman's U.",439,"geosciences atmospheric sciences and ocean sciences","Federal",0
"Texas Woman's U.",439,"life sciences","Federal",1787000
"Texas Woman's U.",439,"mathematics and statistics","Federal",0
"Texas Woman's U.",439,"physical sciences","Federal",1000
"Texas Woman's U.",439,"psychology","Federal",349000
"Texas Woman's U.",439,"social sciences","Federal",50000
"Texas Woman's U.",439,"sciences nec","Federal",10000
"Texas Woman's U.",439,"engineering","Federal",0
"Texas Woman's U.",439,"all non s e fields","Federal",199000
"Dakota State U.",440,"all r d expenditures","Federal",2437000
"Dakota State U.",440,"computer and information sciences","Federal",2356000
"Dakota State U.",440,"geosciences atmospheric sciences and ocean sciences","Federal",0
"Dakota State U.",440,"life sciences","Federal",81000
"Dakota State U.",440,"mathematics and statistics","Federal",0
"Dakota State U.",440,"physical sciences","Federal",0
"Dakota State U.",440,"psychology","Federal",0
"Dakota State U.",440,"social sciences","Federal",0
"Dakota State U.",440,"sciences nec","Federal",0
"Dakota State U.",440,"engineering","Federal",0
"Dakota State U.",440,"all non s e fields","Federal",0
"Reed C.",441,"all r d expenditures","Federal",2420000
"Reed C.",441,"computer and information sciences","Federal",95000
"Reed C.",441,"geosciences atmospheric sciences and ocean sciences","Federal",0
"Reed C.",441,"life sciences","Federal",1250000
"Reed C.",441,"mathematics and statistics","Federal",94000
"Reed C.",441,"physical sciences","Federal",557000
"Reed C.",441,"psychology","Federal",115000
"Reed C.",441,"social sciences","Federal",62000
"Reed C.",441,"sciences nec","Federal",0
"Reed C.",441,"engineering","Federal",0
"Reed C.",441,"all non s e fields","Federal",247000
"Texas Tech U., Health Sciences Center, El Paso",442,"all r d expenditures","Federal",2415000
"Texas Tech U., Health Sciences Center, El Paso",442,"computer and information sciences","Federal",0
"Texas Tech U., Health Sciences Center, El Paso",442,"geosciences atmospheric sciences and ocean sciences","Federal",0
"Texas Tech U., Health Sciences Center, El Paso",442,"life sciences","Federal",1757000
"Texas Tech U., Health Sciences Center, El Paso",442,"mathematics and statistics","Federal",0
"Texas Tech U., Health Sciences Center, El Paso",442,"physical sciences","Federal",0
"Texas Tech U., Health Sciences Center, El Paso",442,"psychology","Federal",0
"Texas Tech U., Health Sciences Center, El Paso",442,"social sciences","Federal",0
"Texas Tech U., Health Sciences Center, El Paso",442,"sciences nec","Federal",0
"Texas Tech U., Health Sciences Center, El Paso",442,"engineering","Federal",0
"Texas Tech U., Health Sciences Center, El Paso",442,"all non s e fields","Federal",658000
"Northern Kentucky U.",443,"all r d expenditures","Federal",2413000
"Northern Kentucky U.",443,"computer and information sciences","Federal",13000
"Northern Kentucky U.",443,"geosciences atmospheric sciences and ocean sciences","Federal",0
"Northern Kentucky U.",443,"life sciences","Federal",1445000
"Northern Kentucky U.",443,"mathematics and statistics","Federal",97000
"Northern Kentucky U.",443,"physical sciences","Federal",255000
"Northern Kentucky U.",443,"psychology","Federal",467000
"Northern Kentucky U.",443,"social sciences","Federal",0
"Northern Kentucky U.",443,"sciences nec","Federal",0
"Northern Kentucky U.",443,"engineering","Federal",0
"Northern Kentucky U.",443,"all non s e fields","Federal",136000
"Bucknell U.",444,"all r d expenditures","Federal",2359000
"Bucknell U.",444,"computer and information sciences","Federal",109000
"Bucknell U.",444,"geosciences atmospheric sciences and ocean sciences","Federal",0
"Bucknell U.",444,"life sciences","Federal",948000
"Bucknell U.",444,"mathematics and statistics","Federal",135000
"Bucknell U.",444,"physical sciences","Federal",462000
"Bucknell U.",444,"psychology","Federal",0
"Bucknell U.",444,"social sciences","Federal",0
"Bucknell U.",444,"sciences nec","Federal",3000
"Bucknell U.",444,"engineering","Federal",656000
"Bucknell U.",444,"all non s e fields","Federal",46000
"Winthrop U.",445,"all r d expenditures","Federal",2358000
"Winthrop U.",445,"computer and information sciences","Federal",97000
"Winthrop U.",445,"geosciences atmospheric sciences and ocean sciences","Federal",0
"Winthrop U.",445,"life sciences","Federal",150000
"Winthrop U.",445,"mathematics and statistics","Federal",0
"Winthrop U.",445,"physical sciences","Federal",264000
"Winthrop U.",445,"psychology","Federal",0
"Winthrop U.",445,"social sciences","Federal",0
"Winthrop U.",445,"sciences nec","Federal",0
"Winthrop U.",445,"engineering","Federal",0
"Winthrop U.",445,"all non s e fields","Federal",1847000
"Haverford C.",446,"all r d expenditures","Federal",2344000
"Haverford C.",446,"computer and information sciences","Federal",85000
"Haverford C.",446,"geosciences atmospheric sciences and ocean sciences","Federal",9000
"Haverford C.",446,"life sciences","Federal",862000
"Haverford C.",446,"mathematics and statistics","Federal",77000
"Haverford C.",446,"physical sciences","Federal",1024000
"Haverford C.",446,"psychology","Federal",272000
"Haverford C.",446,"social sciences","Federal",15000
"Haverford C.",446,"sciences nec","Federal",0
"Haverford C.",446,"engineering","Federal",0
"Haverford C.",446,"all non s e fields","Federal",0
"Keck Graduate Institute",447,"all r d expenditures","Federal",2338000
"Keck Graduate Institute",447,"computer and information sciences","Federal",0
"Keck Graduate Institute",447,"geosciences atmospheric sciences and ocean sciences","Federal",0
"Keck Graduate Institute",447,"life sciences","Federal",2211000
"Keck Graduate Institute",447,"mathematics and statistics","Federal",0
"Keck Graduate Institute",447,"physical sciences","Federal",0
"Keck Graduate Institute",447,"psychology","Federal",0
"Keck Graduate Institute",447,"social sciences","Federal",0
"Keck Graduate Institute",447,"sciences nec","Federal",0
"Keck Graduate Institute",447,"engineering","Federal",127000
"Keck Graduate Institute",447,"all non s e fields","Federal",0
"Swarthmore C.",448,"all r d expenditures","Federal",2315000
"Swarthmore C.",448,"computer and information sciences","Federal",69000
"Swarthmore C.",448,"geosciences atmospheric sciences and ocean sciences","Federal",0
"Swarthmore C.",448,"life sciences","Federal",1180000
"Swarthmore C.",448,"mathematics and statistics","Federal",206000
"Swarthmore C.",448,"physical sciences","Federal",6e+05
"Swarthmore C.",448,"psychology","Federal",50000
"Swarthmore C.",448,"social sciences","Federal",107000
"Swarthmore C.",448,"sciences nec","Federal",0
"Swarthmore C.",448,"engineering","Federal",1000
"Swarthmore C.",448,"all non s e fields","Federal",102000
"Northeastern Illinois U.",449,"all r d expenditures","Federal",2262000
"Northeastern Illinois U.",449,"computer and information sciences","Federal",481000
"Northeastern Illinois U.",449,"geosciences atmospheric sciences and ocean sciences","Federal",44000
"Northeastern Illinois U.",449,"life sciences","Federal",1271000
"Northeastern Illinois U.",449,"mathematics and statistics","Federal",0
"Northeastern Illinois U.",449,"physical sciences","Federal",0
"Northeastern Illinois U.",449,"psychology","Federal",0
"Northeastern Illinois U.",449,"social sciences","Federal",11000
"Northeastern Illinois U.",449,"sciences nec","Federal",0
"Northeastern Illinois U.",449,"engineering","Federal",0
"Northeastern Illinois U.",449,"all non s e fields","Federal",455000
"Lamar U.",450,"all r d expenditures","Federal",2259000
"Lamar U.",450,"computer and information sciences","Federal",217000
"Lamar U.",450,"geosciences atmospheric sciences and ocean sciences","Federal",0
"Lamar U.",450,"life sciences","Federal",232000
"Lamar U.",450,"mathematics and statistics","Federal",0
"Lamar U.",450,"physical sciences","Federal",244000
"Lamar U.",450,"psychology","Federal",0
"Lamar U.",450,"social sciences","Federal",10000
"Lamar U.",450,"sciences nec","Federal",0
"Lamar U.",450,"engineering","Federal",1363000
"Lamar U.",450,"all non s e fields","Federal",193000
"Dine C.",451,"all r d expenditures","Federal",2255000
"Dine C.",451,"computer and information sciences","Federal",0
"Dine C.",451,"geosciences atmospheric sciences and ocean sciences","Federal",0
"Dine C.",451,"life sciences","Federal",2131000
"Dine C.",451,"mathematics and statistics","Federal",0
"Dine C.",451,"physical sciences","Federal",0
"Dine C.",451,"psychology","Federal",0
"Dine C.",451,"social sciences","Federal",0
"Dine C.",451,"sciences nec","Federal",0
"Dine C.",451,"engineering","Federal",93000
"Dine C.",451,"all non s e fields","Federal",31000
"Clark U.",452,"all r d expenditures","Federal",2235000
"Clark U.",452,"computer and information sciences","Federal",30000
"Clark U.",452,"geosciences atmospheric sciences and ocean sciences","Federal",470000
"Clark U.",452,"life sciences","Federal",724000
"Clark U.",452,"mathematics and statistics","Federal",0
"Clark U.",452,"physical sciences","Federal",579000
"Clark U.",452,"psychology","Federal",0
"Clark U.",452,"social sciences","Federal",432000
"Clark U.",452,"sciences nec","Federal",0
"Clark U.",452,"engineering","Federal",0
"Clark U.",452,"all non s e fields","Federal",0
"U. New Haven",453,"all r d expenditures","Federal",2227000
"U. New Haven",453,"computer and information sciences","Federal",949000
"U. New Haven",453,"geosciences atmospheric sciences and ocean sciences","Federal",62000
"U. New Haven",453,"life sciences","Federal",250000
"U. New Haven",453,"mathematics and statistics","Federal",0
"U. New Haven",453,"physical sciences","Federal",113000
"U. New Haven",453,"psychology","Federal",231000
"U. New Haven",453,"social sciences","Federal",599000
"U. New Haven",453,"sciences nec","Federal",0
"U. New Haven",453,"engineering","Federal",23000
"U. New Haven",453,"all non s e fields","Federal",0
"Trinity U.",454,"all r d expenditures","Federal",2203000
"Trinity U.",454,"computer and information sciences","Federal",4000
"Trinity U.",454,"geosciences atmospheric sciences and ocean sciences","Federal",164000
"Trinity U.",454,"life sciences","Federal",398000
"Trinity U.",454,"mathematics and statistics","Federal",48000
"Trinity U.",454,"physical sciences","Federal",721000
"Trinity U.",454,"psychology","Federal",527000
"Trinity U.",454,"social sciences","Federal",161000
"Trinity U.",454,"sciences nec","Federal",0
"Trinity U.",454,"engineering","Federal",81000
"Trinity U.",454,"all non s e fields","Federal",99000
"Bowdoin C.",455,"all r d expenditures","Federal",2186000
"Bowdoin C.",455,"computer and information sciences","Federal",53000
"Bowdoin C.",455,"geosciences atmospheric sciences and ocean sciences","Federal",397000
"Bowdoin C.",455,"life sciences","Federal",899000
"Bowdoin C.",455,"mathematics and statistics","Federal",92000
"Bowdoin C.",455,"physical sciences","Federal",447000
"Bowdoin C.",455,"psychology","Federal",42000
"Bowdoin C.",455,"social sciences","Federal",8000
"Bowdoin C.",455,"sciences nec","Federal",0
"Bowdoin C.",455,"engineering","Federal",0
"Bowdoin C.",455,"all non s e fields","Federal",248000
"U. Ana G. Mendez, Gurabo",456,"all r d expenditures","Federal",2132000
"U. Ana G. Mendez, Gurabo",456,"computer and information sciences","Federal",0
"U. Ana G. Mendez, Gurabo",456,"geosciences atmospheric sciences and ocean sciences","Federal",0
"U. Ana G. Mendez, Gurabo",456,"life sciences","Federal",0
"U. Ana G. Mendez, Gurabo",456,"mathematics and statistics","Federal",0
"U. Ana G. Mendez, Gurabo",456,"physical sciences","Federal",0
"U. Ana G. Mendez, Gurabo",456,"psychology","Federal",0
"U. Ana G. Mendez, Gurabo",456,"social sciences","Federal",0
"U. Ana G. Mendez, Gurabo",456,"sciences nec","Federal",0
"U. Ana G. Mendez, Gurabo",456,"engineering","Federal",0
"U. Ana G. Mendez, Gurabo",456,"all non s e fields","Federal",2132000
"Toyota Technological Institute, Chicago",457,"all r d expenditures","Federal",2127000
"Toyota Technological Institute, Chicago",457,"computer and information sciences","Federal",2127000
"Toyota Technological Institute, Chicago",457,"geosciences atmospheric sciences and ocean sciences","Federal",0
"Toyota Technological Institute, Chicago",457,"life sciences","Federal",0
"Toyota Technological Institute, Chicago",457,"mathematics and statistics","Federal",0
"Toyota Technological Institute, Chicago",457,"physical sciences","Federal",0
"Toyota Technological Institute, Chicago",457,"psychology","Federal",0
"Toyota Technological Institute, Chicago",457,"social sciences","Federal",0
"Toyota Technological Institute, Chicago",457,"sciences nec","Federal",0
"Toyota Technological Institute, Chicago",457,"engineering","Federal",0
"Toyota Technological Institute, Chicago",457,"all non s e fields","Federal",0
"West Texas A&M U.",458,"all r d expenditures","Federal",2118000
"West Texas A&M U.",458,"computer and information sciences","Federal",263000
"West Texas A&M U.",458,"geosciences atmospheric sciences and ocean sciences","Federal",322000
"West Texas A&M U.",458,"life sciences","Federal",517000
"West Texas A&M U.",458,"mathematics and statistics","Federal",0
"West Texas A&M U.",458,"physical sciences","Federal",183000
"West Texas A&M U.",458,"psychology","Federal",0
"West Texas A&M U.",458,"social sciences","Federal",0
"West Texas A&M U.",458,"sciences nec","Federal",0
"West Texas A&M U.",458,"engineering","Federal",458000
"West Texas A&M U.",458,"all non s e fields","Federal",375000
"U. Wisconsin-Stevens Point",459,"all r d expenditures","Federal",2079000
"U. Wisconsin-Stevens Point",459,"computer and information sciences","Federal",0
"U. Wisconsin-Stevens Point",459,"geosciences atmospheric sciences and ocean sciences","Federal",153000
"U. Wisconsin-Stevens Point",459,"life sciences","Federal",1763000
"U. Wisconsin-Stevens Point",459,"mathematics and statistics","Federal",0
"U. Wisconsin-Stevens Point",459,"physical sciences","Federal",102000
"U. Wisconsin-Stevens Point",459,"psychology","Federal",0
"U. Wisconsin-Stevens Point",459,"social sciences","Federal",0
"U. Wisconsin-Stevens Point",459,"sciences nec","Federal",0
"U. Wisconsin-Stevens Point",459,"engineering","Federal",61000
"U. Wisconsin-Stevens Point",459,"all non s e fields","Federal",0
"U. Central Oklahoma",460,"all r d expenditures","Federal",2071000
"U. Central Oklahoma",460,"computer and information sciences","Federal",141000
"U. Central Oklahoma",460,"geosciences atmospheric sciences and ocean sciences","Federal",0
"U. Central Oklahoma",460,"life sciences","Federal",840000
"U. Central Oklahoma",460,"mathematics and statistics","Federal",60000
"U. Central Oklahoma",460,"physical sciences","Federal",222000
"U. Central Oklahoma",460,"psychology","Federal",58000
"U. Central Oklahoma",460,"social sciences","Federal",93000
"U. Central Oklahoma",460,"sciences nec","Federal",0
"U. Central Oklahoma",460,"engineering","Federal",434000
"U. Central Oklahoma",460,"all non s e fields","Federal",223000
"Murray State U.",461,"all r d expenditures","Federal",2058000
"Murray State U.",461,"computer and information sciences","Federal",0
"Murray State U.",461,"geosciences atmospheric sciences and ocean sciences","Federal",486000
"Murray State U.",461,"life sciences","Federal",998000
"Murray State U.",461,"mathematics and statistics","Federal",164000
"Murray State U.",461,"physical sciences","Federal",410000
"Murray State U.",461,"psychology","Federal",0
"Murray State U.",461,"social sciences","Federal",0
"Murray State U.",461,"sciences nec","Federal",0
"Murray State U.",461,"engineering","Federal",0
"Murray State U.",461,"all non s e fields","Federal",0
"Christopher Newport U.",462,"all r d expenditures","Federal",2055000
"Christopher Newport U.",462,"computer and information sciences","Federal",0
"Christopher Newport U.",462,"geosciences atmospheric sciences and ocean sciences","Federal",0
"Christopher Newport U.",462,"life sciences","Federal",122000
"Christopher Newport U.",462,"mathematics and statistics","Federal",154000
"Christopher Newport U.",462,"physical sciences","Federal",1220000
"Christopher Newport U.",462,"psychology","Federal",16000
"Christopher Newport U.",462,"social sciences","Federal",0
"Christopher Newport U.",462,"sciences nec","Federal",0
"Christopher Newport U.",462,"engineering","Federal",541000
"Christopher Newport U.",462,"all non s e fields","Federal",2000
"Hofstra U.",463,"all r d expenditures","Federal",1995000
"Hofstra U.",463,"computer and information sciences","Federal",1000
"Hofstra U.",463,"geosciences atmospheric sciences and ocean sciences","Federal",188000
"Hofstra U.",463,"life sciences","Federal",638000
"Hofstra U.",463,"mathematics and statistics","Federal",216000
"Hofstra U.",463,"physical sciences","Federal",24000
"Hofstra U.",463,"psychology","Federal",34000
"Hofstra U.",463,"social sciences","Federal",0
"Hofstra U.",463,"sciences nec","Federal",0
"Hofstra U.",463,"engineering","Federal",376000
"Hofstra U.",463,"all non s e fields","Federal",518000
"Long Island U.",464,"all r d expenditures","Federal",1993000
"Long Island U.",464,"computer and information sciences","Federal",36000
"Long Island U.",464,"geosciences atmospheric sciences and ocean sciences","Federal",0
"Long Island U.",464,"life sciences","Federal",1678000
"Long Island U.",464,"mathematics and statistics","Federal",0
"Long Island U.",464,"physical sciences","Federal",201000
"Long Island U.",464,"psychology","Federal",10000
"Long Island U.",464,"social sciences","Federal",0
"Long Island U.",464,"sciences nec","Federal",0
"Long Island U.",464,"engineering","Federal",0
"Long Island U.",464,"all non s e fields","Federal",68000
"Roger Williams U.",465,"all r d expenditures","Federal",1973000
"Roger Williams U.",465,"computer and information sciences","Federal",0
"Roger Williams U.",465,"geosciences atmospheric sciences and ocean sciences","Federal",687000
"Roger Williams U.",465,"life sciences","Federal",557000
"Roger Williams U.",465,"mathematics and statistics","Federal",0
"Roger Williams U.",465,"physical sciences","Federal",131000
"Roger Williams U.",465,"psychology","Federal",30000
"Roger Williams U.",465,"social sciences","Federal",0
"Roger Williams U.",465,"sciences nec","Federal",0
"Roger Williams U.",465,"engineering","Federal",117000
"Roger Williams U.",465,"all non s e fields","Federal",451000
"Harvey Mudd C.",466,"all r d expenditures","Federal",1968000
"Harvey Mudd C.",466,"computer and information sciences","Federal",476000
"Harvey Mudd C.",466,"geosciences atmospheric sciences and ocean sciences","Federal",0
"Harvey Mudd C.",466,"life sciences","Federal",417000
"Harvey Mudd C.",466,"mathematics and statistics","Federal",251000
"Harvey Mudd C.",466,"physical sciences","Federal",358000
"Harvey Mudd C.",466,"psychology","Federal",0
"Harvey Mudd C.",466,"social sciences","Federal",0
"Harvey Mudd C.",466,"sciences nec","Federal",72000
"Harvey Mudd C.",466,"engineering","Federal",394000
"Harvey Mudd C.",466,"all non s e fields","Federal",0
"Texas A&M International U.",467,"all r d expenditures","Federal",1966000
"Texas A&M International U.",467,"computer and information sciences","Federal",0
"Texas A&M International U.",467,"geosciences atmospheric sciences and ocean sciences","Federal",50000
"Texas A&M International U.",467,"life sciences","Federal",333000
"Texas A&M International U.",467,"mathematics and statistics","Federal",150000
"Texas A&M International U.",467,"physical sciences","Federal",279000
"Texas A&M International U.",467,"psychology","Federal",0
"Texas A&M International U.",467,"social sciences","Federal",520000
"Texas A&M International U.",467,"sciences nec","Federal",393000
"Texas A&M International U.",467,"engineering","Federal",106000
"Texas A&M International U.",467,"all non s e fields","Federal",135000
"Alfred U.",468,"all r d expenditures","Federal",1958000
"Alfred U.",468,"computer and information sciences","Federal",0
"Alfred U.",468,"geosciences atmospheric sciences and ocean sciences","Federal",1000
"Alfred U.",468,"life sciences","Federal",0
"Alfred U.",468,"mathematics and statistics","Federal",0
"Alfred U.",468,"physical sciences","Federal",8000
"Alfred U.",468,"psychology","Federal",40000
"Alfred U.",468,"social sciences","Federal",0
"Alfred U.",468,"sciences nec","Federal",0
"Alfred U.",468,"engineering","Federal",1909000
"Alfred U.",468,"all non s e fields","Federal",0
"New England C. of Optometry",469,"all r d expenditures","Federal",1946000
"New England C. of Optometry",469,"computer and information sciences","Federal",0
"New England C. of Optometry",469,"geosciences atmospheric sciences and ocean sciences","Federal",0
"New England C. of Optometry",469,"life sciences","Federal",1946000
"New England C. of Optometry",469,"mathematics and statistics","Federal",0
"New England C. of Optometry",469,"physical sciences","Federal",0
"New England C. of Optometry",469,"psychology","Federal",0
"New England C. of Optometry",469,"social sciences","Federal",0
"New England C. of Optometry",469,"sciences nec","Federal",0
"New England C. of Optometry",469,"engineering","Federal",0
"New England C. of Optometry",469,"all non s e fields","Federal",0
"Hawaii Pacific U.",470,"all r d expenditures","Federal",1942000
"Hawaii Pacific U.",470,"computer and information sciences","Federal",140000
"Hawaii Pacific U.",470,"geosciences atmospheric sciences and ocean sciences","Federal",406000
"Hawaii Pacific U.",470,"life sciences","Federal",1393000
"Hawaii Pacific U.",470,"mathematics and statistics","Federal",0
"Hawaii Pacific U.",470,"physical sciences","Federal",0
"Hawaii Pacific U.",470,"psychology","Federal",0
"Hawaii Pacific U.",470,"social sciences","Federal",0
"Hawaii Pacific U.",470,"sciences nec","Federal",0
"Hawaii Pacific U.",470,"engineering","Federal",0
"Hawaii Pacific U.",470,"all non s e fields","Federal",3000
"Texas A&M U.-Commerce",471,"all r d expenditures","Federal",1936000
"Texas A&M U.-Commerce",471,"computer and information sciences","Federal",176000
"Texas A&M U.-Commerce",471,"geosciences atmospheric sciences and ocean sciences","Federal",0
"Texas A&M U.-Commerce",471,"life sciences","Federal",228000
"Texas A&M U.-Commerce",471,"mathematics and statistics","Federal",108000
"Texas A&M U.-Commerce",471,"physical sciences","Federal",753000
"Texas A&M U.-Commerce",471,"psychology","Federal",24000
"Texas A&M U.-Commerce",471,"social sciences","Federal",0
"Texas A&M U.-Commerce",471,"sciences nec","Federal",0
"Texas A&M U.-Commerce",471,"engineering","Federal",0
"Texas A&M U.-Commerce",471,"all non s e fields","Federal",647000
"Black Hills State U.",472,"all r d expenditures","Federal",1918000
"Black Hills State U.",472,"computer and information sciences","Federal",396000
"Black Hills State U.",472,"geosciences atmospheric sciences and ocean sciences","Federal",0
"Black Hills State U.",472,"life sciences","Federal",1157000
"Black Hills State U.",472,"mathematics and statistics","Federal",0
"Black Hills State U.",472,"physical sciences","Federal",113000
"Black Hills State U.",472,"psychology","Federal",0
"Black Hills State U.",472,"social sciences","Federal",0
"Black Hills State U.",472,"sciences nec","Federal",0
"Black Hills State U.",472,"engineering","Federal",0
"Black Hills State U.",472,"all non s e fields","Federal",252000
"CUNY, Baruch C.",473,"all r d expenditures","Federal",1879000
"CUNY, Baruch C.",473,"computer and information sciences","Federal",0
"CUNY, Baruch C.",473,"geosciences atmospheric sciences and ocean sciences","Federal",24000
"CUNY, Baruch C.",473,"life sciences","Federal",608000
"CUNY, Baruch C.",473,"mathematics and statistics","Federal",582000
"CUNY, Baruch C.",473,"physical sciences","Federal",347000
"CUNY, Baruch C.",473,"psychology","Federal",144000
"CUNY, Baruch C.",473,"social sciences","Federal",0
"CUNY, Baruch C.",473,"sciences nec","Federal",0
"CUNY, Baruch C.",473,"engineering","Federal",0
"CUNY, Baruch C.",473,"all non s e fields","Federal",174000
"Kean U.",474,"all r d expenditures","Federal",1870000
"Kean U.",474,"computer and information sciences","Federal",726000
"Kean U.",474,"geosciences atmospheric sciences and ocean sciences","Federal",0
"Kean U.",474,"life sciences","Federal",251000
"Kean U.",474,"mathematics and statistics","Federal",0
"Kean U.",474,"physical sciences","Federal",52000
"Kean U.",474,"psychology","Federal",12000
"Kean U.",474,"social sciences","Federal",1e+05
"Kean U.",474,"sciences nec","Federal",0
"Kean U.",474,"engineering","Federal",0
"Kean U.",474,"all non s e fields","Federal",729000
"Coastal Carolina U.",475,"all r d expenditures","Federal",1847000
"Coastal Carolina U.",475,"computer and information sciences","Federal",207000
"Coastal Carolina U.",475,"geosciences atmospheric sciences and ocean sciences","Federal",880000
"Coastal Carolina U.",475,"life sciences","Federal",233000
"Coastal Carolina U.",475,"mathematics and statistics","Federal",0
"Coastal Carolina U.",475,"physical sciences","Federal",155000
"Coastal Carolina U.",475,"psychology","Federal",0
"Coastal Carolina U.",475,"social sciences","Federal",1000
"Coastal Carolina U.",475,"sciences nec","Federal",0
"Coastal Carolina U.",475,"engineering","Federal",194000
"Coastal Carolina U.",475,"all non s e fields","Federal",177000
"Fayetteville State U.",475,"all r d expenditures","Federal",1847000
"Fayetteville State U.",475,"computer and information sciences","Federal",257000
"Fayetteville State U.",475,"geosciences atmospheric sciences and ocean sciences","Federal",0
"Fayetteville State U.",475,"life sciences","Federal",484000
"Fayetteville State U.",475,"mathematics and statistics","Federal",0
"Fayetteville State U.",475,"physical sciences","Federal",183000
"Fayetteville State U.",475,"psychology","Federal",0
"Fayetteville State U.",475,"social sciences","Federal",62000
"Fayetteville State U.",475,"sciences nec","Federal",47000
"Fayetteville State U.",475,"engineering","Federal",141000
"Fayetteville State U.",475,"all non s e fields","Federal",673000
"U. Central Arkansas",477,"all r d expenditures","Federal",1824000
"U. Central Arkansas",477,"computer and information sciences","Federal",128000
"U. Central Arkansas",477,"geosciences atmospheric sciences and ocean sciences","Federal",73000
"U. Central Arkansas",477,"life sciences","Federal",692000
"U. Central Arkansas",477,"mathematics and statistics","Federal",7000
"U. Central Arkansas",477,"physical sciences","Federal",337000
"U. Central Arkansas",477,"psychology","Federal",0
"U. Central Arkansas",477,"social sciences","Federal",0
"U. Central Arkansas",477,"sciences nec","Federal",0
"U. Central Arkansas",477,"engineering","Federal",221000
"U. Central Arkansas",477,"all non s e fields","Federal",366000
"U. Puerto Rico, Humacao",478,"all r d expenditures","Federal",1822000
"U. Puerto Rico, Humacao",478,"computer and information sciences","Federal",0
"U. Puerto Rico, Humacao",478,"geosciences atmospheric sciences and ocean sciences","Federal",105000
"U. Puerto Rico, Humacao",478,"life sciences","Federal",117000
"U. Puerto Rico, Humacao",478,"mathematics and statistics","Federal",0
"U. Puerto Rico, Humacao",478,"physical sciences","Federal",1600000
"U. Puerto Rico, Humacao",478,"psychology","Federal",0
"U. Puerto Rico, Humacao",478,"social sciences","Federal",0
"U. Puerto Rico, Humacao",478,"sciences nec","Federal",0
"U. Puerto Rico, Humacao",478,"engineering","Federal",0
"U. Puerto Rico, Humacao",478,"all non s e fields","Federal",0
"Grand Valley State U.",479,"all r d expenditures","Federal",1808000
"Grand Valley State U.",479,"computer and information sciences","Federal",64000
"Grand Valley State U.",479,"geosciences atmospheric sciences and ocean sciences","Federal",697000
"Grand Valley State U.",479,"life sciences","Federal",756000
"Grand Valley State U.",479,"mathematics and statistics","Federal",0
"Grand Valley State U.",479,"physical sciences","Federal",253000
"Grand Valley State U.",479,"psychology","Federal",38000
"Grand Valley State U.",479,"social sciences","Federal",0
"Grand Valley State U.",479,"sciences nec","Federal",0
"Grand Valley State U.",479,"engineering","Federal",0
"Grand Valley State U.",479,"all non s e fields","Federal",0
"Lawrence Technological U.",480,"all r d expenditures","Federal",1786000
"Lawrence Technological U.",480,"computer and information sciences","Federal",0
"Lawrence Technological U.",480,"geosciences atmospheric sciences and ocean sciences","Federal",0
"Lawrence Technological U.",480,"life sciences","Federal",0
"Lawrence Technological U.",480,"mathematics and statistics","Federal",127000
"Lawrence Technological U.",480,"physical sciences","Federal",57000
"Lawrence Technological U.",480,"psychology","Federal",0
"Lawrence Technological U.",480,"social sciences","Federal",0
"Lawrence Technological U.",480,"sciences nec","Federal",0
"Lawrence Technological U.",480,"engineering","Federal",545000
"Lawrence Technological U.",480,"all non s e fields","Federal",1057000
"California State U., Channel Islands",481,"all r d expenditures","Federal",1773000
"California State U., Channel Islands",481,"computer and information sciences","Federal",141000
"California State U., Channel Islands",481,"geosciences atmospheric sciences and ocean sciences","Federal",0
"California State U., Channel Islands",481,"life sciences","Federal",507000
"California State U., Channel Islands",481,"mathematics and statistics","Federal",377000
"California State U., Channel Islands",481,"physical sciences","Federal",14000
"California State U., Channel Islands",481,"psychology","Federal",0
"California State U., Channel Islands",481,"social sciences","Federal",118000
"California State U., Channel Islands",481,"sciences nec","Federal",563000
"California State U., Channel Islands",481,"engineering","Federal",0
"California State U., Channel Islands",481,"all non s e fields","Federal",53000
"C. New Jersey",482,"all r d expenditures","Federal",1755000
"C. New Jersey",482,"computer and information sciences","Federal",211000
"C. New Jersey",482,"geosciences atmospheric sciences and ocean sciences","Federal",0
"C. New Jersey",482,"life sciences","Federal",689000
"C. New Jersey",482,"mathematics and statistics","Federal",65000
"C. New Jersey",482,"physical sciences","Federal",455000
"C. New Jersey",482,"psychology","Federal",0
"C. New Jersey",482,"social sciences","Federal",131000
"C. New Jersey",482,"sciences nec","Federal",0
"C. New Jersey",482,"engineering","Federal",193000
"C. New Jersey",482,"all non s e fields","Federal",11000
"U. Nebraska, Kearney",483,"all r d expenditures","Federal",1739000
"U. Nebraska, Kearney",483,"computer and information sciences","Federal",0
"U. Nebraska, Kearney",483,"geosciences atmospheric sciences and ocean sciences","Federal",0
"U. Nebraska, Kearney",483,"life sciences","Federal",1240000
"U. Nebraska, Kearney",483,"mathematics and statistics","Federal",0
"U. Nebraska, Kearney",483,"physical sciences","Federal",340000
"U. Nebraska, Kearney",483,"psychology","Federal",0
"U. Nebraska, Kearney",483,"social sciences","Federal",0
"U. Nebraska, Kearney",483,"sciences nec","Federal",0
"U. Nebraska, Kearney",483,"engineering","Federal",0
"U. Nebraska, Kearney",483,"all non s e fields","Federal",159000
"Morehead State U.",484,"all r d expenditures","Federal",1718000
"Morehead State U.",484,"computer and information sciences","Federal",0
"Morehead State U.",484,"geosciences atmospheric sciences and ocean sciences","Federal",0
"Morehead State U.",484,"life sciences","Federal",326000
"Morehead State U.",484,"mathematics and statistics","Federal",0
"Morehead State U.",484,"physical sciences","Federal",0
"Morehead State U.",484,"psychology","Federal",0
"Morehead State U.",484,"social sciences","Federal",0
"Morehead State U.",484,"sciences nec","Federal",0
"Morehead State U.",484,"engineering","Federal",1392000
"Morehead State U.",484,"all non s e fields","Federal",0
"Nevada State C.",485,"all r d expenditures","Federal",1711000
"Nevada State C.",485,"computer and information sciences","Federal",0
"Nevada State C.",485,"geosciences atmospheric sciences and ocean sciences","Federal",26000
"Nevada State C.",485,"life sciences","Federal",995000
"Nevada State C.",485,"mathematics and statistics","Federal",0
"Nevada State C.",485,"physical sciences","Federal",0
"Nevada State C.",485,"psychology","Federal",286000
"Nevada State C.",485,"social sciences","Federal",0
"Nevada State C.",485,"sciences nec","Federal",0
"Nevada State C.",485,"engineering","Federal",0
"Nevada State C.",485,"all non s e fields","Federal",404000
"U. Northern Colorado",486,"all r d expenditures","Federal",1705000
"U. Northern Colorado",486,"computer and information sciences","Federal",0
"U. Northern Colorado",486,"geosciences atmospheric sciences and ocean sciences","Federal",347000
"U. Northern Colorado",486,"life sciences","Federal",496000
"U. Northern Colorado",486,"mathematics and statistics","Federal",66000
"U. Northern Colorado",486,"physical sciences","Federal",54000
"U. Northern Colorado",486,"psychology","Federal",17000
"U. Northern Colorado",486,"social sciences","Federal",361000
"U. Northern Colorado",486,"sciences nec","Federal",0
"U. Northern Colorado",486,"engineering","Federal",0
"U. Northern Colorado",486,"all non s e fields","Federal",364000
"Indiana U. Pennsylvania",487,"all r d expenditures","Federal",1702000
"Indiana U. Pennsylvania",487,"computer and information sciences","Federal",244000
"Indiana U. Pennsylvania",487,"geosciences atmospheric sciences and ocean sciences","Federal",123000
"Indiana U. Pennsylvania",487,"life sciences","Federal",1088000
"Indiana U. Pennsylvania",487,"mathematics and statistics","Federal",0
"Indiana U. Pennsylvania",487,"physical sciences","Federal",171000
"Indiana U. Pennsylvania",487,"psychology","Federal",17000
"Indiana U. Pennsylvania",487,"social sciences","Federal",59000
"Indiana U. Pennsylvania",487,"sciences nec","Federal",0
"Indiana U. Pennsylvania",487,"engineering","Federal",0
"Indiana U. Pennsylvania",487,"all non s e fields","Federal",0
"Albany State U.",488,"all r d expenditures","Federal",1681000
"Albany State U.",488,"computer and information sciences","Federal",57000
"Albany State U.",488,"geosciences atmospheric sciences and ocean sciences","Federal",0
"Albany State U.",488,"life sciences","Federal",158000
"Albany State U.",488,"mathematics and statistics","Federal",60000
"Albany State U.",488,"physical sciences","Federal",108000
"Albany State U.",488,"psychology","Federal",0
"Albany State U.",488,"social sciences","Federal",162000
"Albany State U.",488,"sciences nec","Federal",188000
"Albany State U.",488,"engineering","Federal",936000
"Albany State U.",488,"all non s e fields","Federal",12000
"Savannah State U.",489,"all r d expenditures","Federal",1675000
"Savannah State U.",489,"computer and information sciences","Federal",0
"Savannah State U.",489,"geosciences atmospheric sciences and ocean sciences","Federal",522000
"Savannah State U.",489,"life sciences","Federal",305000
"Savannah State U.",489,"mathematics and statistics","Federal",0
"Savannah State U.",489,"physical sciences","Federal",85000
"Savannah State U.",489,"psychology","Federal",0
"Savannah State U.",489,"social sciences","Federal",56000
"Savannah State U.",489,"sciences nec","Federal",205000
"Savannah State U.",489,"engineering","Federal",502000
"Savannah State U.",489,"all non s e fields","Federal",0
"Utah Valley U.",490,"all r d expenditures","Federal",1671000
"Utah Valley U.",490,"computer and information sciences","Federal",115000
"Utah Valley U.",490,"geosciences atmospheric sciences and ocean sciences","Federal",96000
"Utah Valley U.",490,"life sciences","Federal",237000
"Utah Valley U.",490,"mathematics and statistics","Federal",159000
"Utah Valley U.",490,"physical sciences","Federal",471000
"Utah Valley U.",490,"psychology","Federal",0
"Utah Valley U.",490,"social sciences","Federal",0
"Utah Valley U.",490,"sciences nec","Federal",152000
"Utah Valley U.",490,"engineering","Federal",435000
"Utah Valley U.",490,"all non s e fields","Federal",6000
"Benedict C.",491,"all r d expenditures","Federal",1665000
"Benedict C.",491,"computer and information sciences","Federal",167000
"Benedict C.",491,"geosciences atmospheric sciences and ocean sciences","Federal",0
"Benedict C.",491,"life sciences","Federal",354000
"Benedict C.",491,"mathematics and statistics","Federal",187000
"Benedict C.",491,"physical sciences","Federal",142000
"Benedict C.",491,"psychology","Federal",0
"Benedict C.",491,"social sciences","Federal",0
"Benedict C.",491,"sciences nec","Federal",0
"Benedict C.",491,"engineering","Federal",815000
"Benedict C.",491,"all non s e fields","Federal",0
"U. Louisiana, Monroe",492,"all r d expenditures","Federal",1655000
"U. Louisiana, Monroe",492,"computer and information sciences","Federal",0
"U. Louisiana, Monroe",492,"geosciences atmospheric sciences and ocean sciences","Federal",127000
"U. Louisiana, Monroe",492,"life sciences","Federal",1200000
"U. Louisiana, Monroe",492,"mathematics and statistics","Federal",0
"U. Louisiana, Monroe",492,"physical sciences","Federal",163000
"U. Louisiana, Monroe",492,"psychology","Federal",0
"U. Louisiana, Monroe",492,"social sciences","Federal",165000
"U. Louisiana, Monroe",492,"sciences nec","Federal",0
"U. Louisiana, Monroe",492,"engineering","Federal",0
"U. Louisiana, Monroe",492,"all non s e fields","Federal",0
"U. Texas, Tyler",493,"all r d expenditures","Federal",1652000
"U. Texas, Tyler",493,"computer and information sciences","Federal",25000
"U. Texas, Tyler",493,"geosciences atmospheric sciences and ocean sciences","Federal",75000
"U. Texas, Tyler",493,"life sciences","Federal",913000
"U. Texas, Tyler",493,"mathematics and statistics","Federal",87000
"U. Texas, Tyler",493,"physical sciences","Federal",75000
"U. Texas, Tyler",493,"psychology","Federal",48000
"U. Texas, Tyler",493,"social sciences","Federal",23000
"U. Texas, Tyler",493,"sciences nec","Federal",0
"U. Texas, Tyler",493,"engineering","Federal",304000
"U. Texas, Tyler",493,"all non s e fields","Federal",102000
"SUNY, Buffalo State U.",494,"all r d expenditures","Federal",1615000
"SUNY, Buffalo State U.",494,"computer and information sciences","Federal",53000
"SUNY, Buffalo State U.",494,"geosciences atmospheric sciences and ocean sciences","Federal",1220000
"SUNY, Buffalo State U.",494,"life sciences","Federal",39000
"SUNY, Buffalo State U.",494,"mathematics and statistics","Federal",192000
"SUNY, Buffalo State U.",494,"physical sciences","Federal",47000
"SUNY, Buffalo State U.",494,"psychology","Federal",18000
"SUNY, Buffalo State U.",494,"social sciences","Federal",13000
"SUNY, Buffalo State U.",494,"sciences nec","Federal",0
"SUNY, Buffalo State U.",494,"engineering","Federal",0
"SUNY, Buffalo State U.",494,"all non s e fields","Federal",33000
"Mount Holyoke C.",495,"all r d expenditures","Federal",1612000
"Mount Holyoke C.",495,"computer and information sciences","Federal",113000
"Mount Holyoke C.",495,"geosciences atmospheric sciences and ocean sciences","Federal",53000
"Mount Holyoke C.",495,"life sciences","Federal",601000
"Mount Holyoke C.",495,"mathematics and statistics","Federal",173000
"Mount Holyoke C.",495,"physical sciences","Federal",256000
"Mount Holyoke C.",495,"psychology","Federal",198000
"Mount Holyoke C.",495,"social sciences","Federal",218000
"Mount Holyoke C.",495,"sciences nec","Federal",0
"Mount Holyoke C.",495,"engineering","Federal",0
"Mount Holyoke C.",495,"all non s e fields","Federal",0
"Western Carolina U.",496,"all r d expenditures","Federal",1600000
"Western Carolina U.",496,"computer and information sciences","Federal",0
"Western Carolina U.",496,"geosciences atmospheric sciences and ocean sciences","Federal",342000
"Western Carolina U.",496,"life sciences","Federal",534000
"Western Carolina U.",496,"mathematics and statistics","Federal",72000
"Western Carolina U.",496,"physical sciences","Federal",55000
"Western Carolina U.",496,"psychology","Federal",0
"Western Carolina U.",496,"social sciences","Federal",111000
"Western Carolina U.",496,"sciences nec","Federal",0
"Western Carolina U.",496,"engineering","Federal",65000
"Western Carolina U.",496,"all non s e fields","Federal",421000
"Pittsburg State U.",497,"all r d expenditures","Federal",1591000
"Pittsburg State U.",497,"computer and information sciences","Federal",0
"Pittsburg State U.",497,"geosciences atmospheric sciences and ocean sciences","Federal",0
"Pittsburg State U.",497,"life sciences","Federal",415000
"Pittsburg State U.",497,"mathematics and statistics","Federal",0
"Pittsburg State U.",497,"physical sciences","Federal",39000
"Pittsburg State U.",497,"psychology","Federal",0
"Pittsburg State U.",497,"social sciences","Federal",49000
"Pittsburg State U.",497,"sciences nec","Federal",0
"Pittsburg State U.",497,"engineering","Federal",1088000
"Pittsburg State U.",497,"all non s e fields","Federal",0
"Sul Ross State U.",498,"all r d expenditures","Federal",1568000
"Sul Ross State U.",498,"computer and information sciences","Federal",0
"Sul Ross State U.",498,"geosciences atmospheric sciences and ocean sciences","Federal",0
"Sul Ross State U.",498,"life sciences","Federal",371000
"Sul Ross State U.",498,"mathematics and statistics","Federal",0
"Sul Ross State U.",498,"physical sciences","Federal",12000
"Sul Ross State U.",498,"psychology","Federal",0
"Sul Ross State U.",498,"social sciences","Federal",0
"Sul Ross State U.",498,"sciences nec","Federal",0
"Sul Ross State U.",498,"engineering","Federal",0
"Sul Ross State U.",498,"all non s e fields","Federal",1185000
"Johnson C. Smith U.",499,"all r d expenditures","Federal",1554000
"Johnson C. Smith U.",499,"computer and information sciences","Federal",43000
"Johnson C. Smith U.",499,"geosciences atmospheric sciences and ocean sciences","Federal",308000
"Johnson C. Smith U.",499,"life sciences","Federal",98000
"Johnson C. Smith U.",499,"mathematics and statistics","Federal",0
"Johnson C. Smith U.",499,"physical sciences","Federal",0
"Johnson C. Smith U.",499,"psychology","Federal",0
"Johnson C. Smith U.",499,"social sciences","Federal",0
"Johnson C. Smith U.",499,"sciences nec","Federal",0
"Johnson C. Smith U.",499,"engineering","Federal",0
"Johnson C. Smith U.",499,"all non s e fields","Federal",1105000
"Virginia Military Institute",500,"all r d expenditures","Federal",1534000
"Virginia Military Institute",500,"computer and information sciences","Federal",1422000
"Virginia Military Institute",500,"geosciences atmospheric sciences and ocean sciences","Federal",0
"Virginia Military Institute",500,"life sciences","Federal",0
"Virginia Military Institute",500,"mathematics and statistics","Federal",0
"Virginia Military Institute",500,"physical sciences","Federal",50000
"Virginia Military Institute",500,"psychology","Federal",0
"Virginia Military Institute",500,"social sciences","Federal",0
"Virginia Military Institute",500,"sciences nec","Federal",0
"Virginia Military Institute",500,"engineering","Federal",62000
"Virginia Military Institute",500,"all non s e fields","Federal",0
"Colgate U.",501,"all r d expenditures","Federal",1521000
"Colgate U.",501,"computer and information sciences","Federal",75000
"Colgate U.",501,"geosciences atmospheric sciences and ocean sciences","Federal",658000
"Colgate U.",501,"life sciences","Federal",273000
"Colgate U.",501,"mathematics and statistics","Federal",74000
"Colgate U.",501,"physical sciences","Federal",389000
"Colgate U.",501,"psychology","Federal",33000
"Colgate U.",501,"social sciences","Federal",19000
"Colgate U.",501,"sciences nec","Federal",0
"Colgate U.",501,"engineering","Federal",0
"Colgate U.",501,"all non s e fields","Federal",0
"CUNY, York C.",502,"all r d expenditures","Federal",1504000
"CUNY, York C.",502,"computer and information sciences","Federal",0
"CUNY, York C.",502,"geosciences atmospheric sciences and ocean sciences","Federal",479000
"CUNY, York C.",502,"life sciences","Federal",366000
"CUNY, York C.",502,"mathematics and statistics","Federal",351000
"CUNY, York C.",502,"physical sciences","Federal",172000
"CUNY, York C.",502,"psychology","Federal",91000
"CUNY, York C.",502,"social sciences","Federal",0
"CUNY, York C.",502,"sciences nec","Federal",0
"CUNY, York C.",502,"engineering","Federal",0
"CUNY, York C.",502,"all non s e fields","Federal",45000
"Palmer C. of Chiropractic, Davenport",503,"all r d expenditures","Federal",1500000
"Palmer C. of Chiropractic, Davenport",503,"computer and information sciences","Federal",0
"Palmer C. of Chiropractic, Davenport",503,"geosciences atmospheric sciences and ocean sciences","Federal",0
"Palmer C. of Chiropractic, Davenport",503,"life sciences","Federal",1500000
"Palmer C. of Chiropractic, Davenport",503,"mathematics and statistics","Federal",0
"Palmer C. of Chiropractic, Davenport",503,"physical sciences","Federal",0
"Palmer C. of Chiropractic, Davenport",503,"psychology","Federal",0
"Palmer C. of Chiropractic, Davenport",503,"social sciences","Federal",0
"Palmer C. of Chiropractic, Davenport",503,"sciences nec","Federal",0
"Palmer C. of Chiropractic, Davenport",503,"engineering","Federal",0
"Palmer C. of Chiropractic, Davenport",503,"all non s e fields","Federal",0
"U. Houston-Downtown",504,"all r d expenditures","Federal",1495000
"U. Houston-Downtown",504,"computer and information sciences","Federal",352000
"U. Houston-Downtown",504,"geosciences atmospheric sciences and ocean sciences","Federal",0
"U. Houston-Downtown",504,"life sciences","Federal",199000
"U. Houston-Downtown",504,"mathematics and statistics","Federal",10000
"U. Houston-Downtown",504,"physical sciences","Federal",64000
"U. Houston-Downtown",504,"psychology","Federal",41000
"U. Houston-Downtown",504,"social sciences","Federal",0
"U. Houston-Downtown",504,"sciences nec","Federal",0
"U. Houston-Downtown",504,"engineering","Federal",79000
"U. Houston-Downtown",504,"all non s e fields","Federal",750000
"Lake Superior State U.",505,"all r d expenditures","Federal",1475000
"Lake Superior State U.",505,"computer and information sciences","Federal",0
"Lake Superior State U.",505,"geosciences atmospheric sciences and ocean sciences","Federal",0
"Lake Superior State U.",505,"life sciences","Federal",1443000
"Lake Superior State U.",505,"mathematics and statistics","Federal",0
"Lake Superior State U.",505,"physical sciences","Federal",7000
"Lake Superior State U.",505,"psychology","Federal",0
"Lake Superior State U.",505,"social sciences","Federal",0
"Lake Superior State U.",505,"sciences nec","Federal",0
"Lake Superior State U.",505,"engineering","Federal",25000
"Lake Superior State U.",505,"all non s e fields","Federal",0
"Franklin and Marshall C.",506,"all r d expenditures","Federal",1469000
"Franklin and Marshall C.",506,"computer and information sciences","Federal",0
"Franklin and Marshall C.",506,"geosciences atmospheric sciences and ocean sciences","Federal",1000
"Franklin and Marshall C.",506,"life sciences","Federal",572000
"Franklin and Marshall C.",506,"mathematics and statistics","Federal",51000
"Franklin and Marshall C.",506,"physical sciences","Federal",529000
"Franklin and Marshall C.",506,"psychology","Federal",1e+05
"Franklin and Marshall C.",506,"social sciences","Federal",216000
"Franklin and Marshall C.",506,"sciences nec","Federal",0
"Franklin and Marshall C.",506,"engineering","Federal",0
"Franklin and Marshall C.",506,"all non s e fields","Federal",0
"U. Alaska, Southeast",507,"all r d expenditures","Federal",1463000
"U. Alaska, Southeast",507,"computer and information sciences","Federal",0
"U. Alaska, Southeast",507,"geosciences atmospheric sciences and ocean sciences","Federal",298000
"U. Alaska, Southeast",507,"life sciences","Federal",490000
"U. Alaska, Southeast",507,"mathematics and statistics","Federal",0
"U. Alaska, Southeast",507,"physical sciences","Federal",28000
"U. Alaska, Southeast",507,"psychology","Federal",0
"U. Alaska, Southeast",507,"social sciences","Federal",0
"U. Alaska, Southeast",507,"sciences nec","Federal",527000
"U. Alaska, Southeast",507,"engineering","Federal",21000
"U. Alaska, Southeast",507,"all non s e fields","Federal",99000
"Bates C.",508,"all r d expenditures","Federal",1455000
"Bates C.",508,"computer and information sciences","Federal",0
"Bates C.",508,"geosciences atmospheric sciences and ocean sciences","Federal",83000
"Bates C.",508,"life sciences","Federal",1241000
"Bates C.",508,"mathematics and statistics","Federal",0
"Bates C.",508,"physical sciences","Federal",94000
"Bates C.",508,"psychology","Federal",36000
"Bates C.",508,"social sciences","Federal",1000
"Bates C.",508,"sciences nec","Federal",0
"Bates C.",508,"engineering","Federal",0
"Bates C.",508,"all non s e fields","Federal",0
"Williams C.",508,"all r d expenditures","Federal",1455000
"Williams C.",508,"computer and information sciences","Federal",53000
"Williams C.",508,"geosciences atmospheric sciences and ocean sciences","Federal",110000
"Williams C.",508,"life sciences","Federal",695000
"Williams C.",508,"mathematics and statistics","Federal",53000
"Williams C.",508,"physical sciences","Federal",309000
"Williams C.",508,"psychology","Federal",64000
"Williams C.",508,"social sciences","Federal",34000
"Williams C.",508,"sciences nec","Federal",0
"Williams C.",508,"engineering","Federal",0
"Williams C.",508,"all non s e fields","Federal",137000
"Southern Connecticut State U.",510,"all r d expenditures","Federal",1433000
"Southern Connecticut State U.",510,"computer and information sciences","Federal",9000
"Southern Connecticut State U.",510,"geosciences atmospheric sciences and ocean sciences","Federal",54000
"Southern Connecticut State U.",510,"life sciences","Federal",481000
"Southern Connecticut State U.",510,"mathematics and statistics","Federal",0
"Southern Connecticut State U.",510,"physical sciences","Federal",548000
"Southern Connecticut State U.",510,"psychology","Federal",1e+05
"Southern Connecticut State U.",510,"social sciences","Federal",0
"Southern Connecticut State U.",510,"sciences nec","Federal",0
"Southern Connecticut State U.",510,"engineering","Federal",0
"Southern Connecticut State U.",510,"all non s e fields","Federal",241000
"Ferris State U.",511,"all r d expenditures","Federal",1430000
"Ferris State U.",511,"computer and information sciences","Federal",0
"Ferris State U.",511,"geosciences atmospheric sciences and ocean sciences","Federal",0
"Ferris State U.",511,"life sciences","Federal",1044000
"Ferris State U.",511,"mathematics and statistics","Federal",252000
"Ferris State U.",511,"physical sciences","Federal",134000
"Ferris State U.",511,"psychology","Federal",0
"Ferris State U.",511,"social sciences","Federal",0
"Ferris State U.",511,"sciences nec","Federal",0
"Ferris State U.",511,"engineering","Federal",0
"Ferris State U.",511,"all non s e fields","Federal",0
"Claremont Graduate U.",512,"all r d expenditures","Federal",1422000
"Claremont Graduate U.",512,"computer and information sciences","Federal",0
"Claremont Graduate U.",512,"geosciences atmospheric sciences and ocean sciences","Federal",0
"Claremont Graduate U.",512,"life sciences","Federal",25000
"Claremont Graduate U.",512,"mathematics and statistics","Federal",253000
"Claremont Graduate U.",512,"physical sciences","Federal",0
"Claremont Graduate U.",512,"psychology","Federal",3000
"Claremont Graduate U.",512,"social sciences","Federal",336000
"Claremont Graduate U.",512,"sciences nec","Federal",0
"Claremont Graduate U.",512,"engineering","Federal",0
"Claremont Graduate U.",512,"all non s e fields","Federal",805000
"Claflin U.",513,"all r d expenditures","Federal",1418000
"Claflin U.",513,"computer and information sciences","Federal",306000
"Claflin U.",513,"geosciences atmospheric sciences and ocean sciences","Federal",53000
"Claflin U.",513,"life sciences","Federal",562000
"Claflin U.",513,"mathematics and statistics","Federal",0
"Claflin U.",513,"physical sciences","Federal",340000
"Claflin U.",513,"psychology","Federal",0
"Claflin U.",513,"social sciences","Federal",94000
"Claflin U.",513,"sciences nec","Federal",0
"Claflin U.",513,"engineering","Federal",63000
"Claflin U.",513,"all non s e fields","Federal",0
"Austin Peay State U.",514,"all r d expenditures","Federal",1401000
"Austin Peay State U.",514,"computer and information sciences","Federal",0
"Austin Peay State U.",514,"geosciences atmospheric sciences and ocean sciences","Federal",115000
"Austin Peay State U.",514,"life sciences","Federal",1112000
"Austin Peay State U.",514,"mathematics and statistics","Federal",0
"Austin Peay State U.",514,"physical sciences","Federal",94000
"Austin Peay State U.",514,"psychology","Federal",0
"Austin Peay State U.",514,"social sciences","Federal",72000
"Austin Peay State U.",514,"sciences nec","Federal",0
"Austin Peay State U.",514,"engineering","Federal",8000
"Austin Peay State U.",514,"all non s e fields","Federal",0
"West Chester U. Pennsylvania",515,"all r d expenditures","Federal",1386000
"West Chester U. Pennsylvania",515,"computer and information sciences","Federal",0
"West Chester U. Pennsylvania",515,"geosciences atmospheric sciences and ocean sciences","Federal",1000
"West Chester U. Pennsylvania",515,"life sciences","Federal",388000
"West Chester U. Pennsylvania",515,"mathematics and statistics","Federal",0
"West Chester U. Pennsylvania",515,"physical sciences","Federal",620000
"West Chester U. Pennsylvania",515,"psychology","Federal",316000
"West Chester U. Pennsylvania",515,"social sciences","Federal",13000
"West Chester U. Pennsylvania",515,"sciences nec","Federal",0
"West Chester U. Pennsylvania",515,"engineering","Federal",0
"West Chester U. Pennsylvania",515,"all non s e fields","Federal",48000
"U. Richmond",516,"all r d expenditures","Federal",1379000
"U. Richmond",516,"computer and information sciences","Federal",0
"U. Richmond",516,"geosciences atmospheric sciences and ocean sciences","Federal",85000
"U. Richmond",516,"life sciences","Federal",729000
"U. Richmond",516,"mathematics and statistics","Federal",5000
"U. Richmond",516,"physical sciences","Federal",392000
"U. Richmond",516,"psychology","Federal",83000
"U. Richmond",516,"social sciences","Federal",14000
"U. Richmond",516,"sciences nec","Federal",0
"U. Richmond",516,"engineering","Federal",0
"U. Richmond",516,"all non s e fields","Federal",71000
"Oregon Institute of Technology",517,"all r d expenditures","Federal",1375000
"Oregon Institute of Technology",517,"computer and information sciences","Federal",109000
"Oregon Institute of Technology",517,"geosciences atmospheric sciences and ocean sciences","Federal",129000
"Oregon Institute of Technology",517,"life sciences","Federal",671000
"Oregon Institute of Technology",517,"mathematics and statistics","Federal",49000
"Oregon Institute of Technology",517,"physical sciences","Federal",0
"Oregon Institute of Technology",517,"psychology","Federal",29000
"Oregon Institute of Technology",517,"social sciences","Federal",0
"Oregon Institute of Technology",517,"sciences nec","Federal",0
"Oregon Institute of Technology",517,"engineering","Federal",388000
"Oregon Institute of Technology",517,"all non s e fields","Federal",0
"Norwich U.",518,"all r d expenditures","Federal",1366000
"Norwich U.",518,"computer and information sciences","Federal",0
"Norwich U.",518,"geosciences atmospheric sciences and ocean sciences","Federal",51000
"Norwich U.",518,"life sciences","Federal",291000
"Norwich U.",518,"mathematics and statistics","Federal",170000
"Norwich U.",518,"physical sciences","Federal",196000
"Norwich U.",518,"psychology","Federal",350000
"Norwich U.",518,"social sciences","Federal",0
"Norwich U.",518,"sciences nec","Federal",196000
"Norwich U.",518,"engineering","Federal",112000
"Norwich U.",518,"all non s e fields","Federal",0
"Southeastern Louisiana U.",518,"all r d expenditures","Federal",1366000
"Southeastern Louisiana U.",518,"computer and information sciences","Federal",225000
"Southeastern Louisiana U.",518,"geosciences atmospheric sciences and ocean sciences","Federal",0
"Southeastern Louisiana U.",518,"life sciences","Federal",736000
"Southeastern Louisiana U.",518,"mathematics and statistics","Federal",0
"Southeastern Louisiana U.",518,"physical sciences","Federal",242000
"Southeastern Louisiana U.",518,"psychology","Federal",0
"Southeastern Louisiana U.",518,"social sciences","Federal",2000
"Southeastern Louisiana U.",518,"sciences nec","Federal",0
"Southeastern Louisiana U.",518,"engineering","Federal",49000
"Southeastern Louisiana U.",518,"all non s e fields","Federal",112000
"Davidson C.",520,"all r d expenditures","Federal",1340000
"Davidson C.",520,"computer and information sciences","Federal",85000
"Davidson C.",520,"geosciences atmospheric sciences and ocean sciences","Federal",0
"Davidson C.",520,"life sciences","Federal",338000
"Davidson C.",520,"mathematics and statistics","Federal",0
"Davidson C.",520,"physical sciences","Federal",329000
"Davidson C.",520,"psychology","Federal",441000
"Davidson C.",520,"social sciences","Federal",136000
"Davidson C.",520,"sciences nec","Federal",0
"Davidson C.",520,"engineering","Federal",0
"Davidson C.",520,"all non s e fields","Federal",11000
"New School",521,"all r d expenditures","Federal",1337000
"New School",521,"computer and information sciences","Federal",0
"New School",521,"geosciences atmospheric sciences and ocean sciences","Federal",239000
"New School",521,"life sciences","Federal",0
"New School",521,"mathematics and statistics","Federal",0
"New School",521,"physical sciences","Federal",0
"New School",521,"psychology","Federal",910000
"New School",521,"social sciences","Federal",60000
"New School",521,"sciences nec","Federal",0
"New School",521,"engineering","Federal",81000
"New School",521,"all non s e fields","Federal",47000
"United Tribes Technical C.",521,"all r d expenditures","Federal",1337000
"United Tribes Technical C.",521,"computer and information sciences","Federal",61000
"United Tribes Technical C.",521,"geosciences atmospheric sciences and ocean sciences","Federal",0
"United Tribes Technical C.",521,"life sciences","Federal",666000
"United Tribes Technical C.",521,"mathematics and statistics","Federal",0
"United Tribes Technical C.",521,"physical sciences","Federal",0
"United Tribes Technical C.",521,"psychology","Federal",0
"United Tribes Technical C.",521,"social sciences","Federal",0
"United Tribes Technical C.",521,"sciences nec","Federal",0
"United Tribes Technical C.",521,"engineering","Federal",410000
"United Tribes Technical C.",521,"all non s e fields","Federal",2e+05
"U. Oklahoma, Tulsa",523,"all r d expenditures","Federal",1328000
"U. Oklahoma, Tulsa",523,"computer and information sciences","Federal",0
"U. Oklahoma, Tulsa",523,"geosciences atmospheric sciences and ocean sciences","Federal",0
"U. Oklahoma, Tulsa",523,"life sciences","Federal",287000
"U. Oklahoma, Tulsa",523,"mathematics and statistics","Federal",0
"U. Oklahoma, Tulsa",523,"physical sciences","Federal",0
"U. Oklahoma, Tulsa",523,"psychology","Federal",0
"U. Oklahoma, Tulsa",523,"social sciences","Federal",23000
"U. Oklahoma, Tulsa",523,"sciences nec","Federal",0
"U. Oklahoma, Tulsa",523,"engineering","Federal",339000
"U. Oklahoma, Tulsa",523,"all non s e fields","Federal",679000
"Furman U.",524,"all r d expenditures","Federal",1300000
"Furman U.",524,"computer and information sciences","Federal",0
"Furman U.",524,"geosciences atmospheric sciences and ocean sciences","Federal",77000
"Furman U.",524,"life sciences","Federal",226000
"Furman U.",524,"mathematics and statistics","Federal",0
"Furman U.",524,"physical sciences","Federal",836000
"Furman U.",524,"psychology","Federal",161000
"Furman U.",524,"social sciences","Federal",0
"Furman U.",524,"sciences nec","Federal",0
"Furman U.",524,"engineering","Federal",0
"Furman U.",524,"all non s e fields","Federal",0
"U. of the Pacific",524,"all r d expenditures","Federal",1300000
"U. of the Pacific",524,"computer and information sciences","Federal",0
"U. of the Pacific",524,"geosciences atmospheric sciences and ocean sciences","Federal",221000
"U. of the Pacific",524,"life sciences","Federal",970000
"U. of the Pacific",524,"mathematics and statistics","Federal",0
"U. of the Pacific",524,"physical sciences","Federal",88000
"U. of the Pacific",524,"psychology","Federal",0
"U. of the Pacific",524,"social sciences","Federal",0
"U. of the Pacific",524,"sciences nec","Federal",0
"U. of the Pacific",524,"engineering","Federal",21000
"U. of the Pacific",524,"all non s e fields","Federal",0
"U. Puget Sound",524,"all r d expenditures","Federal",1300000
"U. Puget Sound",524,"computer and information sciences","Federal",0
"U. Puget Sound",524,"geosciences atmospheric sciences and ocean sciences","Federal",63000
"U. Puget Sound",524,"life sciences","Federal",1124000
"U. Puget Sound",524,"mathematics and statistics","Federal",0
"U. Puget Sound",524,"physical sciences","Federal",86000
"U. Puget Sound",524,"psychology","Federal",0
"U. Puget Sound",524,"social sciences","Federal",27000
"U. Puget Sound",524,"sciences nec","Federal",0
"U. Puget Sound",524,"engineering","Federal",0
"U. Puget Sound",524,"all non s e fields","Federal",0
"SUNY, Geneseo",527,"all r d expenditures","Federal",1292000
"SUNY, Geneseo",527,"computer and information sciences","Federal",0
"SUNY, Geneseo",527,"geosciences atmospheric sciences and ocean sciences","Federal",47000
"SUNY, Geneseo",527,"life sciences","Federal",196000
"SUNY, Geneseo",527,"mathematics and statistics","Federal",0
"SUNY, Geneseo",527,"physical sciences","Federal",955000
"SUNY, Geneseo",527,"psychology","Federal",78000
"SUNY, Geneseo",527,"social sciences","Federal",0
"SUNY, Geneseo",527,"sciences nec","Federal",0
"SUNY, Geneseo",527,"engineering","Federal",0
"SUNY, Geneseo",527,"all non s e fields","Federal",16000
"Bryn Mawr C.",528,"all r d expenditures","Federal",1289000
"Bryn Mawr C.",528,"computer and information sciences","Federal",80000
"Bryn Mawr C.",528,"geosciences atmospheric sciences and ocean sciences","Federal",40000
"Bryn Mawr C.",528,"life sciences","Federal",603000
"Bryn Mawr C.",528,"mathematics and statistics","Federal",72000
"Bryn Mawr C.",528,"physical sciences","Federal",432000
"Bryn Mawr C.",528,"psychology","Federal",0
"Bryn Mawr C.",528,"social sciences","Federal",62000
"Bryn Mawr C.",528,"sciences nec","Federal",0
"Bryn Mawr C.",528,"engineering","Federal",0
"Bryn Mawr C.",528,"all non s e fields","Federal",0
"Skidmore C.",529,"all r d expenditures","Federal",1288000
"Skidmore C.",529,"computer and information sciences","Federal",0
"Skidmore C.",529,"geosciences atmospheric sciences and ocean sciences","Federal",16000
"Skidmore C.",529,"life sciences","Federal",568000
"Skidmore C.",529,"mathematics and statistics","Federal",9000
"Skidmore C.",529,"physical sciences","Federal",367000
"Skidmore C.",529,"psychology","Federal",182000
"Skidmore C.",529,"social sciences","Federal",91000
"Skidmore C.",529,"sciences nec","Federal",0
"Skidmore C.",529,"engineering","Federal",0
"Skidmore C.",529,"all non s e fields","Federal",55000
"Touro U., California",530,"all r d expenditures","Federal",1279000
"Touro U., California",530,"computer and information sciences","Federal",0
"Touro U., California",530,"geosciences atmospheric sciences and ocean sciences","Federal",0
"Touro U., California",530,"life sciences","Federal",1279000
"Touro U., California",530,"mathematics and statistics","Federal",0
"Touro U., California",530,"physical sciences","Federal",0
"Touro U., California",530,"psychology","Federal",0
"Touro U., California",530,"social sciences","Federal",0
"Touro U., California",530,"sciences nec","Federal",0
"Touro U., California",530,"engineering","Federal",0
"Touro U., California",530,"all non s e fields","Federal",0
"U. Houston-Clear Lake",531,"all r d expenditures","Federal",1273000
"U. Houston-Clear Lake",531,"computer and information sciences","Federal",52000
"U. Houston-Clear Lake",531,"geosciences atmospheric sciences and ocean sciences","Federal",0
"U. Houston-Clear Lake",531,"life sciences","Federal",720000
"U. Houston-Clear Lake",531,"mathematics and statistics","Federal",0
"U. Houston-Clear Lake",531,"physical sciences","Federal",178000
"U. Houston-Clear Lake",531,"psychology","Federal",103000
"U. Houston-Clear Lake",531,"social sciences","Federal",49000
"U. Houston-Clear Lake",531,"sciences nec","Federal",5000
"U. Houston-Clear Lake",531,"engineering","Federal",1e+05
"U. Houston-Clear Lake",531,"all non s e fields","Federal",66000
"U. Hartford",532,"all r d expenditures","Federal",1269000
"U. Hartford",532,"computer and information sciences","Federal",4000
"U. Hartford",532,"geosciences atmospheric sciences and ocean sciences","Federal",0
"U. Hartford",532,"life sciences","Federal",53000
"U. Hartford",532,"mathematics and statistics","Federal",48000
"U. Hartford",532,"physical sciences","Federal",17000
"U. Hartford",532,"psychology","Federal",24000
"U. Hartford",532,"social sciences","Federal",137000
"U. Hartford",532,"sciences nec","Federal",0
"U. Hartford",532,"engineering","Federal",986000
"U. Hartford",532,"all non s e fields","Federal",0
"Albany C. of Pharmacy and Health Sciences",533,"all r d expenditures","Federal",1256000
"Albany C. of Pharmacy and Health Sciences",533,"computer and information sciences","Federal",0
"Albany C. of Pharmacy and Health Sciences",533,"geosciences atmospheric sciences and ocean sciences","Federal",0
"Albany C. of Pharmacy and Health Sciences",533,"life sciences","Federal",1256000
"Albany C. of Pharmacy and Health Sciences",533,"mathematics and statistics","Federal",0
"Albany C. of Pharmacy and Health Sciences",533,"physical sciences","Federal",0
"Albany C. of Pharmacy and Health Sciences",533,"psychology","Federal",0
"Albany C. of Pharmacy and Health Sciences",533,"social sciences","Federal",0
"Albany C. of Pharmacy and Health Sciences",533,"sciences nec","Federal",0
"Albany C. of Pharmacy and Health Sciences",533,"engineering","Federal",0
"Albany C. of Pharmacy and Health Sciences",533,"all non s e fields","Federal",0
"U. Wisconsin-Oshkosh",534,"all r d expenditures","Federal",1249000
"U. Wisconsin-Oshkosh",534,"computer and information sciences","Federal",0
"U. Wisconsin-Oshkosh",534,"geosciences atmospheric sciences and ocean sciences","Federal",2000
"U. Wisconsin-Oshkosh",534,"life sciences","Federal",531000
"U. Wisconsin-Oshkosh",534,"mathematics and statistics","Federal",0
"U. Wisconsin-Oshkosh",534,"physical sciences","Federal",117000
"U. Wisconsin-Oshkosh",534,"psychology","Federal",0
"U. Wisconsin-Oshkosh",534,"social sciences","Federal",54000
"U. Wisconsin-Oshkosh",534,"sciences nec","Federal",0
"U. Wisconsin-Oshkosh",534,"engineering","Federal",142000
"U. Wisconsin-Oshkosh",534,"all non s e fields","Federal",403000
"Erikson Institute",535,"all r d expenditures","Federal",1245000
"Erikson Institute",535,"computer and information sciences","Federal",0
"Erikson Institute",535,"geosciences atmospheric sciences and ocean sciences","Federal",0
"Erikson Institute",535,"life sciences","Federal",0
"Erikson Institute",535,"mathematics and statistics","Federal",0
"Erikson Institute",535,"physical sciences","Federal",0
"Erikson Institute",535,"psychology","Federal",0
"Erikson Institute",535,"social sciences","Federal",0
"Erikson Institute",535,"sciences nec","Federal",0
"Erikson Institute",535,"engineering","Federal",0
"Erikson Institute",535,"all non s e fields","Federal",1245000
"U. Hawaii, Maui C.",536,"all r d expenditures","Federal",1234000
"U. Hawaii, Maui C.",536,"computer and information sciences","Federal",154000
"U. Hawaii, Maui C.",536,"geosciences atmospheric sciences and ocean sciences","Federal",214000
"U. Hawaii, Maui C.",536,"life sciences","Federal",510000
"U. Hawaii, Maui C.",536,"mathematics and statistics","Federal",0
"U. Hawaii, Maui C.",536,"physical sciences","Federal",61000
"U. Hawaii, Maui C.",536,"psychology","Federal",0
"U. Hawaii, Maui C.",536,"social sciences","Federal",0
"U. Hawaii, Maui C.",536,"sciences nec","Federal",0
"U. Hawaii, Maui C.",536,"engineering","Federal",0
"U. Hawaii, Maui C.",536,"all non s e fields","Federal",295000
"Texas A&M U.-San Antonio",537,"all r d expenditures","Federal",1233000
"Texas A&M U.-San Antonio",537,"computer and information sciences","Federal",107000
"Texas A&M U.-San Antonio",537,"geosciences atmospheric sciences and ocean sciences","Federal",38000
"Texas A&M U.-San Antonio",537,"life sciences","Federal",360000
"Texas A&M U.-San Antonio",537,"mathematics and statistics","Federal",27000
"Texas A&M U.-San Antonio",537,"physical sciences","Federal",0
"Texas A&M U.-San Antonio",537,"psychology","Federal",83000
"Texas A&M U.-San Antonio",537,"social sciences","Federal",46000
"Texas A&M U.-San Antonio",537,"sciences nec","Federal",0
"Texas A&M U.-San Antonio",537,"engineering","Federal",0
"Texas A&M U.-San Antonio",537,"all non s e fields","Federal",572000
"Yeshiva U.",538,"all r d expenditures","Federal",1229000
"Yeshiva U.",538,"computer and information sciences","Federal",0
"Yeshiva U.",538,"geosciences atmospheric sciences and ocean sciences","Federal",0
"Yeshiva U.",538,"life sciences","Federal",810000
"Yeshiva U.",538,"mathematics and statistics","Federal",0
"Yeshiva U.",538,"physical sciences","Federal",419000
"Yeshiva U.",538,"psychology","Federal",0
"Yeshiva U.",538,"social sciences","Federal",0
"Yeshiva U.",538,"sciences nec","Federal",0
"Yeshiva U.",538,"engineering","Federal",0
"Yeshiva U.",538,"all non s e fields","Federal",0
"Dillard U.",539,"all r d expenditures","Federal",1228000
"Dillard U.",539,"computer and information sciences","Federal",0
"Dillard U.",539,"geosciences atmospheric sciences and ocean sciences","Federal",33000
"Dillard U.",539,"life sciences","Federal",717000
"Dillard U.",539,"mathematics and statistics","Federal",14000
"Dillard U.",539,"physical sciences","Federal",163000
"Dillard U.",539,"psychology","Federal",0
"Dillard U.",539,"social sciences","Federal",1000
"Dillard U.",539,"sciences nec","Federal",35000
"Dillard U.",539,"engineering","Federal",85000
"Dillard U.",539,"all non s e fields","Federal",180000
"U. Wisconsin-Green Bay",540,"all r d expenditures","Federal",1222000
"U. Wisconsin-Green Bay",540,"computer and information sciences","Federal",46000
"U. Wisconsin-Green Bay",540,"geosciences atmospheric sciences and ocean sciences","Federal",67000
"U. Wisconsin-Green Bay",540,"life sciences","Federal",680000
"U. Wisconsin-Green Bay",540,"mathematics and statistics","Federal",9000
"U. Wisconsin-Green Bay",540,"physical sciences","Federal",94000
"U. Wisconsin-Green Bay",540,"psychology","Federal",23000
"U. Wisconsin-Green Bay",540,"social sciences","Federal",28000
"U. Wisconsin-Green Bay",540,"sciences nec","Federal",0
"U. Wisconsin-Green Bay",540,"engineering","Federal",232000
"U. Wisconsin-Green Bay",540,"all non s e fields","Federal",43000
"Pomona C.",541,"all r d expenditures","Federal",1205000
"Pomona C.",541,"computer and information sciences","Federal",68000
"Pomona C.",541,"geosciences atmospheric sciences and ocean sciences","Federal",66000
"Pomona C.",541,"life sciences","Federal",170000
"Pomona C.",541,"mathematics and statistics","Federal",362000
"Pomona C.",541,"physical sciences","Federal",523000
"Pomona C.",541,"psychology","Federal",0
"Pomona C.",541,"social sciences","Federal",16000
"Pomona C.",541,"sciences nec","Federal",0
"Pomona C.",541,"engineering","Federal",0
"Pomona C.",541,"all non s e fields","Federal",0
"Vassar C.",542,"all r d expenditures","Federal",1204000
"Vassar C.",542,"computer and information sciences","Federal",26000
"Vassar C.",542,"geosciences atmospheric sciences and ocean sciences","Federal",183000
"Vassar C.",542,"life sciences","Federal",344000
"Vassar C.",542,"mathematics and statistics","Federal",157000
"Vassar C.",542,"physical sciences","Federal",259000
"Vassar C.",542,"psychology","Federal",232000
"Vassar C.",542,"social sciences","Federal",3000
"Vassar C.",542,"sciences nec","Federal",0
"Vassar C.",542,"engineering","Federal",0
"Vassar C.",542,"all non s e fields","Federal",0
"Florida Polytechnic U.",543,"all r d expenditures","Federal",1172000
"Florida Polytechnic U.",543,"computer and information sciences","Federal",401000
"Florida Polytechnic U.",543,"geosciences atmospheric sciences and ocean sciences","Federal",0
"Florida Polytechnic U.",543,"life sciences","Federal",0
"Florida Polytechnic U.",543,"mathematics and statistics","Federal",0
"Florida Polytechnic U.",543,"physical sciences","Federal",0
"Florida Polytechnic U.",543,"psychology","Federal",0
"Florida Polytechnic U.",543,"social sciences","Federal",0
"Florida Polytechnic U.",543,"sciences nec","Federal",0
"Florida Polytechnic U.",543,"engineering","Federal",530000
"Florida Polytechnic U.",543,"all non s e fields","Federal",241000
"Seattle U.",544,"all r d expenditures","Federal",1165000
"Seattle U.",544,"computer and information sciences","Federal",54000
"Seattle U.",544,"geosciences atmospheric sciences and ocean sciences","Federal",10000
"Seattle U.",544,"life sciences","Federal",395000
"Seattle U.",544,"mathematics and statistics","Federal",42000
"Seattle U.",544,"physical sciences","Federal",198000
"Seattle U.",544,"psychology","Federal",0
"Seattle U.",544,"social sciences","Federal",34000
"Seattle U.",544,"sciences nec","Federal",0
"Seattle U.",544,"engineering","Federal",85000
"Seattle U.",544,"all non s e fields","Federal",347000
"California State U., Stanislaus",545,"all r d expenditures","Federal",1150000
"California State U., Stanislaus",545,"computer and information sciences","Federal",122000
"California State U., Stanislaus",545,"geosciences atmospheric sciences and ocean sciences","Federal",0
"California State U., Stanislaus",545,"life sciences","Federal",388000
"California State U., Stanislaus",545,"mathematics and statistics","Federal",271000
"California State U., Stanislaus",545,"physical sciences","Federal",171000
"California State U., Stanislaus",545,"psychology","Federal",119000
"California State U., Stanislaus",545,"social sciences","Federal",79000
"California State U., Stanislaus",545,"sciences nec","Federal",0
"California State U., Stanislaus",545,"engineering","Federal",0
"California State U., Stanislaus",545,"all non s e fields","Federal",0
"Lafayette C.",546,"all r d expenditures","Federal",1141000
"Lafayette C.",546,"computer and information sciences","Federal",99000
"Lafayette C.",546,"geosciences atmospheric sciences and ocean sciences","Federal",57000
"Lafayette C.",546,"life sciences","Federal",96000
"Lafayette C.",546,"mathematics and statistics","Federal",105000
"Lafayette C.",546,"physical sciences","Federal",352000
"Lafayette C.",546,"psychology","Federal",29000
"Lafayette C.",546,"social sciences","Federal",0
"Lafayette C.",546,"sciences nec","Federal",0
"Lafayette C.",546,"engineering","Federal",403000
"Lafayette C.",546,"all non s e fields","Federal",0
"SUNY, C. Plattsburgh",547,"all r d expenditures","Federal",1121000
"SUNY, C. Plattsburgh",547,"computer and information sciences","Federal",0
"SUNY, C. Plattsburgh",547,"geosciences atmospheric sciences and ocean sciences","Federal",634000
"SUNY, C. Plattsburgh",547,"life sciences","Federal",217000
"SUNY, C. Plattsburgh",547,"mathematics and statistics","Federal",0
"SUNY, C. Plattsburgh",547,"physical sciences","Federal",270000
"SUNY, C. Plattsburgh",547,"psychology","Federal",0
"SUNY, C. Plattsburgh",547,"social sciences","Federal",0
"SUNY, C. Plattsburgh",547,"sciences nec","Federal",0
"SUNY, C. Plattsburgh",547,"engineering","Federal",0
"SUNY, C. Plattsburgh",547,"all non s e fields","Federal",0
"Stephen F. Austin State U.",548,"all r d expenditures","Federal",1098000
"Stephen F. Austin State U.",548,"computer and information sciences","Federal",0
"Stephen F. Austin State U.",548,"geosciences atmospheric sciences and ocean sciences","Federal",10000
"Stephen F. Austin State U.",548,"life sciences","Federal",722000
"Stephen F. Austin State U.",548,"mathematics and statistics","Federal",337000
"Stephen F. Austin State U.",548,"physical sciences","Federal",0
"Stephen F. Austin State U.",548,"psychology","Federal",1000
"Stephen F. Austin State U.",548,"social sciences","Federal",12000
"Stephen F. Austin State U.",548,"sciences nec","Federal",16000
"Stephen F. Austin State U.",548,"engineering","Federal",0
"Stephen F. Austin State U.",548,"all non s e fields","Federal",0
"Macalester C.",549,"all r d expenditures","Federal",1094000
"Macalester C.",549,"computer and information sciences","Federal",41000
"Macalester C.",549,"geosciences atmospheric sciences and ocean sciences","Federal",206000
"Macalester C.",549,"life sciences","Federal",163000
"Macalester C.",549,"mathematics and statistics","Federal",62000
"Macalester C.",549,"physical sciences","Federal",547000
"Macalester C.",549,"psychology","Federal",0
"Macalester C.",549,"social sciences","Federal",25000
"Macalester C.",549,"sciences nec","Federal",0
"Macalester C.",549,"engineering","Federal",0
"Macalester C.",549,"all non s e fields","Federal",50000
"Elizabeth City State U.",550,"all r d expenditures","Federal",1093000
"Elizabeth City State U.",550,"computer and information sciences","Federal",58000
"Elizabeth City State U.",550,"geosciences atmospheric sciences and ocean sciences","Federal",0
"Elizabeth City State U.",550,"life sciences","Federal",495000
"Elizabeth City State U.",550,"mathematics and statistics","Federal",0
"Elizabeth City State U.",550,"physical sciences","Federal",0
"Elizabeth City State U.",550,"psychology","Federal",3000
"Elizabeth City State U.",550,"social sciences","Federal",0
"Elizabeth City State U.",550,"sciences nec","Federal",0
"Elizabeth City State U.",550,"engineering","Federal",0
"Elizabeth City State U.",550,"all non s e fields","Federal",537000
"Kenyon C.",551,"all r d expenditures","Federal",1092000
"Kenyon C.",551,"computer and information sciences","Federal",0
"Kenyon C.",551,"geosciences atmospheric sciences and ocean sciences","Federal",0
"Kenyon C.",551,"life sciences","Federal",605000
"Kenyon C.",551,"mathematics and statistics","Federal",49000
"Kenyon C.",551,"physical sciences","Federal",438000
"Kenyon C.",551,"psychology","Federal",0
"Kenyon C.",551,"social sciences","Federal",0
"Kenyon C.",551,"sciences nec","Federal",0
"Kenyon C.",551,"engineering","Federal",0
"Kenyon C.",551,"all non s e fields","Federal",0
"U. of the Incarnate Word",552,"all r d expenditures","Federal",1086000
"U. of the Incarnate Word",552,"computer and information sciences","Federal",10000
"U. of the Incarnate Word",552,"geosciences atmospheric sciences and ocean sciences","Federal",6000
"U. of the Incarnate Word",552,"life sciences","Federal",535000
"U. of the Incarnate Word",552,"mathematics and statistics","Federal",0
"U. of the Incarnate Word",552,"physical sciences","Federal",3e+05
"U. of the Incarnate Word",552,"psychology","Federal",0
"U. of the Incarnate Word",552,"social sciences","Federal",0
"U. of the Incarnate Word",552,"sciences nec","Federal",0
"U. of the Incarnate Word",552,"engineering","Federal",235000
"U. of the Incarnate Word",552,"all non s e fields","Federal",0
"Grinnell C.",553,"all r d expenditures","Federal",1082000
"Grinnell C.",553,"computer and information sciences","Federal",129000
"Grinnell C.",553,"geosciences atmospheric sciences and ocean sciences","Federal",0
"Grinnell C.",553,"life sciences","Federal",509000
"Grinnell C.",553,"mathematics and statistics","Federal",0
"Grinnell C.",553,"physical sciences","Federal",412000
"Grinnell C.",553,"psychology","Federal",0
"Grinnell C.",553,"social sciences","Federal",18000
"Grinnell C.",553,"sciences nec","Federal",0
"Grinnell C.",553,"engineering","Federal",0
"Grinnell C.",553,"all non s e fields","Federal",14000
"Butler U.",554,"all r d expenditures","Federal",1077000
"Butler U.",554,"computer and information sciences","Federal",0
"Butler U.",554,"geosciences atmospheric sciences and ocean sciences","Federal",0
"Butler U.",554,"life sciences","Federal",739000
"Butler U.",554,"mathematics and statistics","Federal",0
"Butler U.",554,"physical sciences","Federal",317000
"Butler U.",554,"psychology","Federal",11000
"Butler U.",554,"social sciences","Federal",10000
"Butler U.",554,"sciences nec","Federal",0
"Butler U.",554,"engineering","Federal",0
"Butler U.",554,"all non s e fields","Federal",0
"La Sierra U.",555,"all r d expenditures","Federal",1066000
"La Sierra U.",555,"computer and information sciences","Federal",0
"La Sierra U.",555,"geosciences atmospheric sciences and ocean sciences","Federal",0
"La Sierra U.",555,"life sciences","Federal",0
"La Sierra U.",555,"mathematics and statistics","Federal",0
"La Sierra U.",555,"physical sciences","Federal",0
"La Sierra U.",555,"psychology","Federal",0
"La Sierra U.",555,"social sciences","Federal",0
"La Sierra U.",555,"sciences nec","Federal",0
"La Sierra U.",555,"engineering","Federal",0
"La Sierra U.",555,"all non s e fields","Federal",1066000
"U. Illinois, Springfield",556,"all r d expenditures","Federal",1057000
"U. Illinois, Springfield",556,"computer and information sciences","Federal",0
"U. Illinois, Springfield",556,"geosciences atmospheric sciences and ocean sciences","Federal",0
"U. Illinois, Springfield",556,"life sciences","Federal",3000
"U. Illinois, Springfield",556,"mathematics and statistics","Federal",0
"U. Illinois, Springfield",556,"physical sciences","Federal",0
"U. Illinois, Springfield",556,"psychology","Federal",49000
"U. Illinois, Springfield",556,"social sciences","Federal",388000
"U. Illinois, Springfield",556,"sciences nec","Federal",0
"U. Illinois, Springfield",556,"engineering","Federal",0
"U. Illinois, Springfield",556,"all non s e fields","Federal",617000
"Claremont McKenna C.",557,"all r d expenditures","Federal",1035000
"Claremont McKenna C.",557,"computer and information sciences","Federal",166000
"Claremont McKenna C.",557,"geosciences atmospheric sciences and ocean sciences","Federal",4000
"Claremont McKenna C.",557,"life sciences","Federal",239000
"Claremont McKenna C.",557,"mathematics and statistics","Federal",138000
"Claremont McKenna C.",557,"physical sciences","Federal",191000
"Claremont McKenna C.",557,"psychology","Federal",297000
"Claremont McKenna C.",557,"social sciences","Federal",0
"Claremont McKenna C.",557,"sciences nec","Federal",0
"Claremont McKenna C.",557,"engineering","Federal",0
"Claremont McKenna C.",557,"all non s e fields","Federal",0
"U. Wisconsin-Eau Claire",558,"all r d expenditures","Federal",1027000
"U. Wisconsin-Eau Claire",558,"computer and information sciences","Federal",0
"U. Wisconsin-Eau Claire",558,"geosciences atmospheric sciences and ocean sciences","Federal",143000
"U. Wisconsin-Eau Claire",558,"life sciences","Federal",23000
"U. Wisconsin-Eau Claire",558,"mathematics and statistics","Federal",22000
"U. Wisconsin-Eau Claire",558,"physical sciences","Federal",585000
"U. Wisconsin-Eau Claire",558,"psychology","Federal",239000
"U. Wisconsin-Eau Claire",558,"social sciences","Federal",15000
"U. Wisconsin-Eau Claire",558,"sciences nec","Federal",0
"U. Wisconsin-Eau Claire",558,"engineering","Federal",0
"U. Wisconsin-Eau Claire",558,"all non s e fields","Federal",0
"Hobart and William Smith Colleges",559,"all r d expenditures","Federal",1019000
"Hobart and William Smith Colleges",559,"computer and information sciences","Federal",0
"Hobart and William Smith Colleges",559,"geosciences atmospheric sciences and ocean sciences","Federal",270000
"Hobart and William Smith Colleges",559,"life sciences","Federal",558000
"Hobart and William Smith Colleges",559,"mathematics and statistics","Federal",0
"Hobart and William Smith Colleges",559,"physical sciences","Federal",172000
"Hobart and William Smith Colleges",559,"psychology","Federal",0
"Hobart and William Smith Colleges",559,"social sciences","Federal",0
"Hobart and William Smith Colleges",559,"sciences nec","Federal",19000
"Hobart and William Smith Colleges",559,"engineering","Federal",0
"Hobart and William Smith Colleges",559,"all non s e fields","Federal",0
"Eastern Washington U.",560,"all r d expenditures","Federal",1015000
"Eastern Washington U.",560,"computer and information sciences","Federal",0
"Eastern Washington U.",560,"geosciences atmospheric sciences and ocean sciences","Federal",37000
"Eastern Washington U.",560,"life sciences","Federal",451000
"Eastern Washington U.",560,"mathematics and statistics","Federal",0
"Eastern Washington U.",560,"physical sciences","Federal",75000
"Eastern Washington U.",560,"psychology","Federal",0
"Eastern Washington U.",560,"social sciences","Federal",381000
"Eastern Washington U.",560,"sciences nec","Federal",0
"Eastern Washington U.",560,"engineering","Federal",71000
"Eastern Washington U.",560,"all non s e fields","Federal",0
"U. San Francisco",560,"all r d expenditures","Federal",1015000
"U. San Francisco",560,"computer and information sciences","Federal",88000
"U. San Francisco",560,"geosciences atmospheric sciences and ocean sciences","Federal",227000
"U. San Francisco",560,"life sciences","Federal",612000
"U. San Francisco",560,"mathematics and statistics","Federal",0
"U. San Francisco",560,"physical sciences","Federal",15000
"U. San Francisco",560,"psychology","Federal",0
"U. San Francisco",560,"social sciences","Federal",73000
"U. San Francisco",560,"sciences nec","Federal",0
"U. San Francisco",560,"engineering","Federal",0
"U. San Francisco",560,"all non s e fields","Federal",0
"U. Texas of the Permian Basin",562,"all r d expenditures","Federal",1013000
"U. Texas of the Permian Basin",562,"computer and information sciences","Federal",0
"U. Texas of the Permian Basin",562,"geosciences atmospheric sciences and ocean sciences","Federal",69000
"U. Texas of the Permian Basin",562,"life sciences","Federal",522000
"U. Texas of the Permian Basin",562,"mathematics and statistics","Federal",0
"U. Texas of the Permian Basin",562,"physical sciences","Federal",0
"U. Texas of the Permian Basin",562,"psychology","Federal",16000
"U. Texas of the Permian Basin",562,"social sciences","Federal",102000
"U. Texas of the Permian Basin",562,"sciences nec","Federal",0
"U. Texas of the Permian Basin",562,"engineering","Federal",226000
"U. Texas of the Permian Basin",562,"all non s e fields","Federal",78000
"Indiana State U.",563,"all r d expenditures","Federal",980000
"Indiana State U.",563,"computer and information sciences","Federal",0
"Indiana State U.",563,"geosciences atmospheric sciences and ocean sciences","Federal",132000
"Indiana State U.",563,"life sciences","Federal",282000
"Indiana State U.",563,"mathematics and statistics","Federal",0
"Indiana State U.",563,"physical sciences","Federal",16000
"Indiana State U.",563,"psychology","Federal",0
"Indiana State U.",563,"social sciences","Federal",0
"Indiana State U.",563,"sciences nec","Federal",0
"Indiana State U.",563,"engineering","Federal",34000
"Indiana State U.",563,"all non s e fields","Federal",516000
"Drake U.",564,"all r d expenditures","Federal",954000
"Drake U.",564,"computer and information sciences","Federal",1000
"Drake U.",564,"geosciences atmospheric sciences and ocean sciences","Federal",0
"Drake U.",564,"life sciences","Federal",104000
"Drake U.",564,"mathematics and statistics","Federal",73000
"Drake U.",564,"physical sciences","Federal",146000
"Drake U.",564,"psychology","Federal",0
"Drake U.",564,"social sciences","Federal",0
"Drake U.",564,"sciences nec","Federal",0
"Drake U.",564,"engineering","Federal",0
"Drake U.",564,"all non s e fields","Federal",630000
"Colorado State U., Pueblo",565,"all r d expenditures","Federal",952000
"Colorado State U., Pueblo",565,"computer and information sciences","Federal",123000
"Colorado State U., Pueblo",565,"geosciences atmospheric sciences and ocean sciences","Federal",0
"Colorado State U., Pueblo",565,"life sciences","Federal",825000
"Colorado State U., Pueblo",565,"mathematics and statistics","Federal",0
"Colorado State U., Pueblo",565,"physical sciences","Federal",0
"Colorado State U., Pueblo",565,"psychology","Federal",0
"Colorado State U., Pueblo",565,"social sciences","Federal",4000
"Colorado State U., Pueblo",565,"sciences nec","Federal",0
"Colorado State U., Pueblo",565,"engineering","Federal",0
"Colorado State U., Pueblo",565,"all non s e fields","Federal",0
"Abilene Christian U.",566,"all r d expenditures","Federal",946000
"Abilene Christian U.",566,"computer and information sciences","Federal",0
"Abilene Christian U.",566,"geosciences atmospheric sciences and ocean sciences","Federal",0
"Abilene Christian U.",566,"life sciences","Federal",0
"Abilene Christian U.",566,"mathematics and statistics","Federal",0
"Abilene Christian U.",566,"physical sciences","Federal",836000
"Abilene Christian U.",566,"psychology","Federal",0
"Abilene Christian U.",566,"social sciences","Federal",0
"Abilene Christian U.",566,"sciences nec","Federal",0
"Abilene Christian U.",566,"engineering","Federal",15000
"Abilene Christian U.",566,"all non s e fields","Federal",95000
"Ursinus C.",567,"all r d expenditures","Federal",942000
"Ursinus C.",567,"computer and information sciences","Federal",12000
"Ursinus C.",567,"geosciences atmospheric sciences and ocean sciences","Federal",0
"Ursinus C.",567,"life sciences","Federal",578000
"Ursinus C.",567,"mathematics and statistics","Federal",120000
"Ursinus C.",567,"physical sciences","Federal",227000
"Ursinus C.",567,"psychology","Federal",2000
"Ursinus C.",567,"social sciences","Federal",3000
"Ursinus C.",567,"sciences nec","Federal",0
"Ursinus C.",567,"engineering","Federal",0
"Ursinus C.",567,"all non s e fields","Federal",0
"St. Olaf C.",568,"all r d expenditures","Federal",933000
"St. Olaf C.",568,"computer and information sciences","Federal",109000
"St. Olaf C.",568,"geosciences atmospheric sciences and ocean sciences","Federal",73000
"St. Olaf C.",568,"life sciences","Federal",625000
"St. Olaf C.",568,"mathematics and statistics","Federal",8000
"St. Olaf C.",568,"physical sciences","Federal",25000
"St. Olaf C.",568,"psychology","Federal",4000
"St. Olaf C.",568,"social sciences","Federal",32000
"St. Olaf C.",568,"sciences nec","Federal",0
"St. Olaf C.",568,"engineering","Federal",0
"St. Olaf C.",568,"all non s e fields","Federal",57000
"Marian U., Indianapolis",569,"all r d expenditures","Federal",918000
"Marian U., Indianapolis",569,"computer and information sciences","Federal",0
"Marian U., Indianapolis",569,"geosciences atmospheric sciences and ocean sciences","Federal",0
"Marian U., Indianapolis",569,"life sciences","Federal",462000
"Marian U., Indianapolis",569,"mathematics and statistics","Federal",3000
"Marian U., Indianapolis",569,"physical sciences","Federal",0
"Marian U., Indianapolis",569,"psychology","Federal",0
"Marian U., Indianapolis",569,"social sciences","Federal",0
"Marian U., Indianapolis",569,"sciences nec","Federal",131000
"Marian U., Indianapolis",569,"engineering","Federal",0
"Marian U., Indianapolis",569,"all non s e fields","Federal",322000
"East Stroudsburg U. Pennsylvania",570,"all r d expenditures","Federal",909000
"East Stroudsburg U. Pennsylvania",570,"computer and information sciences","Federal",0
"East Stroudsburg U. Pennsylvania",570,"geosciences atmospheric sciences and ocean sciences","Federal",0
"East Stroudsburg U. Pennsylvania",570,"life sciences","Federal",1e+05
"East Stroudsburg U. Pennsylvania",570,"mathematics and statistics","Federal",0
"East Stroudsburg U. Pennsylvania",570,"physical sciences","Federal",0
"East Stroudsburg U. Pennsylvania",570,"psychology","Federal",0
"East Stroudsburg U. Pennsylvania",570,"social sciences","Federal",0
"East Stroudsburg U. Pennsylvania",570,"sciences nec","Federal",0
"East Stroudsburg U. Pennsylvania",570,"engineering","Federal",0
"East Stroudsburg U. Pennsylvania",570,"all non s e fields","Federal",809000
"Minnesota State U., Mankato",571,"all r d expenditures","Federal",905000
"Minnesota State U., Mankato",571,"computer and information sciences","Federal",141000
"Minnesota State U., Mankato",571,"geosciences atmospheric sciences and ocean sciences","Federal",138000
"Minnesota State U., Mankato",571,"life sciences","Federal",298000
"Minnesota State U., Mankato",571,"mathematics and statistics","Federal",58000
"Minnesota State U., Mankato",571,"physical sciences","Federal",33000
"Minnesota State U., Mankato",571,"psychology","Federal",0
"Minnesota State U., Mankato",571,"social sciences","Federal",0
"Minnesota State U., Mankato",571,"sciences nec","Federal",0
"Minnesota State U., Mankato",571,"engineering","Federal",196000
"Minnesota State U., Mankato",571,"all non s e fields","Federal",41000
"SUNY, Oswego",572,"all r d expenditures","Federal",894000
"SUNY, Oswego",572,"computer and information sciences","Federal",21000
"SUNY, Oswego",572,"geosciences atmospheric sciences and ocean sciences","Federal",308000
"SUNY, Oswego",572,"life sciences","Federal",87000
"SUNY, Oswego",572,"mathematics and statistics","Federal",0
"SUNY, Oswego",572,"physical sciences","Federal",222000
"SUNY, Oswego",572,"psychology","Federal",133000
"SUNY, Oswego",572,"social sciences","Federal",0
"SUNY, Oswego",572,"sciences nec","Federal",0
"SUNY, Oswego",572,"engineering","Federal",123000
"SUNY, Oswego",572,"all non s e fields","Federal",0
"Suffolk U.",573,"all r d expenditures","Federal",893000
"Suffolk U.",573,"computer and information sciences","Federal",0
"Suffolk U.",573,"geosciences atmospheric sciences and ocean sciences","Federal",73000
"Suffolk U.",573,"life sciences","Federal",30000
"Suffolk U.",573,"mathematics and statistics","Federal",0
"Suffolk U.",573,"physical sciences","Federal",0
"Suffolk U.",573,"psychology","Federal",103000
"Suffolk U.",573,"social sciences","Federal",27000
"Suffolk U.",573,"sciences nec","Federal",0
"Suffolk U.",573,"engineering","Federal",0
"Suffolk U.",573,"all non s e fields","Federal",660000
"Merrimack C.",574,"all r d expenditures","Federal",892000
"Merrimack C.",574,"computer and information sciences","Federal",0
"Merrimack C.",574,"geosciences atmospheric sciences and ocean sciences","Federal",0
"Merrimack C.",574,"life sciences","Federal",865000
"Merrimack C.",574,"mathematics and statistics","Federal",16000
"Merrimack C.",574,"physical sciences","Federal",0
"Merrimack C.",574,"psychology","Federal",0
"Merrimack C.",574,"social sciences","Federal",0
"Merrimack C.",574,"sciences nec","Federal",0
"Merrimack C.",574,"engineering","Federal",11000
"Merrimack C.",574,"all non s e fields","Federal",0
"U. South Carolina, Beaufort",575,"all r d expenditures","Federal",889000
"U. South Carolina, Beaufort",575,"computer and information sciences","Federal",431000
"U. South Carolina, Beaufort",575,"geosciences atmospheric sciences and ocean sciences","Federal",94000
"U. South Carolina, Beaufort",575,"life sciences","Federal",87000
"U. South Carolina, Beaufort",575,"mathematics and statistics","Federal",6000
"U. South Carolina, Beaufort",575,"physical sciences","Federal",0
"U. South Carolina, Beaufort",575,"psychology","Federal",0
"U. South Carolina, Beaufort",575,"social sciences","Federal",0
"U. South Carolina, Beaufort",575,"sciences nec","Federal",0
"U. South Carolina, Beaufort",575,"engineering","Federal",134000
"U. South Carolina, Beaufort",575,"all non s e fields","Federal",137000
"Northland C.",576,"all r d expenditures","Federal",880000
"Northland C.",576,"computer and information sciences","Federal",0
"Northland C.",576,"geosciences atmospheric sciences and ocean sciences","Federal",71000
"Northland C.",576,"life sciences","Federal",568000
"Northland C.",576,"mathematics and statistics","Federal",43000
"Northland C.",576,"physical sciences","Federal",0
"Northland C.",576,"psychology","Federal",62000
"Northland C.",576,"social sciences","Federal",32000
"Northland C.",576,"sciences nec","Federal",0
"Northland C.",576,"engineering","Federal",0
"Northland C.",576,"all non s e fields","Federal",104000
"Oberlin C.",576,"all r d expenditures","Federal",880000
"Oberlin C.",576,"computer and information sciences","Federal",58000
"Oberlin C.",576,"geosciences atmospheric sciences and ocean sciences","Federal",19000
"Oberlin C.",576,"life sciences","Federal",326000
"Oberlin C.",576,"mathematics and statistics","Federal",46000
"Oberlin C.",576,"physical sciences","Federal",377000
"Oberlin C.",576,"psychology","Federal",53000
"Oberlin C.",576,"social sciences","Federal",1000
"Oberlin C.",576,"sciences nec","Federal",0
"Oberlin C.",576,"engineering","Federal",0
"Oberlin C.",576,"all non s e fields","Federal",0
"U. Scranton",578,"all r d expenditures","Federal",866000
"U. Scranton",578,"computer and information sciences","Federal",35000
"U. Scranton",578,"geosciences atmospheric sciences and ocean sciences","Federal",555000
"U. Scranton",578,"life sciences","Federal",138000
"U. Scranton",578,"mathematics and statistics","Federal",0
"U. Scranton",578,"physical sciences","Federal",68000
"U. Scranton",578,"psychology","Federal",0
"U. Scranton",578,"social sciences","Federal",0
"U. Scranton",578,"sciences nec","Federal",0
"U. Scranton",578,"engineering","Federal",0
"U. Scranton",578,"all non s e fields","Federal",70000
"National U. of Natural Medicine",579,"all r d expenditures","Federal",862000
"National U. of Natural Medicine",579,"computer and information sciences","Federal",0
"National U. of Natural Medicine",579,"geosciences atmospheric sciences and ocean sciences","Federal",0
"National U. of Natural Medicine",579,"life sciences","Federal",862000
"National U. of Natural Medicine",579,"mathematics and statistics","Federal",0
"National U. of Natural Medicine",579,"physical sciences","Federal",0
"National U. of Natural Medicine",579,"psychology","Federal",0
"National U. of Natural Medicine",579,"social sciences","Federal",0
"National U. of Natural Medicine",579,"sciences nec","Federal",0
"National U. of Natural Medicine",579,"engineering","Federal",0
"National U. of Natural Medicine",579,"all non s e fields","Federal",0
"Calvin U.",580,"all r d expenditures","Federal",854000
"Calvin U.",580,"computer and information sciences","Federal",9000
"Calvin U.",580,"geosciences atmospheric sciences and ocean sciences","Federal",0
"Calvin U.",580,"life sciences","Federal",348000
"Calvin U.",580,"mathematics and statistics","Federal",40000
"Calvin U.",580,"physical sciences","Federal",393000
"Calvin U.",580,"psychology","Federal",0
"Calvin U.",580,"social sciences","Federal",0
"Calvin U.",580,"sciences nec","Federal",0
"Calvin U.",580,"engineering","Federal",64000
"Calvin U.",580,"all non s e fields","Federal",0
"Northwestern State U. Louisiana",581,"all r d expenditures","Federal",822000
"Northwestern State U. Louisiana",581,"computer and information sciences","Federal",0
"Northwestern State U. Louisiana",581,"geosciences atmospheric sciences and ocean sciences","Federal",0
"Northwestern State U. Louisiana",581,"life sciences","Federal",14000
"Northwestern State U. Louisiana",581,"mathematics and statistics","Federal",0
"Northwestern State U. Louisiana",581,"physical sciences","Federal",0
"Northwestern State U. Louisiana",581,"psychology","Federal",0
"Northwestern State U. Louisiana",581,"social sciences","Federal",808000
"Northwestern State U. Louisiana",581,"sciences nec","Federal",0
"Northwestern State U. Louisiana",581,"engineering","Federal",0
"Northwestern State U. Louisiana",581,"all non s e fields","Federal",0
"SUNY, C. Brockport",582,"all r d expenditures","Federal",813000
"SUNY, C. Brockport",582,"computer and information sciences","Federal",0
"SUNY, C. Brockport",582,"geosciences atmospheric sciences and ocean sciences","Federal",0
"SUNY, C. Brockport",582,"life sciences","Federal",605000
"SUNY, C. Brockport",582,"mathematics and statistics","Federal",0
"SUNY, C. Brockport",582,"physical sciences","Federal",177000
"SUNY, C. Brockport",582,"psychology","Federal",0
"SUNY, C. Brockport",582,"social sciences","Federal",20000
"SUNY, C. Brockport",582,"sciences nec","Federal",0
"SUNY, C. Brockport",582,"engineering","Federal",0
"SUNY, C. Brockport",582,"all non s e fields","Federal",11000
"Bentley U.",583,"all r d expenditures","Federal",802000
"Bentley U.",583,"computer and information sciences","Federal",8000
"Bentley U.",583,"geosciences atmospheric sciences and ocean sciences","Federal",138000
"Bentley U.",583,"life sciences","Federal",178000
"Bentley U.",583,"mathematics and statistics","Federal",0
"Bentley U.",583,"physical sciences","Federal",0
"Bentley U.",583,"psychology","Federal",0
"Bentley U.",583,"social sciences","Federal",30000
"Bentley U.",583,"sciences nec","Federal",0
"Bentley U.",583,"engineering","Federal",72000
"Bentley U.",583,"all non s e fields","Federal",376000
"Eastern Kentucky U.",584,"all r d expenditures","Federal",798000
"Eastern Kentucky U.",584,"computer and information sciences","Federal",0
"Eastern Kentucky U.",584,"geosciences atmospheric sciences and ocean sciences","Federal",0
"Eastern Kentucky U.",584,"life sciences","Federal",306000
"Eastern Kentucky U.",584,"mathematics and statistics","Federal",0
"Eastern Kentucky U.",584,"physical sciences","Federal",423000
"Eastern Kentucky U.",584,"psychology","Federal",0
"Eastern Kentucky U.",584,"social sciences","Federal",0
"Eastern Kentucky U.",584,"sciences nec","Federal",0
"Eastern Kentucky U.",584,"engineering","Federal",69000
"Eastern Kentucky U.",584,"all non s e fields","Federal",0
"Rhode Island C.",585,"all r d expenditures","Federal",786000
"Rhode Island C.",585,"computer and information sciences","Federal",98000
"Rhode Island C.",585,"geosciences atmospheric sciences and ocean sciences","Federal",0
"Rhode Island C.",585,"life sciences","Federal",358000
"Rhode Island C.",585,"mathematics and statistics","Federal",0
"Rhode Island C.",585,"physical sciences","Federal",326000
"Rhode Island C.",585,"psychology","Federal",4000
"Rhode Island C.",585,"social sciences","Federal",0
"Rhode Island C.",585,"sciences nec","Federal",0
"Rhode Island C.",585,"engineering","Federal",0
"Rhode Island C.",585,"all non s e fields","Federal",0
"U. South Carolina, Aiken",586,"all r d expenditures","Federal",782000
"U. South Carolina, Aiken",586,"computer and information sciences","Federal",0
"U. South Carolina, Aiken",586,"geosciences atmospheric sciences and ocean sciences","Federal",107000
"U. South Carolina, Aiken",586,"life sciences","Federal",549000
"U. South Carolina, Aiken",586,"mathematics and statistics","Federal",0
"U. South Carolina, Aiken",586,"physical sciences","Federal",0
"U. South Carolina, Aiken",586,"psychology","Federal",0
"U. South Carolina, Aiken",586,"social sciences","Federal",0
"U. South Carolina, Aiken",586,"sciences nec","Federal",0
"U. South Carolina, Aiken",586,"engineering","Federal",126000
"U. South Carolina, Aiken",586,"all non s e fields","Federal",0
"Lewis and Clark C.",587,"all r d expenditures","Federal",776000
"Lewis and Clark C.",587,"computer and information sciences","Federal",0
"Lewis and Clark C.",587,"geosciences atmospheric sciences and ocean sciences","Federal",167000
"Lewis and Clark C.",587,"life sciences","Federal",449000
"Lewis and Clark C.",587,"mathematics and statistics","Federal",21000
"Lewis and Clark C.",587,"physical sciences","Federal",139000
"Lewis and Clark C.",587,"psychology","Federal",0
"Lewis and Clark C.",587,"social sciences","Federal",0
"Lewis and Clark C.",587,"sciences nec","Federal",0
"Lewis and Clark C.",587,"engineering","Federal",0
"Lewis and Clark C.",587,"all non s e fields","Federal",0
"Arcadia U.",588,"all r d expenditures","Federal",772000
"Arcadia U.",588,"computer and information sciences","Federal",0
"Arcadia U.",588,"geosciences atmospheric sciences and ocean sciences","Federal",0
"Arcadia U.",588,"life sciences","Federal",18000
"Arcadia U.",588,"mathematics and statistics","Federal",0
"Arcadia U.",588,"physical sciences","Federal",0
"Arcadia U.",588,"psychology","Federal",0
"Arcadia U.",588,"social sciences","Federal",0
"Arcadia U.",588,"sciences nec","Federal",0
"Arcadia U.",588,"engineering","Federal",0
"Arcadia U.",588,"all non s e fields","Federal",754000
"Monmouth U.",589,"all r d expenditures","Federal",762000
"Monmouth U.",589,"computer and information sciences","Federal",0
"Monmouth U.",589,"geosciences atmospheric sciences and ocean sciences","Federal",527000
"Monmouth U.",589,"life sciences","Federal",174000
"Monmouth U.",589,"mathematics and statistics","Federal",0
"Monmouth U.",589,"physical sciences","Federal",31000
"Monmouth U.",589,"psychology","Federal",0
"Monmouth U.",589,"social sciences","Federal",30000
"Monmouth U.",589,"sciences nec","Federal",0
"Monmouth U.",589,"engineering","Federal",0
"Monmouth U.",589,"all non s e fields","Federal",0
"U. Puerto Rico, Cayey",590,"all r d expenditures","Federal",733000
"U. Puerto Rico, Cayey",590,"computer and information sciences","Federal",0
"U. Puerto Rico, Cayey",590,"geosciences atmospheric sciences and ocean sciences","Federal",0
"U. Puerto Rico, Cayey",590,"life sciences","Federal",63000
"U. Puerto Rico, Cayey",590,"mathematics and statistics","Federal",0
"U. Puerto Rico, Cayey",590,"physical sciences","Federal",194000
"U. Puerto Rico, Cayey",590,"psychology","Federal",0
"U. Puerto Rico, Cayey",590,"social sciences","Federal",47000
"U. Puerto Rico, Cayey",590,"sciences nec","Federal",429000
"U. Puerto Rico, Cayey",590,"engineering","Federal",0
"U. Puerto Rico, Cayey",590,"all non s e fields","Federal",0
"SUNY, Cobleskill",591,"all r d expenditures","Federal",730000
"SUNY, Cobleskill",591,"computer and information sciences","Federal",0
"SUNY, Cobleskill",591,"geosciences atmospheric sciences and ocean sciences","Federal",0
"SUNY, Cobleskill",591,"life sciences","Federal",136000
"SUNY, Cobleskill",591,"mathematics and statistics","Federal",0
"SUNY, Cobleskill",591,"physical sciences","Federal",0
"SUNY, Cobleskill",591,"psychology","Federal",0
"SUNY, Cobleskill",591,"social sciences","Federal",0
"SUNY, Cobleskill",591,"sciences nec","Federal",0
"SUNY, Cobleskill",591,"engineering","Federal",469000
"SUNY, Cobleskill",591,"all non s e fields","Federal",125000
"Union C., Schenectady",592,"all r d expenditures","Federal",729000
"Union C., Schenectady",592,"computer and information sciences","Federal",4000
"Union C., Schenectady",592,"geosciences atmospheric sciences and ocean sciences","Federal",316000
"Union C., Schenectady",592,"life sciences","Federal",0
"Union C., Schenectady",592,"mathematics and statistics","Federal",24000
"Union C., Schenectady",592,"physical sciences","Federal",113000
"Union C., Schenectady",592,"psychology","Federal",0
"Union C., Schenectady",592,"social sciences","Federal",0
"Union C., Schenectady",592,"sciences nec","Federal",0
"Union C., Schenectady",592,"engineering","Federal",272000
"Union C., Schenectady",592,"all non s e fields","Federal",0
"Milwaukee School of Engineering",593,"all r d expenditures","Federal",722000
"Milwaukee School of Engineering",593,"computer and information sciences","Federal",75000
"Milwaukee School of Engineering",593,"geosciences atmospheric sciences and ocean sciences","Federal",0
"Milwaukee School of Engineering",593,"life sciences","Federal",255000
"Milwaukee School of Engineering",593,"mathematics and statistics","Federal",0
"Milwaukee School of Engineering",593,"physical sciences","Federal",0
"Milwaukee School of Engineering",593,"psychology","Federal",0
"Milwaukee School of Engineering",593,"social sciences","Federal",0
"Milwaukee School of Engineering",593,"sciences nec","Federal",0
"Milwaukee School of Engineering",593,"engineering","Federal",392000
"Milwaukee School of Engineering",593,"all non s e fields","Federal",0
"U. Wisconsin-La Crosse",594,"all r d expenditures","Federal",714000
"U. Wisconsin-La Crosse",594,"computer and information sciences","Federal",35000
"U. Wisconsin-La Crosse",594,"geosciences atmospheric sciences and ocean sciences","Federal",0
"U. Wisconsin-La Crosse",594,"life sciences","Federal",315000
"U. Wisconsin-La Crosse",594,"mathematics and statistics","Federal",11000
"U. Wisconsin-La Crosse",594,"physical sciences","Federal",114000
"U. Wisconsin-La Crosse",594,"psychology","Federal",0
"U. Wisconsin-La Crosse",594,"social sciences","Federal",238000
"U. Wisconsin-La Crosse",594,"sciences nec","Federal",0
"U. Wisconsin-La Crosse",594,"engineering","Federal",0
"U. Wisconsin-La Crosse",594,"all non s e fields","Federal",1000
"Framingham State U.",595,"all r d expenditures","Federal",7e+05
"Framingham State U.",595,"computer and information sciences","Federal",0
"Framingham State U.",595,"geosciences atmospheric sciences and ocean sciences","Federal",0
"Framingham State U.",595,"life sciences","Federal",7e+05
"Framingham State U.",595,"mathematics and statistics","Federal",0
"Framingham State U.",595,"physical sciences","Federal",0
"Framingham State U.",595,"psychology","Federal",0
"Framingham State U.",595,"social sciences","Federal",0
"Framingham State U.",595,"sciences nec","Federal",0
"Framingham State U.",595,"engineering","Federal",0
"Framingham State U.",595,"all non s e fields","Federal",0
"St. Cloud State U.",596,"all r d expenditures","Federal",689000
"St. Cloud State U.",596,"computer and information sciences","Federal",8000
"St. Cloud State U.",596,"geosciences atmospheric sciences and ocean sciences","Federal",4000
"St. Cloud State U.",596,"life sciences","Federal",63000
"St. Cloud State U.",596,"mathematics and statistics","Federal",0
"St. Cloud State U.",596,"physical sciences","Federal",0
"St. Cloud State U.",596,"psychology","Federal",0
"St. Cloud State U.",596,"social sciences","Federal",121000
"St. Cloud State U.",596,"sciences nec","Federal",0
"St. Cloud State U.",596,"engineering","Federal",0
"St. Cloud State U.",596,"all non s e fields","Federal",493000
"Stockton U.",597,"all r d expenditures","Federal",688000
"Stockton U.",597,"computer and information sciences","Federal",0
"Stockton U.",597,"geosciences atmospheric sciences and ocean sciences","Federal",82000
"Stockton U.",597,"life sciences","Federal",313000
"Stockton U.",597,"mathematics and statistics","Federal",0
"Stockton U.",597,"physical sciences","Federal",0
"Stockton U.",597,"psychology","Federal",0
"Stockton U.",597,"social sciences","Federal",293000
"Stockton U.",597,"sciences nec","Federal",0
"Stockton U.",597,"engineering","Federal",0
"Stockton U.",597,"all non s e fields","Federal",0
"Trinity C., Hartford",598,"all r d expenditures","Federal",687000
"Trinity C., Hartford",598,"computer and information sciences","Federal",30000
"Trinity C., Hartford",598,"geosciences atmospheric sciences and ocean sciences","Federal",0
"Trinity C., Hartford",598,"life sciences","Federal",319000
"Trinity C., Hartford",598,"mathematics and statistics","Federal",0
"Trinity C., Hartford",598,"physical sciences","Federal",143000
"Trinity C., Hartford",598,"psychology","Federal",172000
"Trinity C., Hartford",598,"social sciences","Federal",0
"Trinity C., Hartford",598,"sciences nec","Federal",0
"Trinity C., Hartford",598,"engineering","Federal",2000
"Trinity C., Hartford",598,"all non s e fields","Federal",21000
"Edward Via C. of Osteopathic Medicine",599,"all r d expenditures","Federal",678000
"Edward Via C. of Osteopathic Medicine",599,"computer and information sciences","Federal",0
"Edward Via C. of Osteopathic Medicine",599,"geosciences atmospheric sciences and ocean sciences","Federal",0
"Edward Via C. of Osteopathic Medicine",599,"life sciences","Federal",678000
"Edward Via C. of Osteopathic Medicine",599,"mathematics and statistics","Federal",0
"Edward Via C. of Osteopathic Medicine",599,"physical sciences","Federal",0
"Edward Via C. of Osteopathic Medicine",599,"psychology","Federal",0
"Edward Via C. of Osteopathic Medicine",599,"social sciences","Federal",0
"Edward Via C. of Osteopathic Medicine",599,"sciences nec","Federal",0
"Edward Via C. of Osteopathic Medicine",599,"engineering","Federal",0
"Edward Via C. of Osteopathic Medicine",599,"all non s e fields","Federal",0
"Pepperdine U.",600,"all r d expenditures","Federal",674000
"Pepperdine U.",600,"computer and information sciences","Federal",0
"Pepperdine U.",600,"geosciences atmospheric sciences and ocean sciences","Federal",0
"Pepperdine U.",600,"life sciences","Federal",351000
"Pepperdine U.",600,"mathematics and statistics","Federal",0
"Pepperdine U.",600,"physical sciences","Federal",0
"Pepperdine U.",600,"psychology","Federal",24000
"Pepperdine U.",600,"social sciences","Federal",27000
"Pepperdine U.",600,"sciences nec","Federal",0
"Pepperdine U.",600,"engineering","Federal",0
"Pepperdine U.",600,"all non s e fields","Federal",272000
"Robert Morris U.",601,"all r d expenditures","Federal",664000
"Robert Morris U.",601,"computer and information sciences","Federal",130000
"Robert Morris U.",601,"geosciences atmospheric sciences and ocean sciences","Federal",0
"Robert Morris U.",601,"life sciences","Federal",0
"Robert Morris U.",601,"mathematics and statistics","Federal",0
"Robert Morris U.",601,"physical sciences","Federal",0
"Robert Morris U.",601,"psychology","Federal",0
"Robert Morris U.",601,"social sciences","Federal",0
"Robert Morris U.",601,"sciences nec","Federal",0
"Robert Morris U.",601,"engineering","Federal",492000
"Robert Morris U.",601,"all non s e fields","Federal",42000
"Connecticut C.",602,"all r d expenditures","Federal",648000
"Connecticut C.",602,"computer and information sciences","Federal",46000
"Connecticut C.",602,"geosciences atmospheric sciences and ocean sciences","Federal",0
"Connecticut C.",602,"life sciences","Federal",257000
"Connecticut C.",602,"mathematics and statistics","Federal",0
"Connecticut C.",602,"physical sciences","Federal",67000
"Connecticut C.",602,"psychology","Federal",131000
"Connecticut C.",602,"social sciences","Federal",0
"Connecticut C.",602,"sciences nec","Federal",0
"Connecticut C.",602,"engineering","Federal",0
"Connecticut C.",602,"all non s e fields","Federal",147000
"Franklin W. Olin C. of Engineering",603,"all r d expenditures","Federal",641000
"Franklin W. Olin C. of Engineering",603,"computer and information sciences","Federal",0
"Franklin W. Olin C. of Engineering",603,"geosciences atmospheric sciences and ocean sciences","Federal",0
"Franklin W. Olin C. of Engineering",603,"life sciences","Federal",0
"Franklin W. Olin C. of Engineering",603,"mathematics and statistics","Federal",0
"Franklin W. Olin C. of Engineering",603,"physical sciences","Federal",0
"Franklin W. Olin C. of Engineering",603,"psychology","Federal",0
"Franklin W. Olin C. of Engineering",603,"social sciences","Federal",0
"Franklin W. Olin C. of Engineering",603,"sciences nec","Federal",0
"Franklin W. Olin C. of Engineering",603,"engineering","Federal",641000
"Franklin W. Olin C. of Engineering",603,"all non s e fields","Federal",0
"Sacred Heart U.",604,"all r d expenditures","Federal",639000
"Sacred Heart U.",604,"computer and information sciences","Federal",92000
"Sacred Heart U.",604,"geosciences atmospheric sciences and ocean sciences","Federal",0
"Sacred Heart U.",604,"life sciences","Federal",120000
"Sacred Heart U.",604,"mathematics and statistics","Federal",70000
"Sacred Heart U.",604,"physical sciences","Federal",53000
"Sacred Heart U.",604,"psychology","Federal",8000
"Sacred Heart U.",604,"social sciences","Federal",28000
"Sacred Heart U.",604,"sciences nec","Federal",0
"Sacred Heart U.",604,"engineering","Federal",0
"Sacred Heart U.",604,"all non s e fields","Federal",268000
"Alaska Pacific U.",605,"all r d expenditures","Federal",627000
"Alaska Pacific U.",605,"computer and information sciences","Federal",0
"Alaska Pacific U.",605,"geosciences atmospheric sciences and ocean sciences","Federal",539000
"Alaska Pacific U.",605,"life sciences","Federal",7000
"Alaska Pacific U.",605,"mathematics and statistics","Federal",0
"Alaska Pacific U.",605,"physical sciences","Federal",0
"Alaska Pacific U.",605,"psychology","Federal",0
"Alaska Pacific U.",605,"social sciences","Federal",0
"Alaska Pacific U.",605,"sciences nec","Federal",0
"Alaska Pacific U.",605,"engineering","Federal",0
"Alaska Pacific U.",605,"all non s e fields","Federal",81000
"Colorado C.",606,"all r d expenditures","Federal",611000
"Colorado C.",606,"computer and information sciences","Federal",62000
"Colorado C.",606,"geosciences atmospheric sciences and ocean sciences","Federal",132000
"Colorado C.",606,"life sciences","Federal",141000
"Colorado C.",606,"mathematics and statistics","Federal",128000
"Colorado C.",606,"physical sciences","Federal",148000
"Colorado C.",606,"psychology","Federal",0
"Colorado C.",606,"social sciences","Federal",0
"Colorado C.",606,"sciences nec","Federal",0
"Colorado C.",606,"engineering","Federal",0
"Colorado C.",606,"all non s e fields","Federal",0
"C. Wooster",607,"all r d expenditures","Federal",594000
"C. Wooster",607,"computer and information sciences","Federal",0
"C. Wooster",607,"geosciences atmospheric sciences and ocean sciences","Federal",154000
"C. Wooster",607,"life sciences","Federal",44000
"C. Wooster",607,"mathematics and statistics","Federal",56000
"C. Wooster",607,"physical sciences","Federal",329000
"C. Wooster",607,"psychology","Federal",0
"C. Wooster",607,"social sciences","Federal",0
"C. Wooster",607,"sciences nec","Federal",0
"C. Wooster",607,"engineering","Federal",0
"C. Wooster",607,"all non s e fields","Federal",11000
"Northern Michigan U.",608,"all r d expenditures","Federal",560000
"Northern Michigan U.",608,"computer and information sciences","Federal",8000
"Northern Michigan U.",608,"geosciences atmospheric sciences and ocean sciences","Federal",77000
"Northern Michigan U.",608,"life sciences","Federal",386000
"Northern Michigan U.",608,"mathematics and statistics","Federal",0
"Northern Michigan U.",608,"physical sciences","Federal",0
"Northern Michigan U.",608,"psychology","Federal",40000
"Northern Michigan U.",608,"social sciences","Federal",0
"Northern Michigan U.",608,"sciences nec","Federal",0
"Northern Michigan U.",608,"engineering","Federal",0
"Northern Michigan U.",608,"all non s e fields","Federal",49000
"Des Moines U.",609,"all r d expenditures","Federal",556000
"Des Moines U.",609,"computer and information sciences","Federal",0
"Des Moines U.",609,"geosciences atmospheric sciences and ocean sciences","Federal",2000
"Des Moines U.",609,"life sciences","Federal",324000
"Des Moines U.",609,"mathematics and statistics","Federal",0
"Des Moines U.",609,"physical sciences","Federal",0
"Des Moines U.",609,"psychology","Federal",0
"Des Moines U.",609,"social sciences","Federal",195000
"Des Moines U.",609,"sciences nec","Federal",0
"Des Moines U.",609,"engineering","Federal",0
"Des Moines U.",609,"all non s e fields","Federal",35000
"U. Wisconsin-River Falls",610,"all r d expenditures","Federal",551000
"U. Wisconsin-River Falls",610,"computer and information sciences","Federal",0
"U. Wisconsin-River Falls",610,"geosciences atmospheric sciences and ocean sciences","Federal",0
"U. Wisconsin-River Falls",610,"life sciences","Federal",176000
"U. Wisconsin-River Falls",610,"mathematics and statistics","Federal",0
"U. Wisconsin-River Falls",610,"physical sciences","Federal",348000
"U. Wisconsin-River Falls",610,"psychology","Federal",0
"U. Wisconsin-River Falls",610,"social sciences","Federal",0
"U. Wisconsin-River Falls",610,"sciences nec","Federal",0
"U. Wisconsin-River Falls",610,"engineering","Federal",27000
"U. Wisconsin-River Falls",610,"all non s e fields","Federal",0
"Western New England U.",611,"all r d expenditures","Federal",538000
"Western New England U.",611,"computer and information sciences","Federal",76000
"Western New England U.",611,"geosciences atmospheric sciences and ocean sciences","Federal",0
"Western New England U.",611,"life sciences","Federal",83000
"Western New England U.",611,"mathematics and statistics","Federal",35000
"Western New England U.",611,"physical sciences","Federal",0
"Western New England U.",611,"psychology","Federal",0
"Western New England U.",611,"social sciences","Federal",0
"Western New England U.",611,"sciences nec","Federal",0
"Western New England U.",611,"engineering","Federal",344000
"Western New England U.",611,"all non s e fields","Federal",0
"Southern U., New Orleans",612,"all r d expenditures","Federal",536000
"Southern U., New Orleans",612,"computer and information sciences","Federal",0
"Southern U., New Orleans",612,"geosciences atmospheric sciences and ocean sciences","Federal",0
"Southern U., New Orleans",612,"life sciences","Federal",536000
"Southern U., New Orleans",612,"mathematics and statistics","Federal",0
"Southern U., New Orleans",612,"physical sciences","Federal",0
"Southern U., New Orleans",612,"psychology","Federal",0
"Southern U., New Orleans",612,"social sciences","Federal",0
"Southern U., New Orleans",612,"sciences nec","Federal",0
"Southern U., New Orleans",612,"engineering","Federal",0
"Southern U., New Orleans",612,"all non s e fields","Federal",0
"Liberty U.",613,"all r d expenditures","Federal",532000
"Liberty U.",613,"computer and information sciences","Federal",369000
"Liberty U.",613,"geosciences atmospheric sciences and ocean sciences","Federal",0
"Liberty U.",613,"life sciences","Federal",148000
"Liberty U.",613,"mathematics and statistics","Federal",0
"Liberty U.",613,"physical sciences","Federal",0
"Liberty U.",613,"psychology","Federal",0
"Liberty U.",613,"social sciences","Federal",0
"Liberty U.",613,"sciences nec","Federal",0
"Liberty U.",613,"engineering","Federal",15000
"Liberty U.",613,"all non s e fields","Federal",0
"U. of St. Thomas (MN)",614,"all r d expenditures","Federal",531000
"U. of St. Thomas (MN)",614,"computer and information sciences","Federal",0
"U. of St. Thomas (MN)",614,"geosciences atmospheric sciences and ocean sciences","Federal",5000
"U. of St. Thomas (MN)",614,"life sciences","Federal",99000
"U. of St. Thomas (MN)",614,"mathematics and statistics","Federal",0
"U. of St. Thomas (MN)",614,"physical sciences","Federal",43000
"U. of St. Thomas (MN)",614,"psychology","Federal",0
"U. of St. Thomas (MN)",614,"social sciences","Federal",0
"U. of St. Thomas (MN)",614,"sciences nec","Federal",0
"U. of St. Thomas (MN)",614,"engineering","Federal",367000
"U. of St. Thomas (MN)",614,"all non s e fields","Federal",17000
"Gettysburg C.",615,"all r d expenditures","Federal",517000
"Gettysburg C.",615,"computer and information sciences","Federal",0
"Gettysburg C.",615,"geosciences atmospheric sciences and ocean sciences","Federal",0
"Gettysburg C.",615,"life sciences","Federal",39000
"Gettysburg C.",615,"mathematics and statistics","Federal",0
"Gettysburg C.",615,"physical sciences","Federal",140000
"Gettysburg C.",615,"psychology","Federal",0
"Gettysburg C.",615,"social sciences","Federal",338000
"Gettysburg C.",615,"sciences nec","Federal",0
"Gettysburg C.",615,"engineering","Federal",0
"Gettysburg C.",615,"all non s e fields","Federal",0
"U. Puerto Rico, Ponce",616,"all r d expenditures","Federal",510000
"U. Puerto Rico, Ponce",616,"computer and information sciences","Federal",0
"U. Puerto Rico, Ponce",616,"geosciences atmospheric sciences and ocean sciences","Federal",0
"U. Puerto Rico, Ponce",616,"life sciences","Federal",382000
"U. Puerto Rico, Ponce",616,"mathematics and statistics","Federal",69000
"U. Puerto Rico, Ponce",616,"physical sciences","Federal",9000
"U. Puerto Rico, Ponce",616,"psychology","Federal",0
"U. Puerto Rico, Ponce",616,"social sciences","Federal",0
"U. Puerto Rico, Ponce",616,"sciences nec","Federal",0
"U. Puerto Rico, Ponce",616,"engineering","Federal",0
"U. Puerto Rico, Ponce",616,"all non s e fields","Federal",50000
"West Virginia School of Osteopathic Medicine",617,"all r d expenditures","Federal",5e+05
"West Virginia School of Osteopathic Medicine",617,"computer and information sciences","Federal",0
"West Virginia School of Osteopathic Medicine",617,"geosciences atmospheric sciences and ocean sciences","Federal",0
"West Virginia School of Osteopathic Medicine",617,"life sciences","Federal",5e+05
"West Virginia School of Osteopathic Medicine",617,"mathematics and statistics","Federal",0
"West Virginia School of Osteopathic Medicine",617,"physical sciences","Federal",0
"West Virginia School of Osteopathic Medicine",617,"psychology","Federal",0
"West Virginia School of Osteopathic Medicine",617,"social sciences","Federal",0
"West Virginia School of Osteopathic Medicine",617,"sciences nec","Federal",0
"West Virginia School of Osteopathic Medicine",617,"engineering","Federal",0
"West Virginia School of Osteopathic Medicine",617,"all non s e fields","Federal",0
"Willamette U.",618,"all r d expenditures","Federal",490000
"Willamette U.",618,"computer and information sciences","Federal",0
"Willamette U.",618,"geosciences atmospheric sciences and ocean sciences","Federal",123000
"Willamette U.",618,"life sciences","Federal",143000
"Willamette U.",618,"mathematics and statistics","Federal",0
"Willamette U.",618,"physical sciences","Federal",161000
"Willamette U.",618,"psychology","Federal",63000
"Willamette U.",618,"social sciences","Federal",0
"Willamette U.",618,"sciences nec","Federal",0
"Willamette U.",618,"engineering","Federal",0
"Willamette U.",618,"all non s e fields","Federal",0
"Elon U.",619,"all r d expenditures","Federal",479000
"Elon U.",619,"computer and information sciences","Federal",0
"Elon U.",619,"geosciences atmospheric sciences and ocean sciences","Federal",0
"Elon U.",619,"life sciences","Federal",162000
"Elon U.",619,"mathematics and statistics","Federal",23000
"Elon U.",619,"physical sciences","Federal",44000
"Elon U.",619,"psychology","Federal",135000
"Elon U.",619,"social sciences","Federal",17000
"Elon U.",619,"sciences nec","Federal",0
"Elon U.",619,"engineering","Federal",0
"Elon U.",619,"all non s e fields","Federal",98000
"U. North Georgia",620,"all r d expenditures","Federal",477000
"U. North Georgia",620,"computer and information sciences","Federal",149000
"U. North Georgia",620,"geosciences atmospheric sciences and ocean sciences","Federal",119000
"U. North Georgia",620,"life sciences","Federal",24000
"U. North Georgia",620,"mathematics and statistics","Federal",16000
"U. North Georgia",620,"physical sciences","Federal",59000
"U. North Georgia",620,"psychology","Federal",0
"U. North Georgia",620,"social sciences","Federal",0
"U. North Georgia",620,"sciences nec","Federal",0
"U. North Georgia",620,"engineering","Federal",0
"U. North Georgia",620,"all non s e fields","Federal",110000
"Gustavus Adolphus C.",621,"all r d expenditures","Federal",467000
"Gustavus Adolphus C.",621,"computer and information sciences","Federal",0
"Gustavus Adolphus C.",621,"geosciences atmospheric sciences and ocean sciences","Federal",65000
"Gustavus Adolphus C.",621,"life sciences","Federal",20000
"Gustavus Adolphus C.",621,"mathematics and statistics","Federal",0
"Gustavus Adolphus C.",621,"physical sciences","Federal",279000
"Gustavus Adolphus C.",621,"psychology","Federal",0
"Gustavus Adolphus C.",621,"social sciences","Federal",0
"Gustavus Adolphus C.",621,"sciences nec","Federal",0
"Gustavus Adolphus C.",621,"engineering","Federal",0
"Gustavus Adolphus C.",621,"all non s e fields","Federal",103000
"U. Wisconsin-Platteville",622,"all r d expenditures","Federal",465000
"U. Wisconsin-Platteville",622,"computer and information sciences","Federal",29000
"U. Wisconsin-Platteville",622,"geosciences atmospheric sciences and ocean sciences","Federal",0
"U. Wisconsin-Platteville",622,"life sciences","Federal",191000
"U. Wisconsin-Platteville",622,"mathematics and statistics","Federal",12000
"U. Wisconsin-Platteville",622,"physical sciences","Federal",49000
"U. Wisconsin-Platteville",622,"psychology","Federal",7000
"U. Wisconsin-Platteville",622,"social sciences","Federal",24000
"U. Wisconsin-Platteville",622,"sciences nec","Federal",5000
"U. Wisconsin-Platteville",622,"engineering","Federal",106000
"U. Wisconsin-Platteville",622,"all non s e fields","Federal",42000
"Ithaca C.",623,"all r d expenditures","Federal",453000
"Ithaca C.",623,"computer and information sciences","Federal",70000
"Ithaca C.",623,"geosciences atmospheric sciences and ocean sciences","Federal",0
"Ithaca C.",623,"life sciences","Federal",53000
"Ithaca C.",623,"mathematics and statistics","Federal",85000
"Ithaca C.",623,"physical sciences","Federal",206000
"Ithaca C.",623,"psychology","Federal",0
"Ithaca C.",623,"social sciences","Federal",39000
"Ithaca C.",623,"sciences nec","Federal",0
"Ithaca C.",623,"engineering","Federal",0
"Ithaca C.",623,"all non s e fields","Federal",0
"Whitman C.",624,"all r d expenditures","Federal",449000
"Whitman C.",624,"computer and information sciences","Federal",0
"Whitman C.",624,"geosciences atmospheric sciences and ocean sciences","Federal",121000
"Whitman C.",624,"life sciences","Federal",83000
"Whitman C.",624,"mathematics and statistics","Federal",0
"Whitman C.",624,"physical sciences","Federal",234000
"Whitman C.",624,"psychology","Federal",0
"Whitman C.",624,"social sciences","Federal",11000
"Whitman C.",624,"sciences nec","Federal",0
"Whitman C.",624,"engineering","Federal",0
"Whitman C.",624,"all non s e fields","Federal",0
"U. Virginia's C. Wise",625,"all r d expenditures","Federal",447000
"U. Virginia's C. Wise",625,"computer and information sciences","Federal",213000
"U. Virginia's C. Wise",625,"geosciences atmospheric sciences and ocean sciences","Federal",6000
"U. Virginia's C. Wise",625,"life sciences","Federal",178000
"U. Virginia's C. Wise",625,"mathematics and statistics","Federal",0
"U. Virginia's C. Wise",625,"physical sciences","Federal",18000
"U. Virginia's C. Wise",625,"psychology","Federal",0
"U. Virginia's C. Wise",625,"social sciences","Federal",32000
"U. Virginia's C. Wise",625,"sciences nec","Federal",0
"U. Virginia's C. Wise",625,"engineering","Federal",0
"U. Virginia's C. Wise",625,"all non s e fields","Federal",0
"Andrews U.",626,"all r d expenditures","Federal",445000
"Andrews U.",626,"computer and information sciences","Federal",0
"Andrews U.",626,"geosciences atmospheric sciences and ocean sciences","Federal",0
"Andrews U.",626,"life sciences","Federal",0
"Andrews U.",626,"mathematics and statistics","Federal",26000
"Andrews U.",626,"physical sciences","Federal",377000
"Andrews U.",626,"psychology","Federal",0
"Andrews U.",626,"social sciences","Federal",0
"Andrews U.",626,"sciences nec","Federal",0
"Andrews U.",626,"engineering","Federal",42000
"Andrews U.",626,"all non s e fields","Federal",0
"Philadelphia C. of Osteopathic Medicine",627,"all r d expenditures","Federal",442000
"Philadelphia C. of Osteopathic Medicine",627,"computer and information sciences","Federal",0
"Philadelphia C. of Osteopathic Medicine",627,"geosciences atmospheric sciences and ocean sciences","Federal",0
"Philadelphia C. of Osteopathic Medicine",627,"life sciences","Federal",442000
"Philadelphia C. of Osteopathic Medicine",627,"mathematics and statistics","Federal",0
"Philadelphia C. of Osteopathic Medicine",627,"physical sciences","Federal",0
"Philadelphia C. of Osteopathic Medicine",627,"psychology","Federal",0
"Philadelphia C. of Osteopathic Medicine",627,"social sciences","Federal",0
"Philadelphia C. of Osteopathic Medicine",627,"sciences nec","Federal",0
"Philadelphia C. of Osteopathic Medicine",627,"engineering","Federal",0
"Philadelphia C. of Osteopathic Medicine",627,"all non s e fields","Federal",0
"Bryant U.",628,"all r d expenditures","Federal",436000
"Bryant U.",628,"computer and information sciences","Federal",0
"Bryant U.",628,"geosciences atmospheric sciences and ocean sciences","Federal",7000
"Bryant U.",628,"life sciences","Federal",347000
"Bryant U.",628,"mathematics and statistics","Federal",82000
"Bryant U.",628,"physical sciences","Federal",0
"Bryant U.",628,"psychology","Federal",0
"Bryant U.",628,"social sciences","Federal",0
"Bryant U.",628,"sciences nec","Federal",0
"Bryant U.",628,"engineering","Federal",0
"Bryant U.",628,"all non s e fields","Federal",0
"Marshall B. Ketchum U.",629,"all r d expenditures","Federal",433000
"Marshall B. Ketchum U.",629,"computer and information sciences","Federal",0
"Marshall B. Ketchum U.",629,"geosciences atmospheric sciences and ocean sciences","Federal",0
"Marshall B. Ketchum U.",629,"life sciences","Federal",433000
"Marshall B. Ketchum U.",629,"mathematics and statistics","Federal",0
"Marshall B. Ketchum U.",629,"physical sciences","Federal",0
"Marshall B. Ketchum U.",629,"psychology","Federal",0
"Marshall B. Ketchum U.",629,"social sciences","Federal",0
"Marshall B. Ketchum U.",629,"sciences nec","Federal",0
"Marshall B. Ketchum U.",629,"engineering","Federal",0
"Marshall B. Ketchum U.",629,"all non s e fields","Federal",0
"Lincoln U.",630,"all r d expenditures","Federal",430000
"Lincoln U.",630,"computer and information sciences","Federal",96000
"Lincoln U.",630,"geosciences atmospheric sciences and ocean sciences","Federal",0
"Lincoln U.",630,"life sciences","Federal",232000
"Lincoln U.",630,"mathematics and statistics","Federal",0
"Lincoln U.",630,"physical sciences","Federal",14000
"Lincoln U.",630,"psychology","Federal",0
"Lincoln U.",630,"social sciences","Federal",0
"Lincoln U.",630,"sciences nec","Federal",0
"Lincoln U.",630,"engineering","Federal",0
"Lincoln U.",630,"all non s e fields","Federal",88000
"Wheaton C., Wheaton",631,"all r d expenditures","Federal",428000
"Wheaton C., Wheaton",631,"computer and information sciences","Federal",0
"Wheaton C., Wheaton",631,"geosciences atmospheric sciences and ocean sciences","Federal",126000
"Wheaton C., Wheaton",631,"life sciences","Federal",221000
"Wheaton C., Wheaton",631,"mathematics and statistics","Federal",0
"Wheaton C., Wheaton",631,"physical sciences","Federal",81000
"Wheaton C., Wheaton",631,"psychology","Federal",0
"Wheaton C., Wheaton",631,"social sciences","Federal",0
"Wheaton C., Wheaton",631,"sciences nec","Federal",0
"Wheaton C., Wheaton",631,"engineering","Federal",0
"Wheaton C., Wheaton",631,"all non s e fields","Federal",0
"Manhattan C.",632,"all r d expenditures","Federal",422000
"Manhattan C.",632,"computer and information sciences","Federal",0
"Manhattan C.",632,"geosciences atmospheric sciences and ocean sciences","Federal",0
"Manhattan C.",632,"life sciences","Federal",0
"Manhattan C.",632,"mathematics and statistics","Federal",260000
"Manhattan C.",632,"physical sciences","Federal",79000
"Manhattan C.",632,"psychology","Federal",0
"Manhattan C.",632,"social sciences","Federal",0
"Manhattan C.",632,"sciences nec","Federal",0
"Manhattan C.",632,"engineering","Federal",83000
"Manhattan C.",632,"all non s e fields","Federal",0
"Indiana U., South Bend",633,"all r d expenditures","Federal",420000
"Indiana U., South Bend",633,"computer and information sciences","Federal",0
"Indiana U., South Bend",633,"geosciences atmospheric sciences and ocean sciences","Federal",0
"Indiana U., South Bend",633,"life sciences","Federal",0
"Indiana U., South Bend",633,"mathematics and statistics","Federal",0
"Indiana U., South Bend",633,"physical sciences","Federal",232000
"Indiana U., South Bend",633,"psychology","Federal",0
"Indiana U., South Bend",633,"social sciences","Federal",0
"Indiana U., South Bend",633,"sciences nec","Federal",91000
"Indiana U., South Bend",633,"engineering","Federal",0
"Indiana U., South Bend",633,"all non s e fields","Federal",97000
"Hamilton C.",634,"all r d expenditures","Federal",413000
"Hamilton C.",634,"computer and information sciences","Federal",33000
"Hamilton C.",634,"geosciences atmospheric sciences and ocean sciences","Federal",126000
"Hamilton C.",634,"life sciences","Federal",26000
"Hamilton C.",634,"mathematics and statistics","Federal",0
"Hamilton C.",634,"physical sciences","Federal",47000
"Hamilton C.",634,"psychology","Federal",24000
"Hamilton C.",634,"social sciences","Federal",153000
"Hamilton C.",634,"sciences nec","Federal",0
"Hamilton C.",634,"engineering","Federal",0
"Hamilton C.",634,"all non s e fields","Federal",4000
"Canisius U.",635,"all r d expenditures","Federal",411000
"Canisius U.",635,"computer and information sciences","Federal",0
"Canisius U.",635,"geosciences atmospheric sciences and ocean sciences","Federal",0
"Canisius U.",635,"life sciences","Federal",0
"Canisius U.",635,"mathematics and statistics","Federal",0
"Canisius U.",635,"physical sciences","Federal",108000
"Canisius U.",635,"psychology","Federal",0
"Canisius U.",635,"social sciences","Federal",0
"Canisius U.",635,"sciences nec","Federal",303000
"Canisius U.",635,"engineering","Federal",0
"Canisius U.",635,"all non s e fields","Federal",0
"U. of Mary Washington",636,"all r d expenditures","Federal",406000
"U. of Mary Washington",636,"computer and information sciences","Federal",0
"U. of Mary Washington",636,"geosciences atmospheric sciences and ocean sciences","Federal",18000
"U. of Mary Washington",636,"life sciences","Federal",78000
"U. of Mary Washington",636,"mathematics and statistics","Federal",0
"U. of Mary Washington",636,"physical sciences","Federal",53000
"U. of Mary Washington",636,"psychology","Federal",0
"U. of Mary Washington",636,"social sciences","Federal",0
"U. of Mary Washington",636,"sciences nec","Federal",0
"U. of Mary Washington",636,"engineering","Federal",0
"U. of Mary Washington",636,"all non s e fields","Federal",257000
"Marymount U.",637,"all r d expenditures","Federal",396000
"Marymount U.",637,"computer and information sciences","Federal",247000
"Marymount U.",637,"geosciences atmospheric sciences and ocean sciences","Federal",0
"Marymount U.",637,"life sciences","Federal",99000
"Marymount U.",637,"mathematics and statistics","Federal",0
"Marymount U.",637,"physical sciences","Federal",0
"Marymount U.",637,"psychology","Federal",0
"Marymount U.",637,"social sciences","Federal",0
"Marymount U.",637,"sciences nec","Federal",0
"Marymount U.",637,"engineering","Federal",50000
"Marymount U.",637,"all non s e fields","Federal",0
"Central Connecticut State U.",638,"all r d expenditures","Federal",393000
"Central Connecticut State U.",638,"computer and information sciences","Federal",0
"Central Connecticut State U.",638,"geosciences atmospheric sciences and ocean sciences","Federal",0
"Central Connecticut State U.",638,"life sciences","Federal",7000
"Central Connecticut State U.",638,"mathematics and statistics","Federal",0
"Central Connecticut State U.",638,"physical sciences","Federal",17000
"Central Connecticut State U.",638,"psychology","Federal",0
"Central Connecticut State U.",638,"social sciences","Federal",153000
"Central Connecticut State U.",638,"sciences nec","Federal",0
"Central Connecticut State U.",638,"engineering","Federal",108000
"Central Connecticut State U.",638,"all non s e fields","Federal",108000
"Grambling State U.",639,"all r d expenditures","Federal",377000
"Grambling State U.",639,"computer and information sciences","Federal",40000
"Grambling State U.",639,"geosciences atmospheric sciences and ocean sciences","Federal",16000
"Grambling State U.",639,"life sciences","Federal",118000
"Grambling State U.",639,"mathematics and statistics","Federal",0
"Grambling State U.",639,"physical sciences","Federal",0
"Grambling State U.",639,"psychology","Federal",101000
"Grambling State U.",639,"social sciences","Federal",0
"Grambling State U.",639,"sciences nec","Federal",0
"Grambling State U.",639,"engineering","Federal",0
"Grambling State U.",639,"all non s e fields","Federal",102000
"St. Edward's U.",640,"all r d expenditures","Federal",315000
"St. Edward's U.",640,"computer and information sciences","Federal",0
"St. Edward's U.",640,"geosciences atmospheric sciences and ocean sciences","Federal",68000
"St. Edward's U.",640,"life sciences","Federal",247000
"St. Edward's U.",640,"mathematics and statistics","Federal",0
"St. Edward's U.",640,"physical sciences","Federal",0
"St. Edward's U.",640,"psychology","Federal",0
"St. Edward's U.",640,"social sciences","Federal",0
"St. Edward's U.",640,"sciences nec","Federal",0
"St. Edward's U.",640,"engineering","Federal",0
"St. Edward's U.",640,"all non s e fields","Federal",0
"Lipscomb U.",641,"all r d expenditures","Federal",309000
"Lipscomb U.",641,"computer and information sciences","Federal",0
"Lipscomb U.",641,"geosciences atmospheric sciences and ocean sciences","Federal",0
"Lipscomb U.",641,"life sciences","Federal",65000
"Lipscomb U.",641,"mathematics and statistics","Federal",0
"Lipscomb U.",641,"physical sciences","Federal",0
"Lipscomb U.",641,"psychology","Federal",0
"Lipscomb U.",641,"social sciences","Federal",0
"Lipscomb U.",641,"sciences nec","Federal",0
"Lipscomb U.",641,"engineering","Federal",94000
"Lipscomb U.",641,"all non s e fields","Federal",150000
"Pennsylvania State U., Altoona",642,"all r d expenditures","Federal",297000
"Pennsylvania State U., Altoona",642,"computer and information sciences","Federal",0
"Pennsylvania State U., Altoona",642,"geosciences atmospheric sciences and ocean sciences","Federal",0
"Pennsylvania State U., Altoona",642,"life sciences","Federal",0
"Pennsylvania State U., Altoona",642,"mathematics and statistics","Federal",0
"Pennsylvania State U., Altoona",642,"physical sciences","Federal",0
"Pennsylvania State U., Altoona",642,"psychology","Federal",0
"Pennsylvania State U., Altoona",642,"social sciences","Federal",0
"Pennsylvania State U., Altoona",642,"sciences nec","Federal",0
"Pennsylvania State U., Altoona",642,"engineering","Federal",297000
"Pennsylvania State U., Altoona",642,"all non s e fields","Federal",0
"U.S. Coast Guard Academy",643,"all r d expenditures","Federal",278000
"U.S. Coast Guard Academy",643,"computer and information sciences","Federal",50000
"U.S. Coast Guard Academy",643,"geosciences atmospheric sciences and ocean sciences","Federal",3000
"U.S. Coast Guard Academy",643,"life sciences","Federal",0
"U.S. Coast Guard Academy",643,"mathematics and statistics","Federal",0
"U.S. Coast Guard Academy",643,"physical sciences","Federal",21000
"U.S. Coast Guard Academy",643,"psychology","Federal",0
"U.S. Coast Guard Academy",643,"social sciences","Federal",204000
"U.S. Coast Guard Academy",643,"sciences nec","Federal",0
"U.S. Coast Guard Academy",643,"engineering","Federal",0
"U.S. Coast Guard Academy",643,"all non s e fields","Federal",0
"Memorial Sloan Kettering Cancer Center, Louis V. Gerstner Jr. Graduate S. of Biomedical Sciences",644,"all r d expenditures","Federal",273000
"Memorial Sloan Kettering Cancer Center, Louis V. Gerstner Jr. Graduate S. of Biomedical Sciences",644,"computer and information sciences","Federal",0
"Memorial Sloan Kettering Cancer Center, Louis V. Gerstner Jr. Graduate S. of Biomedical Sciences",644,"geosciences atmospheric sciences and ocean sciences","Federal",0
"Memorial Sloan Kettering Cancer Center, Louis V. Gerstner Jr. Graduate S. of Biomedical Sciences",644,"life sciences","Federal",273000
"Memorial Sloan Kettering Cancer Center, Louis V. Gerstner Jr. Graduate S. of Biomedical Sciences",644,"mathematics and statistics","Federal",0
"Memorial Sloan Kettering Cancer Center, Louis V. Gerstner Jr. Graduate S. of Biomedical Sciences",644,"physical sciences","Federal",0
"Memorial Sloan Kettering Cancer Center, Louis V. Gerstner Jr. Graduate S. of Biomedical Sciences",644,"psychology","Federal",0
"Memorial Sloan Kettering Cancer Center, Louis V. Gerstner Jr. Graduate S. of Biomedical Sciences",644,"social sciences","Federal",0
"Memorial Sloan Kettering Cancer Center, Louis V. Gerstner Jr. Graduate S. of Biomedical Sciences",644,"sciences nec","Federal",0
"Memorial Sloan Kettering Cancer Center, Louis V. Gerstner Jr. Graduate S. of Biomedical Sciences",644,"engineering","Federal",0
"Memorial Sloan Kettering Cancer Center, Louis V. Gerstner Jr. Graduate S. of Biomedical Sciences",644,"all non s e fields","Federal",0
"Albion C.",645,"all r d expenditures","Federal",226000
"Albion C.",645,"computer and information sciences","Federal",0
"Albion C.",645,"geosciences atmospheric sciences and ocean sciences","Federal",23000
"Albion C.",645,"life sciences","Federal",0
"Albion C.",645,"mathematics and statistics","Federal",0
"Albion C.",645,"physical sciences","Federal",203000
"Albion C.",645,"psychology","Federal",0
"Albion C.",645,"social sciences","Federal",0
"Albion C.",645,"sciences nec","Federal",0
"Albion C.",645,"engineering","Federal",0
"Albion C.",645,"all non s e fields","Federal",0
"Purdue U., Fort Wayne",645,"all r d expenditures","Federal",226000
"Purdue U., Fort Wayne",645,"computer and information sciences","Federal",0
"Purdue U., Fort Wayne",645,"geosciences atmospheric sciences and ocean sciences","Federal",0
"Purdue U., Fort Wayne",645,"life sciences","Federal",55000
"Purdue U., Fort Wayne",645,"mathematics and statistics","Federal",29000
"Purdue U., Fort Wayne",645,"physical sciences","Federal",53000
"Purdue U., Fort Wayne",645,"psychology","Federal",54000
"Purdue U., Fort Wayne",645,"social sciences","Federal",0
"Purdue U., Fort Wayne",645,"sciences nec","Federal",0
"Purdue U., Fort Wayne",645,"engineering","Federal",17000
"Purdue U., Fort Wayne",645,"all non s e fields","Federal",18000
"Babson C.",647,"all r d expenditures","Federal",224000
"Babson C.",647,"computer and information sciences","Federal",0
"Babson C.",647,"geosciences atmospheric sciences and ocean sciences","Federal",0
"Babson C.",647,"life sciences","Federal",2000
"Babson C.",647,"mathematics and statistics","Federal",0
"Babson C.",647,"physical sciences","Federal",0
"Babson C.",647,"psychology","Federal",0
"Babson C.",647,"social sciences","Federal",0
"Babson C.",647,"sciences nec","Federal",0
"Babson C.",647,"engineering","Federal",0
"Babson C.",647,"all non s e fields","Federal",222000
"Eastern Connecticut State U.",648,"all r d expenditures","Federal",210000
"Eastern Connecticut State U.",648,"computer and information sciences","Federal",4000
"Eastern Connecticut State U.",648,"geosciences atmospheric sciences and ocean sciences","Federal",12000
"Eastern Connecticut State U.",648,"life sciences","Federal",39000
"Eastern Connecticut State U.",648,"mathematics and statistics","Federal",2000
"Eastern Connecticut State U.",648,"physical sciences","Federal",0
"Eastern Connecticut State U.",648,"psychology","Federal",0
"Eastern Connecticut State U.",648,"social sciences","Federal",13000
"Eastern Connecticut State U.",648,"sciences nec","Federal",0
"Eastern Connecticut State U.",648,"engineering","Federal",0
"Eastern Connecticut State U.",648,"all non s e fields","Federal",140000
"Heidelberg U.",649,"all r d expenditures","Federal",197000
"Heidelberg U.",649,"computer and information sciences","Federal",0
"Heidelberg U.",649,"geosciences atmospheric sciences and ocean sciences","Federal",197000
"Heidelberg U.",649,"life sciences","Federal",0
"Heidelberg U.",649,"mathematics and statistics","Federal",0
"Heidelberg U.",649,"physical sciences","Federal",0
"Heidelberg U.",649,"psychology","Federal",0
"Heidelberg U.",649,"social sciences","Federal",0
"Heidelberg U.",649,"sciences nec","Federal",0
"Heidelberg U.",649,"engineering","Federal",0
"Heidelberg U.",649,"all non s e fields","Federal",0
"Fairfield U.",650,"all r d expenditures","Federal",180000
"Fairfield U.",650,"computer and information sciences","Federal",57000
"Fairfield U.",650,"geosciences atmospheric sciences and ocean sciences","Federal",0
"Fairfield U.",650,"life sciences","Federal",0
"Fairfield U.",650,"mathematics and statistics","Federal",80000
"Fairfield U.",650,"physical sciences","Federal",9000
"Fairfield U.",650,"psychology","Federal",0
"Fairfield U.",650,"social sciences","Federal",0
"Fairfield U.",650,"sciences nec","Federal",0
"Fairfield U.",650,"engineering","Federal",34000
"Fairfield U.",650,"all non s e fields","Federal",0
"William Paterson U.",651,"all r d expenditures","Federal",168000
"William Paterson U.",651,"computer and information sciences","Federal",27000
"William Paterson U.",651,"geosciences atmospheric sciences and ocean sciences","Federal",82000
"William Paterson U.",651,"life sciences","Federal",49000
"William Paterson U.",651,"mathematics and statistics","Federal",0
"William Paterson U.",651,"physical sciences","Federal",1000
"William Paterson U.",651,"psychology","Federal",0
"William Paterson U.",651,"social sciences","Federal",4000
"William Paterson U.",651,"sciences nec","Federal",0
"William Paterson U.",651,"engineering","Federal",0
"William Paterson U.",651,"all non s e fields","Federal",5000
"St. Mary's C. Maryland",652,"all r d expenditures","Federal",152000
"St. Mary's C. Maryland",652,"computer and information sciences","Federal",0
"St. Mary's C. Maryland",652,"geosciences atmospheric sciences and ocean sciences","Federal",127000
"St. Mary's C. Maryland",652,"life sciences","Federal",0
"St. Mary's C. Maryland",652,"mathematics and statistics","Federal",0
"St. Mary's C. Maryland",652,"physical sciences","Federal",0
"St. Mary's C. Maryland",652,"psychology","Federal",0
"St. Mary's C. Maryland",652,"social sciences","Federal",0
"St. Mary's C. Maryland",652,"sciences nec","Federal",0
"St. Mary's C. Maryland",652,"engineering","Federal",13000
"St. Mary's C. Maryland",652,"all non s e fields","Federal",12000
"New C. Florida",653,"all r d expenditures","Federal",146000
"New C. Florida",653,"computer and information sciences","Federal",45000
"New C. Florida",653,"geosciences atmospheric sciences and ocean sciences","Federal",0
"New C. Florida",653,"life sciences","Federal",68000
"New C. Florida",653,"mathematics and statistics","Federal",33000
"New C. Florida",653,"physical sciences","Federal",0
"New C. Florida",653,"psychology","Federal",0
"New C. Florida",653,"social sciences","Federal",0
"New C. Florida",653,"sciences nec","Federal",0
"New C. Florida",653,"engineering","Federal",0
"New C. Florida",653,"all non s e fields","Federal",0
"Azusa Pacific U.",654,"all r d expenditures","Federal",140000
"Azusa Pacific U.",654,"computer and information sciences","Federal",0
"Azusa Pacific U.",654,"geosciences atmospheric sciences and ocean sciences","Federal",0
"Azusa Pacific U.",654,"life sciences","Federal",7000
"Azusa Pacific U.",654,"mathematics and statistics","Federal",0
"Azusa Pacific U.",654,"physical sciences","Federal",9000
"Azusa Pacific U.",654,"psychology","Federal",107000
"Azusa Pacific U.",654,"social sciences","Federal",10000
"Azusa Pacific U.",654,"sciences nec","Federal",0
"Azusa Pacific U.",654,"engineering","Federal",7000
"Azusa Pacific U.",654,"all non s e fields","Federal",0
"Radford U.",655,"all r d expenditures","Federal",109000
"Radford U.",655,"computer and information sciences","Federal",34000
"Radford U.",655,"geosciences atmospheric sciences and ocean sciences","Federal",0
"Radford U.",655,"life sciences","Federal",70000
"Radford U.",655,"mathematics and statistics","Federal",0
"Radford U.",655,"physical sciences","Federal",0
"Radford U.",655,"psychology","Federal",0
"Radford U.",655,"social sciences","Federal",5000
"Radford U.",655,"sciences nec","Federal",0
"Radford U.",655,"engineering","Federal",0
"Radford U.",655,"all non s e fields","Federal",0
"C. of Saint Benedict",656,"all r d expenditures","Federal",58000
"C. of Saint Benedict",656,"computer and information sciences","Federal",3000
"C. of Saint Benedict",656,"geosciences atmospheric sciences and ocean sciences","Federal",0
"C. of Saint Benedict",656,"life sciences","Federal",31000
"C. of Saint Benedict",656,"mathematics and statistics","Federal",2000
"C. of Saint Benedict",656,"physical sciences","Federal",13000
"C. of Saint Benedict",656,"psychology","Federal",3000
"C. of Saint Benedict",656,"social sciences","Federal",1000
"C. of Saint Benedict",656,"sciences nec","Federal",0
"C. of Saint Benedict",656,"engineering","Federal",0
"C. of Saint Benedict",656,"all non s e fields","Federal",5000
"Pratt Institute",657,"all r d expenditures","Federal",50000
"Pratt Institute",657,"computer and information sciences","Federal",0
"Pratt Institute",657,"geosciences atmospheric sciences and ocean sciences","Federal",0
"Pratt Institute",657,"life sciences","Federal",0
"Pratt Institute",657,"mathematics and statistics","Federal",0
"Pratt Institute",657,"physical sciences","Federal",0
"Pratt Institute",657,"psychology","Federal",0
"Pratt Institute",657,"social sciences","Federal",0
"Pratt Institute",657,"sciences nec","Federal",0
"Pratt Institute",657,"engineering","Federal",0
"Pratt Institute",657,"all non s e fields","Federal",50000
"Roseman U. of Health Sciences",658,"all r d expenditures","Federal",38000
"Roseman U. of Health Sciences",658,"computer and information sciences","Federal",0
"Roseman U. of Health Sciences",658,"geosciences atmospheric sciences and ocean sciences","Federal",0
"Roseman U. of Health Sciences",658,"life sciences","Federal",38000
"Roseman U. of Health Sciences",658,"mathematics and statistics","Federal",0
"Roseman U. of Health Sciences",658,"physical sciences","Federal",0
"Roseman U. of Health Sciences",658,"psychology","Federal",0
"Roseman U. of Health Sciences",658,"social sciences","Federal",0
"Roseman U. of Health Sciences",658,"sciences nec","Federal",0
"Roseman U. of Health Sciences",658,"engineering","Federal",0
"Roseman U. of Health Sciences",658,"all non s e fields","Federal",0
"U. California, Office of the President",659,"all r d expenditures","Federal",25000
"U. California, Office of the President",659,"computer and information sciences","Federal",0
"U. California, Office of the President",659,"geosciences atmospheric sciences and ocean sciences","Federal",0
"U. California, Office of the President",659,"life sciences","Federal",25000
"U. California, Office of the President",659,"mathematics and statistics","Federal",0
"U. California, Office of the President",659,"physical sciences","Federal",0
"U. California, Office of the President",659,"psychology","Federal",0
"U. California, Office of the President",659,"social sciences","Federal",0
"U. California, Office of the President",659,"sciences nec","Federal",0
"U. California, Office of the President",659,"engineering","Federal",0
"U. California, Office of the President",659,"all non s e fields","Federal",0
"Lincoln Memorial U.",660,"all r d expenditures","Federal",2000
"Lincoln Memorial U.",660,"computer and information sciences","Federal",0
"Lincoln Memorial U.",660,"geosciences atmospheric sciences and ocean sciences","Federal",0
"Lincoln Memorial U.",660,"life sciences","Federal",2000
"Lincoln Memorial U.",660,"mathematics and statistics","Federal",0
"Lincoln Memorial U.",660,"physical sciences","Federal",0
"Lincoln Memorial U.",660,"psychology","Federal",0
"Lincoln Memorial U.",660,"social sciences","Federal",0
"Lincoln Memorial U.",660,"sciences nec","Federal",0
"Lincoln Memorial U.",660,"engineering","Federal",0
"Lincoln Memorial U.",660,"all non s e fields","Federal",0
