"institution","rank","source","dollars"
"All institutions",NA,"all r d expenditures",108681008000
"All institutions",NA,"federal government",59603993000
"All institutions",NA,"state and local government",5437566000
"All institutions",NA,"institution funds",27654829000
"All institutions",NA,"business",6221128000
"All institutions",NA,"nonprofit organizations",6671012000
"All institutions",NA,"all other sources",3092480000
"Johns Hopkins U",1,"all r d expenditures",3801585000
"Johns Hopkins U",1,"federal government",3324551000
"Johns Hopkins U",1,"state and local government",10271000
"Johns Hopkins U",1,"institution funds",164758000
"Johns Hopkins U",1,"business",126685000
"Johns Hopkins U",1,"nonprofit organizations",168401000
"Johns Hopkins U",1,"all other sources",6919000
"U. California, San Francisco",2,"all r d expenditures",2046539000
"U. California, San Francisco",2,"federal government",858066000
"U. California, San Francisco",2,"state and local government",45056000
"U. California, San Francisco",2,"institution funds",505006000
"U. California, San Francisco",2,"business",143206000
"U. California, San Francisco",2,"nonprofit organizations",313964000
"U. California, San Francisco",2,"all other sources",181241000
"U. Pennsylvania",3,"all r d expenditures",1953617000
"U. Pennsylvania",3,"federal government",936469000
"U. Pennsylvania",3,"state and local government",27849000
"U. Pennsylvania",3,"institution funds",642815000
"U. Pennsylvania",3,"business",203003000
"U. Pennsylvania",3,"nonprofit organizations",134455000
"U. Pennsylvania",3,"all other sources",9026000
"U. Michigan, Ann Arbor",4,"all r d expenditures",1925875000
"U. Michigan, Ann Arbor",4,"federal government",1041430000
"U. Michigan, Ann Arbor",4,"state and local government",1934000
"U. Michigan, Ann Arbor",4,"institution funds",679205000
"U. Michigan, Ann Arbor",4,"business",113903000
"U. Michigan, Ann Arbor",4,"nonprofit organizations",80894000
"U. Michigan, Ann Arbor",4,"all other sources",8509000
"U. Washington, Seattle",5,"all r d expenditures",1734091000
"U. Washington, Seattle",5,"federal government",1188836000
"U. Washington, Seattle",5,"state and local government",33833000
"U. Washington, Seattle",5,"institution funds",125390000
"U. Washington, Seattle",5,"business",71487000
"U. Washington, Seattle",5,"nonprofit organizations",260986000
"U. Washington, Seattle",5,"all other sources",53559000
"U. Wisconsin-Madison",6,"all r d expenditures",1731949000
"U. Wisconsin-Madison",6,"federal government",816814000
"U. Wisconsin-Madison",6,"state and local government",125524000
"U. Wisconsin-Madison",6,"institution funds",542782000
"U. Wisconsin-Madison",6,"business",46133000
"U. Wisconsin-Madison",6,"nonprofit organizations",153068000
"U. Wisconsin-Madison",6,"all other sources",47628000
"U. California, Los Angeles",7,"all r d expenditures",1721665000
"U. California, Los Angeles",7,"federal government",878571000
"U. California, Los Angeles",7,"state and local government",105632000
"U. California, Los Angeles",7,"institution funds",354575000
"U. California, Los Angeles",7,"business",109531000
"U. California, Los Angeles",7,"nonprofit organizations",219227000
"U. California, Los Angeles",7,"all other sources",54129000
"U. California, San Diego",8,"all r d expenditures",1705410000
"U. California, San Diego",8,"federal government",1083790000
"U. California, San Diego",8,"state and local government",70790000
"U. California, San Diego",8,"institution funds",250973000
"U. California, San Diego",8,"business",96416000
"U. California, San Diego",8,"nonprofit organizations",109398000
"U. California, San Diego",8,"all other sources",94043000
"U. North Carolina, Chapel Hill",9,"all r d expenditures",1549617000
"U. North Carolina, Chapel Hill",9,"federal government",907710000
"U. North Carolina, Chapel Hill",9,"state and local government",61576000
"U. North Carolina, Chapel Hill",9,"institution funds",407817000
"U. North Carolina, Chapel Hill",9,"business",58179000
"U. North Carolina, Chapel Hill",9,"nonprofit organizations",92573000
"U. North Carolina, Chapel Hill",9,"all other sources",21762000
"Stanford U.",10,"all r d expenditures",1537846000
"Stanford U.",10,"federal government",943669000
"Stanford U.",10,"state and local government",31872000
"Stanford U.",10,"institution funds",189108000
"Stanford U.",10,"business",144300000
"Stanford U.",10,"nonprofit organizations",219578000
"Stanford U.",10,"all other sources",9319000
"Duke U.",11,"all r d expenditures",1507996000
"Duke U.",11,"federal government",974202000
"Duke U.",11,"state and local government",773000
"Duke U.",11,"institution funds",191004000
"Duke U.",11,"business",219452000
"Duke U.",11,"nonprofit organizations",96327000
"Duke U.",11,"all other sources",26238000
"New York U.",12,"all r d expenditures",1457424000
"New York U.",12,"federal government",787204000
"New York U.",12,"state and local government",9599000
"New York U.",12,"institution funds",327502000
"New York U.",12,"business",73289000
"New York U.",12,"nonprofit organizations",118376000
"New York U.",12,"all other sources",141454000
"Cornell U.",13,"all r d expenditures",1451971000
"Cornell U.",13,"federal government",705132000
"Cornell U.",13,"state and local government",95202000
"Cornell U.",13,"institution funds",276682000
"Cornell U.",13,"business",59081000
"Cornell U.",13,"nonprofit organizations",129082000
"Cornell U.",13,"all other sources",186792000
"Ohio State U.",14,"all r d expenditures",1449188000
"Ohio State U.",14,"federal government",694647000
"Ohio State U.",14,"state and local government",64139000
"Ohio State U.",14,"institution funds",424124000
"Ohio State U.",14,"business",155194000
"Ohio State U.",14,"nonprofit organizations",63964000
"Ohio State U.",14,"all other sources",47120000
"Harvard U.",15,"all r d expenditures",1435218000
"Harvard U.",15,"federal government",639953000
"Harvard U.",15,"state and local government",4250000
"Harvard U.",15,"institution funds",488906000
"Harvard U.",15,"business",71497000
"Harvard U.",15,"nonprofit organizations",202605000
"Harvard U.",15,"all other sources",28007000
"Georgia Institute of Technology",16,"all r d expenditures",1405080000
"Georgia Institute of Technology",16,"federal government",1083903000
"Georgia Institute of Technology",16,"state and local government",128291000
"Georgia Institute of Technology",16,"institution funds",61494000
"Georgia Institute of Technology",16,"business",94476000
"Georgia Institute of Technology",16,"nonprofit organizations",31073000
"Georgia Institute of Technology",16,"all other sources",5843000
"U. Pittsburgh, Pittsburgh",17,"all r d expenditures",1398078000
"U. Pittsburgh, Pittsburgh",17,"federal government",916735000
"U. Pittsburgh, Pittsburgh",17,"state and local government",11421000
"U. Pittsburgh, Pittsburgh",17,"institution funds",315634000
"U. Pittsburgh, Pittsburgh",17,"business",43372000
"U. Pittsburgh, Pittsburgh",17,"nonprofit organizations",64516000
"U. Pittsburgh, Pittsburgh",17,"all other sources",46400000
"U. Marylandb",18,"all r d expenditures",1385302000
"U. Marylandb",18,"federal government",825546000
"U. Marylandb",18,"state and local government",57007000
"U. Marylandb",18,"institution funds",401833000
"U. Marylandb",18,"business",37011000
"U. Marylandb",18,"nonprofit organizations",54377000
"U. Marylandb",18,"all other sources",9528000
"Columbia U. in the City of New York",19,"all r d expenditures",1341952000
"Columbia U. in the City of New York",19,"federal government",988670000
"Columbia U. in the City of New York",19,"state and local government",6298000
"Columbia U. in the City of New York",19,"institution funds",119863000
"Columbia U. in the City of New York",19,"business",91828000
"Columbia U. in the City of New York",19,"nonprofit organizations",132930000
"Columbia U. in the City of New York",19,"all other sources",2363000
"Yale U.",20,"all r d expenditures",1326807000
"Yale U.",20,"federal government",741198000
"Yale U.",20,"state and local government",1710000
"Yale U.",20,"institution funds",404706000
"Yale U.",20,"business",80221000
"Yale U.",20,"nonprofit organizations",93363000
"Yale U.",20,"all other sources",5609000
"U. Minnesota, Twin Cities",21,"all r d expenditures",1320183000
"U. Minnesota, Twin Cities",21,"federal government",702483000
"U. Minnesota, Twin Cities",21,"state and local government",76395000
"U. Minnesota, Twin Cities",21,"institution funds",386198000
"U. Minnesota, Twin Cities",21,"business",55081000
"U. Minnesota, Twin Cities",21,"nonprofit organizations",40764000
"U. Minnesota, Twin Cities",21,"all other sources",59262000
"Texas A&M U., College Station and Health Science Center",22,"all r d expenditures",1277814000
"Texas A&M U., College Station and Health Science Center",22,"federal government",546481000
"Texas A&M U., College Station and Health Science Center",22,"state and local government",251300000
"Texas A&M U., College Station and Health Science Center",22,"institution funds",353916000
"Texas A&M U., College Station and Health Science Center",22,"business",37390000
"Texas A&M U., College Station and Health Science Center",22,"nonprofit organizations",53710000
"Texas A&M U., College Station and Health Science Center",22,"all other sources",35017000
"U. Texas M. D. Anderson Cancer Center",23,"all r d expenditures",1255190000
"U. Texas M. D. Anderson Cancer Center",23,"federal government",259285000
"U. Texas M. D. Anderson Cancer Center",23,"state and local government",300907000
"U. Texas M. D. Anderson Cancer Center",23,"institution funds",256545000
"U. Texas M. D. Anderson Cancer Center",23,"business",248261000
"U. Texas M. D. Anderson Cancer Center",23,"nonprofit organizations",38163000
"U. Texas M. D. Anderson Cancer Center",23,"all other sources",152029000
"Vanderbilt U. and Vanderbilt U. Medical Center",24,"all r d expenditures",1253156000
"Vanderbilt U. and Vanderbilt U. Medical Center",24,"federal government",751019000
"Vanderbilt U. and Vanderbilt U. Medical Center",24,"state and local government",3821000
"Vanderbilt U. and Vanderbilt U. Medical Center",24,"institution funds",357729000
"Vanderbilt U. and Vanderbilt U. Medical Center",24,"business",86265000
"Vanderbilt U. and Vanderbilt U. Medical Center",24,"nonprofit organizations",39591000
"Vanderbilt U. and Vanderbilt U. Medical Center",24,"all other sources",14731000
"U. Florida",25,"all r d expenditures",1250201000
"U. Florida",25,"federal government",529391000
"U. Florida",25,"state and local government",193910000
"U. Florida",25,"institution funds",389065000
"U. Florida",25,"business",42055000
"U. Florida",25,"nonprofit organizations",58010000
"U. Florida",25,"all other sources",37770000
"Pennsylvania State U., University Park and Hershey Medical Center",26,"all r d expenditures",1206793000
"Pennsylvania State U., University Park and Hershey Medical Center",26,"federal government",781303000
"Pennsylvania State U., University Park and Hershey Medical Center",26,"state and local government",49379000
"Pennsylvania State U., University Park and Hershey Medical Center",26,"institution funds",265205000
"Pennsylvania State U., University Park and Hershey Medical Center",26,"business",29300000
"Pennsylvania State U., University Park and Hershey Medical Center",26,"nonprofit organizations",29539000
"Pennsylvania State U., University Park and Hershey Medical Center",26,"all other sources",52067000
"Washington U., Saint Louis",27,"all r d expenditures",1168861000
"Washington U., Saint Louis",27,"federal government",758464000
"Washington U., Saint Louis",27,"state and local government",571000
"Washington U., Saint Louis",27,"institution funds",188985000
"Washington U., Saint Louis",27,"business",129843000
"Washington U., Saint Louis",27,"nonprofit organizations",89041000
"Washington U., Saint Louis",27,"all other sources",1957000
"U. Southern California",28,"all r d expenditures",1154804000
"U. Southern California",28,"federal government",683819000
"U. Southern California",28,"state and local government",11881000
"U. Southern California",28,"institution funds",239488000
"U. Southern California",28,"business",93933000
"U. Southern California",28,"nonprofit organizations",72744000
"U. Southern California",28,"all other sources",52939000
"Northwestern U.",29,"all r d expenditures",1114269000
"Northwestern U.",29,"federal government",678062000
"Northwestern U.",29,"state and local government",586000
"Northwestern U.",29,"institution funds",303778000
"Northwestern U.",29,"business",67114000
"Northwestern U.",29,"nonprofit organizations",58196000
"Northwestern U.",29,"all other sources",6533000
"Emory U.",30,"all r d expenditures",1094328000
"Emory U.",30,"federal government",664370000
"Emory U.",30,"state and local government",244000
"Emory U.",30,"institution funds",279302000
"Emory U.",30,"business",64772000
"Emory U.",30,"nonprofit organizations",81897000
"Emory U.",30,"all other sources",3743000
"U. California, Berkeley",31,"all r d expenditures",1076754000
"U. California, Berkeley",31,"federal government",496298000
"U. California, Berkeley",31,"state and local government",47005000
"U. California, Berkeley",31,"institution funds",242494000
"U. California, Berkeley",31,"business",75493000
"U. California, Berkeley",31,"nonprofit organizations",188887000
"U. California, Berkeley",31,"all other sources",26577000
"U. Texas, Austin",32,"all r d expenditures",1035838000
"U. Texas, Austin",32,"federal government",621223000
"U. Texas, Austin",32,"state and local government",37601000
"U. Texas, Austin",32,"institution funds",235987000
"U. Texas, Austin",32,"business",79753000
"U. Texas, Austin",32,"nonprofit organizations",52764000
"U. Texas, Austin",32,"all other sources",8510000
"Massachusetts Institute of Technology",33,"all r d expenditures",1000081000
"Massachusetts Institute of Technology",33,"federal government",559766000
"Massachusetts Institute of Technology",33,"state and local government",2079000
"Massachusetts Institute of Technology",33,"institution funds",73497000
"Massachusetts Institute of Technology",33,"business",176277000
"Massachusetts Institute of Technology",33,"nonprofit organizations",112591000
"Massachusetts Institute of Technology",33,"all other sources",75871000
"Icahn School of Medicine at Mount Sinai",34,"all r d expenditures",972476000
"Icahn School of Medicine at Mount Sinai",34,"federal government",658916000
"Icahn School of Medicine at Mount Sinai",34,"state and local government",8359000
"Icahn School of Medicine at Mount Sinai",34,"institution funds",147069000
"Icahn School of Medicine at Mount Sinai",34,"business",80437000
"Icahn School of Medicine at Mount Sinai",34,"nonprofit organizations",62202000
"Icahn School of Medicine at Mount Sinai",34,"all other sources",15493000
"U. California, Davis",35,"all r d expenditures",962399000
"U. California, Davis",35,"federal government",494847000
"U. California, Davis",35,"state and local government",78096000
"U. California, Davis",35,"institution funds",244082000
"U. California, Davis",35,"business",55403000
"U. California, Davis",35,"nonprofit organizations",48643000
"U. California, Davis",35,"all other sources",41328000
"U. Arizona",36,"all r d expenditures",955424000
"U. Arizona",36,"federal government",434700000
"U. Arizona",36,"state and local government",37173000
"U. Arizona",36,"institution funds",304671000
"U. Arizona",36,"business",25328000
"U. Arizona",36,"nonprofit organizations",31154000
"U. Arizona",36,"all other sources",122398000
"Arizona State U.",37,"all r d expenditures",903779000
"Arizona State U.",37,"federal government",340880000
"Arizona State U.",37,"state and local government",102208000
"Arizona State U.",37,"institution funds",310531000
"Arizona State U.",37,"business",24693000
"Arizona State U.",37,"nonprofit organizations",99781000
"Arizona State U.",37,"all other sources",25686000
"Indiana U., Bloomington",38,"all r d expenditures",853056000
"Indiana U., Bloomington",38,"federal government",432223000
"Indiana U., Bloomington",38,"state and local government",5804000
"Indiana U., Bloomington",38,"institution funds",303085000
"Indiana U., Bloomington",38,"business",36938000
"Indiana U., Bloomington",38,"nonprofit organizations",69773000
"Indiana U., Bloomington",38,"all other sources",5233000
"Baylor C. of Medicine",39,"all r d expenditures",847305000
"Baylor C. of Medicine",39,"federal government",440345000
"Baylor C. of Medicine",39,"state and local government",34061000
"Baylor C. of Medicine",39,"institution funds",282695000
"Baylor C. of Medicine",39,"business",33100000
"Baylor C. of Medicine",39,"nonprofit organizations",57104000
"Baylor C. of Medicine",39,"all other sources",0
"Purdue U., West Lafayette",40,"all r d expenditures",844570000
"Purdue U., West Lafayette",40,"federal government",385738000
"Purdue U., West Lafayette",40,"state and local government",42119000
"Purdue U., West Lafayette",40,"institution funds",267313000
"Purdue U., West Lafayette",40,"business",78298000
"Purdue U., West Lafayette",40,"nonprofit organizations",31453000
"Purdue U., West Lafayette",40,"all other sources",39649000
"Michigan State U.",41,"all r d expenditures",844076000
"Michigan State U.",41,"federal government",435564000
"Michigan State U.",41,"state and local government",46353000
"Michigan State U.",41,"institution funds",300588000
"Michigan State U.",41,"business",18603000
"Michigan State U.",41,"nonprofit organizations",22693000
"Michigan State U.",41,"all other sources",20275000
"Rutgers, State U. New Jersey, New Brunswick",42,"all r d expenditures",831719000
"Rutgers, State U. New Jersey, New Brunswick",42,"federal government",400930000
"Rutgers, State U. New Jersey, New Brunswick",42,"state and local government",117514000
"Rutgers, State U. New Jersey, New Brunswick",42,"institution funds",207008000
"Rutgers, State U. New Jersey, New Brunswick",42,"business",37495000
"Rutgers, State U. New Jersey, New Brunswick",42,"nonprofit organizations",64220000
"Rutgers, State U. New Jersey, New Brunswick",42,"all other sources",4552000
"U. Illinois, Urbana-Champaign",43,"all r d expenditures",821023000
"U. Illinois, Urbana-Champaign",43,"federal government",460491000
"U. Illinois, Urbana-Champaign",43,"state and local government",24473000
"U. Illinois, Urbana-Champaign",43,"institution funds",234686000
"U. Illinois, Urbana-Champaign",43,"business",44275000
"U. Illinois, Urbana-Champaign",43,"nonprofit organizations",35768000
"U. Illinois, Urbana-Champaign",43,"all other sources",21330000
"U. Texas Southwestern Medical Center",44,"all r d expenditures",800391000
"U. Texas Southwestern Medical Center",44,"federal government",336126000
"U. Texas Southwestern Medical Center",44,"state and local government",95710000
"U. Texas Southwestern Medical Center",44,"institution funds",191493000
"U. Texas Southwestern Medical Center",44,"business",46325000
"U. Texas Southwestern Medical Center",44,"nonprofit organizations",66076000
"U. Texas Southwestern Medical Center",44,"all other sources",64661000
"U. Alabama, Birmingham",45,"all r d expenditures",780479000
"U. Alabama, Birmingham",45,"federal government",451880000
"U. Alabama, Birmingham",45,"state and local government",14884000
"U. Alabama, Birmingham",45,"institution funds",184658000
"U. Alabama, Birmingham",45,"business",74171000
"U. Alabama, Birmingham",45,"nonprofit organizations",36533000
"U. Alabama, Birmingham",45,"all other sources",18353000
"Boston U.",46,"all r d expenditures",773200000
"Boston U.",46,"federal government",409551000
"Boston U.",46,"state and local government",5e+05
"Boston U.",46,"institution funds",230370000
"Boston U.",46,"business",23362000
"Boston U.",46,"nonprofit organizations",93532000
"Boston U.",46,"all other sources",15885000
"U. Utah",47,"all r d expenditures",723713000
"U. Utah",47,"federal government",416079000
"U. Utah",47,"state and local government",4670000
"U. Utah",47,"institution funds",214320000
"U. Utah",47,"business",48761000
"U. Utah",47,"nonprofit organizations",35413000
"U. Utah",47,"all other sources",4470000
"U. Virginia, Charlottesville",48,"all r d expenditures",714457000
"U. Virginia, Charlottesville",48,"federal government",354748000
"U. Virginia, Charlottesville",48,"state and local government",13101000
"U. Virginia, Charlottesville",48,"institution funds",214946000
"U. Virginia, Charlottesville",48,"business",31588000
"U. Virginia, Charlottesville",48,"nonprofit organizations",31392000
"U. Virginia, Charlottesville",48,"all other sources",68682000
"U. Cincinnati",49,"all r d expenditures",698642000
"U. Cincinnati",49,"federal government",391943000
"U. Cincinnati",49,"state and local government",7782000
"U. Cincinnati",49,"institution funds",185586000
"U. Cincinnati",49,"business",49685000
"U. Cincinnati",49,"nonprofit organizations",44304000
"U. Cincinnati",49,"all other sources",19342000
"U. Colorado Anschutz Medical Campus",50,"all r d expenditures",686026000
"U. Colorado Anschutz Medical Campus",50,"federal government",474523000
"U. Colorado Anschutz Medical Campus",50,"state and local government",28973000
"U. Colorado Anschutz Medical Campus",50,"institution funds",5.2e+07
"U. Colorado Anschutz Medical Campus",50,"business",59129000
"U. Colorado Anschutz Medical Campus",50,"nonprofit organizations",51546000
"U. Colorado Anschutz Medical Campus",50,"all other sources",19855000
"U. Iowa",51,"all r d expenditures",662134000
"U. Iowa",51,"federal government",331824000
"U. Iowa",51,"state and local government",7627000
"U. Iowa",51,"institution funds",228803000
"U. Iowa",51,"business",34039000
"U. Iowa",51,"nonprofit organizations",24365000
"U. Iowa",51,"all other sources",35476000
"U. Colorado Boulder",52,"all r d expenditures",651924000
"U. Colorado Boulder",52,"federal government",538715000
"U. Colorado Boulder",52,"state and local government",5264000
"U. Colorado Boulder",52,"institution funds",42462000
"U. Colorado Boulder",52,"business",15045000
"U. Colorado Boulder",52,"nonprofit organizations",18275000
"U. Colorado Boulder",52,"all other sources",32163000
"North Carolina State U.",53,"all r d expenditures",633251000
"North Carolina State U.",53,"federal government",279179000
"North Carolina State U.",53,"state and local government",134547000
"North Carolina State U.",53,"institution funds",150288000
"North Carolina State U.",53,"business",64505000
"North Carolina State U.",53,"nonprofit organizations",4472000
"North Carolina State U.",53,"all other sources",260000
"U. Chicago",54,"all r d expenditures",628302000
"U. Chicago",54,"federal government",476689000
"U. Chicago",54,"state and local government",3902000
"U. Chicago",54,"institution funds",46651000
"U. Chicago",54,"business",44990000
"U. Chicago",54,"nonprofit organizations",53670000
"U. Chicago",54,"all other sources",2400000
"U. Nebraska, Lincoln and Medical Centerc",55,"all r d expenditures",617372000
"U. Nebraska, Lincoln and Medical Centerc",55,"federal government",280120000
"U. Nebraska, Lincoln and Medical Centerc",55,"state and local government",76042000
"U. Nebraska, Lincoln and Medical Centerc",55,"institution funds",177595000
"U. Nebraska, Lincoln and Medical Centerc",55,"business",32720000
"U. Nebraska, Lincoln and Medical Centerc",55,"nonprofit organizations",27961000
"U. Nebraska, Lincoln and Medical Centerc",55,"all other sources",22934000
"U. California, Irvine",56,"all r d expenditures",609614000
"U. California, Irvine",56,"federal government",335393000
"U. California, Irvine",56,"state and local government",19360000
"U. California, Irvine",56,"institution funds",132261000
"U. California, Irvine",56,"business",46182000
"U. California, Irvine",56,"nonprofit organizations",33514000
"U. California, Irvine",56,"all other sources",42904000
"Virginia Polytechnic Institute and State U.",57,"all r d expenditures",598113000
"Virginia Polytechnic Institute and State U.",57,"federal government",282152000
"Virginia Polytechnic Institute and State U.",57,"state and local government",78279000
"Virginia Polytechnic Institute and State U.",57,"institution funds",179590000
"Virginia Polytechnic Institute and State U.",57,"business",35761000
"Virginia Polytechnic Institute and State U.",57,"nonprofit organizations",13021000
"Virginia Polytechnic Institute and State U.",57,"all other sources",9310000
"U. Georgia",58,"all r d expenditures",570956000
"U. Georgia",58,"federal government",221804000
"U. Georgia",58,"state and local government",61887000
"U. Georgia",58,"institution funds",257757000
"U. Georgia",58,"business",12988000
"U. Georgia",58,"nonprofit organizations",11982000
"U. Georgia",58,"all other sources",4538000
"Case Western Reserve U.",59,"all r d expenditures",553740000
"Case Western Reserve U.",59,"federal government",431736000
"Case Western Reserve U.",59,"state and local government",11202000
"Case Western Reserve U.",59,"institution funds",80506000
"Case Western Reserve U.",59,"business",4659000
"Case Western Reserve U.",59,"nonprofit organizations",23331000
"Case Western Reserve U.",59,"all other sources",2306000
"Oregon Health and Science U.",60,"all r d expenditures",517742000
"Oregon Health and Science U.",60,"federal government",374043000
"Oregon Health and Science U.",60,"state and local government",1348000
"Oregon Health and Science U.",60,"institution funds",48537000
"Oregon Health and Science U.",60,"business",53139000
"Oregon Health and Science U.",60,"nonprofit organizations",40419000
"Oregon Health and Science U.",60,"all other sources",256000
"Princeton U.",61,"all r d expenditures",513365000
"Princeton U.",61,"federal government",219600000
"Princeton U.",61,"state and local government",1252000
"Princeton U.",61,"institution funds",144341000
"Princeton U.",61,"business",20077000
"Princeton U.",61,"nonprofit organizations",76101000
"Princeton U.",61,"all other sources",51994000
"U. Miami",62,"all r d expenditures",509951000
"U. Miami",62,"federal government",291783000
"U. Miami",62,"state and local government",16251000
"U. Miami",62,"institution funds",128438000
"U. Miami",62,"business",48022000
"U. Miami",62,"nonprofit organizations",25118000
"U. Miami",62,"all other sources",339000
"U. Kentucky",63,"all r d expenditures",504005000
"U. Kentucky",63,"federal government",265543000
"U. Kentucky",63,"state and local government",34829000
"U. Kentucky",63,"institution funds",151066000
"U. Kentucky",63,"business",11737000
"U. Kentucky",63,"nonprofit organizations",12511000
"U. Kentucky",63,"all other sources",28319000
"Colorado State U., Fort Collins",64,"all r d expenditures",498073000
"Colorado State U., Fort Collins",64,"federal government",354401000
"Colorado State U., Fort Collins",64,"state and local government",22951000
"Colorado State U., Fort Collins",64,"institution funds",75358000
"Colorado State U., Fort Collins",64,"business",13597000
"Colorado State U., Fort Collins",64,"nonprofit organizations",21049000
"Colorado State U., Fort Collins",64,"all other sources",10717000
"Uniformed Services U. of the Health Sciences",65,"all r d expenditures",496441000
"Uniformed Services U. of the Health Sciences",65,"federal government",403671000
"Uniformed Services U. of the Health Sciences",65,"state and local government",0
"Uniformed Services U. of the Health Sciences",65,"institution funds",88281000
"Uniformed Services U. of the Health Sciences",65,"business",0
"Uniformed Services U. of the Health Sciences",65,"nonprofit organizations",4489000
"Uniformed Services U. of the Health Sciences",65,"all other sources",0
"Scripps Research Institute",66,"all r d expenditures",494946000
"Scripps Research Institute",66,"federal government",278099000
"Scripps Research Institute",66,"state and local government",3331000
"Scripps Research Institute",66,"institution funds",146451000
"Scripps Research Institute",66,"business",31164000
"Scripps Research Institute",66,"nonprofit organizations",35901000
"Scripps Research Institute",66,"all other sources",0
"U. Illinois, Chicago",67,"all r d expenditures",492936000
"U. Illinois, Chicago",67,"federal government",274424000
"U. Illinois, Chicago",67,"state and local government",9293000
"U. Illinois, Chicago",67,"institution funds",158846000
"U. Illinois, Chicago",67,"business",9469000
"U. Illinois, Chicago",67,"nonprofit organizations",30905000
"U. Illinois, Chicago",67,"all other sources",9999000
"California Institute of Technology",68,"all r d expenditures",490672000
"California Institute of Technology",68,"federal government",310519000
"California Institute of Technology",68,"state and local government",3870000
"California Institute of Technology",68,"institution funds",53950000
"California Institute of Technology",68,"business",35867000
"California Institute of Technology",68,"nonprofit organizations",29024000
"California Institute of Technology",68,"all other sources",57442000
"Carnegie Mellon U.",69,"all r d expenditures",484757000
"Carnegie Mellon U.",69,"federal government",279954000
"Carnegie Mellon U.",69,"state and local government",3623000
"Carnegie Mellon U.",69,"institution funds",128082000
"Carnegie Mellon U.",69,"business",47152000
"Carnegie Mellon U.",69,"nonprofit organizations",15669000
"Carnegie Mellon U.",69,"all other sources",10277000
"U. Rochester",70,"all r d expenditures",481227000
"U. Rochester",70,"federal government",368190000
"U. Rochester",70,"state and local government",3666000
"U. Rochester",70,"institution funds",57142000
"U. Rochester",70,"business",30075000
"U. Rochester",70,"nonprofit organizations",16014000
"U. Rochester",70,"all other sources",6140000
"Virginia Commonwealth U.",71,"all r d expenditures",479930000
"Virginia Commonwealth U.",71,"federal government",184852000
"Virginia Commonwealth U.",71,"state and local government",47846000
"Virginia Commonwealth U.",71,"institution funds",207023000
"Virginia Commonwealth U.",71,"business",22681000
"Virginia Commonwealth U.",71,"nonprofit organizations",17458000
"Virginia Commonwealth U.",71,"all other sources",70000
"SUNY, U. Buffalo",72,"all r d expenditures",471569000
"SUNY, U. Buffalo",72,"federal government",257857000
"SUNY, U. Buffalo",72,"state and local government",32647000
"SUNY, U. Buffalo",72,"institution funds",124197000
"SUNY, U. Buffalo",72,"business",20309000
"SUNY, U. Buffalo",72,"nonprofit organizations",29292000
"SUNY, U. Buffalo",72,"all other sources",7267000
"U. Kansas",73,"all r d expenditures",466222000
"U. Kansas",73,"federal government",211111000
"U. Kansas",73,"state and local government",44851000
"U. Kansas",73,"institution funds",152432000
"U. Kansas",73,"business",30988000
"U. Kansas",73,"nonprofit organizations",13436000
"U. Kansas",73,"all other sources",13404000
"U. Missouri, Columbia",74,"all r d expenditures",462435000
"U. Missouri, Columbia",74,"federal government",217091000
"U. Missouri, Columbia",74,"state and local government",65868000
"U. Missouri, Columbia",74,"institution funds",146211000
"U. Missouri, Columbia",74,"business",15816000
"U. Missouri, Columbia",74,"nonprofit organizations",11225000
"U. Missouri, Columbia",74,"all other sources",6224000
"U. South Florida",75,"all r d expenditures",461390000
"U. South Florida",75,"federal government",242224000
"U. South Florida",75,"state and local government",25735000
"U. South Florida",75,"institution funds",160703000
"U. South Florida",75,"business",13502000
"U. South Florida",75,"nonprofit organizations",16015000
"U. South Florida",75,"all other sources",3211000
"U. Oklahoma, Norman and Health Science Center",76,"all r d expenditures",436964000
"U. Oklahoma, Norman and Health Science Center",76,"federal government",219964000
"U. Oklahoma, Norman and Health Science Center",76,"state and local government",22816000
"U. Oklahoma, Norman and Health Science Center",76,"institution funds",169611000
"U. Oklahoma, Norman and Health Science Center",76,"business",12753000
"U. Oklahoma, Norman and Health Science Center",76,"nonprofit organizations",10096000
"U. Oklahoma, Norman and Health Science Center",76,"all other sources",1724000
"U. Delaware",77,"all r d expenditures",428128000
"U. Delaware",77,"federal government",202469000
"U. Delaware",77,"state and local government",13161000
"U. Delaware",77,"institution funds",188645000
"U. Delaware",77,"business",5204000
"U. Delaware",77,"nonprofit organizations",8191000
"U. Delaware",77,"all other sources",10458000
"Iowa State U.",78,"all r d expenditures",420823000
"Iowa State U.",78,"federal government",195394000
"Iowa State U.",78,"state and local government",34183000
"Iowa State U.",78,"institution funds",156282000
"Iowa State U.",78,"business",21246000
"Iowa State U.",78,"nonprofit organizations",13084000
"Iowa State U.",78,"all other sources",634000
"Florida State U.",79,"all r d expenditures",414463000
"Florida State U.",79,"federal government",195323000
"Florida State U.",79,"state and local government",36977000
"Florida State U.",79,"institution funds",166809000
"Florida State U.",79,"business",5614000
"Florida State U.",79,"nonprofit organizations",3466000
"Florida State U.",79,"all other sources",6274000
"Utah State U.",80,"all r d expenditures",401437000
"Utah State U.",80,"federal government",322336000
"Utah State U.",80,"state and local government",27831000
"Utah State U.",80,"institution funds",30207000
"Utah State U.",80,"business",9204000
"Utah State U.",80,"nonprofit organizations",813000
"Utah State U.",80,"all other sources",11046000
"U. Connecticut",81,"all r d expenditures",390165000
"U. Connecticut",81,"federal government",238701000
"U. Connecticut",81,"state and local government",5973000
"U. Connecticut",81,"institution funds",117252000
"U. Connecticut",81,"business",11251000
"U. Connecticut",81,"nonprofit organizations",12293000
"U. Connecticut",81,"all other sources",4695000
"Rockefeller U.",82,"all r d expenditures",385168000
"Rockefeller U.",82,"federal government",101422000
"Rockefeller U.",82,"state and local government",101000
"Rockefeller U.",82,"institution funds",244237000
"Rockefeller U.",82,"business",3089000
"Rockefeller U.",82,"nonprofit organizations",35953000
"Rockefeller U.",82,"all other sources",366000
"Louisiana State U., Baton Rouge",83,"all r d expenditures",384268000
"Louisiana State U., Baton Rouge",83,"federal government",127243000
"Louisiana State U., Baton Rouge",83,"state and local government",73829000
"Louisiana State U., Baton Rouge",83,"institution funds",156614000
"Louisiana State U., Baton Rouge",83,"business",14807000
"Louisiana State U., Baton Rouge",83,"nonprofit organizations",6295000
"Louisiana State U., Baton Rouge",83,"all other sources",5480000
"Washington State U.",84,"all r d expenditures",378744000
"Washington State U.",84,"federal government",207086000
"Washington State U.",84,"state and local government",61333000
"Washington State U.",84,"institution funds",84199000
"Washington State U.",84,"business",12077000
"Washington State U.",84,"nonprofit organizations",12411000
"Washington State U.",84,"all other sources",1638000
"U. Texas Health Science Center, Houston",85,"all r d expenditures",374105000
"U. Texas Health Science Center, Houston",85,"federal government",197759000
"U. Texas Health Science Center, Houston",85,"state and local government",48815000
"U. Texas Health Science Center, Houston",85,"institution funds",66008000
"U. Texas Health Science Center, Houston",85,"business",17466000
"U. Texas Health Science Center, Houston",85,"nonprofit organizations",34341000
"U. Texas Health Science Center, Houston",85,"all other sources",9716000
"Dartmouth C. and Dartmouth Hitchcock Medical Center",86,"all r d expenditures",366856000
"Dartmouth C. and Dartmouth Hitchcock Medical Center",86,"federal government",168740000
"Dartmouth C. and Dartmouth Hitchcock Medical Center",86,"state and local government",46000
"Dartmouth C. and Dartmouth Hitchcock Medical Center",86,"institution funds",166114000
"Dartmouth C. and Dartmouth Hitchcock Medical Center",86,"business",2415000
"Dartmouth C. and Dartmouth Hitchcock Medical Center",86,"nonprofit organizations",20865000
"Dartmouth C. and Dartmouth Hitchcock Medical Center",86,"all other sources",8676000
"Wichita State U.",87,"all r d expenditures",366848000
"Wichita State U.",87,"federal government",142371000
"Wichita State U.",87,"state and local government",19008000
"Wichita State U.",87,"institution funds",33911000
"Wichita State U.",87,"business",171010000
"Wichita State U.",87,"nonprofit organizations",504000
"Wichita State U.",87,"all other sources",44000
"George Washington U.",88,"all r d expenditures",360260000
"George Washington U.",88,"federal government",162892000
"George Washington U.",88,"state and local government",1890000
"George Washington U.",88,"institution funds",141746000
"George Washington U.",88,"business",5655000
"George Washington U.",88,"nonprofit organizations",30534000
"George Washington U.",88,"all other sources",17543000
"Brown U.",89,"all r d expenditures",353591000
"Brown U.",89,"federal government",239744000
"Brown U.",89,"state and local government",32000
"Brown U.",89,"institution funds",63031000
"Brown U.",89,"business",6120000
"Brown U.",89,"nonprofit organizations",34721000
"Brown U.",89,"all other sources",9943000
"Auburn U., Auburn",90,"all r d expenditures",349273000
"Auburn U., Auburn",90,"federal government",125783000
"Auburn U., Auburn",90,"state and local government",34950000
"Auburn U., Auburn",90,"institution funds",158454000
"Auburn U., Auburn",90,"business",11570000
"Auburn U., Auburn",90,"nonprofit organizations",5092000
"Auburn U., Auburn",90,"all other sources",13424000
"Medical C. Wisconsin",91,"all r d expenditures",346691000
"Medical C. Wisconsin",91,"federal government",155403000
"Medical C. Wisconsin",91,"state and local government",754000
"Medical C. Wisconsin",91,"institution funds",113726000
"Medical C. Wisconsin",91,"business",38419000
"Medical C. Wisconsin",91,"nonprofit organizations",33075000
"Medical C. Wisconsin",91,"all other sources",5314000
"U. Tennessee, Knoxville",92,"all r d expenditures",338847000
"U. Tennessee, Knoxville",92,"federal government",153637000
"U. Tennessee, Knoxville",92,"state and local government",13175000
"U. Tennessee, Knoxville",92,"institution funds",151783000
"U. Tennessee, Knoxville",92,"business",7899000
"U. Tennessee, Knoxville",92,"nonprofit organizations",7696000
"U. Tennessee, Knoxville",92,"all other sources",4657000
"Oregon State U.",93,"all r d expenditures",337985000
"Oregon State U.",93,"federal government",222169000
"Oregon State U.",93,"state and local government",57839000
"Oregon State U.",93,"institution funds",30449000
"Oregon State U.",93,"business",9154000
"Oregon State U.",93,"nonprofit organizations",3260000
"Oregon State U.",93,"all other sources",15114000
"Georgetown U.",94,"all r d expenditures",337006000
"Georgetown U.",94,"federal government",127370000
"Georgetown U.",94,"state and local government",1719000
"Georgetown U.",94,"institution funds",87408000
"Georgetown U.",94,"business",17345000
"Georgetown U.",94,"nonprofit organizations",68114000
"Georgetown U.",94,"all other sources",35050000
"Albert Einstein C. of Medicine",95,"all r d expenditures",336238000
"Albert Einstein C. of Medicine",95,"federal government",230151000
"Albert Einstein C. of Medicine",95,"state and local government",2032000
"Albert Einstein C. of Medicine",95,"institution funds",81552000
"Albert Einstein C. of Medicine",95,"business",5637000
"Albert Einstein C. of Medicine",95,"nonprofit organizations",16866000
"Albert Einstein C. of Medicine",95,"all other sources",0
"Medical U. South Carolina",96,"all r d expenditures",333826000
"Medical U. South Carolina",96,"federal government",168957000
"Medical U. South Carolina",96,"state and local government",7944000
"Medical U. South Carolina",96,"institution funds",110106000
"Medical U. South Carolina",96,"business",26042000
"Medical U. South Carolina",96,"nonprofit organizations",8152000
"Medical U. South Carolina",96,"all other sources",12625000
"U. Notre Dame",97,"all r d expenditures",331943000
"U. Notre Dame",97,"federal government",147985000
"U. Notre Dame",97,"state and local government",712000
"U. Notre Dame",97,"institution funds",115906000
"U. Notre Dame",97,"business",14640000
"U. Notre Dame",97,"nonprofit organizations",25449000
"U. Notre Dame",97,"all other sources",27251000
"U. Massachusetts, Medical School",98,"all r d expenditures",326731000
"U. Massachusetts, Medical School",98,"federal government",223490000
"U. Massachusetts, Medical School",98,"state and local government",2975000
"U. Massachusetts, Medical School",98,"institution funds",50479000
"U. Massachusetts, Medical School",98,"business",21942000
"U. Massachusetts, Medical School",98,"nonprofit organizations",20295000
"U. Massachusetts, Medical School",98,"all other sources",7550000
"SUNY, Stony Brook U.",99,"all r d expenditures",324531000
"SUNY, Stony Brook U.",99,"federal government",192448000
"SUNY, Stony Brook U.",99,"state and local government",15436000
"SUNY, Stony Brook U.",99,"institution funds",92936000
"SUNY, Stony Brook U.",99,"business",10779000
"SUNY, Stony Brook U.",99,"nonprofit organizations",10329000
"SUNY, Stony Brook U.",99,"all other sources",2603000
"Mississippi State U.",100,"all r d expenditures",319684000
"Mississippi State U.",100,"federal government",150804000
"Mississippi State U.",100,"state and local government",92674000
"Mississippi State U.",100,"institution funds",63773000
"Mississippi State U.",100,"business",3140000
"Mississippi State U.",100,"nonprofit organizations",7858000
"Mississippi State U.",100,"all other sources",1435000
"U. New Mexico",101,"all r d expenditures",316026000
"U. New Mexico",101,"federal government",205351000
"U. New Mexico",101,"state and local government",7072000
"U. New Mexico",101,"institution funds",79298000
"U. New Mexico",101,"business",5469000
"U. New Mexico",101,"nonprofit organizations",16855000
"U. New Mexico",101,"all other sources",1981000
"U. Hawaii, Manoa",102,"all r d expenditures",313143000
"U. Hawaii, Manoa",102,"federal government",192205000
"U. Hawaii, Manoa",102,"state and local government",17555000
"U. Hawaii, Manoa",102,"institution funds",78084000
"U. Hawaii, Manoa",102,"business",3390000
"U. Hawaii, Manoa",102,"nonprofit organizations",20472000
"U. Hawaii, Manoa",102,"all other sources",1437000
"Wake Forest U.",103,"all r d expenditures",308972000
"Wake Forest U.",103,"federal government",204713000
"Wake Forest U.",103,"state and local government",7673000
"Wake Forest U.",103,"institution funds",26886000
"Wake Forest U.",103,"business",33508000
"Wake Forest U.",103,"nonprofit organizations",23868000
"Wake Forest U.",103,"all other sources",12324000
"Florida International U.",104,"all r d expenditures",306434000
"Florida International U.",104,"federal government",156381000
"Florida International U.",104,"state and local government",21887000
"Florida International U.",104,"institution funds",115737000
"Florida International U.",104,"business",3019000
"Florida International U.",104,"nonprofit organizations",7971000
"Florida International U.",104,"all other sources",1439000
"U. California, Santa Barbara",105,"all r d expenditures",305483000
"U. California, Santa Barbara",105,"federal government",179896000
"U. California, Santa Barbara",105,"state and local government",7230000
"U. California, Santa Barbara",105,"institution funds",65230000
"U. California, Santa Barbara",105,"business",14790000
"U. California, Santa Barbara",105,"nonprofit organizations",27455000
"U. California, Santa Barbara",105,"all other sources",10882000
"Temple U.",106,"all r d expenditures",292029000
"Temple U.",106,"federal government",154516000
"Temple U.",106,"state and local government",6867000
"Temple U.",106,"institution funds",81497000
"Temple U.",106,"business",25150000
"Temple U.",106,"nonprofit organizations",16517000
"Temple U.",106,"all other sources",7482000
"Northeastern U.",107,"all r d expenditures",288558000
"Northeastern U.",107,"federal government",186013000
"Northeastern U.",107,"state and local government",3336000
"Northeastern U.",107,"institution funds",68663000
"Northeastern U.",107,"business",11524000
"Northeastern U.",107,"nonprofit organizations",18604000
"Northeastern U.",107,"all other sources",418000
"Woods Hole Oceanographic Institution",108,"all r d expenditures",287825000
"Woods Hole Oceanographic Institution",108,"federal government",238554000
"Woods Hole Oceanographic Institution",108,"state and local government",882000
"Woods Hole Oceanographic Institution",108,"institution funds",15591000
"Woods Hole Oceanographic Institution",108,"business",5431000
"Woods Hole Oceanographic Institution",108,"nonprofit organizations",10476000
"Woods Hole Oceanographic Institution",108,"all other sources",16891000
"Clemson U.",109,"all r d expenditures",286503000
"Clemson U.",109,"federal government",129955000
"Clemson U.",109,"state and local government",29268000
"Clemson U.",109,"institution funds",100954000
"Clemson U.",109,"business",21139000
"Clemson U.",109,"nonprofit organizations",5110000
"Clemson U.",109,"all other sources",77000
"SUNY, Polytechnic Institute",110,"all r d expenditures",284677000
"SUNY, Polytechnic Institute",110,"federal government",34393000
"SUNY, Polytechnic Institute",110,"state and local government",31886000
"SUNY, Polytechnic Institute",110,"institution funds",25429000
"SUNY, Polytechnic Institute",110,"business",188351000
"SUNY, Polytechnic Institute",110,"nonprofit organizations",181000
"SUNY, Polytechnic Institute",110,"all other sources",4437000
"U. Texas Health Science Center, San Antonio",111,"all r d expenditures",281078000
"U. Texas Health Science Center, San Antonio",111,"federal government",143730000
"U. Texas Health Science Center, San Antonio",111,"state and local government",30582000
"U. Texas Health Science Center, San Antonio",111,"institution funds",70676000
"U. Texas Health Science Center, San Antonio",111,"business",10393000
"U. Texas Health Science Center, San Antonio",111,"nonprofit organizations",25514000
"U. Texas Health Science Center, San Antonio",111,"all other sources",183000
"U. Massachusetts, Amherst",112,"all r d expenditures",268657000
"U. Massachusetts, Amherst",112,"federal government",138849000
"U. Massachusetts, Amherst",112,"state and local government",11465000
"U. Massachusetts, Amherst",112,"institution funds",90429000
"U. Massachusetts, Amherst",112,"business",9220000
"U. Massachusetts, Amherst",112,"nonprofit organizations",12373000
"U. Massachusetts, Amherst",112,"all other sources",6321000
"U. South Carolina, Columbia",113,"all r d expenditures",262207000
"U. South Carolina, Columbia",113,"federal government",124330000
"U. South Carolina, Columbia",113,"state and local government",13916000
"U. South Carolina, Columbia",113,"institution funds",110716000
"U. South Carolina, Columbia",113,"business",3629000
"U. South Carolina, Columbia",113,"nonprofit organizations",7960000
"U. South Carolina, Columbia",113,"all other sources",1656000
"Tulane U.",114,"all r d expenditures",258439000
"Tulane U.",114,"federal government",152468000
"Tulane U.",114,"state and local government",4121000
"Tulane U.",114,"institution funds",60978000
"Tulane U.",114,"business",8428000
"Tulane U.",114,"nonprofit organizations",16709000
"Tulane U.",114,"all other sources",15735000
"Thomas Jefferson U.",115,"all r d expenditures",258345000
"Thomas Jefferson U.",115,"federal government",110366000
"Thomas Jefferson U.",115,"state and local government",10315000
"Thomas Jefferson U.",115,"institution funds",76704000
"Thomas Jefferson U.",115,"business",21845000
"Thomas Jefferson U.",115,"nonprofit organizations",13815000
"Thomas Jefferson U.",115,"all other sources",25300000
"Rice U.",116,"all r d expenditures",255115000
"Rice U.",116,"federal government",119853000
"Rice U.",116,"state and local government",9801000
"Rice U.",116,"institution funds",78447000
"Rice U.",116,"business",7506000
"Rice U.",116,"nonprofit organizations",33684000
"Rice U.",116,"all other sources",5824000
"George Mason U.",117,"all r d expenditures",252239000
"George Mason U.",117,"federal government",125437000
"George Mason U.",117,"state and local government",4311000
"George Mason U.",117,"institution funds",66769000
"George Mason U.",117,"business",8346000
"George Mason U.",117,"nonprofit organizations",40831000
"George Mason U.",117,"all other sources",6545000
"Wayne State U.",118,"all r d expenditures",250911000
"Wayne State U.",118,"federal government",128521000
"Wayne State U.",118,"state and local government",6525000
"Wayne State U.",118,"institution funds",81136000
"Wayne State U.",118,"business",5339000
"Wayne State U.",118,"nonprofit organizations",25618000
"Wayne State U.",118,"all other sources",3772000
"Tufts U.",119,"all r d expenditures",247276000
"Tufts U.",119,"federal government",154458000
"Tufts U.",119,"state and local government",2328000
"Tufts U.",119,"institution funds",33998000
"Tufts U.",119,"business",15988000
"Tufts U.",119,"nonprofit organizations",29439000
"Tufts U.",119,"all other sources",11065000
"U. Central Florida",120,"all r d expenditures",247259000
"U. Central Florida",120,"federal government",124256000
"U. Central Florida",120,"state and local government",5893000
"U. Central Florida",120,"institution funds",99427000
"U. Central Florida",120,"business",9659000
"U. Central Florida",120,"nonprofit organizations",3642000
"U. Central Florida",120,"all other sources",4382000
"West Virginia U.",121,"all r d expenditures",246173000
"West Virginia U.",121,"federal government",114708000
"West Virginia U.",121,"state and local government",11687000
"West Virginia U.",121,"institution funds",92314000
"West Virginia U.",121,"business",4977000
"West Virginia U.",121,"nonprofit organizations",2874000
"West Virginia U.",121,"all other sources",19613000
"Texas Tech U.",122,"all r d expenditures",240107000
"Texas Tech U.",122,"federal government",58922000
"Texas Tech U.",122,"state and local government",28095000
"Texas Tech U.",122,"institution funds",122202000
"Texas Tech U.",122,"business",15461000
"Texas Tech U.",122,"nonprofit organizations",14994000
"Texas Tech U.",122,"all other sources",433000
"Georgia State U.",123,"all r d expenditures",237493000
"Georgia State U.",123,"federal government",91331000
"Georgia State U.",123,"state and local government",4392000
"Georgia State U.",123,"institution funds",125011000
"Georgia State U.",123,"business",3269000
"Georgia State U.",123,"nonprofit organizations",12131000
"Georgia State U.",123,"all other sources",1359000
"U. Vermont",124,"all r d expenditures",233806000
"U. Vermont",124,"federal government",128645000
"U. Vermont",124,"state and local government",632000
"U. Vermont",124,"institution funds",85988000
"U. Vermont",124,"business",4622000
"U. Vermont",124,"nonprofit organizations",7305000
"U. Vermont",124,"all other sources",6614000
"U. Texas Medical Branch",125,"all r d expenditures",233192000
"U. Texas Medical Branch",125,"federal government",150272000
"U. Texas Medical Branch",125,"state and local government",7479000
"U. Texas Medical Branch",125,"institution funds",58807000
"U. Texas Medical Branch",125,"business",6138000
"U. Texas Medical Branch",125,"nonprofit organizations",10496000
"U. Texas Medical Branch",125,"all other sources",0
"U. Houston",126,"all r d expenditures",231942000
"U. Houston",126,"federal government",99450000
"U. Houston",126,"state and local government",28641000
"U. Houston",126,"institution funds",84315000
"U. Houston",126,"business",8565000
"U. Houston",126,"nonprofit organizations",6492000
"U. Houston",126,"all other sources",4479000
"Montana State U., Bozeman",127,"all r d expenditures",229682000
"Montana State U., Bozeman",127,"federal government",142965000
"Montana State U., Bozeman",127,"state and local government",18379000
"Montana State U., Bozeman",127,"institution funds",59067000
"Montana State U., Bozeman",127,"business",956000
"Montana State U., Bozeman",127,"nonprofit organizations",4403000
"Montana State U., Bozeman",127,"all other sources",3912000
"U. Dayton",128,"all r d expenditures",228723000
"U. Dayton",128,"federal government",216729000
"U. Dayton",128,"state and local government",1274000
"U. Dayton",128,"institution funds",861000
"U. Dayton",128,"business",8193000
"U. Dayton",128,"nonprofit organizations",1022000
"U. Dayton",128,"all other sources",644000
"Oklahoma State U., Stillwater",129,"all r d expenditures",226498000
"Oklahoma State U., Stillwater",129,"federal government",64098000
"Oklahoma State U., Stillwater",129,"state and local government",24323000
"Oklahoma State U., Stillwater",129,"institution funds",124314000
"Oklahoma State U., Stillwater",129,"business",12528000
"Oklahoma State U., Stillwater",129,"nonprofit organizations",773000
"Oklahoma State U., Stillwater",129,"all other sources",462000
"U. Louisiana, Lafayette",130,"all r d expenditures",225924000
"U. Louisiana, Lafayette",130,"federal government",84898000
"U. Louisiana, Lafayette",130,"state and local government",11605000
"U. Louisiana, Lafayette",130,"institution funds",46907000
"U. Louisiana, Lafayette",130,"business",82197000
"U. Louisiana, Lafayette",130,"nonprofit organizations",317000
"U. Louisiana, Lafayette",130,"all other sources",0
"U. New Hampshire",131,"all r d expenditures",223683000
"U. New Hampshire",131,"federal government",152377000
"U. New Hampshire",131,"state and local government",1031000
"U. New Hampshire",131,"institution funds",52786000
"U. New Hampshire",131,"business",8471000
"U. New Hampshire",131,"nonprofit organizations",7984000
"U. New Hampshire",131,"all other sources",1034000
"U. Arkansas, Fayetteville",132,"all r d expenditures",221525000
"U. Arkansas, Fayetteville",132,"federal government",82164000
"U. Arkansas, Fayetteville",132,"state and local government",41687000
"U. Arkansas, Fayetteville",132,"institution funds",72849000
"U. Arkansas, Fayetteville",132,"business",7368000
"U. Arkansas, Fayetteville",132,"nonprofit organizations",7514000
"U. Arkansas, Fayetteville",132,"all other sources",9943000
"U. Louisville",133,"all r d expenditures",220568000
"U. Louisville",133,"federal government",100890000
"U. Louisville",133,"state and local government",8924000
"U. Louisville",133,"institution funds",73255000
"U. Louisville",133,"business",9580000
"U. Louisville",133,"nonprofit organizations",6261000
"U. Louisville",133,"all other sources",21658000
"U. Alaska, Fairbanks",134,"all r d expenditures",218041000
"U. Alaska, Fairbanks",134,"federal government",156702000
"U. Alaska, Fairbanks",134,"state and local government",7674000
"U. Alaska, Fairbanks",134,"institution funds",42733000
"U. Alaska, Fairbanks",134,"business",5505000
"U. Alaska, Fairbanks",134,"nonprofit organizations",2814000
"U. Alaska, Fairbanks",134,"all other sources",2613000
"Kansas State U.",135,"all r d expenditures",217992000
"Kansas State U.",135,"federal government",82610000
"Kansas State U.",135,"state and local government",43122000
"Kansas State U.",135,"institution funds",73427000
"Kansas State U.",135,"business",7647000
"Kansas State U.",135,"nonprofit organizations",9860000
"Kansas State U.",135,"all other sources",1326000
"U. California, Riverside",136,"all r d expenditures",214802000
"U. California, Riverside",136,"federal government",120524000
"U. California, Riverside",136,"state and local government",10655000
"U. California, Riverside",136,"institution funds",55114000
"U. California, Riverside",136,"business",7288000
"U. California, Riverside",136,"nonprofit organizations",10826000
"U. California, Riverside",136,"all other sources",10395000
"U. Arkansas for Medical Sciences",137,"all r d expenditures",209409000
"U. Arkansas for Medical Sciences",137,"federal government",94483000
"U. Arkansas for Medical Sciences",137,"state and local government",13854000
"U. Arkansas for Medical Sciences",137,"institution funds",84563000
"U. Arkansas for Medical Sciences",137,"business",5274000
"U. Arkansas for Medical Sciences",137,"nonprofit organizations",6102000
"U. Arkansas for Medical Sciences",137,"all other sources",5133000
"U. California, Santa Cruz",138,"all r d expenditures",203883000
"U. California, Santa Cruz",138,"federal government",112847000
"U. California, Santa Cruz",138,"state and local government",6863000
"U. California, Santa Cruz",138,"institution funds",51368000
"U. California, Santa Cruz",138,"business",7591000
"U. California, Santa Cruz",138,"nonprofit organizations",18454000
"U. California, Santa Cruz",138,"all other sources",6760000
"North Dakota State U.",139,"all r d expenditures",190330000
"North Dakota State U.",139,"federal government",53339000
"North Dakota State U.",139,"state and local government",51819000
"North Dakota State U.",139,"institution funds",76422000
"North Dakota State U.",139,"business",1292000
"North Dakota State U.",139,"nonprofit organizations",1215000
"North Dakota State U.",139,"all other sources",6243000
"U. Maine",140,"all r d expenditures",188690000
"U. Maine",140,"federal government",92870000
"U. Maine",140,"state and local government",17694000
"U. Maine",140,"institution funds",67941000
"U. Maine",140,"business",5043000
"U. Maine",140,"nonprofit organizations",3260000
"U. Maine",140,"all other sources",1882000
"U. Nevada, Reno",141,"all r d expenditures",188505000
"U. Nevada, Reno",141,"federal government",83603000
"U. Nevada, Reno",141,"state and local government",7744000
"U. Nevada, Reno",141,"institution funds",83470000
"U. Nevada, Reno",141,"business",2666000
"U. Nevada, Reno",141,"nonprofit organizations",1926000
"U. Nevada, Reno",141,"all other sources",9096000
"U. Alabama, Tuscaloosa",142,"all r d expenditures",184880000
"U. Alabama, Tuscaloosa",142,"federal government",86244000
"U. Alabama, Tuscaloosa",142,"state and local government",16660000
"U. Alabama, Tuscaloosa",142,"institution funds",77554000
"U. Alabama, Tuscaloosa",142,"business",1973000
"U. Alabama, Tuscaloosa",142,"nonprofit organizations",1753000
"U. Alabama, Tuscaloosa",142,"all other sources",696000
"Syracuse U.",143,"all r d expenditures",183850000
"Syracuse U.",143,"federal government",46595000
"Syracuse U.",143,"state and local government",10706000
"Syracuse U.",143,"institution funds",108685000
"Syracuse U.",143,"business",9170000
"Syracuse U.",143,"nonprofit organizations",8570000
"Syracuse U.",143,"all other sources",124000
"U. North Dakota",144,"all r d expenditures",182195000
"U. North Dakota",144,"federal government",65890000
"U. North Dakota",144,"state and local government",46885000
"U. North Dakota",144,"institution funds",50685000
"U. North Dakota",144,"business",17438000
"U. North Dakota",144,"nonprofit organizations",955000
"U. North Dakota",144,"all other sources",342000
"U. Mississippi",145,"all r d expenditures",172176000
"U. Mississippi",145,"federal government",85186000
"U. Mississippi",145,"state and local government",10670000
"U. Mississippi",145,"institution funds",68074000
"U. Mississippi",145,"business",3311000
"U. Mississippi",145,"nonprofit organizations",4583000
"U. Mississippi",145,"all other sources",352000
"Drexel U.",146,"all r d expenditures",169583000
"Drexel U.",146,"federal government",108724000
"Drexel U.",146,"state and local government",4464000
"Drexel U.",146,"institution funds",43396000
"Drexel U.",146,"business",1727000
"Drexel U.",146,"nonprofit organizations",8475000
"Drexel U.",146,"all other sources",2797000
"U. Oregon",147,"all r d expenditures",164500000
"U. Oregon",147,"federal government",100265000
"U. Oregon",147,"state and local government",1674000
"U. Oregon",147,"institution funds",19590000
"U. Oregon",147,"business",443000
"U. Oregon",147,"nonprofit organizations",6634000
"U. Oregon",147,"all other sources",35894000
"U. Alabama, Huntsville",148,"all r d expenditures",163428000
"U. Alabama, Huntsville",148,"federal government",126040000
"U. Alabama, Huntsville",148,"state and local government",5071000
"U. Alabama, Huntsville",148,"institution funds",30635000
"U. Alabama, Huntsville",148,"business",731000
"U. Alabama, Huntsville",148,"nonprofit organizations",689000
"U. Alabama, Huntsville",148,"all other sources",262000
"New Jersey Institute of Technology",149,"all r d expenditures",161078000
"New Jersey Institute of Technology",149,"federal government",70080000
"New Jersey Institute of Technology",149,"state and local government",19994000
"New Jersey Institute of Technology",149,"institution funds",64230000
"New Jersey Institute of Technology",149,"business",1385000
"New Jersey Institute of Technology",149,"nonprofit organizations",1616000
"New Jersey Institute of Technology",149,"all other sources",3773000
"U. Texas, San Antonio",150,"all r d expenditures",158453000
"U. Texas, San Antonio",150,"federal government",58171000
"U. Texas, San Antonio",150,"state and local government",21583000
"U. Texas, San Antonio",150,"institution funds",67694000
"U. Texas, San Antonio",150,"business",5971000
"U. Texas, San Antonio",150,"nonprofit organizations",1988000
"U. Texas, San Antonio",150,"all other sources",3046000
"San Diego State U.",151,"all r d expenditures",158013000
"San Diego State U.",151,"federal government",68045000
"San Diego State U.",151,"state and local government",6745000
"San Diego State U.",151,"institution funds",77130000
"San Diego State U.",151,"business",469000
"San Diego State U.",151,"nonprofit organizations",3666000
"San Diego State U.",151,"all other sources",1958000
"U. Wyoming",152,"all r d expenditures",150124000
"U. Wyoming",152,"federal government",68467000
"U. Wyoming",152,"state and local government",7464000
"U. Wyoming",152,"institution funds",67771000
"U. Wyoming",152,"business",2848000
"U. Wyoming",152,"nonprofit organizations",1934000
"U. Wyoming",152,"all other sources",1640000
"U. Texas, Arlington",153,"all r d expenditures",147265000
"U. Texas, Arlington",153,"federal government",56337000
"U. Texas, Arlington",153,"state and local government",28343000
"U. Texas, Arlington",153,"institution funds",50435000
"U. Texas, Arlington",153,"business",5284000
"U. Texas, Arlington",153,"nonprofit organizations",4708000
"U. Texas, Arlington",153,"all other sources",2158000
"U. Texas, Dallas",154,"all r d expenditures",146779000
"U. Texas, Dallas",154,"federal government",66127000
"U. Texas, Dallas",154,"state and local government",13085000
"U. Texas, Dallas",154,"institution funds",38169000
"U. Texas, Dallas",154,"business",12518000
"U. Texas, Dallas",154,"nonprofit organizations",16383000
"U. Texas, Dallas",154,"all other sources",497000
"U. Texas, El Paso",155,"all r d expenditures",145724000
"U. Texas, El Paso",155,"federal government",70873000
"U. Texas, El Paso",155,"state and local government",16687000
"U. Texas, El Paso",155,"institution funds",44987000
"U. Texas, El Paso",155,"business",1268000
"U. Texas, El Paso",155,"nonprofit organizations",1770000
"U. Texas, El Paso",155,"all other sources",10139000
"U. Maryland, Baltimore County",156,"all r d expenditures",144262000
"U. Maryland, Baltimore County",156,"federal government",86573000
"U. Maryland, Baltimore County",156,"state and local government",8087000
"U. Maryland, Baltimore County",156,"institution funds",42409000
"U. Maryland, Baltimore County",156,"business",2469000
"U. Maryland, Baltimore County",156,"nonprofit organizations",3332000
"U. Maryland, Baltimore County",156,"all other sources",1392000
"U. Rhode Island",157,"all r d expenditures",144013000
"U. Rhode Island",157,"federal government",102056000
"U. Rhode Island",157,"state and local government",6615000
"U. Rhode Island",157,"institution funds",29165000
"U. Rhode Island",157,"business",2094000
"U. Rhode Island",157,"nonprofit organizations",3441000
"U. Rhode Island",157,"all other sources",642000
"SUNY, Binghamton U.",158,"all r d expenditures",141685000
"SUNY, Binghamton U.",158,"federal government",31601000
"SUNY, Binghamton U.",158,"state and local government",6115000
"SUNY, Binghamton U.",158,"institution funds",96213000
"SUNY, Binghamton U.",158,"business",4067000
"SUNY, Binghamton U.",158,"nonprofit organizations",242000
"SUNY, Binghamton U.",158,"all other sources",3447000
"SUNY, U. Albany",159,"all r d expenditures",141671000
"SUNY, U. Albany",159,"federal government",62935000
"SUNY, U. Albany",159,"state and local government",1019000
"SUNY, U. Albany",159,"institution funds",69881000
"SUNY, U. Albany",159,"business",927000
"SUNY, U. Albany",159,"nonprofit organizations",4707000
"SUNY, U. Albany",159,"all other sources",2202000
"Texas State U.",160,"all r d expenditures",141291000
"Texas State U.",160,"federal government",44297000
"Texas State U.",160,"state and local government",4667000
"Texas State U.",160,"institution funds",83686000
"Texas State U.",160,"business",1378000
"Texas State U.",160,"nonprofit organizations",7106000
"Texas State U.",160,"all other sources",157000
"Augusta U.",161,"all r d expenditures",139121000
"Augusta U.",161,"federal government",64410000
"Augusta U.",161,"state and local government",214000
"Augusta U.",161,"institution funds",62558000
"Augusta U.",161,"business",4396000
"Augusta U.",161,"nonprofit organizations",6836000
"Augusta U.",161,"all other sources",707000
"Brigham Young U., Provo",162,"all r d expenditures",137748000
"Brigham Young U., Provo",162,"federal government",31216000
"Brigham Young U., Provo",162,"state and local government",1145000
"Brigham Young U., Provo",162,"institution funds",99661000
"Brigham Young U., Provo",162,"business",2980000
"Brigham Young U., Provo",162,"nonprofit organizations",2649000
"Brigham Young U., Provo",162,"all other sources",97000
"U. Idaho",163,"all r d expenditures",135901000
"U. Idaho",163,"federal government",61531000
"U. Idaho",163,"state and local government",47894000
"U. Idaho",163,"institution funds",20377000
"U. Idaho",163,"business",1846000
"U. Idaho",163,"nonprofit organizations",852000
"U. Idaho",163,"all other sources",3401000
"U. Montana, Missoula",164,"all r d expenditures",133958000
"U. Montana, Missoula",164,"federal government",75490000
"U. Montana, Missoula",164,"state and local government",1511000
"U. Montana, Missoula",164,"institution funds",53689000
"U. Montana, Missoula",164,"business",220000
"U. Montana, Missoula",164,"nonprofit organizations",2498000
"U. Montana, Missoula",164,"all other sources",550000
"Rush U.",165,"all r d expenditures",132394000
"Rush U.",165,"federal government",93180000
"Rush U.",165,"state and local government",2208000
"Rush U.",165,"institution funds",12316000
"Rush U.",165,"business",16533000
"Rush U.",165,"nonprofit organizations",8157000
"Rush U.",165,"all other sources",0
"U. Tennessee, Health Science Center",166,"all r d expenditures",130472000
"U. Tennessee, Health Science Center",166,"federal government",70676000
"U. Tennessee, Health Science Center",166,"state and local government",6816000
"U. Tennessee, Health Science Center",166,"institution funds",34783000
"U. Tennessee, Health Science Center",166,"business",4183000
"U. Tennessee, Health Science Center",166,"nonprofit organizations",6814000
"U. Tennessee, Health Science Center",166,"all other sources",7200000
"New Mexico State U.",167,"all r d expenditures",126337000
"New Mexico State U.",167,"federal government",71764000
"New Mexico State U.",167,"state and local government",24741000
"New Mexico State U.",167,"institution funds",18791000
"New Mexico State U.",167,"business",1873000
"New Mexico State U.",167,"nonprofit organizations",3039000
"New Mexico State U.",167,"all other sources",6129000
"Rensselaer Polytechnic Institute",168,"all r d expenditures",121706000
"Rensselaer Polytechnic Institute",168,"federal government",56445000
"Rensselaer Polytechnic Institute",168,"state and local government",3289000
"Rensselaer Polytechnic Institute",168,"institution funds",45192000
"Rensselaer Polytechnic Institute",168,"business",10959000
"Rensselaer Polytechnic Institute",168,"nonprofit organizations",3123000
"Rensselaer Polytechnic Institute",168,"all other sources",2698000
"New Mexico Institute of Mining and Technology",169,"all r d expenditures",118735000
"New Mexico Institute of Mining and Technology",169,"federal government",100873000
"New Mexico Institute of Mining and Technology",169,"state and local government",10189000
"New Mexico Institute of Mining and Technology",169,"institution funds",3375000
"New Mexico Institute of Mining and Technology",169,"business",3346000
"New Mexico Institute of Mining and Technology",169,"nonprofit organizations",324000
"New Mexico Institute of Mining and Technology",169,"all other sources",628000
"Cold Spring Harbor Laboratory",170,"all r d expenditures",117483000
"Cold Spring Harbor Laboratory",170,"federal government",54123000
"Cold Spring Harbor Laboratory",170,"state and local government",209000
"Cold Spring Harbor Laboratory",170,"institution funds",38367000
"Cold Spring Harbor Laboratory",170,"business",3914000
"Cold Spring Harbor Laboratory",170,"nonprofit organizations",20870000
"Cold Spring Harbor Laboratory",170,"all other sources",0
"U. Massachusetts, Lowell",171,"all r d expenditures",117336000
"U. Massachusetts, Lowell",171,"federal government",61413000
"U. Massachusetts, Lowell",171,"state and local government",4420000
"U. Massachusetts, Lowell",171,"institution funds",39726000
"U. Massachusetts, Lowell",171,"business",7554000
"U. Massachusetts, Lowell",171,"nonprofit organizations",2527000
"U. Massachusetts, Lowell",171,"all other sources",1696000
"U. North Texas, Denton",172,"all r d expenditures",106665000
"U. North Texas, Denton",172,"federal government",30017000
"U. North Texas, Denton",172,"state and local government",5695000
"U. North Texas, Denton",172,"institution funds",63577000
"U. North Texas, Denton",172,"business",1907000
"U. North Texas, Denton",172,"nonprofit organizations",2170000
"U. North Texas, Denton",172,"all other sources",3299000
"Colorado School of Mines",173,"all r d expenditures",104297000
"Colorado School of Mines",173,"federal government",68795000
"Colorado School of Mines",173,"state and local government",1804000
"Colorado School of Mines",173,"institution funds",14035000
"Colorado School of Mines",173,"business",11399000
"Colorado School of Mines",173,"nonprofit organizations",3388000
"Colorado School of Mines",173,"all other sources",4876000
"Michigan Technological U.",174,"all r d expenditures",103819000
"Michigan Technological U.",174,"federal government",52102000
"Michigan Technological U.",174,"state and local government",1236000
"Michigan Technological U.",174,"institution funds",40859000
"Michigan Technological U.",174,"business",6632000
"Michigan Technological U.",174,"nonprofit organizations",968000
"Michigan Technological U.",174,"all other sources",2022000
"Brandeis U.",175,"all r d expenditures",103653000
"Brandeis U.",175,"federal government",46654000
"Brandeis U.",175,"state and local government",406000
"Brandeis U.",175,"institution funds",41318000
"Brandeis U.",175,"business",661000
"Brandeis U.",175,"nonprofit organizations",10730000
"Brandeis U.",175,"all other sources",3884000
"Touro U., New York",176,"all r d expenditures",100547000
"Touro U., New York",176,"federal government",40008000
"Touro U., New York",176,"state and local government",0
"Touro U., New York",176,"institution funds",7152000
"Touro U., New York",176,"business",53387000
"Touro U., New York",176,"nonprofit organizations",0
"Touro U., New York",176,"all other sources",0
"U. Memphis",177,"all r d expenditures",100042000
"U. Memphis",177,"federal government",26913000
"U. Memphis",177,"state and local government",9680000
"U. Memphis",177,"institution funds",58132000
"U. Memphis",177,"business",1839000
"U. Memphis",177,"nonprofit organizations",3273000
"U. Memphis",177,"all other sources",205000
"U. Nevada, Las Vegas",178,"all r d expenditures",98751000
"U. Nevada, Las Vegas",178,"federal government",38815000
"U. Nevada, Las Vegas",178,"state and local government",2536000
"U. Nevada, Las Vegas",178,"institution funds",51945000
"U. Nevada, Las Vegas",178,"business",1599000
"U. Nevada, Las Vegas",178,"nonprofit organizations",1096000
"U. Nevada, Las Vegas",178,"all other sources",2760000
"U. North Texas, Health Science Center",179,"all r d expenditures",94652000
"U. North Texas, Health Science Center",179,"federal government",77660000
"U. North Texas, Health Science Center",179,"state and local government",3180000
"U. North Texas, Health Science Center",179,"institution funds",11773000
"U. North Texas, Health Science Center",179,"business",847000
"U. North Texas, Health Science Center",179,"nonprofit organizations",1003000
"U. North Texas, Health Science Center",179,"all other sources",189000
"U. North Carolina, Charlotte",180,"all r d expenditures",92027000
"U. North Carolina, Charlotte",180,"federal government",33784000
"U. North Carolina, Charlotte",180,"state and local government",1922000
"U. North Carolina, Charlotte",180,"institution funds",52624000
"U. North Carolina, Charlotte",180,"business",3136000
"U. North Carolina, Charlotte",180,"nonprofit organizations",553000
"U. North Carolina, Charlotte",180,"all other sources",8000
"Cleveland State U.",181,"all r d expenditures",87941000
"Cleveland State U.",181,"federal government",56550000
"Cleveland State U.",181,"state and local government",2913000
"Cleveland State U.",181,"institution funds",19420000
"Cleveland State U.",181,"business",3494000
"Cleveland State U.",181,"nonprofit organizations",5423000
"Cleveland State U.",181,"all other sources",141000
"Indiana U.-Purdue U., Indianapolis",182,"all r d expenditures",87648000
"Indiana U.-Purdue U., Indianapolis",182,"federal government",39869000
"Indiana U.-Purdue U., Indianapolis",182,"state and local government",3029000
"Indiana U.-Purdue U., Indianapolis",182,"institution funds",34236000
"Indiana U.-Purdue U., Indianapolis",182,"business",3434000
"Indiana U.-Purdue U., Indianapolis",182,"nonprofit organizations",6776000
"Indiana U.-Purdue U., Indianapolis",182,"all other sources",304000
"Saint Louis U.",183,"all r d expenditures",85921000
"Saint Louis U.",183,"federal government",44157000
"Saint Louis U.",183,"state and local government",646000
"Saint Louis U.",183,"institution funds",21971000
"Saint Louis U.",183,"business",5412000
"Saint Louis U.",183,"nonprofit organizations",13484000
"Saint Louis U.",183,"all other sources",251000
"Howard U.",184,"all r d expenditures",84756000
"Howard U.",184,"federal government",47662000
"Howard U.",184,"state and local government",2840000
"Howard U.",184,"institution funds",22461000
"Howard U.",184,"business",4552000
"Howard U.",184,"nonprofit organizations",5140000
"Howard U.",184,"all other sources",2101000
"San Jose State U.",185,"all r d expenditures",83406000
"San Jose State U.",185,"federal government",31780000
"San Jose State U.",185,"state and local government",7116000
"San Jose State U.",185,"institution funds",38582000
"San Jose State U.",185,"business",2101000
"San Jose State U.",185,"nonprofit organizations",2478000
"San Jose State U.",185,"all other sources",1349000
"U. Texas Rio Grande Valley",186,"all r d expenditures",82444000
"U. Texas Rio Grande Valley",186,"federal government",25068000
"U. Texas Rio Grande Valley",186,"state and local government",4367000
"U. Texas Rio Grande Valley",186,"institution funds",37248000
"U. Texas Rio Grande Valley",186,"business",569000
"U. Texas Rio Grande Valley",186,"nonprofit organizations",15016000
"U. Texas Rio Grande Valley",186,"all other sources",176000
"Baylor U.",187,"all r d expenditures",82074000
"Baylor U.",187,"federal government",17147000
"Baylor U.",187,"state and local government",2879000
"Baylor U.",187,"institution funds",45076000
"Baylor U.",187,"business",3460000
"Baylor U.",187,"nonprofit organizations",12667000
"Baylor U.",187,"all other sources",845000
"William & Mary",188,"all r d expenditures",81815000
"William & Mary",188,"federal government",32631000
"William & Mary",188,"state and local government",3882000
"William & Mary",188,"institution funds",35413000
"William & Mary",188,"business",1174000
"William & Mary",188,"nonprofit organizations",5385000
"William & Mary",188,"all other sources",3330000
"Boston C.",189,"all r d expenditures",81425000
"Boston C.",189,"federal government",39356000
"Boston C.",189,"state and local government",2517000
"Boston C.",189,"institution funds",18254000
"Boston C.",189,"business",974000
"Boston C.",189,"nonprofit organizations",19273000
"Boston C.",189,"all other sources",1051000
"Van Andel Research Institute",190,"all r d expenditures",80748000
"Van Andel Research Institute",190,"federal government",30934000
"Van Andel Research Institute",190,"state and local government",2597000
"Van Andel Research Institute",190,"institution funds",36082000
"Van Andel Research Institute",190,"business",155000
"Van Andel Research Institute",190,"nonprofit organizations",4149000
"Van Andel Research Institute",190,"all other sources",6831000
"Florida Atlantic U.",191,"all r d expenditures",77593000
"Florida Atlantic U.",191,"federal government",35108000
"Florida Atlantic U.",191,"state and local government",8511000
"Florida Atlantic U.",191,"institution funds",23101000
"Florida Atlantic U.",191,"business",2611000
"Florida Atlantic U.",191,"nonprofit organizations",7308000
"Florida Atlantic U.",191,"all other sources",954000
"Northern Arizona U.",192,"all r d expenditures",77533000
"Northern Arizona U.",192,"federal government",50491000
"Northern Arizona U.",192,"state and local government",9030000
"Northern Arizona U.",192,"institution funds",15566000
"Northern Arizona U.",192,"business",1023000
"Northern Arizona U.",192,"nonprofit organizations",1250000
"Northern Arizona U.",192,"all other sources",173000
"Naval Postgraduate School",193,"all r d expenditures",77364000
"Naval Postgraduate School",193,"federal government",62715000
"Naval Postgraduate School",193,"state and local government",0
"Naval Postgraduate School",193,"institution funds",13261000
"Naval Postgraduate School",193,"business",654000
"Naval Postgraduate School",193,"nonprofit organizations",67000
"Naval Postgraduate School",193,"all other sources",667000
"American U.",194,"all r d expenditures",76041000
"American U.",194,"federal government",17462000
"American U.",194,"state and local government",2193000
"American U.",194,"institution funds",44220000
"American U.",194,"business",603000
"American U.",194,"nonprofit organizations",9510000
"American U.",194,"all other sources",2053000
"U. Southern Mississippi",195,"all r d expenditures",75034000
"U. Southern Mississippi",195,"federal government",48374000
"U. Southern Mississippi",195,"state and local government",13504000
"U. Southern Mississippi",195,"institution funds",12285000
"U. Southern Mississippi",195,"business",372000
"U. Southern Mississippi",195,"nonprofit organizations",499000
"U. Southern Mississippi",195,"all other sources",0
"Rochester Institute of Technology",196,"all r d expenditures",72405000
"Rochester Institute of Technology",196,"federal government",37334000
"Rochester Institute of Technology",196,"state and local government",9828000
"Rochester Institute of Technology",196,"institution funds",19161000
"Rochester Institute of Technology",196,"business",3084000
"Rochester Institute of Technology",196,"nonprofit organizations",2178000
"Rochester Institute of Technology",196,"all other sources",820000
"South Dakota State U.",197,"all r d expenditures",71340000
"South Dakota State U.",197,"federal government",28897000
"South Dakota State U.",197,"state and local government",17795000
"South Dakota State U.",197,"institution funds",6156000
"South Dakota State U.",197,"business",1432000
"South Dakota State U.",197,"nonprofit organizations",3251000
"South Dakota State U.",197,"all other sources",13809000
"Old Dominion U.",198,"all r d expenditures",71334000
"Old Dominion U.",198,"federal government",31104000
"Old Dominion U.",198,"state and local government",13535000
"Old Dominion U.",198,"institution funds",23954000
"Old Dominion U.",198,"business",387000
"Old Dominion U.",198,"nonprofit organizations",1915000
"Old Dominion U.",198,"all other sources",439000
"U. Massachusetts, Boston",199,"all r d expenditures",70978000
"U. Massachusetts, Boston",199,"federal government",27098000
"U. Massachusetts, Boston",199,"state and local government",7176000
"U. Massachusetts, Boston",199,"institution funds",27225000
"U. Massachusetts, Boston",199,"business",2400000
"U. Massachusetts, Boston",199,"nonprofit organizations",6733000
"U. Massachusetts, Boston",199,"all other sources",346000
"Louisiana State U., Health Sciences Center, New Orleans",200,"all r d expenditures",68707000
"Louisiana State U., Health Sciences Center, New Orleans",200,"federal government",35933000
"Louisiana State U., Health Sciences Center, New Orleans",200,"state and local government",447000
"Louisiana State U., Health Sciences Center, New Orleans",200,"institution funds",24332000
"Louisiana State U., Health Sciences Center, New Orleans",200,"business",3478000
"Louisiana State U., Health Sciences Center, New Orleans",200,"nonprofit organizations",4235000
"Louisiana State U., Health Sciences Center, New Orleans",200,"all other sources",282000
"U. Toledo",201,"all r d expenditures",67656000
"U. Toledo",201,"federal government",37872000
"U. Toledo",201,"state and local government",1615000
"U. Toledo",201,"institution funds",22250000
"U. Toledo",201,"business",2292000
"U. Toledo",201,"nonprofit organizations",3230000
"U. Toledo",201,"all other sources",397000
"East Carolina U.",202,"all r d expenditures",67082000
"East Carolina U.",202,"federal government",30851000
"East Carolina U.",202,"state and local government",371000
"East Carolina U.",202,"institution funds",28495000
"East Carolina U.",202,"business",4648000
"East Carolina U.",202,"nonprofit organizations",2267000
"East Carolina U.",202,"all other sources",450000
"Worcester Polytechnic Institute",203,"all r d expenditures",66353000
"Worcester Polytechnic Institute",203,"federal government",37736000
"Worcester Polytechnic Institute",203,"state and local government",2141000
"Worcester Polytechnic Institute",203,"institution funds",20202000
"Worcester Polytechnic Institute",203,"business",4072000
"Worcester Polytechnic Institute",203,"nonprofit organizations",1380000
"Worcester Polytechnic Institute",203,"all other sources",822000
"Florida A&M U.",204,"all r d expenditures",65159000
"Florida A&M U.",204,"federal government",54363000
"Florida A&M U.",204,"state and local government",2851000
"Florida A&M U.",204,"institution funds",6503000
"Florida A&M U.",204,"business",586000
"Florida A&M U.",204,"nonprofit organizations",856000
"Florida A&M U.",204,"all other sources",0
"U. California, Office of the President",205,"all r d expenditures",63629000
"U. California, Office of the President",205,"federal government",25000
"U. California, Office of the President",205,"state and local government",41345000
"U. California, Office of the President",205,"institution funds",22143000
"U. California, Office of the President",205,"business",0
"U. California, Office of the President",205,"nonprofit organizations",0
"U. California, Office of the President",205,"all other sources",116000
"CUNY, City C.",206,"all r d expenditures",63159000
"CUNY, City C.",206,"federal government",38669000
"CUNY, City C.",206,"state and local government",11846000
"CUNY, City C.",206,"institution funds",10996000
"CUNY, City C.",206,"business",223000
"CUNY, City C.",206,"nonprofit organizations",1047000
"CUNY, City C.",206,"all other sources",378000
"North Carolina A&T State U.",207,"all r d expenditures",62307000
"North Carolina A&T State U.",207,"federal government",37152000
"North Carolina A&T State U.",207,"state and local government",2075000
"North Carolina A&T State U.",207,"institution funds",21880000
"North Carolina A&T State U.",207,"business",628000
"North Carolina A&T State U.",207,"nonprofit organizations",292000
"North Carolina A&T State U.",207,"all other sources",280000
"U. California, Merced",208,"all r d expenditures",62279000
"U. California, Merced",208,"federal government",28576000
"U. California, Merced",208,"state and local government",6985000
"U. California, Merced",208,"institution funds",20709000
"U. California, Merced",208,"business",1294000
"U. California, Merced",208,"nonprofit organizations",2464000
"U. California, Merced",208,"all other sources",2251000
"Missouri U. of Science and Technology",209,"all r d expenditures",61496000
"Missouri U. of Science and Technology",209,"federal government",32457000
"Missouri U. of Science and Technology",209,"state and local government",682000
"Missouri U. of Science and Technology",209,"institution funds",17847000
"Missouri U. of Science and Technology",209,"business",3907000
"Missouri U. of Science and Technology",209,"nonprofit organizations",1037000
"Missouri U. of Science and Technology",209,"all other sources",5566000
"U. Puerto Rico, Medical Sciences Campus",210,"all r d expenditures",61235000
"U. Puerto Rico, Medical Sciences Campus",210,"federal government",46789000
"U. Puerto Rico, Medical Sciences Campus",210,"state and local government",406000
"U. Puerto Rico, Medical Sciences Campus",210,"institution funds",10781000
"U. Puerto Rico, Medical Sciences Campus",210,"business",3259000
"U. Puerto Rico, Medical Sciences Campus",210,"nonprofit organizations",0
"U. Puerto Rico, Medical Sciences Campus",210,"all other sources",0
"U. Wisconsin-Milwaukee",211,"all r d expenditures",60712000
"U. Wisconsin-Milwaukee",211,"federal government",25612000
"U. Wisconsin-Milwaukee",211,"state and local government",17207000
"U. Wisconsin-Milwaukee",211,"institution funds",13084000
"U. Wisconsin-Milwaukee",211,"business",1431000
"U. Wisconsin-Milwaukee",211,"nonprofit organizations",1450000
"U. Wisconsin-Milwaukee",211,"all other sources",1928000
"Stevens Institute of Technology",212,"all r d expenditures",60685000
"Stevens Institute of Technology",212,"federal government",44036000
"Stevens Institute of Technology",212,"state and local government",2069000
"Stevens Institute of Technology",212,"institution funds",9833000
"Stevens Institute of Technology",212,"business",3397000
"Stevens Institute of Technology",212,"nonprofit organizations",929000
"Stevens Institute of Technology",212,"all other sources",421000
"Ohio U.",213,"all r d expenditures",59877000
"Ohio U.",213,"federal government",21919000
"Ohio U.",213,"state and local government",1041000
"Ohio U.",213,"institution funds",31828000
"Ohio U.",213,"business",3767000
"Ohio U.",213,"nonprofit organizations",1011000
"Ohio U.",213,"all other sources",311000
"Southern Methodist U.",214,"all r d expenditures",59749000
"Southern Methodist U.",214,"federal government",19986000
"Southern Methodist U.",214,"state and local government",1393000
"Southern Methodist U.",214,"institution funds",33204000
"Southern Methodist U.",214,"business",1601000
"Southern Methodist U.",214,"nonprofit organizations",3399000
"Southern Methodist U.",214,"all other sources",166000
"Kent State U.",215,"all r d expenditures",58984000
"Kent State U.",215,"federal government",17959000
"Kent State U.",215,"state and local government",1021000
"Kent State U.",215,"institution funds",37300000
"Kent State U.",215,"business",753000
"Kent State U.",215,"nonprofit organizations",1872000
"Kent State U.",215,"all other sources",79000
"Southern Illinois U., Carbondale",216,"all r d expenditures",58291000
"Southern Illinois U., Carbondale",216,"federal government",17209000
"Southern Illinois U., Carbondale",216,"state and local government",3522000
"Southern Illinois U., Carbondale",216,"institution funds",29972000
"Southern Illinois U., Carbondale",216,"business",6916000
"Southern Illinois U., Carbondale",216,"nonprofit organizations",672000
"Southern Illinois U., Carbondale",216,"all other sources",0
"Morehouse School of Medicine",217,"all r d expenditures",57125000
"Morehouse School of Medicine",217,"federal government",41069000
"Morehouse School of Medicine",217,"state and local government",987000
"Morehouse School of Medicine",217,"institution funds",10710000
"Morehouse School of Medicine",217,"business",0
"Morehouse School of Medicine",217,"nonprofit organizations",4359000
"Morehouse School of Medicine",217,"all other sources",0
"Air Force Institute of Technology",218,"all r d expenditures",56848000
"Air Force Institute of Technology",218,"federal government",45087000
"Air Force Institute of Technology",218,"state and local government",0
"Air Force Institute of Technology",218,"institution funds",11659000
"Air Force Institute of Technology",218,"business",102000
"Air Force Institute of Technology",218,"nonprofit organizations",0
"Air Force Institute of Technology",218,"all other sources",0
"Lehigh U.",219,"all r d expenditures",56301000
"Lehigh U.",219,"federal government",39909000
"Lehigh U.",219,"state and local government",2479000
"Lehigh U.",219,"institution funds",11921000
"Lehigh U.",219,"business",893000
"Lehigh U.",219,"nonprofit organizations",1081000
"Lehigh U.",219,"all other sources",18000
"U. Missouri, Kansas City",220,"all r d expenditures",54565000
"U. Missouri, Kansas City",220,"federal government",28115000
"U. Missouri, Kansas City",220,"state and local government",336000
"U. Missouri, Kansas City",220,"institution funds",20030000
"U. Missouri, Kansas City",220,"business",582000
"U. Missouri, Kansas City",220,"nonprofit organizations",934000
"U. Missouri, Kansas City",220,"all other sources",4568000
"CUNY, Graduate Center",221,"all r d expenditures",54089000
"CUNY, Graduate Center",221,"federal government",2792000
"CUNY, Graduate Center",221,"state and local government",428000
"CUNY, Graduate Center",221,"institution funds",45484000
"CUNY, Graduate Center",221,"business",127000
"CUNY, Graduate Center",221,"nonprofit organizations",4450000
"CUNY, Graduate Center",221,"all other sources",808000
"U. Denver",222,"all r d expenditures",53484000
"U. Denver",222,"federal government",33148000
"U. Denver",222,"state and local government",4909000
"U. Denver",222,"institution funds",5028000
"U. Denver",222,"business",1978000
"U. Denver",222,"nonprofit organizations",7038000
"U. Denver",222,"all other sources",1383000
"U. Maryland Center for Environmental Science",223,"all r d expenditures",53233000
"U. Maryland Center for Environmental Science",223,"federal government",15378000
"U. Maryland Center for Environmental Science",223,"state and local government",26509000
"U. Maryland Center for Environmental Science",223,"institution funds",9309000
"U. Maryland Center for Environmental Science",223,"business",198000
"U. Maryland Center for Environmental Science",223,"nonprofit organizations",1563000
"U. Maryland Center for Environmental Science",223,"all other sources",276000
"SUNY, Upstate Medical U.",224,"all r d expenditures",53219000
"SUNY, Upstate Medical U.",224,"federal government",30069000
"SUNY, Upstate Medical U.",224,"state and local government",2231000
"SUNY, Upstate Medical U.",224,"institution funds",11303000
"SUNY, Upstate Medical U.",224,"business",6335000
"SUNY, Upstate Medical U.",224,"nonprofit organizations",2054000
"SUNY, Upstate Medical U.",224,"all other sources",1227000
"U. South Alabama",225,"all r d expenditures",53182000
"U. South Alabama",225,"federal government",28637000
"U. South Alabama",225,"state and local government",683000
"U. South Alabama",225,"institution funds",19291000
"U. South Alabama",225,"business",1300000
"U. South Alabama",225,"nonprofit organizations",2422000
"U. South Alabama",225,"all other sources",849000
"Boise State U.",226,"all r d expenditures",52989000
"Boise State U.",226,"federal government",35801000
"Boise State U.",226,"state and local government",3473000
"Boise State U.",226,"institution funds",12190000
"Boise State U.",226,"business",426000
"Boise State U.",226,"nonprofit organizations",704000
"Boise State U.",226,"all other sources",395000
"Loyola U., Chicago",227,"all r d expenditures",52445000
"Loyola U., Chicago",227,"federal government",29712000
"Loyola U., Chicago",227,"state and local government",242000
"Loyola U., Chicago",227,"institution funds",12892000
"Loyola U., Chicago",227,"business",4302000
"Loyola U., Chicago",227,"nonprofit organizations",4062000
"Loyola U., Chicago",227,"all other sources",1235000
"Nova Southeastern U.",228,"all r d expenditures",50173000
"Nova Southeastern U.",228,"federal government",11637000
"Nova Southeastern U.",228,"state and local government",3862000
"Nova Southeastern U.",228,"institution funds",32874000
"Nova Southeastern U.",228,"business",543000
"Nova Southeastern U.",228,"nonprofit organizations",762000
"Nova Southeastern U.",228,"all other sources",495000
"Texas Tech U., Health Sciences Center",229,"all r d expenditures",48638000
"Texas Tech U., Health Sciences Center",229,"federal government",14732000
"Texas Tech U., Health Sciences Center",229,"state and local government",18670000
"Texas Tech U., Health Sciences Center",229,"institution funds",9432000
"Texas Tech U., Health Sciences Center",229,"business",608000
"Texas Tech U., Health Sciences Center",229,"nonprofit organizations",3205000
"Texas Tech U., Health Sciences Center",229,"all other sources",1991000
"Marquette U.",230,"all r d expenditures",47819000
"Marquette U.",230,"federal government",20055000
"Marquette U.",230,"state and local government",246000
"Marquette U.",230,"institution funds",18010000
"Marquette U.",230,"business",879000
"Marquette U.",230,"nonprofit organizations",2385000
"Marquette U.",230,"all other sources",6244000
"Rowan U.",231,"all r d expenditures",47810000
"Rowan U.",231,"federal government",18454000
"Rowan U.",231,"state and local government",6659000
"Rowan U.",231,"institution funds",20501000
"Rowan U.",231,"business",1230000
"Rowan U.",231,"nonprofit organizations",966000
"Rowan U.",231,"all other sources",0
"Catholic U. of America",232,"all r d expenditures",47022000
"Catholic U. of America",232,"federal government",35502000
"Catholic U. of America",232,"state and local government",1147000
"Catholic U. of America",232,"institution funds",7957000
"Catholic U. of America",232,"business",264000
"Catholic U. of America",232,"nonprofit organizations",2124000
"Catholic U. of America",232,"all other sources",28000
"Portland State U.",233,"all r d expenditures",46324000
"Portland State U.",233,"federal government",31731000
"Portland State U.",233,"state and local government",5312000
"Portland State U.",233,"institution funds",5753000
"Portland State U.",233,"business",708000
"Portland State U.",233,"nonprofit organizations",2244000
"Portland State U.",233,"all other sources",576000
"Mercer U.",234,"all r d expenditures",45247000
"Mercer U.",234,"federal government",29944000
"Mercer U.",234,"state and local government",58000
"Mercer U.",234,"institution funds",8973000
"Mercer U.",234,"business",3247000
"Mercer U.",234,"nonprofit organizations",187000
"Mercer U.",234,"all other sources",2838000
"Western Michigan U. and Homer Stryker M.D. School of Medicine",235,"all r d expenditures",45157000
"Western Michigan U. and Homer Stryker M.D. School of Medicine",235,"federal government",12631000
"Western Michigan U. and Homer Stryker M.D. School of Medicine",235,"state and local government",1216000
"Western Michigan U. and Homer Stryker M.D. School of Medicine",235,"institution funds",25832000
"Western Michigan U. and Homer Stryker M.D. School of Medicine",235,"business",3280000
"Western Michigan U. and Homer Stryker M.D. School of Medicine",235,"nonprofit organizations",603000
"Western Michigan U. and Homer Stryker M.D. School of Medicine",235,"all other sources",1595000
"U.S. Air Force Academy",236,"all r d expenditures",44880000
"U.S. Air Force Academy",236,"federal government",44056000
"U.S. Air Force Academy",236,"state and local government",0
"U.S. Air Force Academy",236,"institution funds",0
"U.S. Air Force Academy",236,"business",357000
"U.S. Air Force Academy",236,"nonprofit organizations",0
"U.S. Air Force Academy",236,"all other sources",467000
"U. North Carolina, Greensboro",237,"all r d expenditures",44521000
"U. North Carolina, Greensboro",237,"federal government",31581000
"U. North Carolina, Greensboro",237,"state and local government",363000
"U. North Carolina, Greensboro",237,"institution funds",10750000
"U. North Carolina, Greensboro",237,"business",450000
"U. North Carolina, Greensboro",237,"nonprofit organizations",1055000
"U. North Carolina, Greensboro",237,"all other sources",322000
"Morgan State U.",238,"all r d expenditures",43868000
"Morgan State U.",238,"federal government",30451000
"Morgan State U.",238,"state and local government",5582000
"Morgan State U.",238,"institution funds",5635000
"Morgan State U.",238,"business",721000
"Morgan State U.",238,"nonprofit organizations",644000
"Morgan State U.",238,"all other sources",835000
"East Tennessee State U.",239,"all r d expenditures",42335000
"East Tennessee State U.",239,"federal government",10776000
"East Tennessee State U.",239,"state and local government",2889000
"East Tennessee State U.",239,"institution funds",24910000
"East Tennessee State U.",239,"business",130000
"East Tennessee State U.",239,"nonprofit organizations",3601000
"East Tennessee State U.",239,"all other sources",29000
"U. Massachusetts, Dartmouth",240,"all r d expenditures",42018000
"U. Massachusetts, Dartmouth",240,"federal government",13742000
"U. Massachusetts, Dartmouth",240,"state and local government",2933000
"U. Massachusetts, Dartmouth",240,"institution funds",21993000
"U. Massachusetts, Dartmouth",240,"business",1808000
"U. Massachusetts, Dartmouth",240,"nonprofit organizations",1267000
"U. Massachusetts, Dartmouth",240,"all other sources",275000
"Chapman U.",241,"all r d expenditures",41791000
"Chapman U.",241,"federal government",10015000
"Chapman U.",241,"state and local government",303000
"Chapman U.",241,"institution funds",23533000
"Chapman U.",241,"business",383000
"Chapman U.",241,"nonprofit organizations",7481000
"Chapman U.",241,"all other sources",76000
"U. West Florida",242,"all r d expenditures",40454000
"U. West Florida",242,"federal government",17954000
"U. West Florida",242,"state and local government",542000
"U. West Florida",242,"institution funds",20955000
"U. West Florida",242,"business",601000
"U. West Florida",242,"nonprofit organizations",402000
"U. West Florida",242,"all other sources",0
"Georgia Southern U.",243,"all r d expenditures",40026000
"Georgia Southern U.",243,"federal government",3562000
"Georgia Southern U.",243,"state and local government",521000
"Georgia Southern U.",243,"institution funds",30268000
"Georgia Southern U.",243,"business",5367000
"Georgia Southern U.",243,"nonprofit organizations",270000
"Georgia Southern U.",243,"all other sources",38000
"Texas A&M U.-Corpus Christi",244,"all r d expenditures",39305000
"Texas A&M U.-Corpus Christi",244,"federal government",17742000
"Texas A&M U.-Corpus Christi",244,"state and local government",10790000
"Texas A&M U.-Corpus Christi",244,"institution funds",5118000
"Texas A&M U.-Corpus Christi",244,"business",230000
"Texas A&M U.-Corpus Christi",244,"nonprofit organizations",2783000
"Texas A&M U.-Corpus Christi",244,"all other sources",2642000
"Montclair State U.",245,"all r d expenditures",38209000
"Montclair State U.",245,"federal government",5916000
"Montclair State U.",245,"state and local government",707000
"Montclair State U.",245,"institution funds",29934000
"Montclair State U.",245,"business",26000
"Montclair State U.",245,"nonprofit organizations",1621000
"Montclair State U.",245,"all other sources",5000
"Oakland U.",246,"all r d expenditures",37263000
"Oakland U.",246,"federal government",9600000
"Oakland U.",246,"state and local government",3066000
"Oakland U.",246,"institution funds",15987000
"Oakland U.",246,"business",4953000
"Oakland U.",246,"nonprofit organizations",1636000
"Oakland U.",246,"all other sources",2021000
"CUNY, Hunter C.",247,"all r d expenditures",37172000
"CUNY, Hunter C.",247,"federal government",22124000
"CUNY, Hunter C.",247,"state and local government",3037000
"CUNY, Hunter C.",247,"institution funds",9506000
"CUNY, Hunter C.",247,"business",739000
"CUNY, Hunter C.",247,"nonprofit organizations",1293000
"CUNY, Hunter C.",247,"all other sources",473000
"California Polytechnic State U., San Luis Obispo",248,"all r d expenditures",35830000
"California Polytechnic State U., San Luis Obispo",248,"federal government",14810000
"California Polytechnic State U., San Luis Obispo",248,"state and local government",4997000
"California Polytechnic State U., San Luis Obispo",248,"institution funds",12550000
"California Polytechnic State U., San Luis Obispo",248,"business",1205000
"California Polytechnic State U., San Luis Obispo",248,"nonprofit organizations",2182000
"California Polytechnic State U., San Luis Obispo",248,"all other sources",86000
"Louisiana State U., Health Sciences Center, Shreveport",249,"all r d expenditures",35624000
"Louisiana State U., Health Sciences Center, Shreveport",249,"federal government",18742000
"Louisiana State U., Health Sciences Center, Shreveport",249,"state and local government",158000
"Louisiana State U., Health Sciences Center, Shreveport",249,"institution funds",8014000
"Louisiana State U., Health Sciences Center, Shreveport",249,"business",3715000
"Louisiana State U., Health Sciences Center, Shreveport",249,"nonprofit organizations",4995000
"Louisiana State U., Health Sciences Center, Shreveport",249,"all other sources",0
"SUNY, Downstate Health Sciences U.",250,"all r d expenditures",35600000
"SUNY, Downstate Health Sciences U.",250,"federal government",28543000
"SUNY, Downstate Health Sciences U.",250,"state and local government",0
"SUNY, Downstate Health Sciences U.",250,"institution funds",3431000
"SUNY, Downstate Health Sciences U.",250,"business",313000
"SUNY, Downstate Health Sciences U.",250,"nonprofit organizations",3005000
"SUNY, Downstate Health Sciences U.",250,"all other sources",308000
"San Francisco State U.",251,"all r d expenditures",34466000
"San Francisco State U.",251,"federal government",16507000
"San Francisco State U.",251,"state and local government",1978000
"San Francisco State U.",251,"institution funds",14434000
"San Francisco State U.",251,"business",0
"San Francisco State U.",251,"nonprofit organizations",1536000
"San Francisco State U.",251,"all other sources",11000
"Teachers C., Columbia U.",252,"all r d expenditures",34183000
"Teachers C., Columbia U.",252,"federal government",11871000
"Teachers C., Columbia U.",252,"state and local government",3953000
"Teachers C., Columbia U.",252,"institution funds",NA
"Teachers C., Columbia U.",252,"business",1428000
"Teachers C., Columbia U.",252,"nonprofit organizations",14239000
"Teachers C., Columbia U.",252,"all other sources",2692000
"Marshall U.",253,"all r d expenditures",33693000
"Marshall U.",253,"federal government",19797000
"Marshall U.",253,"state and local government",1606000
"Marshall U.",253,"institution funds",10608000
"Marshall U.",253,"business",510000
"Marshall U.",253,"nonprofit organizations",1172000
"Marshall U.",253,"all other sources",0
"Delaware State U.",254,"all r d expenditures",33499000
"Delaware State U.",254,"federal government",24167000
"Delaware State U.",254,"state and local government",4093000
"Delaware State U.",254,"institution funds",3975000
"Delaware State U.",254,"business",48000
"Delaware State U.",254,"nonprofit organizations",1181000
"Delaware State U.",254,"all other sources",35000
"Illinois Institute of Technology",255,"all r d expenditures",33021000
"Illinois Institute of Technology",255,"federal government",28027000
"Illinois Institute of Technology",255,"state and local government",154000
"Illinois Institute of Technology",255,"institution funds",2045000
"Illinois Institute of Technology",255,"business",1292000
"Illinois Institute of Technology",255,"nonprofit organizations",858000
"Illinois Institute of Technology",255,"all other sources",645000
"Illinois State U.",256,"all r d expenditures",32961000
"Illinois State U.",256,"federal government",13612000
"Illinois State U.",256,"state and local government",2429000
"Illinois State U.",256,"institution funds",16099000
"Illinois State U.",256,"business",152000
"Illinois State U.",256,"nonprofit organizations",664000
"Illinois State U.",256,"all other sources",5000
"SUNY, C. of Environmental Science and Forestry",257,"all r d expenditures",32682000
"SUNY, C. of Environmental Science and Forestry",257,"federal government",9231000
"SUNY, C. of Environmental Science and Forestry",257,"state and local government",14316000
"SUNY, C. of Environmental Science and Forestry",257,"institution funds",6234000
"SUNY, C. of Environmental Science and Forestry",257,"business",515000
"SUNY, C. of Environmental Science and Forestry",257,"nonprofit organizations",1073000
"SUNY, C. of Environmental Science and Forestry",257,"all other sources",1313000
"Kennesaw State U.",258,"all r d expenditures",32497000
"Kennesaw State U.",258,"federal government",5908000
"Kennesaw State U.",258,"state and local government",563000
"Kennesaw State U.",258,"institution funds",24976000
"Kennesaw State U.",258,"business",157000
"Kennesaw State U.",258,"nonprofit organizations",893000
"Kennesaw State U.",258,"all other sources",0
"U. Texas Health Science Center, Tyler",259,"all r d expenditures",32077000
"U. Texas Health Science Center, Tyler",259,"federal government",12555000
"U. Texas Health Science Center, Tyler",259,"state and local government",10087000
"U. Texas Health Science Center, Tyler",259,"institution funds",3795000
"U. Texas Health Science Center, Tyler",259,"business",172000
"U. Texas Health Science Center, Tyler",259,"nonprofit organizations",5468000
"U. Texas Health Science Center, Tyler",259,"all other sources",0
"Louisiana Tech U.",260,"all r d expenditures",31676000
"Louisiana Tech U.",260,"federal government",8118000
"Louisiana Tech U.",260,"state and local government",2220000
"Louisiana Tech U.",260,"institution funds",19098000
"Louisiana Tech U.",260,"business",722000
"Louisiana Tech U.",260,"nonprofit organizations",0
"Louisiana Tech U.",260,"all other sources",1518000
"Villanova U.",261,"all r d expenditures",31513000
"Villanova U.",261,"federal government",8741000
"Villanova U.",261,"state and local government",1405000
"Villanova U.",261,"institution funds",17513000
"Villanova U.",261,"business",622000
"Villanova U.",261,"nonprofit organizations",3165000
"Villanova U.",261,"all other sources",67000
"U. Nebraska, Omaha",262,"all r d expenditures",30841000
"U. Nebraska, Omaha",262,"federal government",22096000
"U. Nebraska, Omaha",262,"state and local government",3184000
"U. Nebraska, Omaha",262,"institution funds",4886000
"U. Nebraska, Omaha",262,"business",61000
"U. Nebraska, Omaha",262,"nonprofit organizations",512000
"U. Nebraska, Omaha",262,"all other sources",102000
"Desert Research Institute",263,"all r d expenditures",30716000
"Desert Research Institute",263,"federal government",20061000
"Desert Research Institute",263,"state and local government",1657000
"Desert Research Institute",263,"institution funds",4378000
"Desert Research Institute",263,"business",802000
"Desert Research Institute",263,"nonprofit organizations",2890000
"Desert Research Institute",263,"all other sources",928000
"U. South Dakota",264,"all r d expenditures",29855000
"U. South Dakota",264,"federal government",14101000
"U. South Dakota",264,"state and local government",1798000
"U. South Dakota",264,"institution funds",13128000
"U. South Dakota",264,"business",44000
"U. South Dakota",264,"nonprofit organizations",782000
"U. South Dakota",264,"all other sources",2000
"Rutgers, State U. New Jersey, Newark",265,"all r d expenditures",29787000
"Rutgers, State U. New Jersey, Newark",265,"federal government",16315000
"Rutgers, State U. New Jersey, Newark",265,"state and local government",1073000
"Rutgers, State U. New Jersey, Newark",265,"institution funds",9143000
"Rutgers, State U. New Jersey, Newark",265,"business",195000
"Rutgers, State U. New Jersey, Newark",265,"nonprofit organizations",2880000
"Rutgers, State U. New Jersey, Newark",265,"all other sources",181000
"U. Puerto Rico, Rio Piedras",266,"all r d expenditures",29202000
"U. Puerto Rico, Rio Piedras",266,"federal government",16053000
"U. Puerto Rico, Rio Piedras",266,"state and local government",81000
"U. Puerto Rico, Rio Piedras",266,"institution funds",12414000
"U. Puerto Rico, Rio Piedras",266,"business",252000
"U. Puerto Rico, Rio Piedras",266,"nonprofit organizations",375000
"U. Puerto Rico, Rio Piedras",266,"all other sources",27000
"Northern Illinois U.",267,"all r d expenditures",29134000
"Northern Illinois U.",267,"federal government",10849000
"Northern Illinois U.",267,"state and local government",1299000
"Northern Illinois U.",267,"institution funds",15720000
"Northern Illinois U.",267,"business",705000
"Northern Illinois U.",267,"nonprofit organizations",469000
"Northern Illinois U.",267,"all other sources",92000
"Creighton U.",268,"all r d expenditures",28443000
"Creighton U.",268,"federal government",12681000
"Creighton U.",268,"state and local government",3943000
"Creighton U.",268,"institution funds",9597000
"Creighton U.",268,"business",1033000
"Creighton U.",268,"nonprofit organizations",467000
"Creighton U.",268,"all other sources",722000
"Miami U.",269,"all r d expenditures",28430000
"Miami U.",269,"federal government",10724000
"Miami U.",269,"state and local government",2483000
"Miami U.",269,"institution funds",12745000
"Miami U.",269,"business",1350000
"Miami U.",269,"nonprofit organizations",1066000
"Miami U.",269,"all other sources",62000
"Tennessee State U.",270,"all r d expenditures",28246000
"Tennessee State U.",270,"federal government",15983000
"Tennessee State U.",270,"state and local government",1177000
"Tennessee State U.",270,"institution funds",10740000
"Tennessee State U.",270,"business",155000
"Tennessee State U.",270,"nonprofit organizations",187000
"Tennessee State U.",270,"all other sources",4000
"California State U., Sacramento",271,"all r d expenditures",28027000
"California State U., Sacramento",271,"federal government",11284000
"California State U., Sacramento",271,"state and local government",10056000
"California State U., Sacramento",271,"institution funds",5821000
"California State U., Sacramento",271,"business",26000
"California State U., Sacramento",271,"nonprofit organizations",556000
"California State U., Sacramento",271,"all other sources",284000
"Embry-Riddle Aeronautical U.",272,"all r d expenditures",27451000
"Embry-Riddle Aeronautical U.",272,"federal government",23733000
"Embry-Riddle Aeronautical U.",272,"state and local government",205000
"Embry-Riddle Aeronautical U.",272,"institution funds",862000
"Embry-Riddle Aeronautical U.",272,"business",1041000
"Embry-Riddle Aeronautical U.",272,"nonprofit organizations",161000
"Embry-Riddle Aeronautical U.",272,"all other sources",1449000
"CUNY, Graduate School of Public Health and Health Policy",273,"all r d expenditures",26651000
"CUNY, Graduate School of Public Health and Health Policy",273,"federal government",13413000
"CUNY, Graduate School of Public Health and Health Policy",273,"state and local government",9353000
"CUNY, Graduate School of Public Health and Health Policy",273,"institution funds",1330000
"CUNY, Graduate School of Public Health and Health Policy",273,"business",1057000
"CUNY, Graduate School of Public Health and Health Policy",273,"nonprofit organizations",1451000
"CUNY, Graduate School of Public Health and Health Policy",273,"all other sources",47000
"Texas A&M U.-Kingsville",274,"all r d expenditures",26401000
"Texas A&M U.-Kingsville",274,"federal government",9584000
"Texas A&M U.-Kingsville",274,"state and local government",7058000
"Texas A&M U.-Kingsville",274,"institution funds",3311000
"Texas A&M U.-Kingsville",274,"business",487000
"Texas A&M U.-Kingsville",274,"nonprofit organizations",5932000
"Texas A&M U.-Kingsville",274,"all other sources",29000
"Wright State U.",275,"all r d expenditures",26189000
"Wright State U.",275,"federal government",19081000
"Wright State U.",275,"state and local government",1158000
"Wright State U.",275,"institution funds",4837000
"Wright State U.",275,"business",513000
"Wright State U.",275,"nonprofit organizations",360000
"Wright State U.",275,"all other sources",240000
"California State U., Fullerton",276,"all r d expenditures",25811000
"California State U., Fullerton",276,"federal government",6049000
"California State U., Fullerton",276,"state and local government",205000
"California State U., Fullerton",276,"institution funds",18925000
"California State U., Fullerton",276,"business",204000
"California State U., Fullerton",276,"nonprofit organizations",428000
"California State U., Fullerton",276,"all other sources",0
"Tuskegee U.",277,"all r d expenditures",25625000
"Tuskegee U.",277,"federal government",16023000
"Tuskegee U.",277,"state and local government",3565000
"Tuskegee U.",277,"institution funds",2539000
"Tuskegee U.",277,"business",0
"Tuskegee U.",277,"nonprofit organizations",0
"Tuskegee U.",277,"all other sources",3498000
"U. Minnesota, Duluth",278,"all r d expenditures",25534000
"U. Minnesota, Duluth",278,"federal government",7533000
"U. Minnesota, Duluth",278,"state and local government",6410000
"U. Minnesota, Duluth",278,"institution funds",11092000
"U. Minnesota, Duluth",278,"business",381000
"U. Minnesota, Duluth",278,"nonprofit organizations",63000
"U. Minnesota, Duluth",278,"all other sources",55000
"CUNY, Queens C.",279,"all r d expenditures",25492000
"CUNY, Queens C.",279,"federal government",17811000
"CUNY, Queens C.",279,"state and local government",1345000
"CUNY, Queens C.",279,"institution funds",5536000
"CUNY, Queens C.",279,"business",8000
"CUNY, Queens C.",279,"nonprofit organizations",710000
"CUNY, Queens C.",279,"all other sources",82000
"Clarkson U.",280,"all r d expenditures",25399000
"Clarkson U.",280,"federal government",10611000
"Clarkson U.",280,"state and local government",3910000
"Clarkson U.",280,"institution funds",9214000
"Clarkson U.",280,"business",1093000
"Clarkson U.",280,"nonprofit organizations",406000
"Clarkson U.",280,"all other sources",165000
"Central Michigan U.",281,"all r d expenditures",25363000
"Central Michigan U.",281,"federal government",9591000
"Central Michigan U.",281,"state and local government",0
"Central Michigan U.",281,"institution funds",13833000
"Central Michigan U.",281,"business",408000
"Central Michigan U.",281,"nonprofit organizations",852000
"Central Michigan U.",281,"all other sources",679000
"Florida Gulf Coast U.",282,"all r d expenditures",24899000
"Florida Gulf Coast U.",282,"federal government",9858000
"Florida Gulf Coast U.",282,"state and local government",9477000
"Florida Gulf Coast U.",282,"institution funds",3533000
"Florida Gulf Coast U.",282,"business",108000
"Florida Gulf Coast U.",282,"nonprofit organizations",1891000
"Florida Gulf Coast U.",282,"all other sources",32000
"U. Tulsa",283,"all r d expenditures",24845000
"U. Tulsa",283,"federal government",8545000
"U. Tulsa",283,"state and local government",306000
"U. Tulsa",283,"institution funds",8079000
"U. Tulsa",283,"business",6766000
"U. Tulsa",283,"nonprofit organizations",1149000
"U. Tulsa",283,"all other sources",0
"Texas Christian U.",284,"all r d expenditures",24050000
"Texas Christian U.",284,"federal government",7627000
"Texas Christian U.",284,"state and local government",658000
"Texas Christian U.",284,"institution funds",12066000
"Texas Christian U.",284,"business",2491000
"Texas Christian U.",284,"nonprofit organizations",1069000
"Texas Christian U.",284,"all other sources",139000
"Eastern Virginia Medical School",285,"all r d expenditures",23991000
"Eastern Virginia Medical School",285,"federal government",17947000
"Eastern Virginia Medical School",285,"state and local government",329000
"Eastern Virginia Medical School",285,"institution funds",3650000
"Eastern Virginia Medical School",285,"business",1277000
"Eastern Virginia Medical School",285,"nonprofit organizations",612000
"Eastern Virginia Medical School",285,"all other sources",176000
"Fordham U.",286,"all r d expenditures",23832000
"Fordham U.",286,"federal government",4687000
"Fordham U.",286,"state and local government",0
"Fordham U.",286,"institution funds",16377000
"Fordham U.",286,"business",3000
"Fordham U.",286,"nonprofit organizations",1957000
"Fordham U.",286,"all other sources",808000
"Tarleton State U.",287,"all r d expenditures",23345000
"Tarleton State U.",287,"federal government",5478000
"Tarleton State U.",287,"state and local government",4392000
"Tarleton State U.",287,"institution funds",12689000
"Tarleton State U.",287,"business",286000
"Tarleton State U.",287,"nonprofit organizations",5e+05
"Tarleton State U.",287,"all other sources",0
"U. North Florida",288,"all r d expenditures",23269000
"U. North Florida",288,"federal government",8113000
"U. North Florida",288,"state and local government",1436000
"U. North Florida",288,"institution funds",12378000
"U. North Florida",288,"business",825000
"U. North Florida",288,"nonprofit organizations",293000
"U. North Florida",288,"all other sources",224000
"Albany Medical C.",289,"all r d expenditures",23259000
"Albany Medical C.",289,"federal government",14193000
"Albany Medical C.",289,"state and local government",120000
"Albany Medical C.",289,"institution funds",3464000
"Albany Medical C.",289,"business",3956000
"Albany Medical C.",289,"nonprofit organizations",1360000
"Albany Medical C.",289,"all other sources",166000
"California State U., Northridge",290,"all r d expenditures",23093000
"California State U., Northridge",290,"federal government",19169000
"California State U., Northridge",290,"state and local government",1152000
"California State U., Northridge",290,"institution funds",1278000
"California State U., Northridge",290,"business",113000
"California State U., Northridge",290,"nonprofit organizations",1381000
"California State U., Northridge",290,"all other sources",0
"CUNY, John Jay C. of Criminal Justice",291,"all r d expenditures",22967000
"CUNY, John Jay C. of Criminal Justice",291,"federal government",7452000
"CUNY, John Jay C. of Criminal Justice",291,"state and local government",6104000
"CUNY, John Jay C. of Criminal Justice",291,"institution funds",5096000
"CUNY, John Jay C. of Criminal Justice",291,"business",111000
"CUNY, John Jay C. of Criminal Justice",291,"nonprofit organizations",3124000
"CUNY, John Jay C. of Criminal Justice",291,"all other sources",1080000
"New School",292,"all r d expenditures",22680000
"New School",292,"federal government",1337000
"New School",292,"state and local government",708000
"New School",292,"institution funds",3483000
"New School",292,"business",56000
"New School",292,"nonprofit organizations",16080000
"New School",292,"all other sources",1016000
"U. Colorado Denver",293,"all r d expenditures",22530000
"U. Colorado Denver",293,"federal government",17181000
"U. Colorado Denver",293,"state and local government",2387000
"U. Colorado Denver",293,"institution funds",513000
"U. Colorado Denver",293,"business",846000
"U. Colorado Denver",293,"nonprofit organizations",1258000
"U. Colorado Denver",293,"all other sources",345000
"U. Guam",294,"all r d expenditures",22388000
"U. Guam",294,"federal government",18992000
"U. Guam",294,"state and local government",2252000
"U. Guam",294,"institution funds",1083000
"U. Guam",294,"business",59000
"U. Guam",294,"nonprofit organizations",2000
"U. Guam",294,"all other sources",0
"Loma Linda U.",295,"all r d expenditures",22262000
"Loma Linda U.",295,"federal government",12485000
"Loma Linda U.",295,"state and local government",745000
"Loma Linda U.",295,"institution funds",4913000
"Loma Linda U.",295,"business",1469000
"Loma Linda U.",295,"nonprofit organizations",2634000
"Loma Linda U.",295,"all other sources",16000
"Meharry Medical C.",296,"all r d expenditures",22002000
"Meharry Medical C.",296,"federal government",18398000
"Meharry Medical C.",296,"state and local government",0
"Meharry Medical C.",296,"institution funds",603000
"Meharry Medical C.",296,"business",64000
"Meharry Medical C.",296,"nonprofit organizations",2937000
"Meharry Medical C.",296,"all other sources",0
"Southern Illinois U., Edwardsville",297,"all r d expenditures",21927000
"Southern Illinois U., Edwardsville",297,"federal government",3621000
"Southern Illinois U., Edwardsville",297,"state and local government",1684000
"Southern Illinois U., Edwardsville",297,"institution funds",15854000
"Southern Illinois U., Edwardsville",297,"business",752000
"Southern Illinois U., Edwardsville",297,"nonprofit organizations",14000
"Southern Illinois U., Edwardsville",297,"all other sources",2000
"U. North Carolina, Wilmington",298,"all r d expenditures",21879000
"U. North Carolina, Wilmington",298,"federal government",8116000
"U. North Carolina, Wilmington",298,"state and local government",8296000
"U. North Carolina, Wilmington",298,"institution funds",3028000
"U. North Carolina, Wilmington",298,"business",1640000
"U. North Carolina, Wilmington",298,"nonprofit organizations",656000
"U. North Carolina, Wilmington",298,"all other sources",143000
"Prairie View A&M U.",299,"all r d expenditures",21791000
"Prairie View A&M U.",299,"federal government",12354000
"Prairie View A&M U.",299,"state and local government",4391000
"Prairie View A&M U.",299,"institution funds",3550000
"Prairie View A&M U.",299,"business",490000
"Prairie View A&M U.",299,"nonprofit organizations",1006000
"Prairie View A&M U.",299,"all other sources",0
"U. Akron",300,"all r d expenditures",21525000
"U. Akron",300,"federal government",10709000
"U. Akron",300,"state and local government",190000
"U. Akron",300,"institution funds",7434000
"U. Akron",300,"business",1836000
"U. Akron",300,"nonprofit organizations",746000
"U. Akron",300,"all other sources",610000
"California State U., Long Beach",301,"all r d expenditures",21458000
"California State U., Long Beach",301,"federal government",13758000
"California State U., Long Beach",301,"state and local government",1930000
"California State U., Long Beach",301,"institution funds",3618000
"California State U., Long Beach",301,"business",149000
"California State U., Long Beach",301,"nonprofit organizations",1468000
"California State U., Long Beach",301,"all other sources",535000
"California State U., East Bay",302,"all r d expenditures",21312000
"California State U., East Bay",302,"federal government",8508000
"California State U., East Bay",302,"state and local government",433000
"California State U., East Bay",302,"institution funds",9969000
"California State U., East Bay",302,"business",0
"California State U., East Bay",302,"nonprofit organizations",2381000
"California State U., East Bay",302,"all other sources",21000
"James Madison U.",303,"all r d expenditures",21265000
"James Madison U.",303,"federal government",3475000
"James Madison U.",303,"state and local government",925000
"James Madison U.",303,"institution funds",16041000
"James Madison U.",303,"business",18000
"James Madison U.",303,"nonprofit organizations",780000
"James Madison U.",303,"all other sources",26000
"Tennessee Technological U.",304,"all r d expenditures",20797000
"Tennessee Technological U.",304,"federal government",9975000
"Tennessee Technological U.",304,"state and local government",5675000
"Tennessee Technological U.",304,"institution funds",4623000
"Tennessee Technological U.",304,"business",120000
"Tennessee Technological U.",304,"nonprofit organizations",116000
"Tennessee Technological U.",304,"all other sources",288000
"Bowling Green State U.",305,"all r d expenditures",20726000
"Bowling Green State U.",305,"federal government",8208000
"Bowling Green State U.",305,"state and local government",2160000
"Bowling Green State U.",305,"institution funds",9214000
"Bowling Green State U.",305,"business",233000
"Bowling Green State U.",305,"nonprofit organizations",911000
"Bowling Green State U.",305,"all other sources",0
"U.S. Military Academy",306,"all r d expenditures",20493000
"U.S. Military Academy",306,"federal government",19390000
"U.S. Military Academy",306,"state and local government",0
"U.S. Military Academy",306,"institution funds",66000
"U.S. Military Academy",306,"business",269000
"U.S. Military Academy",306,"nonprofit organizations",7e+05
"U.S. Military Academy",306,"all other sources",68000
"U. New Orleans",307,"all r d expenditures",20396000
"U. New Orleans",307,"federal government",5283000
"U. New Orleans",307,"state and local government",897000
"U. New Orleans",307,"institution funds",12325000
"U. New Orleans",307,"business",491000
"U. New Orleans",307,"nonprofit organizations",267000
"U. New Orleans",307,"all other sources",1133000
"South Dakota School of Mines and Technology",308,"all r d expenditures",20337000
"South Dakota School of Mines and Technology",308,"federal government",14640000
"South Dakota School of Mines and Technology",308,"state and local government",2673000
"South Dakota School of Mines and Technology",308,"institution funds",2381000
"South Dakota School of Mines and Technology",308,"business",286000
"South Dakota School of Mines and Technology",308,"nonprofit organizations",35000
"South Dakota School of Mines and Technology",308,"all other sources",322000
"U. of the Virgin Islands",309,"all r d expenditures",20259000
"U. of the Virgin Islands",309,"federal government",19127000
"U. of the Virgin Islands",309,"state and local government",1010000
"U. of the Virgin Islands",309,"institution funds",NA
"U. of the Virgin Islands",309,"business",48000
"U. of the Virgin Islands",309,"nonprofit organizations",74000
"U. of the Virgin Islands",309,"all other sources",0
"U. Alaska, Anchorage",310,"all r d expenditures",19850000
"U. Alaska, Anchorage",310,"federal government",12646000
"U. Alaska, Anchorage",310,"state and local government",2175000
"U. Alaska, Anchorage",310,"institution funds",3798000
"U. Alaska, Anchorage",310,"business",283000
"U. Alaska, Anchorage",310,"nonprofit organizations",537000
"U. Alaska, Anchorage",310,"all other sources",411000
"Charles R. Drew U. of Medicine and Science",311,"all r d expenditures",19551000
"Charles R. Drew U. of Medicine and Science",311,"federal government",13297000
"Charles R. Drew U. of Medicine and Science",311,"state and local government",886000
"Charles R. Drew U. of Medicine and Science",311,"institution funds",3758000
"Charles R. Drew U. of Medicine and Science",311,"business",0
"Charles R. Drew U. of Medicine and Science",311,"nonprofit organizations",1610000
"Charles R. Drew U. of Medicine and Science",311,"all other sources",0
"Jackson State U.",312,"all r d expenditures",19457000
"Jackson State U.",312,"federal government",16443000
"Jackson State U.",312,"state and local government",0
"Jackson State U.",312,"institution funds",1601000
"Jackson State U.",312,"business",4000
"Jackson State U.",312,"nonprofit organizations",1375000
"Jackson State U.",312,"all other sources",34000
"Alcorn State U.",313,"all r d expenditures",19141000
"Alcorn State U.",313,"federal government",10996000
"Alcorn State U.",313,"state and local government",5206000
"Alcorn State U.",313,"institution funds",2894000
"Alcorn State U.",313,"business",24000
"Alcorn State U.",313,"nonprofit organizations",21000
"Alcorn State U.",313,"all other sources",0
"California State Polytechnic U., Humboldt",314,"all r d expenditures",18800000
"California State Polytechnic U., Humboldt",314,"federal government",3280000
"California State Polytechnic U., Humboldt",314,"state and local government",3338000
"California State Polytechnic U., Humboldt",314,"institution funds",5724000
"California State Polytechnic U., Humboldt",314,"business",437000
"California State Polytechnic U., Humboldt",314,"nonprofit organizations",3094000
"California State Polytechnic U., Humboldt",314,"all other sources",2927000
"North Carolina Central U.",315,"all r d expenditures",18477000
"North Carolina Central U.",315,"federal government",15188000
"North Carolina Central U.",315,"state and local government",1085000
"North Carolina Central U.",315,"institution funds",NA
"North Carolina Central U.",315,"business",494000
"North Carolina Central U.",315,"nonprofit organizations",883000
"North Carolina Central U.",315,"all other sources",827000
"Montana Technological U.",316,"all r d expenditures",18375000
"Montana Technological U.",316,"federal government",9585000
"Montana Technological U.",316,"state and local government",5503000
"Montana Technological U.",316,"institution funds",3057000
"Montana Technological U.",316,"business",230000
"Montana Technological U.",316,"nonprofit organizations",0
"Montana Technological U.",316,"all other sources",0
"Idaho State U.",317,"all r d expenditures",17548000
"Idaho State U.",317,"federal government",9230000
"Idaho State U.",317,"state and local government",3042000
"Idaho State U.",317,"institution funds",4362000
"Idaho State U.",317,"business",605000
"Idaho State U.",317,"nonprofit organizations",196000
"Idaho State U.",317,"all other sources",113000
"CUNY, Advanced Science Research Center",318,"all r d expenditures",17309000
"CUNY, Advanced Science Research Center",318,"federal government",11916000
"CUNY, Advanced Science Research Center",318,"state and local government",761000
"CUNY, Advanced Science Research Center",318,"institution funds",2201000
"CUNY, Advanced Science Research Center",318,"business",451000
"CUNY, Advanced Science Research Center",318,"nonprofit organizations",1574000
"CUNY, Advanced Science Research Center",318,"all other sources",406000
"Towson U.",319,"all r d expenditures",17198000
"Towson U.",319,"federal government",3653000
"Towson U.",319,"state and local government",369000
"Towson U.",319,"institution funds",12449000
"Towson U.",319,"business",79000
"Towson U.",319,"nonprofit organizations",622000
"Towson U.",319,"all other sources",26000
"New York Medical C.",320,"all r d expenditures",17113000
"New York Medical C.",320,"federal government",8226000
"New York Medical C.",320,"state and local government",1326000
"New York Medical C.",320,"institution funds",1064000
"New York Medical C.",320,"business",3319000
"New York Medical C.",320,"nonprofit organizations",2169000
"New York Medical C.",320,"all other sources",1009000
"Florida Institute of Technology",321,"all r d expenditures",16859000
"Florida Institute of Technology",321,"federal government",11520000
"Florida Institute of Technology",321,"state and local government",768000
"Florida Institute of Technology",321,"institution funds",4253000
"Florida Institute of Technology",321,"business",142000
"Florida Institute of Technology",321,"nonprofit organizations",176000
"Florida Institute of Technology",321,"all other sources",0
"Long Island U.",322,"all r d expenditures",16612000
"Long Island U.",322,"federal government",1993000
"Long Island U.",322,"state and local government",0
"Long Island U.",322,"institution funds",13844000
"Long Island U.",322,"business",90000
"Long Island U.",322,"nonprofit organizations",569000
"Long Island U.",322,"all other sources",116000
"Texas Southern U.",323,"all r d expenditures",16287000
"Texas Southern U.",323,"federal government",10969000
"Texas Southern U.",323,"state and local government",1227000
"Texas Southern U.",323,"institution funds",4042000
"Texas Southern U.",323,"business",0
"Texas Southern U.",323,"nonprofit organizations",49000
"Texas Southern U.",323,"all other sources",0
"Western Washington U.",324,"all r d expenditures",15874000
"Western Washington U.",324,"federal government",6598000
"Western Washington U.",324,"state and local government",1504000
"Western Washington U.",324,"institution funds",5107000
"Western Washington U.",324,"business",66000
"Western Washington U.",324,"nonprofit organizations",2520000
"Western Washington U.",324,"all other sources",79000
"Alabama A&M U.",325,"all r d expenditures",15588000
"Alabama A&M U.",325,"federal government",12197000
"Alabama A&M U.",325,"state and local government",162000
"Alabama A&M U.",325,"institution funds",2848000
"Alabama A&M U.",325,"business",381000
"Alabama A&M U.",325,"nonprofit organizations",0
"Alabama A&M U.",325,"all other sources",0
"Fort Valley State U.",326,"all r d expenditures",15536000
"Fort Valley State U.",326,"federal government",7505000
"Fort Valley State U.",326,"state and local government",8031000
"Fort Valley State U.",326,"institution funds",0
"Fort Valley State U.",326,"business",0
"Fort Valley State U.",326,"nonprofit organizations",0
"Fort Valley State U.",326,"all other sources",0
"Xavier U. Louisiana",327,"all r d expenditures",15519000
"Xavier U. Louisiana",327,"federal government",12833000
"Xavier U. Louisiana",327,"state and local government",722000
"Xavier U. Louisiana",327,"institution funds",1161000
"Xavier U. Louisiana",327,"business",0
"Xavier U. Louisiana",327,"nonprofit organizations",803000
"Xavier U. Louisiana",327,"all other sources",0
"Duquesne U.",328,"all r d expenditures",14989000
"Duquesne U.",328,"federal government",6555000
"Duquesne U.",328,"state and local government",1055000
"Duquesne U.",328,"institution funds",4349000
"Duquesne U.",328,"business",275000
"Duquesne U.",328,"nonprofit organizations",2755000
"Duquesne U.",328,"all other sources",0
"U. Tennessee, Chattanooga",329,"all r d expenditures",14671000
"U. Tennessee, Chattanooga",329,"federal government",6003000
"U. Tennessee, Chattanooga",329,"state and local government",893000
"U. Tennessee, Chattanooga",329,"institution funds",6585000
"U. Tennessee, Chattanooga",329,"business",252000
"U. Tennessee, Chattanooga",329,"nonprofit organizations",381000
"U. Tennessee, Chattanooga",329,"all other sources",557000
"Missouri State U.",330,"all r d expenditures",14654000
"Missouri State U.",330,"federal government",12973000
"Missouri State U.",330,"state and local government",84000
"Missouri State U.",330,"institution funds",1387000
"Missouri State U.",330,"business",20000
"Missouri State U.",330,"nonprofit organizations",172000
"Missouri State U.",330,"all other sources",18000
"Salisbury U.",331,"all r d expenditures",14557000
"Salisbury U.",331,"federal government",5049000
"Salisbury U.",331,"state and local government",5551000
"Salisbury U.",331,"institution funds",3904000
"Salisbury U.",331,"business",0
"Salisbury U.",331,"nonprofit organizations",53000
"Salisbury U.",331,"all other sources",0
"U. Hawaii, system office",332,"all r d expenditures",14172000
"U. Hawaii, system office",332,"federal government",14150000
"U. Hawaii, system office",332,"state and local government",0
"U. Hawaii, system office",332,"institution funds",22000
"U. Hawaii, system office",332,"business",0
"U. Hawaii, system office",332,"nonprofit organizations",0
"U. Hawaii, system office",332,"all other sources",0
"Loyola Marymount U.",333,"all r d expenditures",14086000
"Loyola Marymount U.",333,"federal government",2921000
"Loyola Marymount U.",333,"state and local government",1096000
"Loyola Marymount U.",333,"institution funds",7708000
"Loyola Marymount U.",333,"business",84000
"Loyola Marymount U.",333,"nonprofit organizations",2277000
"Loyola Marymount U.",333,"all other sources",0
"U. Puerto Rico, Mayaguez",334,"all r d expenditures",13989000
"U. Puerto Rico, Mayaguez",334,"federal government",12260000
"U. Puerto Rico, Mayaguez",334,"state and local government",193000
"U. Puerto Rico, Mayaguez",334,"institution funds",421000
"U. Puerto Rico, Mayaguez",334,"business",455000
"U. Puerto Rico, Mayaguez",334,"nonprofit organizations",660000
"U. Puerto Rico, Mayaguez",334,"all other sources",0
"Virginia State U.",335,"all r d expenditures",13504000
"Virginia State U.",335,"federal government",7166000
"Virginia State U.",335,"state and local government",3051000
"Virginia State U.",335,"institution funds",2566000
"Virginia State U.",335,"business",0
"Virginia State U.",335,"nonprofit organizations",713000
"Virginia State U.",335,"all other sources",8000
"DePaul U.",336,"all r d expenditures",13267000
"DePaul U.",336,"federal government",5592000
"DePaul U.",336,"state and local government",807000
"DePaul U.",336,"institution funds",3512000
"DePaul U.",336,"business",372000
"DePaul U.",336,"nonprofit organizations",2911000
"DePaul U.",336,"all other sources",73000
"Texas Tech U., Health Sciences Center, El Paso",337,"all r d expenditures",13189000
"Texas Tech U., Health Sciences Center, El Paso",337,"federal government",2415000
"Texas Tech U., Health Sciences Center, El Paso",337,"state and local government",3097000
"Texas Tech U., Health Sciences Center, El Paso",337,"institution funds",6947000
"Texas Tech U., Health Sciences Center, El Paso",337,"business",229000
"Texas Tech U., Health Sciences Center, El Paso",337,"nonprofit organizations",501000
"Texas Tech U., Health Sciences Center, El Paso",337,"all other sources",0
"California State U., San Bernardino",338,"all r d expenditures",13152000
"California State U., San Bernardino",338,"federal government",7606000
"California State U., San Bernardino",338,"state and local government",2799000
"California State U., San Bernardino",338,"institution funds",2051000
"California State U., San Bernardino",338,"business",1000
"California State U., San Bernardino",338,"nonprofit organizations",695000
"California State U., San Bernardino",338,"all other sources",0
"Northeast Ohio Medical U.",339,"all r d expenditures",13116000
"Northeast Ohio Medical U.",339,"federal government",8873000
"Northeast Ohio Medical U.",339,"state and local government",202000
"Northeast Ohio Medical U.",339,"institution funds",3440000
"Northeast Ohio Medical U.",339,"business",0
"Northeast Ohio Medical U.",339,"nonprofit organizations",601000
"Northeast Ohio Medical U.",339,"all other sources",0
"U. San Diego",340,"all r d expenditures",12902000
"U. San Diego",340,"federal government",3501000
"U. San Diego",340,"state and local government",684000
"U. San Diego",340,"institution funds",7498000
"U. San Diego",340,"business",69000
"U. San Diego",340,"nonprofit organizations",542000
"U. San Diego",340,"all other sources",608000
"U. Missouri, Saint Louis",341,"all r d expenditures",12808000
"U. Missouri, Saint Louis",341,"federal government",4569000
"U. Missouri, Saint Louis",341,"state and local government",82000
"U. Missouri, Saint Louis",341,"institution funds",5245000
"U. Missouri, Saint Louis",341,"business",105000
"U. Missouri, Saint Louis",341,"nonprofit organizations",2190000
"U. Missouri, Saint Louis",341,"all other sources",617000
"Midwestern U.",342,"all r d expenditures",12725000
"Midwestern U.",342,"federal government",2862000
"Midwestern U.",342,"state and local government",92000
"Midwestern U.",342,"institution funds",9430000
"Midwestern U.",342,"business",76000
"Midwestern U.",342,"nonprofit organizations",265000
"Midwestern U.",342,"all other sources",0
"Oklahoma State U., Center for Health Sciences",343,"all r d expenditures",12500000
"Oklahoma State U., Center for Health Sciences",343,"federal government",4773000
"Oklahoma State U., Center for Health Sciences",343,"state and local government",40000
"Oklahoma State U., Center for Health Sciences",343,"institution funds",7600000
"Oklahoma State U., Center for Health Sciences",343,"business",11000
"Oklahoma State U., Center for Health Sciences",343,"nonprofit organizations",76000
"Oklahoma State U., Center for Health Sciences",343,"all other sources",0
"Sam Houston State U.",344,"all r d expenditures",11760000
"Sam Houston State U.",344,"federal government",3307000
"Sam Houston State U.",344,"state and local government",579000
"Sam Houston State U.",344,"institution funds",6787000
"Sam Houston State U.",344,"business",235000
"Sam Houston State U.",344,"nonprofit organizations",315000
"Sam Houston State U.",344,"all other sources",537000
"Ball State U.",345,"all r d expenditures",11650000
"Ball State U.",345,"federal government",6355000
"Ball State U.",345,"state and local government",396000
"Ball State U.",345,"institution funds",3956000
"Ball State U.",345,"business",637000
"Ball State U.",345,"nonprofit organizations",306000
"Ball State U.",345,"all other sources",0
"Rosalind Franklin U. of Medicine and Science",346,"all r d expenditures",11629000
"Rosalind Franklin U. of Medicine and Science",346,"federal government",7124000
"Rosalind Franklin U. of Medicine and Science",346,"state and local government",62000
"Rosalind Franklin U. of Medicine and Science",346,"institution funds",3270000
"Rosalind Franklin U. of Medicine and Science",346,"business",565000
"Rosalind Franklin U. of Medicine and Science",346,"nonprofit organizations",608000
"Rosalind Franklin U. of Medicine and Science",346,"all other sources",0
"Kentucky State U.",347,"all r d expenditures",11591000
"Kentucky State U.",347,"federal government",7605000
"Kentucky State U.",347,"state and local government",3969000
"Kentucky State U.",347,"institution funds",NA
"Kentucky State U.",347,"business",17000
"Kentucky State U.",347,"nonprofit organizations",0
"Kentucky State U.",347,"all other sources",0
"Clark U.",348,"all r d expenditures",11539000
"Clark U.",348,"federal government",2235000
"Clark U.",348,"state and local government",231000
"Clark U.",348,"institution funds",5610000
"Clark U.",348,"business",81000
"Clark U.",348,"nonprofit organizations",1804000
"Clark U.",348,"all other sources",1578000
"California State U., San Marcos",349,"all r d expenditures",11443000
"California State U., San Marcos",349,"federal government",9845000
"California State U., San Marcos",349,"state and local government",1171000
"California State U., San Marcos",349,"institution funds",326000
"California State U., San Marcos",349,"business",0
"California State U., San Marcos",349,"nonprofit organizations",101000
"California State U., San Marcos",349,"all other sources",0
"California State U., Fresno",350,"all r d expenditures",11411000
"California State U., Fresno",350,"federal government",4864000
"California State U., Fresno",350,"state and local government",1394000
"California State U., Fresno",350,"institution funds",3770000
"California State U., Fresno",350,"business",238000
"California State U., Fresno",350,"nonprofit organizations",1120000
"California State U., Fresno",350,"all other sources",25000
"Central State U.",351,"all r d expenditures",11123000
"Central State U.",351,"federal government",5523000
"Central State U.",351,"state and local government",3857000
"Central State U.",351,"institution funds",1743000
"Central State U.",351,"business",0
"Central State U.",351,"nonprofit organizations",0
"Central State U.",351,"all other sources",0
"U.S. Naval Academy",352,"all r d expenditures",10920000
"U.S. Naval Academy",352,"federal government",10260000
"U.S. Naval Academy",352,"state and local government",0
"U.S. Naval Academy",352,"institution funds",0
"U.S. Naval Academy",352,"business",0
"U.S. Naval Academy",352,"nonprofit organizations",221000
"U.S. Naval Academy",352,"all other sources",439000
"U. Michigan, Dearborn",353,"all r d expenditures",10839000
"U. Michigan, Dearborn",353,"federal government",3464000
"U. Michigan, Dearborn",353,"state and local government",0
"U. Michigan, Dearborn",353,"institution funds",4361000
"U. Michigan, Dearborn",353,"business",2601000
"U. Michigan, Dearborn",353,"nonprofit organizations",331000
"U. Michigan, Dearborn",353,"all other sources",82000
"Wesleyan U.",354,"all r d expenditures",10828000
"Wesleyan U.",354,"federal government",5955000
"Wesleyan U.",354,"state and local government",0
"Wesleyan U.",354,"institution funds",3515000
"Wesleyan U.",354,"business",221000
"Wesleyan U.",354,"nonprofit organizations",688000
"Wesleyan U.",354,"all other sources",449000
"U. Maryland, Eastern Shore",355,"all r d expenditures",10730000
"U. Maryland, Eastern Shore",355,"federal government",10201000
"U. Maryland, Eastern Shore",355,"state and local government",237000
"U. Maryland, Eastern Shore",355,"institution funds",266000
"U. Maryland, Eastern Shore",355,"business",0
"U. Maryland, Eastern Shore",355,"nonprofit organizations",24000
"U. Maryland, Eastern Shore",355,"all other sources",2000
"California State Polytechnic U., Pomona",356,"all r d expenditures",10722000
"California State Polytechnic U., Pomona",356,"federal government",8162000
"California State Polytechnic U., Pomona",356,"state and local government",881000
"California State Polytechnic U., Pomona",356,"institution funds",1438000
"California State Polytechnic U., Pomona",356,"business",171000
"California State Polytechnic U., Pomona",356,"nonprofit organizations",70000
"California State Polytechnic U., Pomona",356,"all other sources",0
"Pacific U.",357,"all r d expenditures",10719000
"Pacific U.",357,"federal government",7133000
"Pacific U.",357,"state and local government",1098000
"Pacific U.",357,"institution funds",2053000
"Pacific U.",357,"business",70000
"Pacific U.",357,"nonprofit organizations",365000
"Pacific U.",357,"all other sources",0
"California State U., Monterey Bay",358,"all r d expenditures",10678000
"California State U., Monterey Bay",358,"federal government",5639000
"California State U., Monterey Bay",358,"state and local government",2125000
"California State U., Monterey Bay",358,"institution funds",2706000
"California State U., Monterey Bay",358,"business",64000
"California State U., Monterey Bay",358,"nonprofit organizations",144000
"California State U., Monterey Bay",358,"all other sources",0
"Pepperdine U.",359,"all r d expenditures",10632000
"Pepperdine U.",359,"federal government",674000
"Pepperdine U.",359,"state and local government",1000
"Pepperdine U.",359,"institution funds",7179000
"Pepperdine U.",359,"business",0
"Pepperdine U.",359,"nonprofit organizations",2771000
"Pepperdine U.",359,"all other sources",7000
"Langston U.",360,"all r d expenditures",10505000
"Langston U.",360,"federal government",5473000
"Langston U.",360,"state and local government",19000
"Langston U.",360,"institution funds",4583000
"Langston U.",360,"business",430000
"Langston U.",360,"nonprofit organizations",0
"Langston U.",360,"all other sources",0
"Clark Atlanta U.",361,"all r d expenditures",10320000
"Clark Atlanta U.",361,"federal government",7687000
"Clark Atlanta U.",361,"state and local government",0
"Clark Atlanta U.",361,"institution funds",2523000
"Clark Atlanta U.",361,"business",79000
"Clark Atlanta U.",361,"nonprofit organizations",31000
"Clark Atlanta U.",361,"all other sources",0
"West Texas A&M U.",362,"all r d expenditures",10302000
"West Texas A&M U.",362,"federal government",2118000
"West Texas A&M U.",362,"state and local government",4772000
"West Texas A&M U.",362,"institution funds",2243000
"West Texas A&M U.",362,"business",1135000
"West Texas A&M U.",362,"nonprofit organizations",34000
"West Texas A&M U.",362,"all other sources",0
"California State U., Los Angeles",363,"all r d expenditures",10186000
"California State U., Los Angeles",363,"federal government",8973000
"California State U., Los Angeles",363,"state and local government",108000
"California State U., Los Angeles",363,"institution funds",788000
"California State U., Los Angeles",363,"business",0
"California State U., Los Angeles",363,"nonprofit organizations",317000
"California State U., Los Angeles",363,"all other sources",0
"Kean U.",364,"all r d expenditures",10062000
"Kean U.",364,"federal government",1870000
"Kean U.",364,"state and local government",134000
"Kean U.",364,"institution funds",7954000
"Kean U.",364,"business",15000
"Kean U.",364,"nonprofit organizations",89000
"Kean U.",364,"all other sources",0
"Gallaudet U.",365,"all r d expenditures",9894000
"Gallaudet U.",365,"federal government",5523000
"Gallaudet U.",365,"state and local government",25000
"Gallaudet U.",365,"institution funds",3462000
"Gallaudet U.",365,"business",0
"Gallaudet U.",365,"nonprofit organizations",526000
"Gallaudet U.",365,"all other sources",358000
"Hampton U.",366,"all r d expenditures",9769000
"Hampton U.",366,"federal government",9445000
"Hampton U.",366,"state and local government",0
"Hampton U.",366,"institution funds",324000
"Hampton U.",366,"business",0
"Hampton U.",366,"nonprofit organizations",0
"Hampton U.",366,"all other sources",0
"U. San Francisco",367,"all r d expenditures",9633000
"U. San Francisco",367,"federal government",1015000
"U. San Francisco",367,"state and local government",532000
"U. San Francisco",367,"institution funds",6848000
"U. San Francisco",367,"business",0
"U. San Francisco",367,"nonprofit organizations",279000
"U. San Francisco",367,"all other sources",959000
"Middle Tennessee State U.",368,"all r d expenditures",9577000
"Middle Tennessee State U.",368,"federal government",3822000
"Middle Tennessee State U.",368,"state and local government",488000
"Middle Tennessee State U.",368,"institution funds",4173000
"Middle Tennessee State U.",368,"business",143000
"Middle Tennessee State U.",368,"nonprofit organizations",943000
"Middle Tennessee State U.",368,"all other sources",8000
"Rutgers, State U. New Jersey, Camden",369,"all r d expenditures",9527000
"Rutgers, State U. New Jersey, Camden",369,"federal government",3042000
"Rutgers, State U. New Jersey, Camden",369,"state and local government",1842000
"Rutgers, State U. New Jersey, Camden",369,"institution funds",3214000
"Rutgers, State U. New Jersey, Camden",369,"business",544000
"Rutgers, State U. New Jersey, Camden",369,"nonprofit organizations",860000
"Rutgers, State U. New Jersey, Camden",369,"all other sources",25000
"Western Kentucky U.",370,"all r d expenditures",9298000
"Western Kentucky U.",370,"federal government",3401000
"Western Kentucky U.",370,"state and local government",790000
"Western Kentucky U.",370,"institution funds",4906000
"Western Kentucky U.",370,"business",78000
"Western Kentucky U.",370,"nonprofit organizations",123000
"Western Kentucky U.",370,"all other sources",0
"Lamar U.",371,"all r d expenditures",9168000
"Lamar U.",371,"federal government",2259000
"Lamar U.",371,"state and local government",6124000
"Lamar U.",371,"institution funds",277000
"Lamar U.",371,"business",342000
"Lamar U.",371,"nonprofit organizations",166000
"Lamar U.",371,"all other sources",0
"U. Northern Colorado",372,"all r d expenditures",9064000
"U. Northern Colorado",372,"federal government",1705000
"U. Northern Colorado",372,"state and local government",202000
"U. Northern Colorado",372,"institution funds",6848000
"U. Northern Colorado",372,"business",69000
"U. Northern Colorado",372,"nonprofit organizations",240000
"U. Northern Colorado",372,"all other sources",0
"Bryn Mawr C.",373,"all r d expenditures",9039000
"Bryn Mawr C.",373,"federal government",1289000
"Bryn Mawr C.",373,"state and local government",0
"Bryn Mawr C.",373,"institution funds",7105000
"Bryn Mawr C.",373,"business",16000
"Bryn Mawr C.",373,"nonprofit organizations",629000
"Bryn Mawr C.",373,"all other sources",0
"Western U. of Health Sciences",374,"all r d expenditures",8929000
"Western U. of Health Sciences",374,"federal government",6099000
"Western U. of Health Sciences",374,"state and local government",1635000
"Western U. of Health Sciences",374,"institution funds",238000
"Western U. of Health Sciences",374,"business",457000
"Western U. of Health Sciences",374,"nonprofit organizations",5e+05
"Western U. of Health Sciences",374,"all other sources",0
"U. Arkansas, Little Rock",375,"all r d expenditures",8685000
"U. Arkansas, Little Rock",375,"federal government",7544000
"U. Arkansas, Little Rock",375,"state and local government",218000
"U. Arkansas, Little Rock",375,"institution funds",69000
"U. Arkansas, Little Rock",375,"business",513000
"U. Arkansas, Little Rock",375,"nonprofit organizations",134000
"U. Arkansas, Little Rock",375,"all other sources",207000
"Saint Joseph's U.",376,"all r d expenditures",8675000
"Saint Joseph's U.",376,"federal government",2680000
"Saint Joseph's U.",376,"state and local government",1129000
"Saint Joseph's U.",376,"institution funds",1657000
"Saint Joseph's U.",376,"business",2517000
"Saint Joseph's U.",376,"nonprofit organizations",434000
"Saint Joseph's U.",376,"all other sources",258000
"Winston-Salem State U.",377,"all r d expenditures",8668000
"Winston-Salem State U.",377,"federal government",7901000
"Winston-Salem State U.",377,"state and local government",374000
"Winston-Salem State U.",377,"institution funds",0
"Winston-Salem State U.",377,"business",0
"Winston-Salem State U.",377,"nonprofit organizations",336000
"Winston-Salem State U.",377,"all other sources",57000
"Yeshiva U.",378,"all r d expenditures",8661000
"Yeshiva U.",378,"federal government",1229000
"Yeshiva U.",378,"state and local government",0
"Yeshiva U.",378,"institution funds",6104000
"Yeshiva U.",378,"business",0
"Yeshiva U.",378,"nonprofit organizations",1008000
"Yeshiva U.",378,"all other sources",320000
"CUNY, Brooklyn C.",379,"all r d expenditures",8535000
"CUNY, Brooklyn C.",379,"federal government",5518000
"CUNY, Brooklyn C.",379,"state and local government",838000
"CUNY, Brooklyn C.",379,"institution funds",1998000
"CUNY, Brooklyn C.",379,"business",44000
"CUNY, Brooklyn C.",379,"nonprofit organizations",119000
"CUNY, Brooklyn C.",379,"all other sources",18000
"Appalachian State U.",380,"all r d expenditures",8479000
"Appalachian State U.",380,"federal government",3497000
"Appalachian State U.",380,"state and local government",134000
"Appalachian State U.",380,"institution funds",3123000
"Appalachian State U.",380,"business",702000
"Appalachian State U.",380,"nonprofit organizations",1006000
"Appalachian State U.",380,"all other sources",17000
"Eastern Michigan U.",381,"all r d expenditures",8363000
"Eastern Michigan U.",381,"federal government",2521000
"Eastern Michigan U.",381,"state and local government",72000
"Eastern Michigan U.",381,"institution funds",5463000
"Eastern Michigan U.",381,"business",0
"Eastern Michigan U.",381,"nonprofit organizations",297000
"Eastern Michigan U.",381,"all other sources",10000
"Lincoln U., Jefferson City",382,"all r d expenditures",8196000
"Lincoln U., Jefferson City",382,"federal government",4610000
"Lincoln U., Jefferson City",382,"state and local government",3552000
"Lincoln U., Jefferson City",382,"institution funds",34000
"Lincoln U., Jefferson City",382,"business",0
"Lincoln U., Jefferson City",382,"nonprofit organizations",0
"Lincoln U., Jefferson City",382,"all other sources",0
"Abilene Christian U.",383,"all r d expenditures",8182000
"Abilene Christian U.",383,"federal government",946000
"Abilene Christian U.",383,"state and local government",0
"Abilene Christian U.",383,"institution funds",194000
"Abilene Christian U.",383,"business",6934000
"Abilene Christian U.",383,"nonprofit organizations",108000
"Abilene Christian U.",383,"all other sources",0
"Hofstra U.",384,"all r d expenditures",8162000
"Hofstra U.",384,"federal government",1995000
"Hofstra U.",384,"state and local government",237000
"Hofstra U.",384,"institution funds",5786000
"Hofstra U.",384,"business",0
"Hofstra U.",384,"nonprofit organizations",144000
"Hofstra U.",384,"all other sources",0
"Amherst C.",385,"all r d expenditures",8152000
"Amherst C.",385,"federal government",2869000
"Amherst C.",385,"state and local government",0
"Amherst C.",385,"institution funds",3104000
"Amherst C.",385,"business",0
"Amherst C.",385,"nonprofit organizations",235000
"Amherst C.",385,"all other sources",1944000
"U. Hawaii, Hilo",386,"all r d expenditures",8112000
"U. Hawaii, Hilo",386,"federal government",6068000
"U. Hawaii, Hilo",386,"state and local government",22000
"U. Hawaii, Hilo",386,"institution funds",809000
"U. Hawaii, Hilo",386,"business",59000
"U. Hawaii, Hilo",386,"nonprofit organizations",940000
"U. Hawaii, Hilo",386,"all other sources",214000
"Southern Connecticut State U.",387,"all r d expenditures",8007000
"Southern Connecticut State U.",387,"federal government",1433000
"Southern Connecticut State U.",387,"state and local government",136000
"Southern Connecticut State U.",387,"institution funds",5810000
"Southern Connecticut State U.",387,"business",68000
"Southern Connecticut State U.",387,"nonprofit organizations",239000
"Southern Connecticut State U.",387,"all other sources",321000
"U. of the District of Columbia",388,"all r d expenditures",7945000
"U. of the District of Columbia",388,"federal government",7367000
"U. of the District of Columbia",388,"state and local government",384000
"U. of the District of Columbia",388,"institution funds",48000
"U. of the District of Columbia",388,"business",0
"U. of the District of Columbia",388,"nonprofit organizations",131000
"U. of the District of Columbia",388,"all other sources",15000
"U. Central Oklahoma",389,"all r d expenditures",7870000
"U. Central Oklahoma",389,"federal government",2071000
"U. Central Oklahoma",389,"state and local government",833000
"U. Central Oklahoma",389,"institution funds",4867000
"U. Central Oklahoma",389,"business",95000
"U. Central Oklahoma",389,"nonprofit organizations",3000
"U. Central Oklahoma",389,"all other sources",1000
"South Carolina State U.",390,"all r d expenditures",7814000
"South Carolina State U.",390,"federal government",5330000
"South Carolina State U.",390,"state and local government",1531000
"South Carolina State U.",390,"institution funds",890000
"South Carolina State U.",390,"business",0
"South Carolina State U.",390,"nonprofit organizations",63000
"South Carolina State U.",390,"all other sources",0
"U. Arkansas, Pine Bluff",391,"all r d expenditures",7766000
"U. Arkansas, Pine Bluff",391,"federal government",4204000
"U. Arkansas, Pine Bluff",391,"state and local government",1294000
"U. Arkansas, Pine Bluff",391,"institution funds",2219000
"U. Arkansas, Pine Bluff",391,"business",41000
"U. Arkansas, Pine Bluff",391,"nonprofit organizations",8000
"U. Arkansas, Pine Bluff",391,"all other sources",0
"Southern U. and A&M C., Agricultural Research and Extension Center",392,"all r d expenditures",7764000
"Southern U. and A&M C., Agricultural Research and Extension Center",392,"federal government",4688000
"Southern U. and A&M C., Agricultural Research and Extension Center",392,"state and local government",3037000
"Southern U. and A&M C., Agricultural Research and Extension Center",392,"institution funds",24000
"Southern U. and A&M C., Agricultural Research and Extension Center",392,"business",0
"Southern U. and A&M C., Agricultural Research and Extension Center",392,"nonprofit organizations",15000
"Southern U. and A&M C., Agricultural Research and Extension Center",392,"all other sources",0
"Pennsylvania State U., Behrend",393,"all r d expenditures",7614000
"Pennsylvania State U., Behrend",393,"federal government",4378000
"Pennsylvania State U., Behrend",393,"state and local government",388000
"Pennsylvania State U., Behrend",393,"institution funds",1823000
"Pennsylvania State U., Behrend",393,"business",708000
"Pennsylvania State U., Behrend",393,"nonprofit organizations",308000
"Pennsylvania State U., Behrend",393,"all other sources",9000
"Edward Via C. of Osteopathic Medicine",394,"all r d expenditures",7597000
"Edward Via C. of Osteopathic Medicine",394,"federal government",678000
"Edward Via C. of Osteopathic Medicine",394,"state and local government",136000
"Edward Via C. of Osteopathic Medicine",394,"institution funds",6699000
"Edward Via C. of Osteopathic Medicine",394,"business",0
"Edward Via C. of Osteopathic Medicine",394,"nonprofit organizations",84000
"Edward Via C. of Osteopathic Medicine",394,"all other sources",0
"Grinnell C.",394,"all r d expenditures",7597000
"Grinnell C.",394,"federal government",1082000
"Grinnell C.",394,"state and local government",0
"Grinnell C.",394,"institution funds",5816000
"Grinnell C.",394,"business",0
"Grinnell C.",394,"nonprofit organizations",239000
"Grinnell C.",394,"all other sources",460000
"Purdue U., Northwest",396,"all r d expenditures",7504000
"Purdue U., Northwest",396,"federal government",3409000
"Purdue U., Northwest",396,"state and local government",996000
"Purdue U., Northwest",396,"institution funds",1604000
"Purdue U., Northwest",396,"business",597000
"Purdue U., Northwest",396,"nonprofit organizations",236000
"Purdue U., Northwest",396,"all other sources",662000
"Philadelphia C. of Osteopathic Medicine",397,"all r d expenditures",7459000
"Philadelphia C. of Osteopathic Medicine",397,"federal government",442000
"Philadelphia C. of Osteopathic Medicine",397,"state and local government",59000
"Philadelphia C. of Osteopathic Medicine",397,"institution funds",2848000
"Philadelphia C. of Osteopathic Medicine",397,"business",2547000
"Philadelphia C. of Osteopathic Medicine",397,"nonprofit organizations",1563000
"Philadelphia C. of Osteopathic Medicine",397,"all other sources",0
"MGH Institute of Health Professions",398,"all r d expenditures",7426000
"MGH Institute of Health Professions",398,"federal government",6200000
"MGH Institute of Health Professions",398,"state and local government",0
"MGH Institute of Health Professions",398,"institution funds",20000
"MGH Institute of Health Professions",398,"business",0
"MGH Institute of Health Professions",398,"nonprofit organizations",1206000
"MGH Institute of Health Professions",398,"all other sources",0
"Arkansas State U., Jonesboro",399,"all r d expenditures",7323000
"Arkansas State U., Jonesboro",399,"federal government",3083000
"Arkansas State U., Jonesboro",399,"state and local government",3419000
"Arkansas State U., Jonesboro",399,"institution funds",561000
"Arkansas State U., Jonesboro",399,"business",260000
"Arkansas State U., Jonesboro",399,"nonprofit organizations",0
"Arkansas State U., Jonesboro",399,"all other sources",0
"Claremont Graduate U.",400,"all r d expenditures",7262000
"Claremont Graduate U.",400,"federal government",1422000
"Claremont Graduate U.",400,"state and local government",354000
"Claremont Graduate U.",400,"institution funds",984000
"Claremont Graduate U.",400,"business",2709000
"Claremont Graduate U.",400,"nonprofit organizations",1228000
"Claremont Graduate U.",400,"all other sources",565000
"C. Charleston",401,"all r d expenditures",7231000
"C. Charleston",401,"federal government",5036000
"C. Charleston",401,"state and local government",274000
"C. Charleston",401,"institution funds",1285000
"C. Charleston",401,"business",64000
"C. Charleston",401,"nonprofit organizations",571000
"C. Charleston",401,"all other sources",1000
"Seton Hall U.",402,"all r d expenditures",7068000
"Seton Hall U.",402,"federal government",2778000
"Seton Hall U.",402,"state and local government",2633000
"Seton Hall U.",402,"institution funds",1195000
"Seton Hall U.",402,"business",104000
"Seton Hall U.",402,"nonprofit organizations",211000
"Seton Hall U.",402,"all other sources",147000
"Texas A&M U.-Commerce",403,"all r d expenditures",7029000
"Texas A&M U.-Commerce",403,"federal government",1936000
"Texas A&M U.-Commerce",403,"state and local government",809000
"Texas A&M U.-Commerce",403,"institution funds",3726000
"Texas A&M U.-Commerce",403,"business",3000
"Texas A&M U.-Commerce",403,"nonprofit organizations",494000
"Texas A&M U.-Commerce",403,"all other sources",61000
"U. Colorado Colorado Springs",404,"all r d expenditures",7012000
"U. Colorado Colorado Springs",404,"federal government",5205000
"U. Colorado Colorado Springs",404,"state and local government",29000
"U. Colorado Colorado Springs",404,"institution funds",1042000
"U. Colorado Colorado Springs",404,"business",523000
"U. Colorado Colorado Springs",404,"nonprofit organizations",207000
"U. Colorado Colorado Springs",404,"all other sources",6000
"Claremont McKenna C.",405,"all r d expenditures",6925000
"Claremont McKenna C.",405,"federal government",1035000
"Claremont McKenna C.",405,"state and local government",62000
"Claremont McKenna C.",405,"institution funds",5293000
"Claremont McKenna C.",405,"business",0
"Claremont McKenna C.",405,"nonprofit organizations",485000
"Claremont McKenna C.",405,"all other sources",50000
"Texas Woman's U.",406,"all r d expenditures",6922000
"Texas Woman's U.",406,"federal government",2439000
"Texas Woman's U.",406,"state and local government",2136000
"Texas Woman's U.",406,"institution funds",1396000
"Texas Woman's U.",406,"business",166000
"Texas Woman's U.",406,"nonprofit organizations",785000
"Texas Woman's U.",406,"all other sources",0
"Hope C.",407,"all r d expenditures",6910000
"Hope C.",407,"federal government",3639000
"Hope C.",407,"state and local government",0
"Hope C.",407,"institution funds",1678000
"Hope C.",407,"business",0
"Hope C.",407,"nonprofit organizations",1308000
"Hope C.",407,"all other sources",285000
"U. North Carolina, Asheville",408,"all r d expenditures",6761000
"U. North Carolina, Asheville",408,"federal government",3323000
"U. North Carolina, Asheville",408,"state and local government",547000
"U. North Carolina, Asheville",408,"institution funds",615000
"U. North Carolina, Asheville",408,"business",126000
"U. North Carolina, Asheville",408,"nonprofit organizations",2148000
"U. North Carolina, Asheville",408,"all other sources",2000
"U. New England",409,"all r d expenditures",6756000
"U. New England",409,"federal government",4777000
"U. New England",409,"state and local government",2000
"U. New England",409,"institution funds",1548000
"U. New England",409,"business",29000
"U. New England",409,"nonprofit organizations",395000
"U. New England",409,"all other sources",5000
"Reed C.",410,"all r d expenditures",6750000
"Reed C.",410,"federal government",2420000
"Reed C.",410,"state and local government",44000
"Reed C.",410,"institution funds",3745000
"Reed C.",410,"business",0
"Reed C.",410,"nonprofit organizations",391000
"Reed C.",410,"all other sources",150000
"U. Baltimore",411,"all r d expenditures",6615000
"U. Baltimore",411,"federal government",4250000
"U. Baltimore",411,"state and local government",1819000
"U. Baltimore",411,"institution funds",NA
"U. Baltimore",411,"business",20000
"U. Baltimore",411,"nonprofit organizations",422000
"U. Baltimore",411,"all other sources",104000
"Williams C.",412,"all r d expenditures",6448000
"Williams C.",412,"federal government",1455000
"Williams C.",412,"state and local government",0
"Williams C.",412,"institution funds",2164000
"Williams C.",412,"business",0
"Williams C.",412,"nonprofit organizations",178000
"Williams C.",412,"all other sources",2651000
"California State U., Bakersfield",413,"all r d expenditures",6409000
"California State U., Bakersfield",413,"federal government",3525000
"California State U., Bakersfield",413,"state and local government",154000
"California State U., Bakersfield",413,"institution funds",2580000
"California State U., Bakersfield",413,"business",0
"California State U., Bakersfield",413,"nonprofit organizations",150000
"California State U., Bakersfield",413,"all other sources",0
"Barnard C.",414,"all r d expenditures",6320000
"Barnard C.",414,"federal government",4235000
"Barnard C.",414,"state and local government",0
"Barnard C.",414,"institution funds",1006000
"Barnard C.",414,"business",8000
"Barnard C.",414,"nonprofit organizations",1071000
"Barnard C.",414,"all other sources",0
"Wellesley C.",414,"all r d expenditures",6320000
"Wellesley C.",414,"federal government",2921000
"Wellesley C.",414,"state and local government",449000
"Wellesley C.",414,"institution funds",NA
"Wellesley C.",414,"business",80000
"Wellesley C.",414,"nonprofit organizations",2628000
"Wellesley C.",414,"all other sources",242000
"U. Washington, Tacoma",416,"all r d expenditures",6243000
"U. Washington, Tacoma",416,"federal government",3875000
"U. Washington, Tacoma",416,"state and local government",1393000
"U. Washington, Tacoma",416,"institution funds",278000
"U. Washington, Tacoma",416,"business",1000
"U. Washington, Tacoma",416,"nonprofit organizations",520000
"U. Washington, Tacoma",416,"all other sources",176000
"Grand Valley State U.",417,"all r d expenditures",6231000
"Grand Valley State U.",417,"federal government",1808000
"Grand Valley State U.",417,"state and local government",450000
"Grand Valley State U.",417,"institution funds",2906000
"Grand Valley State U.",417,"business",0
"Grand Valley State U.",417,"nonprofit organizations",584000
"Grand Valley State U.",417,"all other sources",483000
"Norfolk State U.",418,"all r d expenditures",6194000
"Norfolk State U.",418,"federal government",4381000
"Norfolk State U.",418,"state and local government",574000
"Norfolk State U.",418,"institution funds",677000
"Norfolk State U.",418,"business",182000
"Norfolk State U.",418,"nonprofit organizations",380000
"Norfolk State U.",418,"all other sources",0
"Northwest Indian C.",419,"all r d expenditures",6184000
"Northwest Indian C.",419,"federal government",4595000
"Northwest Indian C.",419,"state and local government",0
"Northwest Indian C.",419,"institution funds",1589000
"Northwest Indian C.",419,"business",0
"Northwest Indian C.",419,"nonprofit organizations",0
"Northwest Indian C.",419,"all other sources",0
"West Chester U. Pennsylvania",420,"all r d expenditures",6132000
"West Chester U. Pennsylvania",420,"federal government",1386000
"West Chester U. Pennsylvania",420,"state and local government",54000
"West Chester U. Pennsylvania",420,"institution funds",4176000
"West Chester U. Pennsylvania",420,"business",124000
"West Chester U. Pennsylvania",420,"nonprofit organizations",392000
"West Chester U. Pennsylvania",420,"all other sources",0
"Azusa Pacific U.",421,"all r d expenditures",6097000
"Azusa Pacific U.",421,"federal government",140000
"Azusa Pacific U.",421,"state and local government",40000
"Azusa Pacific U.",421,"institution funds",5545000
"Azusa Pacific U.",421,"business",35000
"Azusa Pacific U.",421,"nonprofit organizations",273000
"Azusa Pacific U.",421,"all other sources",64000
"Roseman U. of Health Sciences",422,"all r d expenditures",6065000
"Roseman U. of Health Sciences",422,"federal government",38000
"Roseman U. of Health Sciences",422,"state and local government",0
"Roseman U. of Health Sciences",422,"institution funds",5953000
"Roseman U. of Health Sciences",422,"business",67000
"Roseman U. of Health Sciences",422,"nonprofit organizations",7000
"Roseman U. of Health Sciences",422,"all other sources",0
"Indiana U. Pennsylvania",423,"all r d expenditures",6052000
"Indiana U. Pennsylvania",423,"federal government",1702000
"Indiana U. Pennsylvania",423,"state and local government",532000
"Indiana U. Pennsylvania",423,"institution funds",3293000
"Indiana U. Pennsylvania",423,"business",17000
"Indiana U. Pennsylvania",423,"nonprofit organizations",508000
"Indiana U. Pennsylvania",423,"all other sources",0
"U.S. Army War C.",424,"all r d expenditures",6035000
"U.S. Army War C.",424,"federal government",6035000
"U.S. Army War C.",424,"state and local government",0
"U.S. Army War C.",424,"institution funds",0
"U.S. Army War C.",424,"business",0
"U.S. Army War C.",424,"nonprofit organizations",0
"U.S. Army War C.",424,"all other sources",0
"California State U., Chico",425,"all r d expenditures",5984000
"California State U., Chico",425,"federal government",3152000
"California State U., Chico",425,"state and local government",1130000
"California State U., Chico",425,"institution funds",636000
"California State U., Chico",425,"business",18000
"California State U., Chico",425,"nonprofit organizations",97000
"California State U., Chico",425,"all other sources",951000
"Smith C.",426,"all r d expenditures",5954000
"Smith C.",426,"federal government",3013000
"Smith C.",426,"state and local government",0
"Smith C.",426,"institution funds",2179000
"Smith C.",426,"business",253000
"Smith C.",426,"nonprofit organizations",509000
"Smith C.",426,"all other sources",0
"High Tech High Graduate School of Ed.",427,"all r d expenditures",5939000
"High Tech High Graduate School of Ed.",427,"federal government",0
"High Tech High Graduate School of Ed.",427,"state and local government",0
"High Tech High Graduate School of Ed.",427,"institution funds",0
"High Tech High Graduate School of Ed.",427,"business",0
"High Tech High Graduate School of Ed.",427,"nonprofit organizations",5939000
"High Tech High Graduate School of Ed.",427,"all other sources",0
"U. Southern Maine",428,"all r d expenditures",5930000
"U. Southern Maine",428,"federal government",2598000
"U. Southern Maine",428,"state and local government",3070000
"U. Southern Maine",428,"institution funds",185000
"U. Southern Maine",428,"business",0
"U. Southern Maine",428,"nonprofit organizations",72000
"U. Southern Maine",428,"all other sources",5000
"CUNY, Lehman C.",429,"all r d expenditures",5918000
"CUNY, Lehman C.",429,"federal government",4487000
"CUNY, Lehman C.",429,"state and local government",0
"CUNY, Lehman C.",429,"institution funds",782000
"CUNY, Lehman C.",429,"business",365000
"CUNY, Lehman C.",429,"nonprofit organizations",181000
"CUNY, Lehman C.",429,"all other sources",103000
"Bucknell U.",430,"all r d expenditures",5887000
"Bucknell U.",430,"federal government",2359000
"Bucknell U.",430,"state and local government",61000
"Bucknell U.",430,"institution funds",2031000
"Bucknell U.",430,"business",299000
"Bucknell U.",430,"nonprofit organizations",235000
"Bucknell U.",430,"all other sources",902000
"U. Oklahoma, Tulsa",431,"all r d expenditures",5826000
"U. Oklahoma, Tulsa",431,"federal government",1328000
"U. Oklahoma, Tulsa",431,"state and local government",330000
"U. Oklahoma, Tulsa",431,"institution funds",2963000
"U. Oklahoma, Tulsa",431,"business",124000
"U. Oklahoma, Tulsa",431,"nonprofit organizations",1054000
"U. Oklahoma, Tulsa",431,"all other sources",27000
"Naval War C.",432,"all r d expenditures",5819000
"Naval War C.",432,"federal government",5819000
"Naval War C.",432,"state and local government",0
"Naval War C.",432,"institution funds",0
"Naval War C.",432,"business",0
"Naval War C.",432,"nonprofit organizations",0
"Naval War C.",432,"all other sources",0
"New York Institute of Technology",433,"all r d expenditures",5790000
"New York Institute of Technology",433,"federal government",3252000
"New York Institute of Technology",433,"state and local government",125000
"New York Institute of Technology",433,"institution funds",2146000
"New York Institute of Technology",433,"business",60000
"New York Institute of Technology",433,"nonprofit organizations",207000
"New York Institute of Technology",433,"all other sources",0
"Morehouse C.",434,"all r d expenditures",5750000
"Morehouse C.",434,"federal government",5750000
"Morehouse C.",434,"state and local government",0
"Morehouse C.",434,"institution funds",NA
"Morehouse C.",434,"business",0
"Morehouse C.",434,"nonprofit organizations",0
"Morehouse C.",434,"all other sources",0
"U. Washington, Bothell",435,"all r d expenditures",5738000
"U. Washington, Bothell",435,"federal government",3787000
"U. Washington, Bothell",435,"state and local government",617000
"U. Washington, Bothell",435,"institution funds",486000
"U. Washington, Bothell",435,"business",1000
"U. Washington, Bothell",435,"nonprofit organizations",667000
"U. Washington, Bothell",435,"all other sources",180000
"Santa Clara U.",436,"all r d expenditures",5679000
"Santa Clara U.",436,"federal government",3448000
"Santa Clara U.",436,"state and local government",372000
"Santa Clara U.",436,"institution funds",NA
"Santa Clara U.",436,"business",364000
"Santa Clara U.",436,"nonprofit organizations",1424000
"Santa Clara U.",436,"all other sources",71000
"Swarthmore C.",437,"all r d expenditures",5620000
"Swarthmore C.",437,"federal government",2315000
"Swarthmore C.",437,"state and local government",6000
"Swarthmore C.",437,"institution funds",2578000
"Swarthmore C.",437,"business",0
"Swarthmore C.",437,"nonprofit organizations",697000
"Swarthmore C.",437,"all other sources",24000
"Texas A&M International U.",438,"all r d expenditures",5602000
"Texas A&M International U.",438,"federal government",1966000
"Texas A&M International U.",438,"state and local government",1011000
"Texas A&M International U.",438,"institution funds",1542000
"Texas A&M International U.",438,"business",170000
"Texas A&M International U.",438,"nonprofit organizations",913000
"Texas A&M International U.",438,"all other sources",0
"Oregon Institute of Technology",439,"all r d expenditures",5585000
"Oregon Institute of Technology",439,"federal government",1375000
"Oregon Institute of Technology",439,"state and local government",3931000
"Oregon Institute of Technology",439,"institution funds",NA
"Oregon Institute of Technology",439,"business",97000
"Oregon Institute of Technology",439,"nonprofit organizations",182000
"Oregon Institute of Technology",439,"all other sources",0
"California State U., Dominguez Hills",440,"all r d expenditures",5558000
"California State U., Dominguez Hills",440,"federal government",2457000
"California State U., Dominguez Hills",440,"state and local government",870000
"California State U., Dominguez Hills",440,"institution funds",1996000
"California State U., Dominguez Hills",440,"business",41000
"California State U., Dominguez Hills",440,"nonprofit organizations",52000
"California State U., Dominguez Hills",440,"all other sources",142000
"Providence C.",441,"all r d expenditures",5533000
"Providence C.",441,"federal government",4648000
"Providence C.",441,"state and local government",0
"Providence C.",441,"institution funds",582000
"Providence C.",441,"business",0
"Providence C.",441,"nonprofit organizations",303000
"Providence C.",441,"all other sources",0
"Memorial Sloan Kettering Cancer Center, Louis V. Gerstner Jr. Graduate S. of Biomedical Sciences",442,"all r d expenditures",5324000
"Memorial Sloan Kettering Cancer Center, Louis V. Gerstner Jr. Graduate S. of Biomedical Sciences",442,"federal government",273000
"Memorial Sloan Kettering Cancer Center, Louis V. Gerstner Jr. Graduate S. of Biomedical Sciences",442,"state and local government",0
"Memorial Sloan Kettering Cancer Center, Louis V. Gerstner Jr. Graduate S. of Biomedical Sciences",442,"institution funds",5021000
"Memorial Sloan Kettering Cancer Center, Louis V. Gerstner Jr. Graduate S. of Biomedical Sciences",442,"business",0
"Memorial Sloan Kettering Cancer Center, Louis V. Gerstner Jr. Graduate S. of Biomedical Sciences",442,"nonprofit organizations",30000
"Memorial Sloan Kettering Cancer Center, Louis V. Gerstner Jr. Graduate S. of Biomedical Sciences",442,"all other sources",0
"Trinity U.",443,"all r d expenditures",5296000
"Trinity U.",443,"federal government",2203000
"Trinity U.",443,"state and local government",2000
"Trinity U.",443,"institution funds",1238000
"Trinity U.",443,"business",0
"Trinity U.",443,"nonprofit organizations",1834000
"Trinity U.",443,"all other sources",19000
"Dakota State U.",444,"all r d expenditures",5253000
"Dakota State U.",444,"federal government",2437000
"Dakota State U.",444,"state and local government",231000
"Dakota State U.",444,"institution funds",660000
"Dakota State U.",444,"business",692000
"Dakota State U.",444,"nonprofit organizations",25000
"Dakota State U.",444,"all other sources",1208000
"West Virginia State U.",445,"all r d expenditures",5226000
"West Virginia State U.",445,"federal government",2800000
"West Virginia State U.",445,"state and local government",1804000
"West Virginia State U.",445,"institution funds",521000
"West Virginia State U.",445,"business",0
"West Virginia State U.",445,"nonprofit organizations",101000
"West Virginia State U.",445,"all other sources",0
"Southern U. and A&M C., Baton Rouge",446,"all r d expenditures",5201000
"Southern U. and A&M C., Baton Rouge",446,"federal government",4444000
"Southern U. and A&M C., Baton Rouge",446,"state and local government",75000
"Southern U. and A&M C., Baton Rouge",446,"institution funds",34000
"Southern U. and A&M C., Baton Rouge",446,"business",648000
"Southern U. and A&M C., Baton Rouge",446,"nonprofit organizations",0
"Southern U. and A&M C., Baton Rouge",446,"all other sources",0
"Suffolk U.",447,"all r d expenditures",5164000
"Suffolk U.",447,"federal government",893000
"Suffolk U.",447,"state and local government",737000
"Suffolk U.",447,"institution funds",3303000
"Suffolk U.",447,"business",0
"Suffolk U.",447,"nonprofit organizations",231000
"Suffolk U.",447,"all other sources",0
"Pennsylvania State U., Harrisburg",448,"all r d expenditures",5159000
"Pennsylvania State U., Harrisburg",448,"federal government",3045000
"Pennsylvania State U., Harrisburg",448,"state and local government",887000
"Pennsylvania State U., Harrisburg",448,"institution funds",742000
"Pennsylvania State U., Harrisburg",448,"business",178000
"Pennsylvania State U., Harrisburg",448,"nonprofit organizations",303000
"Pennsylvania State U., Harrisburg",448,"all other sources",4000
"U. Detroit Mercy",449,"all r d expenditures",5142000
"U. Detroit Mercy",449,"federal government",4434000
"U. Detroit Mercy",449,"state and local government",0
"U. Detroit Mercy",449,"institution funds",529000
"U. Detroit Mercy",449,"business",140000
"U. Detroit Mercy",449,"nonprofit organizations",39000
"U. Detroit Mercy",449,"all other sources",0
"Colgate U.",450,"all r d expenditures",4930000
"Colgate U.",450,"federal government",1521000
"Colgate U.",450,"state and local government",0
"Colgate U.",450,"institution funds",3041000
"Colgate U.",450,"business",305000
"Colgate U.",450,"nonprofit organizations",63000
"Colgate U.",450,"all other sources",0
"Sul Ross State U.",451,"all r d expenditures",4878000
"Sul Ross State U.",451,"federal government",1568000
"Sul Ross State U.",451,"state and local government",1223000
"Sul Ross State U.",451,"institution funds",1804000
"Sul Ross State U.",451,"business",0
"Sul Ross State U.",451,"nonprofit organizations",283000
"Sul Ross State U.",451,"all other sources",0
"U. Central del Caribe",451,"all r d expenditures",4878000
"U. Central del Caribe",451,"federal government",2929000
"U. Central del Caribe",451,"state and local government",524000
"U. Central del Caribe",451,"institution funds",1270000
"U. Central del Caribe",451,"business",0
"U. Central del Caribe",451,"nonprofit organizations",0
"U. Central del Caribe",451,"all other sources",155000
"Spelman C.",453,"all r d expenditures",4877000
"Spelman C.",453,"federal government",4567000
"Spelman C.",453,"state and local government",0
"Spelman C.",453,"institution funds",0
"Spelman C.",453,"business",0
"Spelman C.",453,"nonprofit organizations",310000
"Spelman C.",453,"all other sources",0
"Fisk U.",454,"all r d expenditures",4867000
"Fisk U.",454,"federal government",3819000
"Fisk U.",454,"state and local government",240000
"Fisk U.",454,"institution funds",304000
"Fisk U.",454,"business",0
"Fisk U.",454,"nonprofit organizations",504000
"Fisk U.",454,"all other sources",0
"U. Wisconsin-Superior",455,"all r d expenditures",4825000
"U. Wisconsin-Superior",455,"federal government",3559000
"U. Wisconsin-Superior",455,"state and local government",81000
"U. Wisconsin-Superior",455,"institution funds",1062000
"U. Wisconsin-Superior",455,"business",87000
"U. Wisconsin-Superior",455,"nonprofit organizations",36000
"U. Wisconsin-Superior",455,"all other sources",0
"Sacred Heart U.",456,"all r d expenditures",4733000
"Sacred Heart U.",456,"federal government",639000
"Sacred Heart U.",456,"state and local government",0
"Sacred Heart U.",456,"institution funds",3892000
"Sacred Heart U.",456,"business",0
"Sacred Heart U.",456,"nonprofit organizations",202000
"Sacred Heart U.",456,"all other sources",0
"CUNY, C. Staten Island",457,"all r d expenditures",4730000
"CUNY, C. Staten Island",457,"federal government",3296000
"CUNY, C. Staten Island",457,"state and local government",224000
"CUNY, C. Staten Island",457,"institution funds",975000
"CUNY, C. Staten Island",457,"business",41000
"CUNY, C. Staten Island",457,"nonprofit organizations",109000
"CUNY, C. Staten Island",457,"all other sources",85000
"Coastal Carolina U.",458,"all r d expenditures",4729000
"Coastal Carolina U.",458,"federal government",1847000
"Coastal Carolina U.",458,"state and local government",1004000
"Coastal Carolina U.",458,"institution funds",1694000
"Coastal Carolina U.",458,"business",0
"Coastal Carolina U.",458,"nonprofit organizations",184000
"Coastal Carolina U.",458,"all other sources",0
"Occidental C.",459,"all r d expenditures",4718000
"Occidental C.",459,"federal government",2967000
"Occidental C.",459,"state and local government",559000
"Occidental C.",459,"institution funds",NA
"Occidental C.",459,"business",554000
"Occidental C.",459,"nonprofit organizations",638000
"Occidental C.",459,"all other sources",0
"Toyota Technological Institute, Chicago",460,"all r d expenditures",4636000
"Toyota Technological Institute, Chicago",460,"federal government",2127000
"Toyota Technological Institute, Chicago",460,"state and local government",0
"Toyota Technological Institute, Chicago",460,"institution funds",1633000
"Toyota Technological Institute, Chicago",460,"business",321000
"Toyota Technological Institute, Chicago",460,"nonprofit organizations",463000
"Toyota Technological Institute, Chicago",460,"all other sources",92000
"Lawrence Technological U.",461,"all r d expenditures",4632000
"Lawrence Technological U.",461,"federal government",1786000
"Lawrence Technological U.",461,"state and local government",937000
"Lawrence Technological U.",461,"institution funds",784000
"Lawrence Technological U.",461,"business",183000
"Lawrence Technological U.",461,"nonprofit organizations",942000
"Lawrence Technological U.",461,"all other sources",0
"Sonoma State U.",462,"all r d expenditures",4625000
"Sonoma State U.",462,"federal government",3483000
"Sonoma State U.",462,"state and local government",585000
"Sonoma State U.",462,"institution funds",321000
"Sonoma State U.",462,"business",46000
"Sonoma State U.",462,"nonprofit organizations",190000
"Sonoma State U.",462,"all other sources",0
"U. Wisconsin-Stevens Point",463,"all r d expenditures",4589000
"U. Wisconsin-Stevens Point",463,"federal government",2079000
"U. Wisconsin-Stevens Point",463,"state and local government",948000
"U. Wisconsin-Stevens Point",463,"institution funds",997000
"U. Wisconsin-Stevens Point",463,"business",0
"U. Wisconsin-Stevens Point",463,"nonprofit organizations",302000
"U. Wisconsin-Stevens Point",463,"all other sources",263000
"U. Northern Iowa",464,"all r d expenditures",4564000
"U. Northern Iowa",464,"federal government",2975000
"U. Northern Iowa",464,"state and local government",541000
"U. Northern Iowa",464,"institution funds",911000
"U. Northern Iowa",464,"business",0
"U. Northern Iowa",464,"nonprofit organizations",137000
"U. Northern Iowa",464,"all other sources",0
"Colby C.",465,"all r d expenditures",4454000
"Colby C.",465,"federal government",3011000
"Colby C.",465,"state and local government",0
"Colby C.",465,"institution funds",580000
"Colby C.",465,"business",0
"Colby C.",465,"nonprofit organizations",356000
"Colby C.",465,"all other sources",507000
"SUNY, C. of Optometry",466,"all r d expenditures",4423000
"SUNY, C. of Optometry",466,"federal government",2469000
"SUNY, C. of Optometry",466,"state and local government",0
"SUNY, C. of Optometry",466,"institution funds",594000
"SUNY, C. of Optometry",466,"business",1328000
"SUNY, C. of Optometry",466,"nonprofit organizations",10000
"SUNY, C. of Optometry",466,"all other sources",22000
"U. of Health Sciences and Pharmacy in St. Louis",467,"all r d expenditures",4343000
"U. of Health Sciences and Pharmacy in St. Louis",467,"federal government",3110000
"U. of Health Sciences and Pharmacy in St. Louis",467,"state and local government",0
"U. of Health Sciences and Pharmacy in St. Louis",467,"institution funds",1060000
"U. of Health Sciences and Pharmacy in St. Louis",467,"business",84000
"U. of Health Sciences and Pharmacy in St. Louis",467,"nonprofit organizations",89000
"U. of Health Sciences and Pharmacy in St. Louis",467,"all other sources",0
"CUNY, system office",468,"all r d expenditures",4296000
"CUNY, system office",468,"federal government",2901000
"CUNY, system office",468,"state and local government",413000
"CUNY, system office",468,"institution funds",730000
"CUNY, system office",468,"business",18000
"CUNY, system office",468,"nonprofit organizations",234000
"CUNY, system office",468,"all other sources",0
"Carleton C.",469,"all r d expenditures",4185000
"Carleton C.",469,"federal government",2800000
"Carleton C.",469,"state and local government",0
"Carleton C.",469,"institution funds",483000
"Carleton C.",469,"business",0
"Carleton C.",469,"nonprofit organizations",902000
"Carleton C.",469,"all other sources",0
"Alfred U.",470,"all r d expenditures",4154000
"Alfred U.",470,"federal government",1958000
"Alfred U.",470,"state and local government",1596000
"Alfred U.",470,"institution funds",242000
"Alfred U.",470,"business",330000
"Alfred U.",470,"nonprofit organizations",28000
"Alfred U.",470,"all other sources",0
"Pomona C.",471,"all r d expenditures",4149000
"Pomona C.",471,"federal government",1205000
"Pomona C.",471,"state and local government",0
"Pomona C.",471,"institution funds",2659000
"Pomona C.",471,"business",0
"Pomona C.",471,"nonprofit organizations",285000
"Pomona C.",471,"all other sources",0
"Franklin and Marshall C.",472,"all r d expenditures",4111000
"Franklin and Marshall C.",472,"federal government",1469000
"Franklin and Marshall C.",472,"state and local government",241000
"Franklin and Marshall C.",472,"institution funds",1273000
"Franklin and Marshall C.",472,"business",371000
"Franklin and Marshall C.",472,"nonprofit organizations",543000
"Franklin and Marshall C.",472,"all other sources",214000
"Trinity C., Hartford",473,"all r d expenditures",4099000
"Trinity C., Hartford",473,"federal government",687000
"Trinity C., Hartford",473,"state and local government",0
"Trinity C., Hartford",473,"institution funds",3330000
"Trinity C., Hartford",473,"business",7000
"Trinity C., Hartford",473,"nonprofit organizations",75000
"Trinity C., Hartford",473,"all other sources",0
"Haverford C.",474,"all r d expenditures",4088000
"Haverford C.",474,"federal government",2344000
"Haverford C.",474,"state and local government",0
"Haverford C.",474,"institution funds",955000
"Haverford C.",474,"business",0
"Haverford C.",474,"nonprofit organizations",270000
"Haverford C.",474,"all other sources",519000
"CUNY, Baruch C.",475,"all r d expenditures",4084000
"CUNY, Baruch C.",475,"federal government",1879000
"CUNY, Baruch C.",475,"state and local government",77000
"CUNY, Baruch C.",475,"institution funds",988000
"CUNY, Baruch C.",475,"business",91000
"CUNY, Baruch C.",475,"nonprofit organizations",785000
"CUNY, Baruch C.",475,"all other sources",264000
"Keck Graduate Institute",476,"all r d expenditures",4059000
"Keck Graduate Institute",476,"federal government",2338000
"Keck Graduate Institute",476,"state and local government",4000
"Keck Graduate Institute",476,"institution funds",388000
"Keck Graduate Institute",476,"business",634000
"Keck Graduate Institute",476,"nonprofit organizations",354000
"Keck Graduate Institute",476,"all other sources",341000
"Pace U.",477,"all r d expenditures",4056000
"Pace U.",477,"federal government",2698000
"Pace U.",477,"state and local government",20000
"Pace U.",477,"institution funds",1101000
"Pace U.",477,"business",0
"Pace U.",477,"nonprofit organizations",237000
"Pace U.",477,"all other sources",0
"California State U., Channel Islands",478,"all r d expenditures",3992000
"California State U., Channel Islands",478,"federal government",1773000
"California State U., Channel Islands",478,"state and local government",1086000
"California State U., Channel Islands",478,"institution funds",737000
"California State U., Channel Islands",478,"business",219000
"California State U., Channel Islands",478,"nonprofit organizations",177000
"California State U., Channel Islands",478,"all other sources",0
"St. John's U., New York",479,"all r d expenditures",3955000
"St. John's U., New York",479,"federal government",2792000
"St. John's U., New York",479,"state and local government",0
"St. John's U., New York",479,"institution funds",450000
"St. John's U., New York",479,"business",341000
"St. John's U., New York",479,"nonprofit organizations",232000
"St. John's U., New York",479,"all other sources",140000
"Austin Peay State U.",480,"all r d expenditures",3950000
"Austin Peay State U.",480,"federal government",1401000
"Austin Peay State U.",480,"state and local government",1385000
"Austin Peay State U.",480,"institution funds",530000
"Austin Peay State U.",480,"business",0
"Austin Peay State U.",480,"nonprofit organizations",1e+05
"Austin Peay State U.",480,"all other sources",534000
"Seattle U.",481,"all r d expenditures",3949000
"Seattle U.",481,"federal government",1165000
"Seattle U.",481,"state and local government",78000
"Seattle U.",481,"institution funds",2223000
"Seattle U.",481,"business",55000
"Seattle U.",481,"nonprofit organizations",428000
"Seattle U.",481,"all other sources",0
"Des Moines U.",482,"all r d expenditures",3932000
"Des Moines U.",482,"federal government",556000
"Des Moines U.",482,"state and local government",7000
"Des Moines U.",482,"institution funds",3225000
"Des Moines U.",482,"business",0
"Des Moines U.",482,"nonprofit organizations",144000
"Des Moines U.",482,"all other sources",0
"Western Illinois U.",483,"all r d expenditures",3824000
"Western Illinois U.",483,"federal government",3283000
"Western Illinois U.",483,"state and local government",144000
"Western Illinois U.",483,"institution funds",42000
"Western Illinois U.",483,"business",243000
"Western Illinois U.",483,"nonprofit organizations",0
"Western Illinois U.",483,"all other sources",112000
"Northern Kentucky U.",484,"all r d expenditures",3790000
"Northern Kentucky U.",484,"federal government",2413000
"Northern Kentucky U.",484,"state and local government",77000
"Northern Kentucky U.",484,"institution funds",1113000
"Northern Kentucky U.",484,"business",6000
"Northern Kentucky U.",484,"nonprofit organizations",181000
"Northern Kentucky U.",484,"all other sources",0
"Troy U.",485,"all r d expenditures",3785000
"Troy U.",485,"federal government",3069000
"Troy U.",485,"state and local government",81000
"Troy U.",485,"institution funds",398000
"Troy U.",485,"business",1000
"Troy U.",485,"nonprofit organizations",203000
"Troy U.",485,"all other sources",33000
"Citadel Military C. South Carolina",486,"all r d expenditures",3757000
"Citadel Military C. South Carolina",486,"federal government",3287000
"Citadel Military C. South Carolina",486,"state and local government",159000
"Citadel Military C. South Carolina",486,"institution funds",258000
"Citadel Military C. South Carolina",486,"business",0
"Citadel Military C. South Carolina",486,"nonprofit organizations",0
"Citadel Military C. South Carolina",486,"all other sources",53000
"Chicago State U.",487,"all r d expenditures",3756000
"Chicago State U.",487,"federal government",3756000
"Chicago State U.",487,"state and local government",0
"Chicago State U.",487,"institution funds",0
"Chicago State U.",487,"business",0
"Chicago State U.",487,"nonprofit organizations",0
"Chicago State U.",487,"all other sources",0
"Central Washington U.",488,"all r d expenditures",3683000
"Central Washington U.",488,"federal government",2499000
"Central Washington U.",488,"state and local government",650000
"Central Washington U.",488,"institution funds",282000
"Central Washington U.",488,"business",85000
"Central Washington U.",488,"nonprofit organizations",132000
"Central Washington U.",488,"all other sources",35000
"Harvey Mudd C.",489,"all r d expenditures",3682000
"Harvey Mudd C.",489,"federal government",1968000
"Harvey Mudd C.",489,"state and local government",0
"Harvey Mudd C.",489,"institution funds",1389000
"Harvey Mudd C.",489,"business",0
"Harvey Mudd C.",489,"nonprofit organizations",161000
"Harvey Mudd C.",489,"all other sources",164000
"U. Nebraska, Kearney",490,"all r d expenditures",3681000
"U. Nebraska, Kearney",490,"federal government",1739000
"U. Nebraska, Kearney",490,"state and local government",590000
"U. Nebraska, Kearney",490,"institution funds",1307000
"U. Nebraska, Kearney",490,"business",25000
"U. Nebraska, Kearney",490,"nonprofit organizations",0
"U. Nebraska, Kearney",490,"all other sources",20000
"Stephen F. Austin State U.",491,"all r d expenditures",3661000
"Stephen F. Austin State U.",491,"federal government",1098000
"Stephen F. Austin State U.",491,"state and local government",1648000
"Stephen F. Austin State U.",491,"institution funds",541000
"Stephen F. Austin State U.",491,"business",32000
"Stephen F. Austin State U.",491,"nonprofit organizations",225000
"Stephen F. Austin State U.",491,"all other sources",117000
"U. New Haven",492,"all r d expenditures",3602000
"U. New Haven",492,"federal government",2227000
"U. New Haven",492,"state and local government",629000
"U. New Haven",492,"institution funds",204000
"U. New Haven",492,"business",24000
"U. New Haven",492,"nonprofit organizations",487000
"U. New Haven",492,"all other sources",31000
"Fayetteville State U.",493,"all r d expenditures",3569000
"Fayetteville State U.",493,"federal government",1847000
"Fayetteville State U.",493,"state and local government",536000
"Fayetteville State U.",493,"institution funds",1005000
"Fayetteville State U.",493,"business",130000
"Fayetteville State U.",493,"nonprofit organizations",51000
"Fayetteville State U.",493,"all other sources",0
"Christopher Newport U.",494,"all r d expenditures",3507000
"Christopher Newport U.",494,"federal government",2055000
"Christopher Newport U.",494,"state and local government",0
"Christopher Newport U.",494,"institution funds",1218000
"Christopher Newport U.",494,"business",94000
"Christopher Newport U.",494,"nonprofit organizations",140000
"Christopher Newport U.",494,"all other sources",0
"U. Texas, Tyler",495,"all r d expenditures",3487000
"U. Texas, Tyler",495,"federal government",1652000
"U. Texas, Tyler",495,"state and local government",960000
"U. Texas, Tyler",495,"institution funds",432000
"U. Texas, Tyler",495,"business",227000
"U. Texas, Tyler",495,"nonprofit organizations",187000
"U. Texas, Tyler",495,"all other sources",29000
"New Mexico Highlands U.",496,"all r d expenditures",3468000
"New Mexico Highlands U.",496,"federal government",3416000
"New Mexico Highlands U.",496,"state and local government",0
"New Mexico Highlands U.",496,"institution funds",43000
"New Mexico Highlands U.",496,"business",0
"New Mexico Highlands U.",496,"nonprofit organizations",0
"New Mexico Highlands U.",496,"all other sources",9000
"Roger Williams U.",497,"all r d expenditures",3465000
"Roger Williams U.",497,"federal government",1973000
"Roger Williams U.",497,"state and local government",102000
"Roger Williams U.",497,"institution funds",912000
"Roger Williams U.",497,"business",72000
"Roger Williams U.",497,"nonprofit organizations",406000
"Roger Williams U.",497,"all other sources",0
"Fort Lewis C.",498,"all r d expenditures",3372000
"Fort Lewis C.",498,"federal government",2816000
"Fort Lewis C.",498,"state and local government",23000
"Fort Lewis C.",498,"institution funds",143000
"Fort Lewis C.",498,"business",6000
"Fort Lewis C.",498,"nonprofit organizations",384000
"Fort Lewis C.",498,"all other sources",0
"Bowdoin C.",499,"all r d expenditures",3339000
"Bowdoin C.",499,"federal government",2186000
"Bowdoin C.",499,"state and local government",71000
"Bowdoin C.",499,"institution funds",901000
"Bowdoin C.",499,"business",0
"Bowdoin C.",499,"nonprofit organizations",102000
"Bowdoin C.",499,"all other sources",79000
"Milwaukee School of Engineering",500,"all r d expenditures",3317000
"Milwaukee School of Engineering",500,"federal government",722000
"Milwaukee School of Engineering",500,"state and local government",0
"Milwaukee School of Engineering",500,"institution funds",71000
"Milwaukee School of Engineering",500,"business",2509000
"Milwaukee School of Engineering",500,"nonprofit organizations",15000
"Milwaukee School of Engineering",500,"all other sources",0
"Hamilton C.",501,"all r d expenditures",3285000
"Hamilton C.",501,"federal government",413000
"Hamilton C.",501,"state and local government",0
"Hamilton C.",501,"institution funds",1813000
"Hamilton C.",501,"business",0
"Hamilton C.",501,"nonprofit organizations",819000
"Hamilton C.",501,"all other sources",240000
"Youngstown State U.",502,"all r d expenditures",3244000
"Youngstown State U.",502,"federal government",2691000
"Youngstown State U.",502,"state and local government",244000
"Youngstown State U.",502,"institution funds",207000
"Youngstown State U.",502,"business",47000
"Youngstown State U.",502,"nonprofit organizations",55000
"Youngstown State U.",502,"all other sources",0
"Alabama State U.",503,"all r d expenditures",3229000
"Alabama State U.",503,"federal government",2848000
"Alabama State U.",503,"state and local government",0
"Alabama State U.",503,"institution funds",0
"Alabama State U.",503,"business",296000
"Alabama State U.",503,"nonprofit organizations",85000
"Alabama State U.",503,"all other sources",0
"Murray State U.",504,"all r d expenditures",3193000
"Murray State U.",504,"federal government",2058000
"Murray State U.",504,"state and local government",29000
"Murray State U.",504,"institution funds",993000
"Murray State U.",504,"business",79000
"Murray State U.",504,"nonprofit organizations",34000
"Murray State U.",504,"all other sources",0
"Winthrop U.",505,"all r d expenditures",3189000
"Winthrop U.",505,"federal government",2358000
"Winthrop U.",505,"state and local government",54000
"Winthrop U.",505,"institution funds",707000
"Winthrop U.",505,"business",7000
"Winthrop U.",505,"nonprofit organizations",63000
"Winthrop U.",505,"all other sources",0
"Saginaw Valley State U.",506,"all r d expenditures",3143000
"Saginaw Valley State U.",506,"federal government",2503000
"Saginaw Valley State U.",506,"state and local government",0
"Saginaw Valley State U.",506,"institution funds",476000
"Saginaw Valley State U.",506,"business",6000
"Saginaw Valley State U.",506,"nonprofit organizations",138000
"Saginaw Valley State U.",506,"all other sources",20000
"U. Central Arkansas",507,"all r d expenditures",3092000
"U. Central Arkansas",507,"federal government",1824000
"U. Central Arkansas",507,"state and local government",583000
"U. Central Arkansas",507,"institution funds",615000
"U. Central Arkansas",507,"business",40000
"U. Central Arkansas",507,"nonprofit organizations",11000
"U. Central Arkansas",507,"all other sources",19000
"U. Richmond",508,"all r d expenditures",3058000
"U. Richmond",508,"federal government",1379000
"U. Richmond",508,"state and local government",0
"U. Richmond",508,"institution funds",1218000
"U. Richmond",508,"business",0
"U. Richmond",508,"nonprofit organizations",436000
"U. Richmond",508,"all other sources",25000
"Minnesota State U., Mankato",509,"all r d expenditures",3055000
"Minnesota State U., Mankato",509,"federal government",905000
"Minnesota State U., Mankato",509,"state and local government",196000
"Minnesota State U., Mankato",509,"institution funds",1537000
"Minnesota State U., Mankato",509,"business",0
"Minnesota State U., Mankato",509,"nonprofit organizations",45000
"Minnesota State U., Mankato",509,"all other sources",372000
"Dine C.",510,"all r d expenditures",3054000
"Dine C.",510,"federal government",2255000
"Dine C.",510,"state and local government",262000
"Dine C.",510,"institution funds",223000
"Dine C.",510,"business",0
"Dine C.",510,"nonprofit organizations",314000
"Dine C.",510,"all other sources",0
"Marian U., Indianapolis",511,"all r d expenditures",3009000
"Marian U., Indianapolis",511,"federal government",918000
"Marian U., Indianapolis",511,"state and local government",0
"Marian U., Indianapolis",511,"institution funds",1709000
"Marian U., Indianapolis",511,"business",18000
"Marian U., Indianapolis",511,"nonprofit organizations",172000
"Marian U., Indianapolis",511,"all other sources",192000
"Pittsburg State U.",512,"all r d expenditures",2979000
"Pittsburg State U.",512,"federal government",1591000
"Pittsburg State U.",512,"state and local government",633000
"Pittsburg State U.",512,"institution funds",NA
"Pittsburg State U.",512,"business",755000
"Pittsburg State U.",512,"nonprofit organizations",0
"Pittsburg State U.",512,"all other sources",0
"Middlebury C.",513,"all r d expenditures",2975000
"Middlebury C.",513,"federal government",2564000
"Middlebury C.",513,"state and local government",10000
"Middlebury C.",513,"institution funds",25000
"Middlebury C.",513,"business",0
"Middlebury C.",513,"nonprofit organizations",376000
"Middlebury C.",513,"all other sources",0
"East Stroudsburg U. Pennsylvania",514,"all r d expenditures",2928000
"East Stroudsburg U. Pennsylvania",514,"federal government",909000
"East Stroudsburg U. Pennsylvania",514,"state and local government",1421000
"East Stroudsburg U. Pennsylvania",514,"institution funds",546000
"East Stroudsburg U. Pennsylvania",514,"business",0
"East Stroudsburg U. Pennsylvania",514,"nonprofit organizations",52000
"East Stroudsburg U. Pennsylvania",514,"all other sources",0
"Davidson C.",515,"all r d expenditures",2926000
"Davidson C.",515,"federal government",1340000
"Davidson C.",515,"state and local government",11000
"Davidson C.",515,"institution funds",915000
"Davidson C.",515,"business",12000
"Davidson C.",515,"nonprofit organizations",492000
"Davidson C.",515,"all other sources",156000
"U. Wisconsin-La Crosse",516,"all r d expenditures",2921000
"U. Wisconsin-La Crosse",516,"federal government",714000
"U. Wisconsin-La Crosse",516,"state and local government",804000
"U. Wisconsin-La Crosse",516,"institution funds",639000
"U. Wisconsin-La Crosse",516,"business",709000
"U. Wisconsin-La Crosse",516,"nonprofit organizations",44000
"U. Wisconsin-La Crosse",516,"all other sources",11000
"Hawaii Pacific U.",517,"all r d expenditures",2913000
"Hawaii Pacific U.",517,"federal government",1942000
"Hawaii Pacific U.",517,"state and local government",0
"Hawaii Pacific U.",517,"institution funds",179000
"Hawaii Pacific U.",517,"business",438000
"Hawaii Pacific U.",517,"nonprofit organizations",344000
"Hawaii Pacific U.",517,"all other sources",10000
"St. Cloud State U.",518,"all r d expenditures",2901000
"St. Cloud State U.",518,"federal government",689000
"St. Cloud State U.",518,"state and local government",305000
"St. Cloud State U.",518,"institution funds",719000
"St. Cloud State U.",518,"business",835000
"St. Cloud State U.",518,"nonprofit organizations",145000
"St. Cloud State U.",518,"all other sources",208000
"Touro U., California",519,"all r d expenditures",2877000
"Touro U., California",519,"federal government",1279000
"Touro U., California",519,"state and local government",0
"Touro U., California",519,"institution funds",1405000
"Touro U., California",519,"business",79000
"Touro U., California",519,"nonprofit organizations",0
"Touro U., California",519,"all other sources",114000
"Southeastern Louisiana U.",520,"all r d expenditures",2858000
"Southeastern Louisiana U.",520,"federal government",1366000
"Southeastern Louisiana U.",520,"state and local government",237000
"Southeastern Louisiana U.",520,"institution funds",758000
"Southeastern Louisiana U.",520,"business",472000
"Southeastern Louisiana U.",520,"nonprofit organizations",25000
"Southeastern Louisiana U.",520,"all other sources",0
"CUNY, New York City C. of Technology",521,"all r d expenditures",2819000
"CUNY, New York City C. of Technology",521,"federal government",2498000
"CUNY, New York City C. of Technology",521,"state and local government",30000
"CUNY, New York City C. of Technology",521,"institution funds",241000
"CUNY, New York City C. of Technology",521,"business",10000
"CUNY, New York City C. of Technology",521,"nonprofit organizations",16000
"CUNY, New York City C. of Technology",521,"all other sources",24000
"Purdue U., Fort Wayne",522,"all r d expenditures",2804000
"Purdue U., Fort Wayne",522,"federal government",226000
"Purdue U., Fort Wayne",522,"state and local government",455000
"Purdue U., Fort Wayne",522,"institution funds",1087000
"Purdue U., Fort Wayne",522,"business",172000
"Purdue U., Fort Wayne",522,"nonprofit organizations",291000
"Purdue U., Fort Wayne",522,"all other sources",573000
"U. Wisconsin-Green Bay",523,"all r d expenditures",2801000
"U. Wisconsin-Green Bay",523,"federal government",1222000
"U. Wisconsin-Green Bay",523,"state and local government",556000
"U. Wisconsin-Green Bay",523,"institution funds",868000
"U. Wisconsin-Green Bay",523,"business",52000
"U. Wisconsin-Green Bay",523,"nonprofit organizations",103000
"U. Wisconsin-Green Bay",523,"all other sources",0
"U. Wisconsin-River Falls",524,"all r d expenditures",2772000
"U. Wisconsin-River Falls",524,"federal government",551000
"U. Wisconsin-River Falls",524,"state and local government",1832000
"U. Wisconsin-River Falls",524,"institution funds",39000
"U. Wisconsin-River Falls",524,"business",213000
"U. Wisconsin-River Falls",524,"nonprofit organizations",0
"U. Wisconsin-River Falls",524,"all other sources",137000
"U. Texas of the Permian Basin",525,"all r d expenditures",2769000
"U. Texas of the Permian Basin",525,"federal government",1013000
"U. Texas of the Permian Basin",525,"state and local government",525000
"U. Texas of the Permian Basin",525,"institution funds",832000
"U. Texas of the Permian Basin",525,"business",190000
"U. Texas of the Permian Basin",525,"nonprofit organizations",7000
"U. Texas of the Permian Basin",525,"all other sources",202000
"Lewis and Clark C.",526,"all r d expenditures",2686000
"Lewis and Clark C.",526,"federal government",776000
"Lewis and Clark C.",526,"state and local government",1000
"Lewis and Clark C.",526,"institution funds",1590000
"Lewis and Clark C.",526,"business",0
"Lewis and Clark C.",526,"nonprofit organizations",319000
"Lewis and Clark C.",526,"all other sources",0
"Tougaloo C.",527,"all r d expenditures",2663000
"Tougaloo C.",527,"federal government",2643000
"Tougaloo C.",527,"state and local government",4000
"Tougaloo C.",527,"institution funds",4000
"Tougaloo C.",527,"business",4000
"Tougaloo C.",527,"nonprofit organizations",4000
"Tougaloo C.",527,"all other sources",4000
"Morehead State U.",528,"all r d expenditures",2658000
"Morehead State U.",528,"federal government",1718000
"Morehead State U.",528,"state and local government",381000
"Morehead State U.",528,"institution funds",11000
"Morehead State U.",528,"business",530000
"Morehead State U.",528,"nonprofit organizations",18000
"Morehead State U.",528,"all other sources",0
"C. New Jersey",529,"all r d expenditures",2641000
"C. New Jersey",529,"federal government",1755000
"C. New Jersey",529,"state and local government",72000
"C. New Jersey",529,"institution funds",482000
"C. New Jersey",529,"business",0
"C. New Jersey",529,"nonprofit organizations",332000
"C. New Jersey",529,"all other sources",0
"SUNY, Buffalo State U.",530,"all r d expenditures",2636000
"SUNY, Buffalo State U.",530,"federal government",1615000
"SUNY, Buffalo State U.",530,"state and local government",765000
"SUNY, Buffalo State U.",530,"institution funds",222000
"SUNY, Buffalo State U.",530,"business",0
"SUNY, Buffalo State U.",530,"nonprofit organizations",17000
"SUNY, Buffalo State U.",530,"all other sources",17000
"Bowie State U.",531,"all r d expenditures",2612000
"Bowie State U.",531,"federal government",2469000
"Bowie State U.",531,"state and local government",143000
"Bowie State U.",531,"institution funds",0
"Bowie State U.",531,"business",0
"Bowie State U.",531,"nonprofit organizations",0
"Bowie State U.",531,"all other sources",0
"Marymount U.",532,"all r d expenditures",2601000
"Marymount U.",532,"federal government",396000
"Marymount U.",532,"state and local government",29000
"Marymount U.",532,"institution funds",1983000
"Marymount U.",532,"business",0
"Marymount U.",532,"nonprofit organizations",193000
"Marymount U.",532,"all other sources",0
"Vassar C.",533,"all r d expenditures",2596000
"Vassar C.",533,"federal government",1204000
"Vassar C.",533,"state and local government",20000
"Vassar C.",533,"institution funds",872000
"Vassar C.",533,"business",0
"Vassar C.",533,"nonprofit organizations",490000
"Vassar C.",533,"all other sources",10000
"Albany C. of Pharmacy and Health Sciences",534,"all r d expenditures",2594000
"Albany C. of Pharmacy and Health Sciences",534,"federal government",1256000
"Albany C. of Pharmacy and Health Sciences",534,"state and local government",0
"Albany C. of Pharmacy and Health Sciences",534,"institution funds",882000
"Albany C. of Pharmacy and Health Sciences",534,"business",287000
"Albany C. of Pharmacy and Health Sciences",534,"nonprofit organizations",169000
"Albany C. of Pharmacy and Health Sciences",534,"all other sources",0
"SUNY, Cobleskill",535,"all r d expenditures",2566000
"SUNY, Cobleskill",535,"federal government",730000
"SUNY, Cobleskill",535,"state and local government",1832000
"SUNY, Cobleskill",535,"institution funds",0
"SUNY, Cobleskill",535,"business",4000
"SUNY, Cobleskill",535,"nonprofit organizations",0
"SUNY, Cobleskill",535,"all other sources",0
"Calvin U.",536,"all r d expenditures",2555000
"Calvin U.",536,"federal government",854000
"Calvin U.",536,"state and local government",68000
"Calvin U.",536,"institution funds",330000
"Calvin U.",536,"business",0
"Calvin U.",536,"nonprofit organizations",1060000
"Calvin U.",536,"all other sources",243000
"Eastern Washington U.",537,"all r d expenditures",2546000
"Eastern Washington U.",537,"federal government",1015000
"Eastern Washington U.",537,"state and local government",1198000
"Eastern Washington U.",537,"institution funds",NA
"Eastern Washington U.",537,"business",8000
"Eastern Washington U.",537,"nonprofit organizations",221000
"Eastern Washington U.",537,"all other sources",104000
"Lake Superior State U.",538,"all r d expenditures",2545000
"Lake Superior State U.",538,"federal government",1475000
"Lake Superior State U.",538,"state and local government",166000
"Lake Superior State U.",538,"institution funds",720000
"Lake Superior State U.",538,"business",66000
"Lake Superior State U.",538,"nonprofit organizations",37000
"Lake Superior State U.",538,"all other sources",81000
"Elon U.",539,"all r d expenditures",2544000
"Elon U.",539,"federal government",479000
"Elon U.",539,"state and local government",0
"Elon U.",539,"institution funds",1989000
"Elon U.",539,"business",0
"Elon U.",539,"nonprofit organizations",20000
"Elon U.",539,"all other sources",56000
"Western Carolina U.",540,"all r d expenditures",2543000
"Western Carolina U.",540,"federal government",1600000
"Western Carolina U.",540,"state and local government",337000
"Western Carolina U.",540,"institution funds",378000
"Western Carolina U.",540,"business",171000
"Western Carolina U.",540,"nonprofit organizations",57000
"Western Carolina U.",540,"all other sources",0
"Mount Holyoke C.",541,"all r d expenditures",2533000
"Mount Holyoke C.",541,"federal government",1612000
"Mount Holyoke C.",541,"state and local government",125000
"Mount Holyoke C.",541,"institution funds",504000
"Mount Holyoke C.",541,"business",0
"Mount Holyoke C.",541,"nonprofit organizations",292000
"Mount Holyoke C.",541,"all other sources",0
"Monmouth U.",542,"all r d expenditures",2517000
"Monmouth U.",542,"federal government",762000
"Monmouth U.",542,"state and local government",657000
"Monmouth U.",542,"institution funds",280000
"Monmouth U.",542,"business",168000
"Monmouth U.",542,"nonprofit organizations",612000
"Monmouth U.",542,"all other sources",38000
"U. Illinois, Springfield",543,"all r d expenditures",2508000
"U. Illinois, Springfield",543,"federal government",1057000
"U. Illinois, Springfield",543,"state and local government",426000
"U. Illinois, Springfield",543,"institution funds",818000
"U. Illinois, Springfield",543,"business",0
"U. Illinois, Springfield",543,"nonprofit organizations",207000
"U. Illinois, Springfield",543,"all other sources",0
"Colorado C.",544,"all r d expenditures",2498000
"Colorado C.",544,"federal government",611000
"Colorado C.",544,"state and local government",0
"Colorado C.",544,"institution funds",1e+06
"Colorado C.",544,"business",0
"Colorado C.",544,"nonprofit organizations",887000
"Colorado C.",544,"all other sources",0
"La Sierra U.",545,"all r d expenditures",2496000
"La Sierra U.",545,"federal government",1066000
"La Sierra U.",545,"state and local government",0
"La Sierra U.",545,"institution funds",734000
"La Sierra U.",545,"business",0
"La Sierra U.",545,"nonprofit organizations",696000
"La Sierra U.",545,"all other sources",0
"National Defense U.",546,"all r d expenditures",2494000
"National Defense U.",546,"federal government",2494000
"National Defense U.",546,"state and local government",0
"National Defense U.",546,"institution funds",0
"National Defense U.",546,"business",0
"National Defense U.",546,"nonprofit organizations",0
"National Defense U.",546,"all other sources",0
"New England C. of Optometry",547,"all r d expenditures",2491000
"New England C. of Optometry",547,"federal government",1946000
"New England C. of Optometry",547,"state and local government",56000
"New England C. of Optometry",547,"institution funds",30000
"New England C. of Optometry",547,"business",390000
"New England C. of Optometry",547,"nonprofit organizations",69000
"New England C. of Optometry",547,"all other sources",0
"Franklin W. Olin C. of Engineering",548,"all r d expenditures",2450000
"Franklin W. Olin C. of Engineering",548,"federal government",641000
"Franklin W. Olin C. of Engineering",548,"state and local government",0
"Franklin W. Olin C. of Engineering",548,"institution funds",639000
"Franklin W. Olin C. of Engineering",548,"business",230000
"Franklin W. Olin C. of Engineering",548,"nonprofit organizations",837000
"Franklin W. Olin C. of Engineering",548,"all other sources",103000
"Erikson Institute",549,"all r d expenditures",2414000
"Erikson Institute",549,"federal government",1245000
"Erikson Institute",549,"state and local government",0
"Erikson Institute",549,"institution funds",178000
"Erikson Institute",549,"business",0
"Erikson Institute",549,"nonprofit organizations",991000
"Erikson Institute",549,"all other sources",0
"Wheaton C., Wheaton",550,"all r d expenditures",2403000
"Wheaton C., Wheaton",550,"federal government",428000
"Wheaton C., Wheaton",550,"state and local government",0
"Wheaton C., Wheaton",550,"institution funds",966000
"Wheaton C., Wheaton",550,"business",5000
"Wheaton C., Wheaton",550,"nonprofit organizations",1004000
"Wheaton C., Wheaton",550,"all other sources",0
"Stockton U.",551,"all r d expenditures",2386000
"Stockton U.",551,"federal government",688000
"Stockton U.",551,"state and local government",711000
"Stockton U.",551,"institution funds",815000
"Stockton U.",551,"business",36000
"Stockton U.",551,"nonprofit organizations",74000
"Stockton U.",551,"all other sources",62000
"Skidmore C.",552,"all r d expenditures",2384000
"Skidmore C.",552,"federal government",1288000
"Skidmore C.",552,"state and local government",0
"Skidmore C.",552,"institution funds",510000
"Skidmore C.",552,"business",0
"Skidmore C.",552,"nonprofit organizations",586000
"Skidmore C.",552,"all other sources",0
"Hobart and William Smith Colleges",553,"all r d expenditures",2373000
"Hobart and William Smith Colleges",553,"federal government",1019000
"Hobart and William Smith Colleges",553,"state and local government",526000
"Hobart and William Smith Colleges",553,"institution funds",572000
"Hobart and William Smith Colleges",553,"business",0
"Hobart and William Smith Colleges",553,"nonprofit organizations",136000
"Hobart and William Smith Colleges",553,"all other sources",120000
"Virginia Military Institute",554,"all r d expenditures",2350000
"Virginia Military Institute",554,"federal government",1534000
"Virginia Military Institute",554,"state and local government",296000
"Virginia Military Institute",554,"institution funds",510000
"Virginia Military Institute",554,"business",0
"Virginia Military Institute",554,"nonprofit organizations",10000
"Virginia Military Institute",554,"all other sources",0
"Benedict C.",555,"all r d expenditures",2307000
"Benedict C.",555,"federal government",1665000
"Benedict C.",555,"state and local government",0
"Benedict C.",555,"institution funds",0
"Benedict C.",555,"business",635000
"Benedict C.",555,"nonprofit organizations",7000
"Benedict C.",555,"all other sources",0
"California State U., Stanislaus",556,"all r d expenditures",2305000
"California State U., Stanislaus",556,"federal government",1150000
"California State U., Stanislaus",556,"state and local government",513000
"California State U., Stanislaus",556,"institution funds",168000
"California State U., Stanislaus",556,"business",468000
"California State U., Stanislaus",556,"nonprofit organizations",6000
"California State U., Stanislaus",556,"all other sources",0
"Dillard U.",557,"all r d expenditures",2296000
"Dillard U.",557,"federal government",1228000
"Dillard U.",557,"state and local government",117000
"Dillard U.",557,"institution funds",951000
"Dillard U.",557,"business",0
"Dillard U.",557,"nonprofit organizations",0
"Dillard U.",557,"all other sources",0
"U. of St. Thomas (MN)",558,"all r d expenditures",2280000
"U. of St. Thomas (MN)",558,"federal government",531000
"U. of St. Thomas (MN)",558,"state and local government",499000
"U. of St. Thomas (MN)",558,"institution funds",578000
"U. of St. Thomas (MN)",558,"business",255000
"U. of St. Thomas (MN)",558,"nonprofit organizations",277000
"U. of St. Thomas (MN)",558,"all other sources",140000
"Furman U.",559,"all r d expenditures",2267000
"Furman U.",559,"federal government",1300000
"Furman U.",559,"state and local government",32000
"Furman U.",559,"institution funds",482000
"Furman U.",559,"business",128000
"Furman U.",559,"nonprofit organizations",308000
"Furman U.",559,"all other sources",17000
"Northeastern Illinois U.",560,"all r d expenditures",2262000
"Northeastern Illinois U.",560,"federal government",2262000
"Northeastern Illinois U.",560,"state and local government",0
"Northeastern Illinois U.",560,"institution funds",0
"Northeastern Illinois U.",560,"business",0
"Northeastern Illinois U.",560,"nonprofit organizations",0
"Northeastern Illinois U.",560,"all other sources",0
"Black Hills State U.",561,"all r d expenditures",2260000
"Black Hills State U.",561,"federal government",1918000
"Black Hills State U.",561,"state and local government",82000
"Black Hills State U.",561,"institution funds",258000
"Black Hills State U.",561,"business",0
"Black Hills State U.",561,"nonprofit organizations",2000
"Black Hills State U.",561,"all other sources",0
"Florida Polytechnic U.",561,"all r d expenditures",2260000
"Florida Polytechnic U.",561,"federal government",1172000
"Florida Polytechnic U.",561,"state and local government",141000
"Florida Polytechnic U.",561,"institution funds",723000
"Florida Polytechnic U.",561,"business",183000
"Florida Polytechnic U.",561,"nonprofit organizations",41000
"Florida Polytechnic U.",561,"all other sources",0
"U. South Carolina, Aiken",563,"all r d expenditures",2250000
"U. South Carolina, Aiken",563,"federal government",782000
"U. South Carolina, Aiken",563,"state and local government",0
"U. South Carolina, Aiken",563,"institution funds",1453000
"U. South Carolina, Aiken",563,"business",0
"U. South Carolina, Aiken",563,"nonprofit organizations",15000
"U. South Carolina, Aiken",563,"all other sources",0
"U. of the Incarnate Word",564,"all r d expenditures",2245000
"U. of the Incarnate Word",564,"federal government",1086000
"U. of the Incarnate Word",564,"state and local government",0
"U. of the Incarnate Word",564,"institution funds",1050000
"U. of the Incarnate Word",564,"business",54000
"U. of the Incarnate Word",564,"nonprofit organizations",55000
"U. of the Incarnate Word",564,"all other sources",0
"C. Wooster",565,"all r d expenditures",2209000
"C. Wooster",565,"federal government",594000
"C. Wooster",565,"state and local government",0
"C. Wooster",565,"institution funds",775000
"C. Wooster",565,"business",0
"C. Wooster",565,"nonprofit organizations",840000
"C. Wooster",565,"all other sources",0
"U. Louisiana, Monroe",566,"all r d expenditures",2203000
"U. Louisiana, Monroe",566,"federal government",1655000
"U. Louisiana, Monroe",566,"state and local government",371000
"U. Louisiana, Monroe",566,"institution funds",3000
"U. Louisiana, Monroe",566,"business",30000
"U. Louisiana, Monroe",566,"nonprofit organizations",144000
"U. Louisiana, Monroe",566,"all other sources",0
"U. Wisconsin-Eau Claire",567,"all r d expenditures",2191000
"U. Wisconsin-Eau Claire",567,"federal government",1027000
"U. Wisconsin-Eau Claire",567,"state and local government",509000
"U. Wisconsin-Eau Claire",567,"institution funds",389000
"U. Wisconsin-Eau Claire",567,"business",248000
"U. Wisconsin-Eau Claire",567,"nonprofit organizations",10000
"U. Wisconsin-Eau Claire",567,"all other sources",8000
"U. Ana G. Mendez, Gurabo",568,"all r d expenditures",2132000
"U. Ana G. Mendez, Gurabo",568,"federal government",2132000
"U. Ana G. Mendez, Gurabo",568,"state and local government",0
"U. Ana G. Mendez, Gurabo",568,"institution funds",0
"U. Ana G. Mendez, Gurabo",568,"business",0
"U. Ana G. Mendez, Gurabo",568,"nonprofit organizations",0
"U. Ana G. Mendez, Gurabo",568,"all other sources",0
"U. Houston-Clear Lake",569,"all r d expenditures",2127000
"U. Houston-Clear Lake",569,"federal government",1273000
"U. Houston-Clear Lake",569,"state and local government",251000
"U. Houston-Clear Lake",569,"institution funds",48000
"U. Houston-Clear Lake",569,"business",533000
"U. Houston-Clear Lake",569,"nonprofit organizations",22000
"U. Houston-Clear Lake",569,"all other sources",0
"Bates C.",570,"all r d expenditures",2118000
"Bates C.",570,"federal government",1455000
"Bates C.",570,"state and local government",0
"Bates C.",570,"institution funds",349000
"Bates C.",570,"business",0
"Bates C.",570,"nonprofit organizations",272000
"Bates C.",570,"all other sources",42000
"U. Wisconsin-Oshkosh",571,"all r d expenditures",2087000
"U. Wisconsin-Oshkosh",571,"federal government",1249000
"U. Wisconsin-Oshkosh",571,"state and local government",136000
"U. Wisconsin-Oshkosh",571,"institution funds",545000
"U. Wisconsin-Oshkosh",571,"business",157000
"U. Wisconsin-Oshkosh",571,"nonprofit organizations",0
"U. Wisconsin-Oshkosh",571,"all other sources",0
"U. Puerto Rico, Humacao",572,"all r d expenditures",2074000
"U. Puerto Rico, Humacao",572,"federal government",1822000
"U. Puerto Rico, Humacao",572,"state and local government",0
"U. Puerto Rico, Humacao",572,"institution funds",252000
"U. Puerto Rico, Humacao",572,"business",0
"U. Puerto Rico, Humacao",572,"nonprofit organizations",0
"U. Puerto Rico, Humacao",572,"all other sources",0
"Northwestern State U. Louisiana",573,"all r d expenditures",2057000
"Northwestern State U. Louisiana",573,"federal government",822000
"Northwestern State U. Louisiana",573,"state and local government",936000
"Northwestern State U. Louisiana",573,"institution funds",299000
"Northwestern State U. Louisiana",573,"business",0
"Northwestern State U. Louisiana",573,"nonprofit organizations",0
"Northwestern State U. Louisiana",573,"all other sources",0
"Utah Valley U.",574,"all r d expenditures",2015000
"Utah Valley U.",574,"federal government",1671000
"Utah Valley U.",574,"state and local government",279000
"Utah Valley U.",574,"institution funds",36000
"Utah Valley U.",574,"business",14000
"Utah Valley U.",574,"nonprofit organizations",15000
"Utah Valley U.",574,"all other sources",0
"Lafayette C.",575,"all r d expenditures",1991000
"Lafayette C.",575,"federal government",1141000
"Lafayette C.",575,"state and local government",23000
"Lafayette C.",575,"institution funds",687000
"Lafayette C.",575,"business",5000
"Lafayette C.",575,"nonprofit organizations",135000
"Lafayette C.",575,"all other sources",0
"U. of the Pacific",576,"all r d expenditures",1972000
"U. of the Pacific",576,"federal government",1300000
"U. of the Pacific",576,"state and local government",586000
"U. of the Pacific",576,"institution funds",NA
"U. of the Pacific",576,"business",9000
"U. of the Pacific",576,"nonprofit organizations",77000
"U. of the Pacific",576,"all other sources",0
"U. Houston-Downtown",577,"all r d expenditures",1967000
"U. Houston-Downtown",577,"federal government",1495000
"U. Houston-Downtown",577,"state and local government",183000
"U. Houston-Downtown",577,"institution funds",140000
"U. Houston-Downtown",577,"business",68000
"U. Houston-Downtown",577,"nonprofit organizations",81000
"U. Houston-Downtown",577,"all other sources",0
"SUNY, Geneseo",578,"all r d expenditures",1958000
"SUNY, Geneseo",578,"federal government",1292000
"SUNY, Geneseo",578,"state and local government",9000
"SUNY, Geneseo",578,"institution funds",491000
"SUNY, Geneseo",578,"business",0
"SUNY, Geneseo",578,"nonprofit organizations",52000
"SUNY, Geneseo",578,"all other sources",114000
"Babson C.",579,"all r d expenditures",1957000
"Babson C.",579,"federal government",224000
"Babson C.",579,"state and local government",0
"Babson C.",579,"institution funds",758000
"Babson C.",579,"business",78000
"Babson C.",579,"nonprofit organizations",131000
"Babson C.",579,"all other sources",766000
"Lipscomb U.",580,"all r d expenditures",1946000
"Lipscomb U.",580,"federal government",309000
"Lipscomb U.",580,"state and local government",0
"Lipscomb U.",580,"institution funds",1571000
"Lipscomb U.",580,"business",8000
"Lipscomb U.",580,"nonprofit organizations",58000
"Lipscomb U.",580,"all other sources",0
"Macalester C.",581,"all r d expenditures",1935000
"Macalester C.",581,"federal government",1094000
"Macalester C.",581,"state and local government",58000
"Macalester C.",581,"institution funds",508000
"Macalester C.",581,"business",0
"Macalester C.",581,"nonprofit organizations",275000
"Macalester C.",581,"all other sources",0
"Albany State U.",582,"all r d expenditures",1932000
"Albany State U.",582,"federal government",1681000
"Albany State U.",582,"state and local government",106000
"Albany State U.",582,"institution funds",0
"Albany State U.",582,"business",145000
"Albany State U.",582,"nonprofit organizations",0
"Albany State U.",582,"all other sources",0
"Ferris State U.",583,"all r d expenditures",1915000
"Ferris State U.",583,"federal government",1430000
"Ferris State U.",583,"state and local government",88000
"Ferris State U.",583,"institution funds",271000
"Ferris State U.",583,"business",53000
"Ferris State U.",583,"nonprofit organizations",73000
"Ferris State U.",583,"all other sources",0
"Liberty U.",584,"all r d expenditures",1900000
"Liberty U.",584,"federal government",532000
"Liberty U.",584,"state and local government",5000
"Liberty U.",584,"institution funds",1315000
"Liberty U.",584,"business",48000
"Liberty U.",584,"nonprofit organizations",0
"Liberty U.",584,"all other sources",0
"Union C., Schenectady",585,"all r d expenditures",1881000
"Union C., Schenectady",585,"federal government",729000
"Union C., Schenectady",585,"state and local government",0
"Union C., Schenectady",585,"institution funds",1048000
"Union C., Schenectady",585,"business",17000
"Union C., Schenectady",585,"nonprofit organizations",34000
"Union C., Schenectady",585,"all other sources",53000
"SUNY, C. Brockport",586,"all r d expenditures",1877000
"SUNY, C. Brockport",586,"federal government",813000
"SUNY, C. Brockport",586,"state and local government",155000
"SUNY, C. Brockport",586,"institution funds",610000
"SUNY, C. Brockport",586,"business",0
"SUNY, C. Brockport",586,"nonprofit organizations",290000
"SUNY, C. Brockport",586,"all other sources",9000
"Northern Michigan U.",587,"all r d expenditures",1871000
"Northern Michigan U.",587,"federal government",560000
"Northern Michigan U.",587,"state and local government",25000
"Northern Michigan U.",587,"institution funds",1079000
"Northern Michigan U.",587,"business",1000
"Northern Michigan U.",587,"nonprofit organizations",80000
"Northern Michigan U.",587,"all other sources",126000
"Alaska Pacific U.",588,"all r d expenditures",1823000
"Alaska Pacific U.",588,"federal government",627000
"Alaska Pacific U.",588,"state and local government",0
"Alaska Pacific U.",588,"institution funds",0
"Alaska Pacific U.",588,"business",1173000
"Alaska Pacific U.",588,"nonprofit organizations",0
"Alaska Pacific U.",588,"all other sources",23000
"U. Alaska, Southeast",589,"all r d expenditures",1822000
"U. Alaska, Southeast",589,"federal government",1463000
"U. Alaska, Southeast",589,"state and local government",117000
"U. Alaska, Southeast",589,"institution funds",1e+05
"U. Alaska, Southeast",589,"business",0
"U. Alaska, Southeast",589,"nonprofit organizations",105000
"U. Alaska, Southeast",589,"all other sources",37000
"Marshall B. Ketchum U.",590,"all r d expenditures",1777000
"Marshall B. Ketchum U.",590,"federal government",433000
"Marshall B. Ketchum U.",590,"state and local government",0
"Marshall B. Ketchum U.",590,"institution funds",890000
"Marshall B. Ketchum U.",590,"business",454000
"Marshall B. Ketchum U.",590,"nonprofit organizations",0
"Marshall B. Ketchum U.",590,"all other sources",0
"Nevada State C.",591,"all r d expenditures",1744000
"Nevada State C.",591,"federal government",1711000
"Nevada State C.",591,"state and local government",33000
"Nevada State C.",591,"institution funds",0
"Nevada State C.",591,"business",0
"Nevada State C.",591,"nonprofit organizations",0
"Nevada State C.",591,"all other sources",0
"Palmer C. of Chiropractic, Davenport",592,"all r d expenditures",1725000
"Palmer C. of Chiropractic, Davenport",592,"federal government",1500000
"Palmer C. of Chiropractic, Davenport",592,"state and local government",0
"Palmer C. of Chiropractic, Davenport",592,"institution funds",225000
"Palmer C. of Chiropractic, Davenport",592,"business",0
"Palmer C. of Chiropractic, Davenport",592,"nonprofit organizations",0
"Palmer C. of Chiropractic, Davenport",592,"all other sources",0
"Drake U.",593,"all r d expenditures",1724000
"Drake U.",593,"federal government",954000
"Drake U.",593,"state and local government",368000
"Drake U.",593,"institution funds",340000
"Drake U.",593,"business",34000
"Drake U.",593,"nonprofit organizations",26000
"Drake U.",593,"all other sources",2000
"St. Olaf C.",593,"all r d expenditures",1724000
"St. Olaf C.",593,"federal government",933000
"St. Olaf C.",593,"state and local government",0
"St. Olaf C.",593,"institution funds",686000
"St. Olaf C.",593,"business",0
"St. Olaf C.",593,"nonprofit organizations",105000
"St. Olaf C.",593,"all other sources",0
"SUNY, C. Plattsburgh",595,"all r d expenditures",1722000
"SUNY, C. Plattsburgh",595,"federal government",1121000
"SUNY, C. Plattsburgh",595,"state and local government",0
"SUNY, C. Plattsburgh",595,"institution funds",530000
"SUNY, C. Plattsburgh",595,"business",0
"SUNY, C. Plattsburgh",595,"nonprofit organizations",69000
"SUNY, C. Plattsburgh",595,"all other sources",2000
"CUNY, York C.",596,"all r d expenditures",1711000
"CUNY, York C.",596,"federal government",1504000
"CUNY, York C.",596,"state and local government",0
"CUNY, York C.",596,"institution funds",159000
"CUNY, York C.",596,"business",0
"CUNY, York C.",596,"nonprofit organizations",48000
"CUNY, York C.",596,"all other sources",0
"Savannah State U.",597,"all r d expenditures",1706000
"Savannah State U.",597,"federal government",1675000
"Savannah State U.",597,"state and local government",18000
"Savannah State U.",597,"institution funds",0
"Savannah State U.",597,"business",0
"Savannah State U.",597,"nonprofit organizations",13000
"Savannah State U.",597,"all other sources",0
"U. North Georgia",598,"all r d expenditures",1643000
"U. North Georgia",598,"federal government",477000
"U. North Georgia",598,"state and local government",131000
"U. North Georgia",598,"institution funds",871000
"U. North Georgia",598,"business",7000
"U. North Georgia",598,"nonprofit organizations",157000
"U. North Georgia",598,"all other sources",0
"Elizabeth City State U.",599,"all r d expenditures",1641000
"Elizabeth City State U.",599,"federal government",1093000
"Elizabeth City State U.",599,"state and local government",403000
"Elizabeth City State U.",599,"institution funds",NA
"Elizabeth City State U.",599,"business",145000
"Elizabeth City State U.",599,"nonprofit organizations",0
"Elizabeth City State U.",599,"all other sources",0
"Lincoln Memorial U.",599,"all r d expenditures",1641000
"Lincoln Memorial U.",599,"federal government",2000
"Lincoln Memorial U.",599,"state and local government",0
"Lincoln Memorial U.",599,"institution funds",1589000
"Lincoln Memorial U.",599,"business",4000
"Lincoln Memorial U.",599,"nonprofit organizations",46000
"Lincoln Memorial U.",599,"all other sources",0
"Norwich U.",601,"all r d expenditures",1637000
"Norwich U.",601,"federal government",1366000
"Norwich U.",601,"state and local government",5000
"Norwich U.",601,"institution funds",261000
"Norwich U.",601,"business",0
"Norwich U.",601,"nonprofit organizations",5000
"Norwich U.",601,"all other sources",0
"Colorado State U., Pueblo",602,"all r d expenditures",1624000
"Colorado State U., Pueblo",602,"federal government",952000
"Colorado State U., Pueblo",602,"state and local government",199000
"Colorado State U., Pueblo",602,"institution funds",347000
"Colorado State U., Pueblo",602,"business",0
"Colorado State U., Pueblo",602,"nonprofit organizations",0
"Colorado State U., Pueblo",602,"all other sources",126000
"U. Puget Sound",603,"all r d expenditures",1613000
"U. Puget Sound",603,"federal government",1300000
"U. Puget Sound",603,"state and local government",0
"U. Puget Sound",603,"institution funds",138000
"U. Puget Sound",603,"business",0
"U. Puget Sound",603,"nonprofit organizations",175000
"U. Puget Sound",603,"all other sources",0
"Johnson C. Smith U.",604,"all r d expenditures",1602000
"Johnson C. Smith U.",604,"federal government",1554000
"Johnson C. Smith U.",604,"state and local government",0
"Johnson C. Smith U.",604,"institution funds",48000
"Johnson C. Smith U.",604,"business",0
"Johnson C. Smith U.",604,"nonprofit organizations",0
"Johnson C. Smith U.",604,"all other sources",0
"SUNY, Oswego",605,"all r d expenditures",1595000
"SUNY, Oswego",605,"federal government",894000
"SUNY, Oswego",605,"state and local government",49000
"SUNY, Oswego",605,"institution funds",595000
"SUNY, Oswego",605,"business",1000
"SUNY, Oswego",605,"nonprofit organizations",32000
"SUNY, Oswego",605,"all other sources",24000
"Indiana U., South Bend",606,"all r d expenditures",1593000
"Indiana U., South Bend",606,"federal government",420000
"Indiana U., South Bend",606,"state and local government",3000
"Indiana U., South Bend",606,"institution funds",875000
"Indiana U., South Bend",606,"business",0
"Indiana U., South Bend",606,"nonprofit organizations",295000
"Indiana U., South Bend",606,"all other sources",0
"Texas A&M U.-San Antonio",606,"all r d expenditures",1593000
"Texas A&M U.-San Antonio",606,"federal government",1233000
"Texas A&M U.-San Antonio",606,"state and local government",51000
"Texas A&M U.-San Antonio",606,"institution funds",51000
"Texas A&M U.-San Antonio",606,"business",4000
"Texas A&M U.-San Antonio",606,"nonprofit organizations",224000
"Texas A&M U.-San Antonio",606,"all other sources",30000
"Bentley U.",608,"all r d expenditures",1589000
"Bentley U.",608,"federal government",802000
"Bentley U.",608,"state and local government",0
"Bentley U.",608,"institution funds",0
"Bentley U.",608,"business",18000
"Bentley U.",608,"nonprofit organizations",751000
"Bentley U.",608,"all other sources",18000
"Whitman C.",609,"all r d expenditures",1568000
"Whitman C.",609,"federal government",449000
"Whitman C.",609,"state and local government",0
"Whitman C.",609,"institution funds",676000
"Whitman C.",609,"business",0
"Whitman C.",609,"nonprofit organizations",443000
"Whitman C.",609,"all other sources",0
"Merrimack C.",610,"all r d expenditures",1560000
"Merrimack C.",610,"federal government",892000
"Merrimack C.",610,"state and local government",0
"Merrimack C.",610,"institution funds",336000
"Merrimack C.",610,"business",0
"Merrimack C.",610,"nonprofit organizations",247000
"Merrimack C.",610,"all other sources",85000
"Pratt Institute",611,"all r d expenditures",1558000
"Pratt Institute",611,"federal government",50000
"Pratt Institute",611,"state and local government",878000
"Pratt Institute",611,"institution funds",0
"Pratt Institute",611,"business",0
"Pratt Institute",611,"nonprofit organizations",630000
"Pratt Institute",611,"all other sources",0
"Willamette U.",612,"all r d expenditures",1542000
"Willamette U.",612,"federal government",490000
"Willamette U.",612,"state and local government",0
"Willamette U.",612,"institution funds",961000
"Willamette U.",612,"business",0
"Willamette U.",612,"nonprofit organizations",91000
"Willamette U.",612,"all other sources",0
"U. Hartford",613,"all r d expenditures",1533000
"U. Hartford",613,"federal government",1269000
"U. Hartford",613,"state and local government",8000
"U. Hartford",613,"institution funds",203000
"U. Hartford",613,"business",3000
"U. Hartford",613,"nonprofit organizations",50000
"U. Hartford",613,"all other sources",0
"U. Puerto Rico, Cayey",614,"all r d expenditures",1519000
"U. Puerto Rico, Cayey",614,"federal government",733000
"U. Puerto Rico, Cayey",614,"state and local government",0
"U. Puerto Rico, Cayey",614,"institution funds",412000
"U. Puerto Rico, Cayey",614,"business",0
"U. Puerto Rico, Cayey",614,"nonprofit organizations",374000
"U. Puerto Rico, Cayey",614,"all other sources",0
"Hartford International U. for Religion and Peace",615,"all r d expenditures",1485000
"Hartford International U. for Religion and Peace",615,"federal government",0
"Hartford International U. for Religion and Peace",615,"state and local government",0
"Hartford International U. for Religion and Peace",615,"institution funds",0
"Hartford International U. for Religion and Peace",615,"business",0
"Hartford International U. for Religion and Peace",615,"nonprofit organizations",1485000
"Hartford International U. for Religion and Peace",615,"all other sources",0
"Fairfield U.",616,"all r d expenditures",1484000
"Fairfield U.",616,"federal government",180000
"Fairfield U.",616,"state and local government",0
"Fairfield U.",616,"institution funds",751000
"Fairfield U.",616,"business",0
"Fairfield U.",616,"nonprofit organizations",553000
"Fairfield U.",616,"all other sources",0
"U. Wisconsin-Platteville",617,"all r d expenditures",1481000
"U. Wisconsin-Platteville",617,"federal government",465000
"U. Wisconsin-Platteville",617,"state and local government",378000
"U. Wisconsin-Platteville",617,"institution funds",249000
"U. Wisconsin-Platteville",617,"business",339000
"U. Wisconsin-Platteville",617,"nonprofit organizations",39000
"U. Wisconsin-Platteville",617,"all other sources",11000
"Saint John's U.",618,"all r d expenditures",1479000
"Saint John's U.",618,"federal government",0
"Saint John's U.",618,"state and local government",0
"Saint John's U.",618,"institution funds",1479000
"Saint John's U.",618,"business",0
"Saint John's U.",618,"nonprofit organizations",0
"Saint John's U.",618,"all other sources",0
"U. South Carolina, Beaufort",619,"all r d expenditures",1466000
"U. South Carolina, Beaufort",619,"federal government",889000
"U. South Carolina, Beaufort",619,"state and local government",43000
"U. South Carolina, Beaufort",619,"institution funds",417000
"U. South Carolina, Beaufort",619,"business",0
"U. South Carolina, Beaufort",619,"nonprofit organizations",117000
"U. South Carolina, Beaufort",619,"all other sources",0
"Biola U.",620,"all r d expenditures",1461000
"Biola U.",620,"federal government",0
"Biola U.",620,"state and local government",0
"Biola U.",620,"institution funds",9000
"Biola U.",620,"business",0
"Biola U.",620,"nonprofit organizations",1298000
"Biola U.",620,"all other sources",154000
"West Virginia School of Osteopathic Medicine",621,"all r d expenditures",1459000
"West Virginia School of Osteopathic Medicine",621,"federal government",5e+05
"West Virginia School of Osteopathic Medicine",621,"state and local government",12000
"West Virginia School of Osteopathic Medicine",621,"institution funds",947000
"West Virginia School of Osteopathic Medicine",621,"business",0
"West Virginia School of Osteopathic Medicine",621,"nonprofit organizations",0
"West Virginia School of Osteopathic Medicine",621,"all other sources",0
"Eastern Connecticut State U.",622,"all r d expenditures",1449000
"Eastern Connecticut State U.",622,"federal government",210000
"Eastern Connecticut State U.",622,"state and local government",0
"Eastern Connecticut State U.",622,"institution funds",1239000
"Eastern Connecticut State U.",622,"business",0
"Eastern Connecticut State U.",622,"nonprofit organizations",0
"Eastern Connecticut State U.",622,"all other sources",0
"Eastern Kentucky U.",623,"all r d expenditures",1446000
"Eastern Kentucky U.",623,"federal government",798000
"Eastern Kentucky U.",623,"state and local government",124000
"Eastern Kentucky U.",623,"institution funds",468000
"Eastern Kentucky U.",623,"business",56000
"Eastern Kentucky U.",623,"nonprofit organizations",0
"Eastern Kentucky U.",623,"all other sources",0
"Northland C.",624,"all r d expenditures",1442000
"Northland C.",624,"federal government",880000
"Northland C.",624,"state and local government",40000
"Northland C.",624,"institution funds",222000
"Northland C.",624,"business",0
"Northland C.",624,"nonprofit organizations",3e+05
"Northland C.",624,"all other sources",0
"Connecticut C.",625,"all r d expenditures",1440000
"Connecticut C.",625,"federal government",648000
"Connecticut C.",625,"state and local government",0
"Connecticut C.",625,"institution funds",575000
"Connecticut C.",625,"business",0
"Connecticut C.",625,"nonprofit organizations",211000
"Connecticut C.",625,"all other sources",6000
"Robert Morris U.",626,"all r d expenditures",1419000
"Robert Morris U.",626,"federal government",664000
"Robert Morris U.",626,"state and local government",79000
"Robert Morris U.",626,"institution funds",632000
"Robert Morris U.",626,"business",22000
"Robert Morris U.",626,"nonprofit organizations",22000
"Robert Morris U.",626,"all other sources",0
"Claflin U.",627,"all r d expenditures",1418000
"Claflin U.",627,"federal government",1418000
"Claflin U.",627,"state and local government",0
"Claflin U.",627,"institution funds",0
"Claflin U.",627,"business",0
"Claflin U.",627,"nonprofit organizations",0
"Claflin U.",627,"all other sources",0
"Oberlin C.",628,"all r d expenditures",1408000
"Oberlin C.",628,"federal government",880000
"Oberlin C.",628,"state and local government",9000
"Oberlin C.",628,"institution funds",463000
"Oberlin C.",628,"business",1000
"Oberlin C.",628,"nonprofit organizations",55000
"Oberlin C.",628,"all other sources",0
"C. of Saint Benedict",629,"all r d expenditures",1400000
"C. of Saint Benedict",629,"federal government",58000
"C. of Saint Benedict",629,"state and local government",0
"C. of Saint Benedict",629,"institution funds",1342000
"C. of Saint Benedict",629,"business",0
"C. of Saint Benedict",629,"nonprofit organizations",0
"C. of Saint Benedict",629,"all other sources",0
"Butler U.",630,"all r d expenditures",1396000
"Butler U.",630,"federal government",1077000
"Butler U.",630,"state and local government",0
"Butler U.",630,"institution funds",199000
"Butler U.",630,"business",20000
"Butler U.",630,"nonprofit organizations",1e+05
"Butler U.",630,"all other sources",0
"United Tribes Technical C.",631,"all r d expenditures",1387000
"United Tribes Technical C.",631,"federal government",1337000
"United Tribes Technical C.",631,"state and local government",19000
"United Tribes Technical C.",631,"institution funds",0
"United Tribes Technical C.",631,"business",0
"United Tribes Technical C.",631,"nonprofit organizations",31000
"United Tribes Technical C.",631,"all other sources",0
"U. Hawaii, Maui C.",632,"all r d expenditures",1376000
"U. Hawaii, Maui C.",632,"federal government",1234000
"U. Hawaii, Maui C.",632,"state and local government",0
"U. Hawaii, Maui C.",632,"institution funds",117000
"U. Hawaii, Maui C.",632,"business",0
"U. Hawaii, Maui C.",632,"nonprofit organizations",25000
"U. Hawaii, Maui C.",632,"all other sources",0
"Kenyon C.",633,"all r d expenditures",1371000
"Kenyon C.",633,"federal government",1092000
"Kenyon C.",633,"state and local government",0
"Kenyon C.",633,"institution funds",147000
"Kenyon C.",633,"business",0
"Kenyon C.",633,"nonprofit organizations",132000
"Kenyon C.",633,"all other sources",0
"National U. of Natural Medicine",634,"all r d expenditures",1336000
"National U. of Natural Medicine",634,"federal government",862000
"National U. of Natural Medicine",634,"state and local government",0
"National U. of Natural Medicine",634,"institution funds",305000
"National U. of Natural Medicine",634,"business",169000
"National U. of Natural Medicine",634,"nonprofit organizations",0
"National U. of Natural Medicine",634,"all other sources",0
"St. Edward's U.",635,"all r d expenditures",1334000
"St. Edward's U.",635,"federal government",315000
"St. Edward's U.",635,"state and local government",186000
"St. Edward's U.",635,"institution funds",762000
"St. Edward's U.",635,"business",0
"St. Edward's U.",635,"nonprofit organizations",71000
"St. Edward's U.",635,"all other sources",0
"Indiana State U.",636,"all r d expenditures",1327000
"Indiana State U.",636,"federal government",980000
"Indiana State U.",636,"state and local government",83000
"Indiana State U.",636,"institution funds",212000
"Indiana State U.",636,"business",32000
"Indiana State U.",636,"nonprofit organizations",11000
"Indiana State U.",636,"all other sources",9000
"Arcadia U.",637,"all r d expenditures",1321000
"Arcadia U.",637,"federal government",772000
"Arcadia U.",637,"state and local government",182000
"Arcadia U.",637,"institution funds",0
"Arcadia U.",637,"business",0
"Arcadia U.",637,"nonprofit organizations",367000
"Arcadia U.",637,"all other sources",0
"Radford U.",638,"all r d expenditures",1315000
"Radford U.",638,"federal government",109000
"Radford U.",638,"state and local government",135000
"Radford U.",638,"institution funds",903000
"Radford U.",638,"business",13000
"Radford U.",638,"nonprofit organizations",155000
"Radford U.",638,"all other sources",0
"Andrews U.",639,"all r d expenditures",1255000
"Andrews U.",639,"federal government",445000
"Andrews U.",639,"state and local government",0
"Andrews U.",639,"institution funds",721000
"Andrews U.",639,"business",0
"Andrews U.",639,"nonprofit organizations",89000
"Andrews U.",639,"all other sources",0
"Heidelberg U.",640,"all r d expenditures",1254000
"Heidelberg U.",640,"federal government",197000
"Heidelberg U.",640,"state and local government",799000
"Heidelberg U.",640,"institution funds",243000
"Heidelberg U.",640,"business",0
"Heidelberg U.",640,"nonprofit organizations",15000
"Heidelberg U.",640,"all other sources",0
"Manhattan C.",641,"all r d expenditures",1250000
"Manhattan C.",641,"federal government",422000
"Manhattan C.",641,"state and local government",222000
"Manhattan C.",641,"institution funds",460000
"Manhattan C.",641,"business",146000
"Manhattan C.",641,"nonprofit organizations",0
"Manhattan C.",641,"all other sources",0
"U. Virginia's C. Wise",642,"all r d expenditures",1223000
"U. Virginia's C. Wise",642,"federal government",447000
"U. Virginia's C. Wise",642,"state and local government",367000
"U. Virginia's C. Wise",642,"institution funds",333000
"U. Virginia's C. Wise",642,"business",0
"U. Virginia's C. Wise",642,"nonprofit organizations",69000
"U. Virginia's C. Wise",642,"all other sources",7000
"Pennsylvania State U., Altoona",643,"all r d expenditures",1215000
"Pennsylvania State U., Altoona",643,"federal government",297000
"Pennsylvania State U., Altoona",643,"state and local government",6000
"Pennsylvania State U., Altoona",643,"institution funds",666000
"Pennsylvania State U., Altoona",643,"business",91000
"Pennsylvania State U., Altoona",643,"nonprofit organizations",144000
"Pennsylvania State U., Altoona",643,"all other sources",11000
"U. Scranton",644,"all r d expenditures",1169000
"U. Scranton",644,"federal government",866000
"U. Scranton",644,"state and local government",2000
"U. Scranton",644,"institution funds",212000
"U. Scranton",644,"business",20000
"U. Scranton",644,"nonprofit organizations",69000
"U. Scranton",644,"all other sources",0
"Ursinus C.",645,"all r d expenditures",1150000
"Ursinus C.",645,"federal government",942000
"Ursinus C.",645,"state and local government",112000
"Ursinus C.",645,"institution funds",0
"Ursinus C.",645,"business",0
"Ursinus C.",645,"nonprofit organizations",96000
"Ursinus C.",645,"all other sources",0
"U. of Mary Washington",646,"all r d expenditures",1115000
"U. of Mary Washington",646,"federal government",406000
"U. of Mary Washington",646,"state and local government",57000
"U. of Mary Washington",646,"institution funds",548000
"U. of Mary Washington",646,"business",0
"U. of Mary Washington",646,"nonprofit organizations",79000
"U. of Mary Washington",646,"all other sources",25000
"Western New England U.",646,"all r d expenditures",1115000
"Western New England U.",646,"federal government",538000
"Western New England U.",646,"state and local government",54000
"Western New England U.",646,"institution funds",302000
"Western New England U.",646,"business",89000
"Western New England U.",646,"nonprofit organizations",132000
"Western New England U.",646,"all other sources",0
"Gettysburg C.",648,"all r d expenditures",1099000
"Gettysburg C.",648,"federal government",517000
"Gettysburg C.",648,"state and local government",0
"Gettysburg C.",648,"institution funds",146000
"Gettysburg C.",648,"business",0
"Gettysburg C.",648,"nonprofit organizations",204000
"Gettysburg C.",648,"all other sources",232000
"New C. Florida",649,"all r d expenditures",1080000
"New C. Florida",649,"federal government",146000
"New C. Florida",649,"state and local government",0
"New C. Florida",649,"institution funds",367000
"New C. Florida",649,"business",425000
"New C. Florida",649,"nonprofit organizations",142000
"New C. Florida",649,"all other sources",0
"Southern U., New Orleans",650,"all r d expenditures",1004000
"Southern U., New Orleans",650,"federal government",536000
"Southern U., New Orleans",650,"state and local government",460000
"Southern U., New Orleans",650,"institution funds",0
"Southern U., New Orleans",650,"business",8000
"Southern U., New Orleans",650,"nonprofit organizations",0
"Southern U., New Orleans",650,"all other sources",0
"Gustavus Adolphus C.",651,"all r d expenditures",969000
"Gustavus Adolphus C.",651,"federal government",467000
"Gustavus Adolphus C.",651,"state and local government",9000
"Gustavus Adolphus C.",651,"institution funds",107000
"Gustavus Adolphus C.",651,"business",181000
"Gustavus Adolphus C.",651,"nonprofit organizations",54000
"Gustavus Adolphus C.",651,"all other sources",151000
"Central Connecticut State U.",652,"all r d expenditures",934000
"Central Connecticut State U.",652,"federal government",393000
"Central Connecticut State U.",652,"state and local government",51000
"Central Connecticut State U.",652,"institution funds",480000
"Central Connecticut State U.",652,"business",0
"Central Connecticut State U.",652,"nonprofit organizations",2000
"Central Connecticut State U.",652,"all other sources",8000
"Canisius U.",653,"all r d expenditures",905000
"Canisius U.",653,"federal government",411000
"Canisius U.",653,"state and local government",0
"Canisius U.",653,"institution funds",0
"Canisius U.",653,"business",0
"Canisius U.",653,"nonprofit organizations",494000
"Canisius U.",653,"all other sources",0
"Ithaca C.",654,"all r d expenditures",861000
"Ithaca C.",654,"federal government",453000
"Ithaca C.",654,"state and local government",130000
"Ithaca C.",654,"institution funds",178000
"Ithaca C.",654,"business",0
"Ithaca C.",654,"nonprofit organizations",42000
"Ithaca C.",654,"all other sources",58000
"Rhode Island C.",655,"all r d expenditures",839000
"Rhode Island C.",655,"federal government",786000
"Rhode Island C.",655,"state and local government",0
"Rhode Island C.",655,"institution funds",NA
"Rhode Island C.",655,"business",0
"Rhode Island C.",655,"nonprofit organizations",53000
"Rhode Island C.",655,"all other sources",0
"Framingham State U.",656,"all r d expenditures",735000
"Framingham State U.",656,"federal government",7e+05
"Framingham State U.",656,"state and local government",0
"Framingham State U.",656,"institution funds",35000
"Framingham State U.",656,"business",0
"Framingham State U.",656,"nonprofit organizations",0
"Framingham State U.",656,"all other sources",0
"U.S. Coast Guard Academy",657,"all r d expenditures",689000
"U.S. Coast Guard Academy",657,"federal government",278000
"U.S. Coast Guard Academy",657,"state and local government",0
"U.S. Coast Guard Academy",657,"institution funds",287000
"U.S. Coast Guard Academy",657,"business",0
"U.S. Coast Guard Academy",657,"nonprofit organizations",124000
"U.S. Coast Guard Academy",657,"all other sources",0
"U. Puerto Rico, Ponce",658,"all r d expenditures",659000
"U. Puerto Rico, Ponce",658,"federal government",510000
"U. Puerto Rico, Ponce",658,"state and local government",0
"U. Puerto Rico, Ponce",658,"institution funds",149000
"U. Puerto Rico, Ponce",658,"business",0
"U. Puerto Rico, Ponce",658,"nonprofit organizations",0
"U. Puerto Rico, Ponce",658,"all other sources",0
"Lincoln U.",659,"all r d expenditures",628000
"Lincoln U.",659,"federal government",430000
"Lincoln U.",659,"state and local government",126000
"Lincoln U.",659,"institution funds",0
"Lincoln U.",659,"business",0
"Lincoln U.",659,"nonprofit organizations",72000
"Lincoln U.",659,"all other sources",0
"Bryant U.",660,"all r d expenditures",558000
"Bryant U.",660,"federal government",436000
"Bryant U.",660,"state and local government",0
"Bryant U.",660,"institution funds",122000
"Bryant U.",660,"business",0
"Bryant U.",660,"nonprofit organizations",0
"Bryant U.",660,"all other sources",0
"William Paterson U.",661,"all r d expenditures",533000
"William Paterson U.",661,"federal government",168000
"William Paterson U.",661,"state and local government",0
"William Paterson U.",661,"institution funds",350000
"William Paterson U.",661,"business",4000
"William Paterson U.",661,"nonprofit organizations",11000
"William Paterson U.",661,"all other sources",0
"Grambling State U.",662,"all r d expenditures",449000
"Grambling State U.",662,"federal government",377000
"Grambling State U.",662,"state and local government",52000
"Grambling State U.",662,"institution funds",20000
"Grambling State U.",662,"business",0
"Grambling State U.",662,"nonprofit organizations",0
"Grambling State U.",662,"all other sources",0
"Albion C.",663,"all r d expenditures",276000
"Albion C.",663,"federal government",226000
"Albion C.",663,"state and local government",0
"Albion C.",663,"institution funds",0
"Albion C.",663,"business",50000
"Albion C.",663,"nonprofit organizations",0
"Albion C.",663,"all other sources",0
"St. Mary's C. Maryland",664,"all r d expenditures",205000
"St. Mary's C. Maryland",664,"federal government",152000
"St. Mary's C. Maryland",664,"state and local government",31000
"St. Mary's C. Maryland",664,"institution funds",0
"St. Mary's C. Maryland",664,"business",0
"St. Mary's C. Maryland",664,"nonprofit organizations",22000
"St. Mary's C. Maryland",664,"all other sources",0
