"institution","year","measure_type","dollars","rank"
"All institutions",2010,"Federal",37477582000,1
"Johns Hopkins U",2010,"Federal",1737261000,2
"All other surveyed institutions",2010,"Federal",1316084000,3
"U. Washington, Seattle",2010,"Federal",829885000,4
"U. Michigan, Ann Arbor",2010,"Federal",747778000,5
"U. Pennsylvania",2010,"Federal",642180000,6
"U. Pittsburgh, Pittsburgh",2010,"Federal",594675000,7
"Stanford U.",2010,"Federal",593016000,8
"U. California, San Diego",2010,"Federal",580279000,9
"Columbia U. in the City of New York",2010,"Federal",572213000,10
"U. North Carolina, Chapel Hill",2010,"Federal",545993000,11
"U. Wisconsin-Madison",2010,"Federal",545189000,12
"U. California, Los Angeles",2010,"Federal",538521000,13
"U. California, San Francisco",2010,"Federal",514693000,14
"Duke U.",2010,"Federal",514084000,15
"Yale U.",2010,"Federal",475794000,16
"Harvard U.",2010,"Federal",474899000,17
"Washington U., Saint Louis",2010,"Federal",468642000,18
"Pennsylvania State U., University Park and Hershey Medical Center",2010,"Federal",464750000,19
"Massachusetts Institute of Technology",2010,"Federal",457575000,20
"Cornell U.",2010,"Federal",448085000,21
"U. Minnesota, Twin Cities",2010,"Federal",426359000,22
"U. Southern California",2010,"Federal",408564000,23
"Ohio State U.",2010,"Federal",399942000,24
"Vanderbilt U. and Vanderbilt U. Medical Center",2010,"Federal",397656000,25
"Georgia Institute of Technology",2010,"Federal",372122000,26
"Northwestern U.",2010,"Federal",360980000,27
"U. Chicago",2010,"Federal",352728000,28
"U. Texas, Austin",2010,"Federal",350308000,29
"Emory U.",2010,"Federal",336986000,30
"Case Western Reserve U.",2010,"Federal",333689000,31
"U. California, Davis",2010,"Federal",332325000,32
"California Institute of Technology",2010,"Federal",328522000,33
"U. Alabama, Birmingham",2010,"Federal",325103000,34
"U. Rochester",2010,"Federal",322048000,35
"Scripps Research Institute",2010,"Federal",313746000,36
"U. California, Berkeley",2010,"Federal",312789000,37
"U. Arizona",2010,"Federal",308157000,38
"U. Illinois, Urbana-Champaign",2010,"Federal",303852000,39
"Icahn School of Medicine at Mount Sinai",2010,"Federal",302770000,40
"Boston U.",2010,"Federal",302411000,41
"U. Colorado Boulder",2010,"Federal",292030000,42
"Texas A&M U., College Station and Health Science Center",2010,"Federal",288173000,43
"Baylor C. of Medicine",2010,"Federal",284072000,44
"U. Iowa",2010,"Federal",282465000,45
"U. Florida",2010,"Federal",279649000,46
"U. Cincinnati",2010,"Federal",262513000,47
"New York U.",2010,"Federal",260463000,48
"Oregon Health and Science U.",2010,"Federal",247054000,49
"U. South Floridae",2010,"Federal",243017000,50
"Purdue U., West Lafayette",2010,"Federal",232564000,51
"U. Illinois, Chicago",2010,"Federal",232380000,52
"U. Texas Southwestern Medical Center",2010,"Federal",232027000,53
"U. Virginia, Charlottesville",2010,"Federal",228917000,54
"U. Utah",2010,"Federal",227021000,55
"Rutgers, State U. New Jersey, New Brunswick",2010,"Federal",224894000,56
"Michigan State U.",2010,"Federal",214134000,57
"Colorado State U., Fort Collins",2010,"Federal",211297000,58
"U. Texas M. D. Anderson Cancer Center",2010,"Federal",206664000,59
"U. Miami",2010,"Federal",197824000,60
"U. Hawaii, Manoa",2010,"Federal",196275000,61
"U. California, Irvine",2010,"Federal",194559000,62
"Carnegie Mellon U.",2010,"Federal",179386000,63
"U. Massachusetts, Medical School",2010,"Federal",178293000,64
"Arizona State U.",2010,"Federal",172202000,65
"U. Kentucky",2010,"Federal",171528000,66
"SUNY, U. Buffalo",2010,"Federal",167099000,67
"Yeshiva U.",2010,"Federal",163399000,68
"Virginia Polytechnic Institute and State U.",2010,"Federal",162566000,69
"Wake Forest U.",2010,"Federal",159084000,70
"Woods Hole Oceanographic Institution",2010,"Federal",153066000,71
"U. Texas Health Science Center, Houston",2010,"Federal",150324000,72
"Princeton U.",2010,"Federal",150261000,73
"Indiana U.-Purdue U., Indianapolis",2010,"Federal",148672000,74
"U. New Mexico",2010,"Federal",148216000,75
"U. Kansas",2010,"Federal",147598000,76
"Virginia Commonwealth U.",2010,"Federal",144138000,77
"North Carolina State U.",2010,"Federal",139096000,78
"Oregon State U.",2010,"Federal",135886000,79
"Florida State U.",2010,"Federal",134794000,80
"U. Connecticut",2010,"Federal",132169000,81
"Wayne State U.",2010,"Federal",132166000,82
"Medical U. South Carolina",2010,"Federal",131650000,83
"U. California, Santa Barbara",2010,"Federal",129457000,84
"U. Texas Medical Branch",2010,"Federal",128840000,85
"Brown U.",2010,"Federal",127087000,86
"U. South Carolina, Columbia",2010,"Federal",125501000,87
"SUNY, U. Albany",2010,"Federal",124324000,88
"George Washington U.",2010,"Federal",122357000,89
"Medical C. Wisconsin",2010,"Federal",121750000,90
"U. Texas Health Science Center, San Antonio",2010,"Federal",121723000,91
"Georgetown U.",2010,"Federal",120589000,92
"SUNY, Stony Brook U.",2010,"Federal",120146000,93
"U. Georgia",2010,"Federal",119486000,94
"Dartmouth C. and Dartmouth Hitchcock Medical Center",2010,"Federal",118271000,95
"U. Missouri, Columbia",2010,"Federal",116965000,96
"Tufts U.",2010,"Federal",116699000,97
"Washington State U.",2010,"Federal",113452000,98
"Iowa State U.",2010,"Federal",109461000,99
"Tulane U.",2010,"Federal",106872000,100
"Mississippi State U.",2010,"Federal",106324000,101
"U. Delaware",2010,"Federal",105454000,102
"U. Oklahoma, Norman and Health Science Center",2010,"Federal",105366000,103
"U. Alaska, Fairbanks",2010,"Federal",99657000,104
"U. Vermont",2010,"Federal",98635000,105
"New Mexico State U.",2010,"Federal",98399000,106
"U. Massachusetts, Amherst",2010,"Federal",97937000,107
"Louisiana State U., Baton Rouge",2010,"Federal",97407000,108
"U. Tennessee, Knoxvillef",2010,"Federal",96972000,109
"Naval Postgraduate School",2010,"Federal",93605000,110
"U. Louisville",2010,"Federal",93260000,111
"Montana State U., Bozeman",2010,"Federal",93100000,112
"Utah State U.",2010,"Federal",90581000,113
"Rockefeller U.",2010,"Federal",88705000,114
"U. New Hampshire",2010,"Federal",84553000,115
"U. California, Santa Cruz",2010,"Federal",84518000,116
"Temple U.",2010,"Federal",79939000,117
"West Virginia U.",2010,"Federal",79415000,118
"Thomas Jefferson U.",2010,"Federal",77817000,119
"Drexel U.",2010,"Federal",77438000,120
"U. Oregon",2010,"Federal",76378000,121
"U. Dayton",2010,"Federal",73540000,122
"U. Alabama, Huntsville",2010,"Federal",73075000,123
"U. Arkansas for Medical Sciences",2010,"Federal",72217000,124
"Uniformed Services U. of the Health Sciences",2010,"Federal",72125000,125
"U. Mississippi",2010,"Federal",71475000,126
"Indiana U., Bloomington",2010,"Federal",71208000,127
"Rice U.",2010,"Federal",69395000,128
"U. Central Florida",2010,"Federal",69331000,129
"Kansas State U.",2010,"Federal",68560000,130
"U. California, Riverside",2010,"Federal",63127000,131
"George Mason U.",2010,"Federal",63011000,132
"U. Rhode Island",2010,"Federal",62981000,133
"Clemson U.",2010,"Federal",62934000,134
"Florida International U.",2010,"Federal",62580000,135
"U. Notre Dame",2010,"Federal",62152000,136
"U. Maryland, Baltimore County",2010,"Federal",59448000,137
"Northeastern U.",2010,"Federal",59074000,138
"U. Nevada, Reno",2010,"Federal",58115000,139
"Oklahoma State U., Stillwater",2010,"Federal",56998000,140
"San Diego State U.",2010,"Federal",56504000,141
"Rensselaer Polytechnic Institute",2010,"Federal",54847000,142
"Auburn U., Auburn",2010,"Federal",53971000,143
"U. Houston",2010,"Federal",52920000,144
"U. Tennessee, Health Science Center",2010,"Federal",52652000,145
"U. North Dakota",2010,"Federal",52504000,146
"North Dakota State U.",2010,"Federal",51883000,147
"Rush U.",2010,"Federal",51304000,148
"U. Maine",2010,"Federal",50163000,149
"New Jersey Institute of Technology",2010,"Federal",50051000,150
"U.S. Air Force Academy",2010,"Federal",49711000,151
"U. Idaho",2010,"Federal",46303000,152
"Louisiana State U., Health Sciences Center, New Orleans",2010,"Federal",46142000,153
"Florida A&M U.",2010,"Federal",45856000,154
"U. Wyoming",2010,"Federal",45323000,155
"Brandeis U.",2010,"Federal",43669000,156
"New Mexico Institute of Mining and Technology",2010,"Federal",42243000,157
"U. Montana, Missoula",2010,"Federal",40760000,158
"Jackson State U.",2010,"Federal",39457000,159
"U. Toledo",2010,"Federal",38389000,160
"South Dakota State U.",2010,"Federal",38368000,161
"U. Southern Mississippi",2010,"Federal",37054000,162
"Portland State U.",2010,"Federal",36996000,163
"Texas Tech U.",2010,"Federal",35970000,164
"Old Dominion U.",2010,"Federal",34687000,165
"U. Texas, El Paso",2010,"Federal",34617000,166
"Syracuse U.",2010,"Federal",33796000,167
"Saint Louis U.",2010,"Federal",33728000,168
"U. Arkansas, Fayetteville",2010,"Federal",33674000,169
"Boston C.",2010,"Federal",33290000,170
"Howard U.",2010,"Federal",33017000,171
"CUNY, City C.",2010,"Federal",32900000,172
"U. Nevada, Las Vegas",2010,"Federal",32441000,173
"U. Texas, Arlington",2010,"Federal",31628000,174
"U. Texas, Dallas",2010,"Federal",30754000,175
"Colorado School of Mines",2010,"Federal",29892000,176
"U. Puerto Rico, Medical Sciences Campus",2010,"Federal",29813000,177
"Stevens Institute of Technology",2010,"Federal",29370000,178
"Eastern Virginia Medical School",2010,"Federal",29291000,179
"Loma Linda U.",2010,"Federal",29284000,180
"U. Wisconsin-Milwaukee",2010,"Federal",29042000,181
"Loyola U., Chicago",2010,"Federal",28995000,182
"U. Texas, San Antonio",2010,"Federal",28717000,183
"U. of the Virgin Islands",2010,"Federal",28369000,184
"Illinois Institute of Technology",2010,"Federal",28349000,185
"Desert Research Institute",2010,"Federal",28307000,186
"Missouri U. of Science and Technology",2010,"Federal",28239000,187
"SUNY, Upstate Medical U.",2010,"Federal",27959000,188
"William & Mary",2010,"Federal",27685000,189
"Michigan Technological U.",2010,"Federal",27676000,190
"Georgia State U.",2010,"Federal",27073000,191
"U. Alabama, Tuscaloosa",2010,"Federal",26364000,192
"Morehouse School of Medicine",2010,"Federal",25855000,193
"U. North Texas, Health Science Center",2010,"Federal",25847000,194
"U. Massachusetts, Lowell",2010,"Federal",25550000,195
"South Dakota School of Mines and Technology",2010,"Federal",25172000,196
"Cleveland State U.",2010,"Federal",25024000,197
"SUNY, Downstate Health Sciences U.",2010,"Federal",25023000,198
"Wright State U.",2010,"Federal",24785000,199
"U. Massachusetts, Boston",2010,"Federal",24527000,200
"Meharry Medical C.",2010,"Federal",24302000,201
"San Jose State U.",2010,"Federal",24292000,202
"North Carolina A&T State U.",2010,"Federal",23883000,203
"Lehigh U.",2010,"Federal",23721000,204
"Rochester Institute of Technology",2010,"Federal",23254000,205
"Southern Illinois U., Carbondale",2010,"Federal",22209000,206
"Alabama A&M U.",2010,"Federal",22154000,207
"U.S. Military Academy",2010,"Federal",22146000,208
"Brigham Young U., Provo",2010,"Federal",22115000,209
"U. Puerto Rico, Rio Piedras",2010,"Federal",21717000,210
"New York Medical C.",2010,"Federal",21095000,211
"SUNY, Binghamton U.",2010,"Federal",20979000,212
"U. Memphis",2010,"Federal",20654000,213
"Charles R. Drew U. of Medicine and Science",2010,"Federal",20430000,214
"Western Michigan U. and Homer Stryker M.D. School of Medicine",2010,"Federal",19738000,215
"U. North Carolina, Greensboro",2010,"Federal",19477000,216
"U. New Orleans",2010,"Federal",19244000,217
"Mercer U.",2010,"Federal",18778000,218
"CUNY, Hunter C.",2010,"Federal",18498000,219
"Ohio U.",2010,"Federal",18466000,220
"Marshall U.",2010,"Federal",18218000,221
"Northern Illinois U.",2010,"Federal",17334000,222
"U. North Carolina, Charlotte",2010,"Federal",17284000,223
"Florida Atlantic U.",2010,"Federal",17268000,224
"California State U., Northridge",2010,"Federal",17213000,225
"U. South Dakota",2010,"Federal",16467000,226
"U. Missouri, Kansas City",2010,"Federal",16391000,227
"East Carolina U.",2010,"Federal",16113000,228
"Catholic U. of America",2010,"Federal",15878000,229
"Albany Medical C.",2010,"Federal",15758000,230
"San Francisco State U.",2010,"Federal",15601000,231
"Air Force Institute of Technology",2010,"Federal",15474000,232
"Northern Arizona U.",2010,"Federal",15070000,233
"U. South Alabama",2010,"Federal",14730000,234
"Idaho State U.",2010,"Federal",14645000,235
"Boise State U.",2010,"Federal",14614000,236
"Kent State U.",2010,"Federal",14586000,237
"Hampton U.",2010,"Federal",14455000,238
"U. North Texas, Denton",2010,"Federal",14444000,239
"U. North Carolina, Wilmington",2010,"Federal",14364000,240
"Louisiana State U., Health Sciences Center, Shreveport",2010,"Federal",13890000,241
"Wichita State U.",2010,"Federal",13751000,242
"California State U., Fullerton",2010,"Federal",13651000,243
"CUNY, Queens C.",2010,"Federal",13642000,244
"Miami U.",2010,"Federal",13591000,245
"Worcester Polytechnic Institute",2010,"Federal",13582000,246
"U. Denver",2010,"Federal",13364000,247
"Alabama State U.",2010,"Federal",13340000,248
"Southern Methodist U.",2010,"Federal",13312000,249
"Texas Tech U., Health Sciences Center",2010,"Federal",12950000,250
"U. Louisiana, Lafayette",2010,"Federal",12881000,251
"U. Puerto Rico, Mayaguez",2010,"Federal",12735000,252
"California State U., Long Beach",2010,"Federal",12731000,253
"Rutgers, State U. New Jersey, Newark",2010,"Federal",12631000,254
"Tuskegee U.",2010,"Federal",12309000,255
"U. Hawaii, Hilo",2010,"Federal",12265000,256
"U. Massachusetts, Dartmouth",2010,"Federal",12236000,257
"U. Maryland Center for Environmental Science",2010,"Federal",12123000,258
"U. Akron",2010,"Federal",12107000,259
"Creighton U.",2010,"Federal",11850000,260
"California Polytechnic State U., San Luis Obispo",2010,"Federal",11637000,261
"C. Charleston",2010,"Federal",11610000,262
"U. West Florida",2010,"Federal",11038000,263
"Fayetteville State U.",2010,"Federal",10844000,264
"Louisiana Tech U.",2010,"Federal",10806000,265
"U.S. Naval Academy",2010,"Federal",10750000,266
"Delaware State U.",2010,"Federal",10154000,267
"Morgan State U.",2010,"Federal",10039000,268
"Clarkson U.",2010,"Federal",9573000,269
"Florida Gulf Coast U.",2010,"Federal",9542000,270
"U. California, Merced",2010,"Federal",9392000,271
"Marquette U.",2010,"Federal",9381000,272
"U. Alaska, Anchorage",2010,"Federal",9368000,273
"Alcorn State U.",2010,"Federal",9256000,274
"Florida Institute of Technology",2010,"Federal",9175000,275
"U. Southern Maine",2010,"Federal",9137000,276
"Eastern Michigan U.",2010,"Federal",9088000,277
"SUNY, C. of Environmental Science and Forestry",2010,"Federal",8907000,278
"Texas State U.",2010,"Federal",8904000,279
"American U.",2010,"Federal",8841000,280
"Prairie View A&M U.",2010,"Federal",8623000,281
"U. Maryland, Eastern Shore",2010,"Federal",8583000,282
"Rosalind Franklin U. of Medicine and Science",2010,"Federal",8350000,283
"Embry-Riddle Aeronautical U.",2010,"Federal",8241000,284
"Texas A&M U.-Corpus Christi",2010,"Federal",7869000,285
"Morehouse C.",2010,"Federal",7857000,286
"Fisk U.",2010,"Federal",7686000,287
"U. Arkansas, Little Rock",2010,"Federal",7571000,288
"Tennessee Technological U.",2010,"Federal",7490000,289
"Tennessee State U.",2010,"Federal",7414000,290
"California State U., Los Angeles",2010,"Federal",7234000,291
"Clark Atlanta U.",2010,"Federal",7229000,292
"U. Missouri, Saint Louis",2010,"Federal",7151000,293
"Oakland U.",2010,"Federal",7130000,294
"U. Tulsa",2010,"Federal",7126000,295
"Dillard U.",2010,"Federal",7096000,296
"Texas A&M U.-Kingsville",2010,"Federal",7088000,297
"North Carolina Central U.",2010,"Federal",6870000,298
"Western Kentucky U.",2010,"Federal",6866000,299
"U. Colorado Colorado Springs",2010,"Federal",6699000,300
"Teachers C., Columbia U.",2010,"Federal",6533000,301
"U. Central del Caribe",2010,"Federal",6504000,302
"U. Minnesota, Duluth",2010,"Federal",6441000,303
"Tarleton State U.",2010,"Federal",6379000,304
"Villanova U.",2010,"Federal",6367000,305
"South Carolina State U.",2010,"Federal",6334000,306
"East Tennessee State U.",2010,"Federal",6272000,307
"Arkansas State U., Jonesboro",2010,"Federal",6194000,308
"Missouri State U.",2010,"Federal",6071000,309
"U. Nebraska, Omaha",2010,"Federal",6014000,310
"Lincoln U., Jefferson City",2010,"Federal",5984000,311
"Southern U. and A&M C., Baton Rouge",2010,"Federal",5920000,312
"Duquesne U.",2010,"Federal",5904000,313
"Claremont Graduate U.",2010,"Federal",5888000,314
"California State U., Sacramento",2010,"Federal",5829000,315
"Nova Southeastern U.",2010,"Federal",5718000,316
"Xavier U. Louisiana",2010,"Federal",5669000,317
"James Madison U.",2010,"Federal",5563000,318
"Elizabeth City State U.",2010,"Federal",5552000,319
"Virginia State U.",2010,"Federal",5552000,319
"Stephen F. Austin State U.",2010,"Federal",5530000,321
"Gallaudet U.",2010,"Federal",5522000,322
"Illinois State U.",2010,"Federal",5442000,323
"Norfolk State U.",2010,"Federal",5413000,324
"CUNY, Brooklyn C.",2010,"Federal",5358000,325
"Montana Technological U.",2010,"Federal",5321000,326
"Texas Southern U.",2010,"Federal",5240000,327
"U. Wisconsin-Superior",2010,"Federal",5197000,328
"Sam Houston State U.",2010,"Federal",5066000,329
"Bowling Green State U.",2010,"Federal",4963000,330
"U. Guam",2010,"Federal",4962000,331
"CUNY, Graduate Center",2010,"Federal",4901000,332
"U. Tennessee, Chattanooga",2010,"Federal",4866000,333
"U. North Florida",2010,"Federal",4636000,334
"Western Washington U.",2010,"Federal",4594000,335
"Fort Valley State U.",2010,"Federal",4586000,336
"Wesleyan U.",2010,"Federal",4496000,337
"U. Wisconsin-Stevens Point",2010,"Federal",4456000,338
"Lamar U.",2010,"Federal",4377000,339
"Southern Illinois U., Edwardsville",2010,"Federal",4192000,340
"Fordham U.",2010,"Federal",4132000,341
"California State U., San Marcos",2010,"Federal",4106000,342
"Central Washington U.",2010,"Federal",4038000,343
"Northeast Ohio Medical U.",2010,"Federal",4009000,344
"Ball State U.",2010,"Federal",3988000,345
"U. Arkansas, Pine Bluff",2010,"Federal",3947000,346
"DePaul U.",2010,"Federal",3896000,347
"Wellesley C.",2010,"Federal",3677000,348
"West Chester U. Pennsylvania",2010,"Federal",3614000,349
"Kentucky State U.",2010,"Federal",3501000,350
"Santa Clara U.",2010,"Federal",3494000,351
"California State U., Fresno",2010,"Federal",3424000,352
"CUNY, John Jay C. of Criminal Justice",2010,"Federal",3418000,353
"California State U., San Bernardino",2010,"Federal",3394000,354
"U. Texas, Tyler",2010,"Federal",3378000,355
"Texas Christian U.",2010,"Federal",3373000,356
"Langston U.",2010,"Federal",3313000,357
"Clark U.",2010,"Federal",3243000,358
"Claflin U.",2010,"Federal",3226000,359
"California State U., Monterey Bay",2010,"Federal",3167000,360
"Lawrence Technological U.",2010,"Federal",3144000,361
"U. of the Pacific",2010,"Federal",3135000,362
"California State Polytechnic U., Humboldt",2010,"Federal",3024000,363
"Palmer C. of Chiropractic, Davenport",2010,"Federal",3009000,364
"Tougaloo C.",2010,"Federal",2978000,365
"Baylor U.",2010,"Federal",2947000,366
"U. Michigan, Dearborn",2010,"Federal",2932000,367
"Smith C.",2010,"Federal",2843000,368
"SUNY, C. of Optometry",2010,"Federal",2829000,369
"U. New England",2010,"Federal",2829000,369
"West Virginia State U.",2010,"Federal",2759000,371
"Barnard C.",2010,"Federal",2754000,372
"Bucknell U.",2010,"Federal",2745000,373
"Spelman C.",2010,"Federal",2740000,374
"Haverford C.",2010,"Federal",2715000,375
"Fairfield U.",2010,"Federal",2681000,376
"California State U., Dominguez Hills",2010,"Federal",2658000,377
"Middle Tennessee State U.",2010,"Federal",2651000,378
"Eastern Kentucky U.",2010,"Federal",2638000,379
"California State Polytechnic U., Pomona",2010,"Federal",2563000,380
"CUNY, Lehman C.",2010,"Federal",2560000,381
"Central State U.",2010,"Federal",2544000,382
"Central Michigan U.",2010,"Federal",2536000,383
"Hope C.",2010,"Federal",2523000,384
"Black Hills State U.",2010,"Federal",2434000,385
"Williams C.",2010,"Federal",2330000,386
"Middlebury C.",2010,"Federal",2245000,387
"Hofstra U.",2010,"Federal",2206000,388
"Seton Hall U.",2010,"Federal",2206000,388
"Monmouth U.",2010,"Federal",2190000,390
"U. Wisconsin-La Crosse",2010,"Federal",2150000,391
"U. Richmond",2010,"Federal",2138000,392
"West Texas A&M U.",2010,"Federal",2100000,393
"Calvin U.",2010,"Federal",2084000,394
"U. Northern Colorado",2010,"Federal",2082000,395
"Georgia Southern U.",2010,"Federal",2077000,396
"Murray State U.",2010,"Federal",2074000,397
"Youngstown State U.",2010,"Federal",2067000,398
"Rowan U.",2010,"Federal",2062000,399
"Minnesota State U., Mankato",2010,"Federal",2051000,400
"Harvey Mudd C.",2010,"Federal",2049000,401
"Rutgers, State U. New Jersey, Camden",2010,"Federal",2001000,402
"U. Puerto Rico, Humacao",2010,"Federal",1950000,403
"U. of the District of Columbia",2010,"Federal",1946000,404
"Northwest Indian C.",2010,"Federal",1943000,405
"Montclair State U.",2010,"Federal",1876000,406
"Skidmore C.",2010,"Federal",1872000,407
"Chapman U.",2010,"Federal",1871000,408
"Franklin and Marshall C.",2010,"Federal",1857000,409
"Salisbury U.",2010,"Federal",1823000,410
"Bowdoin C.",2010,"Federal",1815000,411
"Appalachian State U.",2010,"Federal",1813000,412
"U. Baltimore",2010,"Federal",1812000,413
"Towson U.",2010,"Federal",1806000,414
"Carleton C.",2010,"Federal",1803000,415
"Purdue U., Fort Wayne",2010,"Federal",1797000,416
"Savannah State U.",2010,"Federal",1774000,417
"Loyola Marymount U.",2010,"Federal",1731000,418
"Alfred U.",2010,"Federal",1687000,419
"New School",2010,"Federal",1670000,420
"U. Central Arkansas",2010,"Federal",1658000,421
"Texas A&M International U.",2010,"Federal",1623000,422
"Chicago State U.",2010,"Federal",1598000,423
"Sul Ross State U.",2010,"Federal",1595000,424
"Roger Williams U.",2010,"Federal",1574000,425
"Coastal Carolina U.",2010,"Federal",1533000,426
"Morehead State U.",2010,"Federal",1528000,427
"Colgate U.",2010,"Federal",1519000,428
"California State U., Chico",2010,"Federal",1502000,429
"Northern Kentucky U.",2010,"Federal",1476000,430
"Benedict C.",2010,"Federal",1473000,431
"U. Louisiana, Monroe",2010,"Federal",1470000,432
"U. Northern Iowa",2010,"Federal",1460000,433
"Southern Connecticut State U.",2010,"Federal",1459000,434
"Union C., Schenectady",2010,"Federal",1427000,435
"SUNY, Cobleskill",2010,"Federal",1382000,436
"Albany C. of Pharmacy and Health Sciences",2010,"Federal",1380000,437
"Saint Joseph's U.",2010,"Federal",1368000,438
"U. North Carolina, Asheville",2010,"Federal",1367000,439
"Mount Holyoke C.",2010,"Federal",1362000,440
"Texas A&M U.-Commerce",2010,"Federal",1362000,440
"Oberlin C.",2010,"Federal",1359000,442
"U. San Diego",2010,"Federal",1352000,443
"Furman U.",2010,"Federal",1332000,444
"U. Wisconsin-Eau Claire",2010,"Federal",1320000,445
"Bryn Mawr C.",2010,"Federal",1301000,446
"Western Carolina U.",2010,"Federal",1296000,447
"SUNY, Buffalo State U.",2010,"Federal",1293000,448
"Vassar C.",2010,"Federal",1280000,449
"St. John's U., New York",2010,"Federal",1274000,450
"St. Cloud State U.",2010,"Federal",1260000,451
"St. Olaf C.",2010,"Federal",1247000,452
"Kennesaw State U.",2010,"Federal",1246000,453
"Lafayette C.",2010,"Federal",1223000,454
"U. Alaska, Southeast",2010,"Federal",1222000,455
"Arcadia U.",2010,"Federal",1206000,456
"SUNY, C. Plattsburgh",2010,"Federal",1187000,457
"Milwaukee School of Engineering",2010,"Federal",1177000,458
"Grinnell C.",2010,"Federal",1161000,459
"Southeastern Louisiana U.",2010,"Federal",1161000,459
"Davidson C.",2010,"Federal",1153000,461
"Grand Valley State U.",2010,"Federal",1134000,462
"Claremont McKenna C.",2010,"Federal",1130000,463
"Hobart and William Smith Colleges",2010,"Federal",1118000,464
"Lincoln U.",2010,"Federal",1114000,465
"Colby C.",2010,"Federal",1105000,466
"Amherst C.",2010,"Federal",1102000,467
"Whitman C.",2010,"Federal",1080000,468
"Hamilton C.",2010,"Federal",1077000,469
"Macalester C.",2010,"Federal",1075000,470
"U. Central Oklahoma",2010,"Federal",1059000,471
"Christopher Newport U.",2010,"Federal",1049000,472
"Pomona C.",2010,"Federal",1048000,473
"Trinity C., Hartford",2010,"Federal",1026000,474
"Trinity U.",2010,"Federal",1023000,475
"CUNY, Baruch C.",2010,"Federal",1010000,476
"Pittsburg State U.",2010,"Federal",999000,477
"Touro U., California",2010,"Federal",999000,477
"Grambling State U.",2010,"Federal",993000,479
"Indiana State U.",2010,"Federal",990000,480
"Bates C.",2010,"Federal",971000,481
"New Mexico Highlands U.",2010,"Federal",970000,482
"Pennsylvania State U., Harrisburg",2010,"Federal",963000,483
"Connecticut C.",2010,"Federal",954000,484
"CUNY, C. Staten Island",2010,"Federal",952000,485
"Pepperdine U.",2010,"Federal",933000,486
"Swarthmore C.",2010,"Federal",913000,487
"U. Houston-Downtown",2010,"Federal",908000,488
"Pennsylvania State U., Behrend",2010,"Federal",887000,489
"Western U. of Health Sciences",2010,"Federal",885000,490
"Providence C.",2010,"Federal",857000,491
"Pacific U.",2010,"Federal",845000,492
"Lewis and Clark C.",2010,"Federal",843000,493
"U. of St. Thomas (MN)",2010,"Federal",842000,494
"U. Wisconsin-Oshkosh",2010,"Federal",832000,495
"Texas Woman's U.",2010,"Federal",822000,496
"U. Hartford",2010,"Federal",820000,497
"Oklahoma State U., Center for Health Sciences",2010,"Federal",817000,498
"Philadelphia C. of Osteopathic Medicine",2010,"Federal",812000,499
"Reed C.",2010,"Federal",796000,500
"U. Wisconsin-Green Bay",2010,"Federal",778000,501
"SUNY, Geneseo",2010,"Federal",755000,502
"New England C. of Optometry",2010,"Federal",726000,503
"U. Puerto Rico, Cayey",2010,"Federal",710000,504
"U. Ana G. Mendez, Gurabo",2010,"Federal",691000,505
"Sonoma State U.",2010,"Federal",690000,506
"U. Texas of the Permian Basin",2010,"Federal",677000,507
"U.S. Coast Guard Academy",2010,"Federal",672000,508
"Willamette U.",2010,"Federal",666000,509
"Occidental C.",2010,"Federal",665000,510
"Indiana U. Pennsylvania",2010,"Federal",660000,511
"Western Illinois U.",2010,"Federal",658000,512
"SUNY, Oswego",2010,"Federal",644000,513
"California State U., East Bay",2010,"Federal",643000,514
"California State U., Bakersfield",2010,"Federal",637000,515
"Northwestern State U. Louisiana",2010,"Federal",635000,516
"U. Detroit Mercy",2010,"Federal",633000,517
"Long Island U.",2010,"Federal",630000,518
"Pace U.",2010,"Federal",627000,519
"Ithaca C.",2010,"Federal",617000,520
"U. Washington, Tacoma",2010,"Federal",573000,521
"Abilene Christian U.",2010,"Federal",537000,522
"Gettysburg C.",2010,"Federal",524000,523
"SUNY, C. Brockport",2010,"Federal",521000,524
"New C. Florida",2010,"Federal",514000,525
"Colorado C.",2010,"Federal",473000,526
"Seattle U.",2010,"Federal",468000,527
"C. New Jersey",2010,"Federal",461000,528
"Drake U.",2010,"Federal",456000,529
"Virginia Military Institute",2010,"Federal",451000,530
"Northeastern Illinois U.",2010,"Federal",448000,531
"U. Washington, Bothell",2010,"Federal",446000,532
"U. Illinois, Springfield",2010,"Federal",436000,533
"U. San Francisco",2010,"Federal",428000,534
"Kenyon C.",2010,"Federal",413000,535
"Ursinus C.",2010,"Federal",413000,535
"Albany State U.",2010,"Federal",396000,537
"Southern U., New Orleans",2010,"Federal",369000,538
"Central Connecticut State U.",2010,"Federal",366000,539
"Colorado State U., Pueblo",2010,"Federal",364000,540
"Fort Lewis C.",2010,"Federal",340000,541
"U. South Carolina, Beaufort",2010,"Federal",338000,542
"Midwestern U.",2010,"Federal",315000,543
"U. Houston-Clear Lake",2010,"Federal",301000,544
"Radford U.",2010,"Federal",292000,545
"U. Nebraska, Kearney",2010,"Federal",289000,546
"Northern Michigan U.",2010,"Federal",287000,547
"Alaska Pacific U.",2010,"Federal",283000,548
"Indiana U., South Bend",2010,"Federal",282000,549
"Andrews U.",2010,"Federal",280000,550
"Pennsylvania State U., Altoona",2010,"Federal",267000,551
"New York Institute of Technology",2010,"Federal",250000,552
"C. Wooster",2010,"Federal",249000,553
"St. Mary's C. Maryland",2010,"Federal",233000,554
"Manhattan C.",2010,"Federal",166000,555
"U. Puget Sound",2010,"Federal",166000,555
"Canisius U.",2010,"Federal",154000,557
"U. Wisconsin-River Falls",2010,"Federal",134000,558
"U. South Carolina, Aiken",2010,"Federal",122000,559
"U. California, Office of the President",2010,"Federal",121000,560
"William Paterson U.",2010,"Federal",105000,561
"Gustavus Adolphus C.",2010,"Federal",97000,562
"CUNY, New York City C. of Technology",2010,"Federal",81000,563
"Saginaw Valley State U.",2010,"Federal",77000,564
"U. Virginia's C. Wise",2010,"Federal",76000,565
"Des Moines U.",2010,"Federal",62000,566
"Eastern Washington U.",2010,"Federal",46000,567
"U. Wisconsin-Platteville",2010,"Federal",46000,567
"West Virginia School of Osteopathic Medicine",2010,"Federal",22000,569
"U. Scranton",2010,"Federal",19000,570
"Albert Einstein C. of Medicine",2010,"Federal",NA,NA
"Albion C.",2010,"Federal",NA,NA
"Augusta U.",2010,"Federal",NA,NA
"Austin Peay State U.",2010,"Federal",NA,NA
"Azusa Pacific U.",2010,"Federal",NA,NA
"Babson C.",2010,"Federal",NA,NA
"Bentley U.",2010,"Federal",NA,NA
"Bowie State U.",2010,"Federal",NA,NA
"Bryant U.",2010,"Federal",NA,NA
"Butler U.",2010,"Federal",NA,NA
"C. of Saint Benedict",2010,"Federal",NA,NA
"CUNY, Advanced Science Research Center",2010,"Federal",NA,NA
"CUNY, Graduate School of Public Health and Health Policy",2010,"Federal",NA,NA
"CUNY, York C.",2010,"Federal",NA,NA
"CUNY, system office",2010,"Federal",NA,NA
"California State U., Channel Islands",2010,"Federal",NA,NA
"California State U., Stanislaus",2010,"Federal",NA,NA
"Citadel Military C. South Carolina",2010,"Federal",NA,NA
"Cold Spring Harbor Laboratory",2010,"Federal",NA,NA
"Dakota State U.",2010,"Federal",NA,NA
"Dine C.",2010,"Federal",NA,NA
"East Stroudsburg U. Pennsylvania",2010,"Federal",NA,NA
"Eastern Connecticut State U.",2010,"Federal",NA,NA
"Edward Via C. of Osteopathic Medicine",2010,"Federal",NA,NA
"Elon U.",2010,"Federal",NA,NA
"Erikson Institute",2010,"Federal",NA,NA
"Ferris State U.",2010,"Federal",NA,NA
"Florida Polytechnic U.",2010,"Federal",NA,NA
"Framingham State U.",2010,"Federal",NA,NA
"Franklin W. Olin C. of Engineering",2010,"Federal",NA,NA
"Hawaii Pacific U.",2010,"Federal",NA,NA
"Heidelberg U.",2010,"Federal",NA,NA
"Johnson C. Smith U.",2010,"Federal",NA,NA
"Kean U.",2010,"Federal",NA,NA
"Keck Graduate Institute",2010,"Federal",NA,NA
"La Sierra U.",2010,"Federal",NA,NA
"Lake Superior State U.",2010,"Federal",NA,NA
"Liberty U.",2010,"Federal",NA,NA
"Lincoln Memorial U.",2010,"Federal",NA,NA
"Lipscomb U.",2010,"Federal",NA,NA
"MGH Institute of Health Professions",2010,"Federal",NA,NA
"Marian U., Indianapolis",2010,"Federal",NA,NA
"Marshall B. Ketchum U.",2010,"Federal",NA,NA
"Marymount U.",2010,"Federal",NA,NA
"Memorial Sloan Kettering Cancer Center, Louis V. Gerstner Jr. Graduate S. of Biomedical Sciences",2010,"Federal",NA,NA
"Merrimack C.",2010,"Federal",NA,NA
"National Defense U.",2010,"Federal",NA,NA
"National U. of Natural Medicine",2010,"Federal",NA,NA
"Naval War C.",2010,"Federal",NA,NA
"Nevada State C.",2010,"Federal",NA,NA
"Northland C.",2010,"Federal",NA,NA
"Norwich U.",2010,"Federal",NA,NA
"Oregon Institute of Technology",2010,"Federal",NA,NA
"Pratt Institute",2010,"Federal",NA,NA
"Purdue U., Northwest",2010,"Federal",NA,NA
"Rhode Island C.",2010,"Federal",NA,NA
"Robert Morris U.",2010,"Federal",NA,NA
"Roseman U. of Health Sciences",2010,"Federal",NA,NA
"SUNY, Polytechnic Institute",2010,"Federal",NA,NA
"Sacred Heart U.",2010,"Federal",NA,NA
"Southern U. and A&M C., Agricultural Research and Extension Center",2010,"Federal",NA,NA
"St. Edward's U.",2010,"Federal",NA,NA
"Stockton U.",2010,"Federal",NA,NA
"Suffolk U.",2010,"Federal",NA,NA
"Texas A&M U.-San Antonio",2010,"Federal",NA,NA
"Texas Tech U., Health Sciences Center, El Paso",2010,"Federal",NA,NA
"Touro U., New Yorkg",2010,"Federal",NA,NA
"Toyota Technological Institute, Chicago",2010,"Federal",NA,NA
"Troy U.",2010,"Federal",NA,NA
"U. Colorado Anschutz Medical Campusc",2010,"Federal",NA,NA
"U. Colorado Denverc",2010,"Federal",NA,NA
"U. Hawaii, Maui C.",2010,"Federal",NA,NA
"U. Hawaii, system office",2010,"Federal",NA,NA
"U. Marylandb",2010,"Federal",NA,NA
"U. Nebraska, Lincoln and Medical Centerd",2010,"Federal",NA,NA
"U. New Haven",2010,"Federal",NA,NA
"U. North Georgia",2010,"Federal",NA,NA
"U. Oklahoma, Tulsa",2010,"Federal",NA,NA
"U. Puerto Rico, Ponce",2010,"Federal",NA,NA
"U. Texas Health Science Center, Tyler",2010,"Federal",NA,NA
"U. Texas Rio Grande Valley",2010,"Federal",NA,NA
"U. of Health Sciences and Pharmacy in St. Louis",2010,"Federal",NA,NA
"U. of Mary Washington",2010,"Federal",NA,NA
"U. of the Incarnate Word",2010,"Federal",NA,NA
"U.S. Army War C.",2010,"Federal",NA,NA
"United Tribes Technical C.",2010,"Federal",NA,NA
"Utah Valley U.",2010,"Federal",NA,NA
"Van Andel Research Institute",2010,"Federal",NA,NA
"Western New England U.",2010,"Federal",NA,NA
"Wheaton C., Wheaton",2010,"Federal",NA,NA
"Winston-Salem State U.",2010,"Federal",NA,NA
"Winthrop U.",2010,"Federal",NA,NA
"All institutions",2011,"Federal",40768251000,1
"Johns Hopkins U",2011,"Federal",1884025000,2
"All other surveyed institutions",2011,"Federal",1478130000,3
"U. Washington, Seattle",2011,"Federal",948976000,4
"U. Michigan, Ann Arbor",2011,"Federal",820125000,5
"U. Pennsylvania",2011,"Federal",707051000,6
"U. Pittsburgh, Pittsburgh",2011,"Federal",662471000,7
"Stanford U.",2011,"Federal",656114000,8
"Columbia U. in the City of New York",2011,"Federal",645233000,9
"U. California, San Diego",2011,"Federal",636879000,10
"U. North Carolina, Chapel Hill",2011,"Federal",600843000,11
"U. Wisconsin-Madison",2011,"Federal",593633000,12
"Duke U.",2011,"Federal",585262000,13
"U. California, San Francisco",2011,"Federal",570116000,14
"U. California, Los Angeles",2011,"Federal",563560000,15
"Harvard U.",2011,"Federal",543097000,16
"Yale U.",2011,"Federal",519844000,17
"Ohio State U.",2011,"Federal",493130000,18
"U. Minnesota, Twin Cities",2011,"Federal",489480000,19
"Massachusetts Institute of Technology",2011,"Federal",489080000,20
"Cornell U.",2011,"Federal",476583000,21
"Washington U., Saint Louis",2011,"Federal",469490000,22
"Pennsylvania State U., University Park and Hershey Medical Center",2011,"Federal",468705000,23
"Vanderbilt U. and Vanderbilt U. Medical Center",2011,"Federal",458173000,24
"U. Southern California",2011,"Federal",453283000,25
"Georgia Institute of Technology",2011,"Federal",427867000,26
"Northwestern U.",2011,"Federal",399719000,27
"U. Chicago",2011,"Federal",372288000,28
"Emory U.",2011,"Federal",369982000,29
"U. California, Davis",2011,"Federal",362976000,30
"U. Texas, Austin",2011,"Federal",355437000,31
"Case Western Reserve U.",2011,"Federal",353470000,32
"U. Alabama, Birmingham",2011,"Federal",344164000,33
"California Institute of Technology",2011,"Federal",342945000,34
"U. Rochester",2011,"Federal",337907000,35
"U. California, Berkeley",2011,"Federal",336191000,36
"U. Arizona",2011,"Federal",327565000,37
"U. Illinois, Urbana-Champaign",2011,"Federal",323454000,38
"U. Colorado Boulder",2011,"Federal",323078000,39
"Scripps Research Institute",2011,"Federal",317201000,40
"U. Florida",2011,"Federal",306349000,41
"Boston U.",2011,"Federal",305476000,42
"New York U.",2011,"Federal",302221000,43
"Icahn School of Medicine at Mount Sinai",2011,"Federal",296835000,44
"Baylor C. of Medicine",2011,"Federal",295529000,45
"Texas A&M U., College Station and Health Science Center",2011,"Federal",291812000,46
"U. Cincinnati",2011,"Federal",287182000,47
"U. Iowa",2011,"Federal",283627000,48
"Oregon Health and Science U.",2011,"Federal",268777000,49
"U. Utah",2011,"Federal",264234000,50
"Purdue U., West Lafayette",2011,"Federal",259948000,51
"U. Virginia, Charlottesville",2011,"Federal",252928000,52
"U. Illinois, Chicago",2011,"Federal",248936000,53
"U. South Floridae",2011,"Federal",243030000,54
"Michigan State U.",2011,"Federal",240837000,55
"Rutgers, State U. New Jersey, New Brunswick",2011,"Federal",239908000,56
"Colorado State U., Fort Collins",2011,"Federal",236566000,57
"U. Texas M. D. Anderson Cancer Center",2011,"Federal",236400000,58
"U. Texas Southwestern Medical Center",2011,"Federal",231639000,59
"U. Miami",2011,"Federal",225352000,60
"U. California, Irvine",2011,"Federal",209117000,61
"U. Massachusetts, Medical School",2011,"Federal",208244000,62
"U. Hawaii, Manoa",2011,"Federal",201700000,63
"Carnegie Mellon U.",2011,"Federal",200967000,64
"Yeshiva U.",2011,"Federal",197032000,65
"Virginia Polytechnic Institute and State U.",2011,"Federal",189198000,66
"Arizona State U.",2011,"Federal",185766000,67
"SUNY, U. Buffalo",2011,"Federal",182585000,68
"U. Kentucky",2011,"Federal",179161000,69
"Wake Forest U.",2011,"Federal",173130000,70
"Woods Hole Oceanographic Institution",2011,"Federal",165819000,71
"Princeton U.",2011,"Federal",163438000,72
"U. New Mexico",2011,"Federal",162854000,73
"U. Kansas",2011,"Federal",162721000,74
"U. Texas Health Science Center, Houston",2011,"Federal",156790000,75
"Indiana U.-Purdue U., Indianapolis",2011,"Federal",156607000,76
"North Carolina State U.",2011,"Federal",155293000,77
"Virginia Commonwealth U.",2011,"Federal",153228000,78
"Oregon State U.",2011,"Federal",146882000,79
"U. Connecticut",2011,"Federal",144280000,80
"Medical U. South Carolina",2011,"Federal",143464000,81
"Florida State U.",2011,"Federal",140850000,82
"U. Georgia",2011,"Federal",137255000,83
"U. California, Santa Barbara",2011,"Federal",136244000,84
"Wayne State U.",2011,"Federal",134735000,85
"Medical C. Wisconsin",2011,"Federal",133929000,86
"Dartmouth C. and Dartmouth Hitchcock Medical Center",2011,"Federal",131583000,87
"Brown U.",2011,"Federal",128628000,88
"U. Texas Medical Branch",2011,"Federal",128098000,89
"SUNY, U. Albany",2011,"Federal",125189000,90
"SUNY, Stony Brook U.",2011,"Federal",125102000,91
"Georgetown U.",2011,"Federal",123540000,92
"Washington State U.",2011,"Federal",123502000,93
"Tufts U.",2011,"Federal",122208000,94
"U. Texas Health Science Center, San Antonio",2011,"Federal",121200000,95
"U. Oklahoma, Norman and Health Science Center",2011,"Federal",118970000,96
"U. Delaware",2011,"Federal",118673000,97
"Uniformed Services U. of the Health Sciences",2011,"Federal",117781000,98
"Iowa State U.",2011,"Federal",117522000,99
"George Washington U.",2011,"Federal",116611000,100
"U. Missouri, Columbia",2011,"Federal",116403000,101
"Utah State U.",2011,"Federal",113871000,102
"U. Tennessee, Knoxvillef",2011,"Federal",111942000,103
"Tulane U.",2011,"Federal",111007000,104
"U. Massachusetts, Amherst",2011,"Federal",107683000,105
"U. New Hampshire",2011,"Federal",106806000,106
"U. Alaska, Fairbanks",2011,"Federal",105469000,107
"U. South Carolina, Columbia",2011,"Federal",103296000,108
"U. Vermont",2011,"Federal",101471000,109
"Mississippi State U.",2011,"Federal",98998000,110
"U. California, Santa Cruz",2011,"Federal",97817000,111
"Rockefeller U.",2011,"Federal",97710000,112
"Louisiana State U., Baton Rouge",2011,"Federal",97517000,113
"U. Louisville",2011,"Federal",96010000,114
"Naval Postgraduate School",2011,"Federal",94278000,115
"New Mexico State U.",2011,"Federal",90598000,116
"Temple U.",2011,"Federal",89719000,117
"West Virginia U.",2011,"Federal",88419000,118
"Montana State U., Bozeman",2011,"Federal",87528000,119
"U. Oregon",2011,"Federal",84997000,120
"Drexel U.",2011,"Federal",83702000,121
"Oklahoma State U., Stillwater",2011,"Federal",81855000,122
"Thomas Jefferson U.",2011,"Federal",80027000,123
"U. Notre Dame",2011,"Federal",79716000,124
"Rice U.",2011,"Federal",78730000,125
"U. Rhode Island",2011,"Federal",78303000,126
"Kansas State U.",2011,"Federal",76953000,127
"U. Arkansas for Medical Sciences",2011,"Federal",75924000,128
"U. Mississippi",2011,"Federal",74918000,129
"Indiana U., Bloomington",2011,"Federal",74143000,130
"U. Alabama, Huntsville",2011,"Federal",72665000,131
"U. Dayton",2011,"Federal",70996000,132
"U. Central Florida",2011,"Federal",69098000,133
"Northeastern U.",2011,"Federal",67938000,134
"Florida International U.",2011,"Federal",65446000,135
"George Mason U.",2011,"Federal",65301000,136
"San Diego State U.",2011,"Federal",64056000,137
"U. California, Riverside",2011,"Federal",62312000,138
"U.S. Air Force Academy",2011,"Federal",62118000,139
"U. Maryland, Baltimore County",2011,"Federal",61172000,140
"U. Maine",2011,"Federal",59800000,141
"U. Houston",2011,"Federal",59580000,142
"Auburn U., Auburn",2011,"Federal",59559000,143
"Rensselaer Polytechnic Institute",2011,"Federal",59284000,144
"Rush U.",2011,"Federal",57978000,145
"U. Nevada, Reno",2011,"Federal",57220000,146
"U. Puerto Rico, Medical Sciences Campus",2011,"Federal",54381000,147
"New Jersey Institute of Technology",2011,"Federal",54250000,148
"U. Idaho",2011,"Federal",54243000,149
"U. North Dakota",2011,"Federal",54058000,150
"North Dakota State U.",2011,"Federal",53451000,151
"Clemson U.",2011,"Federal",52919000,152
"U. Tennessee, Health Science Center",2011,"Federal",51842000,153
"Cold Spring Harbor Laboratory",2011,"Federal",51529000,154
"U. Wyoming",2011,"Federal",48932000,155
"Brandeis U.",2011,"Federal",48235000,156
"Louisiana State U., Health Sciences Center, New Orleans",2011,"Federal",45581000,157
"Florida A&M U.",2011,"Federal",44905000,158
"U. Toledo",2011,"Federal",44881000,159
"Jackson State U.",2011,"Federal",43001000,160
"Cleveland State U.",2011,"Federal",42575000,161
"South Dakota State U.",2011,"Federal",41904000,162
"Portland State U.",2011,"Federal",41580000,163
"U. Southern Mississippi",2011,"Federal",40984000,164
"CUNY, City C.",2011,"Federal",40595000,165
"Old Dominion U.",2011,"Federal",39534000,166
"U. Montana, Missoula",2011,"Federal",38565000,167
"Saint Louis U.",2011,"Federal",38323000,168
"U. Arkansas, Fayetteville",2011,"Federal",37587000,169
"New Mexico Institute of Mining and Technology",2011,"Federal",37316000,170
"Howard U.",2011,"Federal",36060000,171
"U. Texas, El Paso",2011,"Federal",35399000,172
"Texas Tech U.",2011,"Federal",35191000,173
"Illinois Institute of Technology",2011,"Federal",34858000,174
"SUNY, Downstate Health Sciences U.",2011,"Federal",33964000,175
"Syracuse U.",2011,"Federal",33850000,176
"Colorado School of Mines",2011,"Federal",33789000,177
"U. Texas, Dallas",2011,"Federal",33216000,178
"U. Alabama, Tuscaloosa",2011,"Federal",32999000,179
"Michigan Technological U.",2011,"Federal",32724000,180
"Stevens Institute of Technology",2011,"Federal",32570000,181
"Loma Linda U.",2011,"Federal",32187000,182
"U. Texas, San Antonio",2011,"Federal",31972000,183
"Boston C.",2011,"Federal",31953000,184
"U. Texas, Arlington",2011,"Federal",30659000,185
"U. Wisconsin-Milwaukee",2011,"Federal",30479000,186
"U. Nevada, Las Vegas",2011,"Federal",30457000,187
"William & Mary",2011,"Federal",30361000,188
"SUNY, Upstate Medical U.",2011,"Federal",28663000,189
"Loyola U., Chicago",2011,"Federal",28633000,190
"Desert Research Institute",2011,"Federal",28489000,191
"Georgia State U.",2011,"Federal",28210000,192
"Morehouse School of Medicine",2011,"Federal",28128000,193
"South Dakota School of Mines and Technology",2011,"Federal",28105000,194
"Missouri U. of Science and Technology",2011,"Federal",27961000,195
"U. Massachusetts, Lowell",2011,"Federal",27960000,196
"Wright State U.",2011,"Federal",27422000,197
"U. Massachusetts, Boston",2011,"Federal",26958000,198
"Meharry Medical C.",2011,"Federal",26779000,199
"San Jose State U.",2011,"Federal",26389000,200
"U. North Texas, Health Science Center",2011,"Federal",26132000,201
"Eastern Virginia Medical School",2011,"Federal",25319000,202
"U. Puerto Rico, Rio Piedras",2011,"Federal",24887000,203
"Brigham Young U., Provo",2011,"Federal",24273000,204
"Southern Illinois U., Carbondale",2011,"Federal",23696000,205
"Ohio U.",2011,"Federal",23051000,206
"CUNY, Hunter C.",2011,"Federal",22901000,207
"North Carolina A&T State U.",2011,"Federal",22652000,208
"Lehigh U.",2011,"Federal",22390000,209
"Alabama A&M U.",2011,"Federal",22120000,210
"Marshall U.",2011,"Federal",21852000,211
"SUNY, Binghamton U.",2011,"Federal",21244000,212
"New York Medical C.",2011,"Federal",21013000,213
"U. North Carolina, Greensboro",2011,"Federal",20868000,214
"Charles R. Drew U. of Medicine and Science",2011,"Federal",20679000,215
"Wichita State U.",2011,"Federal",20569000,216
"Rochester Institute of Technology",2011,"Federal",20396000,217
"U. Memphis",2011,"Federal",20348000,218
"Air Force Institute of Technology",2011,"Federal",20196000,219
"Catholic U. of America",2011,"Federal",19890000,220
"California State U., Northridge",2011,"Federal",19769000,221
"East Carolina U.",2011,"Federal",19675000,222
"U. New Orleans",2011,"Federal",1.9e+07,223
"U. Missouri, Kansas City",2011,"Federal",18988000,224
"Boise State U.",2011,"Federal",18811000,225
"Western Michigan U. and Homer Stryker M.D. School of Medicine",2011,"Federal",18736000,226
"U. Puerto Rico, Mayaguez",2011,"Federal",18568000,227
"Southern Methodist U.",2011,"Federal",18502000,228
"Rutgers, State U. New Jersey, Newark",2011,"Federal",18226000,229
"U. Maryland Center for Environmental Science",2011,"Federal",18007000,230
"Mercer U.",2011,"Federal",17904000,231
"Northern Arizona U.",2011,"Federal",17765000,232
"San Francisco State U.",2011,"Federal",17337000,233
"Idaho State U.",2011,"Federal",17149000,234
"U. South Alabama",2011,"Federal",16758000,235
"U. of the Virgin Islands",2011,"Federal",16338000,236
"California State U., Fullerton",2011,"Federal",16159000,237
"U. North Carolina, Charlotte",2011,"Federal",15930000,238
"Worcester Polytechnic Institute",2011,"Federal",15714000,239
"Florida Atlantic U.",2011,"Federal",15579000,240
"CUNY, Queens C.",2011,"Federal",15573000,241
"Louisiana State U., Health Sciences Center, Shreveport",2011,"Federal",15316000,242
"Kent State U.",2011,"Federal",15085000,243
"Texas Tech U., Health Sciences Center",2011,"Federal",14790000,244
"U. North Texas, Denton",2011,"Federal",14754000,245
"U. Louisiana, Lafayette",2011,"Federal",14659000,246
"U. South Dakota",2011,"Federal",14490000,247
"U. North Carolina, Wilmington",2011,"Federal",14218000,248
"Creighton U.",2011,"Federal",14140000,249
"U. Denver",2011,"Federal",14042000,250
"Albany Medical C.",2011,"Federal",13884000,251
"U.S. Military Academy",2011,"Federal",13799000,252
"U. Massachusetts, Dartmouth",2011,"Federal",13657000,253
"Miami U.",2011,"Federal",13210000,254
"U. West Florida",2011,"Federal",13156000,255
"U. Akron",2011,"Federal",12962000,256
"Delaware State U.",2011,"Federal",12822000,257
"Tuskegee U.",2011,"Federal",12397000,258
"Alabama State U.",2011,"Federal",12340000,259
"Hampton U.",2011,"Federal",12292000,260
"California State U., Long Beach",2011,"Federal",12055000,261
"Louisiana Tech U.",2011,"Federal",11952000,262
"Northern Illinois U.",2011,"Federal",11807000,263
"Embry-Riddle Aeronautical U.",2011,"Federal",11444000,264
"Marquette U.",2011,"Federal",11291000,265
"Prairie View A&M U.",2011,"Federal",11058000,266
"Elizabeth City State U.",2011,"Federal",10402000,267
"Florida Gulf Coast U.",2011,"Federal",10328000,268
"Texas State U.",2011,"Federal",10319000,269
"U.S. Naval Academy",2011,"Federal",10243000,270
"U. Missouri, Saint Louis",2011,"Federal",10157000,271
"U. California, Merced",2011,"Federal",10140000,272
"Fayetteville State U.",2011,"Federal",10029000,273
"California State U., San Bernardino",2011,"Federal",9953000,274
"Morgan State U.",2011,"Federal",9884000,275
"U. Alaska, Anchorage",2011,"Federal",9858000,276
"Clarkson U.",2011,"Federal",9531000,277
"North Carolina Central U.",2011,"Federal",9496000,278
"Rosalind Franklin U. of Medicine and Science",2011,"Federal",9317000,279
"American U.",2011,"Federal",9208000,280
"Oakland U.",2011,"Federal",9178000,281
"SUNY, C. of Environmental Science and Forestry",2011,"Federal",8732000,282
"California Polytechnic State U., San Luis Obispo",2011,"Federal",8658000,283
"Alcorn State U.",2011,"Federal",8655000,284
"Arkansas State U., Jonesboro",2011,"Federal",8644000,285
"South Carolina State U.",2011,"Federal",8630000,286
"U. Arkansas, Little Rock",2011,"Federal",8615000,287
"U. Maryland, Eastern Shore",2011,"Federal",8587000,288
"U. Minnesota, Duluth",2011,"Federal",8564000,289
"Teachers C., Columbia U.",2011,"Federal",8526000,290
"Morehouse C.",2011,"Federal",8460000,291
"California State U., Los Angeles",2011,"Federal",8426000,292
"Tennessee State U.",2011,"Federal",8369000,293
"U. Tulsa",2011,"Federal",7970000,294
"Eastern Michigan U.",2011,"Federal",7916000,295
"U. Southern Maine",2011,"Federal",7752000,296
"East Tennessee State U.",2011,"Federal",7705000,297
"Florida Institute of Technology",2011,"Federal",7637000,298
"Texas A&M U.-Corpus Christi",2011,"Federal",7506000,299
"Dillard U.",2011,"Federal",7211000,300
"U. Hawaii, Hilo",2011,"Federal",7150000,301
"CUNY, Brooklyn C.",2011,"Federal",7098000,302
"Lincoln U., Jefferson City",2011,"Federal",7084000,303
"Clark Atlanta U.",2011,"Federal",7040000,304
"California State U., Sacramento",2011,"Federal",6965000,305
"Nova Southeastern U.",2011,"Federal",6904000,306
"St. Edward's U.",2011,"Federal",6899000,307
"Villanova U.",2011,"Federal",6817000,308
"Xavier U. Louisiana",2011,"Federal",6673000,309
"U. Central del Caribe",2011,"Federal",6613000,310
"Norfolk State U.",2011,"Federal",6462000,311
"Tennessee Technological U.",2011,"Federal",6397000,312
"U. Nebraska, Omaha",2011,"Federal",6333000,313
"Texas A&M U.-Kingsville",2011,"Federal",6280000,314
"Western Kentucky U.",2011,"Federal",6210000,315
"Bowling Green State U.",2011,"Federal",6164000,316
"Southern U. and A&M C., Baton Rouge",2011,"Federal",6057000,317
"Tarleton State U.",2011,"Federal",6036000,318
"Virginia State U.",2011,"Federal",6035000,319
"Duquesne U.",2011,"Federal",5991000,320
"West Chester U. Pennsylvania",2011,"Federal",5845000,321
"U. Colorado Colorado Springs",2011,"Federal",5805000,322
"U. Wisconsin-Superior",2011,"Federal",5638000,323
"Wesleyan U.",2011,"Federal",5525000,324
"U. Guam",2011,"Federal",5391000,325
"James Madison U.",2011,"Federal",5218000,326
"Claremont Graduate U.",2011,"Federal",5215000,327
"Claflin U.",2011,"Federal",5103000,328
"U. North Florida",2011,"Federal",5082000,329
"C. Charleston",2011,"Federal",5056000,330
"Montana Technological U.",2011,"Federal",4999000,331
"Texas Southern U.",2011,"Federal",4899000,332
"Central Michigan U.",2011,"Federal",4841000,333
"California State U., San Marcos",2011,"Federal",4827000,334
"Missouri State U.",2011,"Federal",4764000,335
"California State U., Monterey Bay",2011,"Federal",4713000,336
"U. Arkansas, Pine Bluff",2011,"Federal",4696000,337
"Western Washington U.",2011,"Federal",4661000,338
"Gallaudet U.",2011,"Federal",4633000,339
"Fisk U.",2011,"Federal",4631000,340
"DePaul U.",2011,"Federal",4629000,341
"Illinois State U.",2011,"Federal",4586000,342
"U. Michigan, Dearborn",2011,"Federal",4305000,343
"CUNY, John Jay C. of Criminal Justice",2011,"Federal",4086000,344
"Northeast Ohio Medical U.",2011,"Federal",4081000,345
"Southern Illinois U., Edwardsville",2011,"Federal",4056000,346
"Southern U. and A&M C., Agricultural Research and Extension Center",2011,"Federal",4049000,347
"Lamar U.",2011,"Federal",4036000,348
"Fordham U.",2011,"Federal",3925000,349
"Texas Christian U.",2011,"Federal",3924000,350
"Sam Houston State U.",2011,"Federal",3855000,351
"Clark U.",2011,"Federal",3801000,352
"California State U., Fresno",2011,"Federal",3795000,353
"Langston U.",2011,"Federal",3778000,354
"U. Wisconsin-Stevens Point",2011,"Federal",3754000,355
"Baylor U.",2011,"Federal",3704000,356
"Central State U.",2011,"Federal",3528000,357
"CUNY, Graduate Center",2011,"Federal",3462000,358
"Fort Valley State U.",2011,"Federal",3452000,359
"Winthrop U.",2011,"Federal",3440000,360
"Palmer C. of Chiropractic, Davenport",2011,"Federal",3344000,361
"SUNY, C. of Optometry",2011,"Federal",3336000,362
"Barnard C.",2011,"Federal",3325000,363
"Youngstown State U.",2011,"Federal",3304000,364
"California State Polytechnic U., Humboldt",2011,"Federal",3292000,365
"U. Baltimore",2011,"Federal",3288000,366
"U. New England",2011,"Federal",3242000,367
"West Virginia State U.",2011,"Federal",3193000,368
"Smith C.",2011,"Federal",3159000,369
"Kentucky State U.",2011,"Federal",3146000,370
"Ball State U.",2011,"Federal",3064000,371
"California State Polytechnic U., Pomona",2011,"Federal",2978000,372
"U. Tennessee, Chattanooga",2011,"Federal",2932000,373
"Benedict C.",2011,"Federal",2925000,374
"Eastern Kentucky U.",2011,"Federal",2852000,375
"Loyola Marymount U.",2011,"Federal",2815000,376
"Fairfield U.",2011,"Federal",2780000,377
"Tougaloo C.",2011,"Federal",2753000,378
"Bucknell U.",2011,"Federal",2747000,379
"CUNY, Lehman C.",2011,"Federal",2700000,380
"Seton Hall U.",2011,"Federal",2681000,381
"U. of the Pacific",2011,"Federal",2678000,382
"California State U., Dominguez Hills",2011,"Federal",2671000,383
"Middle Tennessee State U.",2011,"Federal",2669000,384
"Towson U.",2011,"Federal",2630000,385
"Montclair State U.",2011,"Federal",2629000,386
"Lawrence Technological U.",2011,"Federal",2615000,387
"Harvey Mudd C.",2011,"Federal",2594000,388
"Appalachian State U.",2011,"Federal",2586000,389
"Savannah State U.",2011,"Federal",2518000,390
"Wellesley C.",2011,"Federal",2496000,391
"Murray State U.",2011,"Federal",2471000,392
"Purdue U., Fort Wayne",2011,"Federal",2443000,393
"Hope C.",2011,"Federal",2414000,394
"Rhode Island C.",2011,"Federal",2404000,395
"Carleton C.",2011,"Federal",2332000,396
"U. of the District of Columbia",2011,"Federal",2313000,397
"U. Northern Iowa",2011,"Federal",2294000,398
"Middlebury C.",2011,"Federal",2289000,399
"Central Washington U.",2011,"Federal",2242000,400
"Hofstra U.",2011,"Federal",2182000,401
"Roger Williams U.",2011,"Federal",2132000,402
"Williams C.",2011,"Federal",2117000,403
"Rowan U.",2011,"Federal",2108000,404
"New School",2011,"Federal",2042000,405
"Santa Clara U.",2011,"Federal",2019000,406
"Chicago State U.",2011,"Federal",2014000,407
"U. Wisconsin-La Crosse",2011,"Federal",2013000,408
"Mount Holyoke C.",2011,"Federal",2010000,409
"Alfred U.",2011,"Federal",2004000,410
"Northwest Indian C.",2011,"Federal",1993000,411
"Amherst C.",2011,"Federal",1992000,412
"U. Puerto Rico, Humacao",2011,"Federal",1976000,413
"U. Louisiana, Monroe",2011,"Federal",1971000,414
"SUNY, Buffalo State U.",2011,"Federal",1965000,415
"Bowdoin C.",2011,"Federal",1942000,416
"Bowie State U.",2011,"Federal",1910000,417
"Bryn Mawr C.",2011,"Federal",1901000,418
"Monmouth U.",2011,"Federal",1873000,419
"Haverford C.",2011,"Federal",1851000,420
"Vassar C.",2011,"Federal",1838000,421
"Spelman C.",2011,"Federal",1833000,422
"U. Richmond",2011,"Federal",1831000,423
"Pomona C.",2011,"Federal",1779000,424
"U. North Carolina, Asheville",2011,"Federal",1770000,425
"Keck Graduate Institute",2011,"Federal",1744000,426
"U. Central Arkansas",2011,"Federal",1732000,427
"Stephen F. Austin State U.",2011,"Federal",1690000,428
"U. Northern Colorado",2011,"Federal",1681000,429
"Sul Ross State U.",2011,"Federal",1672000,430
"Morehead State U.",2011,"Federal",1656000,431
"Grand Valley State U.",2011,"Federal",1648000,432
"Albany C. of Pharmacy and Health Sciences",2011,"Federal",1634000,433
"Arcadia U.",2011,"Federal",1621000,434
"Northern Kentucky U.",2011,"Federal",1595000,435
"U. New Haven",2011,"Federal",1592000,436
"Christopher Newport U.",2011,"Federal",1587000,437
"CUNY, C. Staten Island",2011,"Federal",1583000,438
"Chapman U.",2011,"Federal",1576000,439
"U. Hartford",2011,"Federal",1576000,439
"Lafayette C.",2011,"Federal",1564000,441
"Skidmore C.",2011,"Federal",1562000,442
"Touro U., California",2011,"Federal",1558000,443
"Texas A&M U.-Commerce",2011,"Federal",1557000,444
"Rutgers, State U. New Jersey, Camden",2011,"Federal",1555000,445
"Georgia Southern U.",2011,"Federal",1530000,446
"Macalester C.",2011,"Federal",1517000,447
"Grambling State U.",2011,"Federal",1515000,448
"CUNY, York C.",2011,"Federal",1507000,449
"Coastal Carolina U.",2011,"Federal",1487000,450
"Bates C.",2011,"Federal",1485000,451
"Hamilton C.",2011,"Federal",1406000,452
"Franklin and Marshall C.",2011,"Federal",1397000,453
"Hobart and William Smith Colleges",2011,"Federal",1379000,454
"Indiana State U.",2011,"Federal",1352000,455
"West Texas A&M U.",2011,"Federal",1347000,456
"Lincoln U.",2011,"Federal",1336000,457
"California State U., Chico",2011,"Federal",1317000,458
"SUNY, Geneseo",2011,"Federal",1306000,459
"Pennsylvania State U., Harrisburg",2011,"Federal",1302000,460
"Pittsburg State U.",2011,"Federal",1280000,461
"U. Puerto Rico, Cayey",2011,"Federal",1278000,462
"U. Texas, Tyler",2011,"Federal",1277000,463
"St. John's U., New York",2011,"Federal",1263000,464
"Hawaii Pacific U.",2011,"Federal",1261000,465
"New England C. of Optometry",2011,"Federal",1236000,466
"Trinity C., Hartford",2011,"Federal",1217000,467
"Southern Connecticut State U.",2011,"Federal",1199000,468
"Texas A&M International U.",2011,"Federal",1195000,469
"U. Houston-Downtown",2011,"Federal",1186000,470
"U. San Diego",2011,"Federal",1184000,471
"Oberlin C.",2011,"Federal",1183000,472
"Milwaukee School of Engineering",2011,"Federal",1181000,473
"Winston-Salem State U.",2011,"Federal",1179000,474
"Texas Woman's U.",2011,"Federal",1173000,475
"Black Hills State U.",2011,"Federal",1172000,476
"U. Wisconsin-Oshkosh",2011,"Federal",1154000,477
"CUNY, Baruch C.",2011,"Federal",1150000,478
"U. Central Oklahoma",2011,"Federal",1146000,479
"Furman U.",2011,"Federal",1111000,480
"Saint Joseph's U.",2011,"Federal",1087000,481
"Claremont McKenna C.",2011,"Federal",1083000,482
"Norwich U.",2011,"Federal",1064000,483
"Colgate U.",2011,"Federal",1058000,484
"Kennesaw State U.",2011,"Federal",1054000,485
"U. Ana G. Mendez, Gurabo",2011,"Federal",1054000,485
"Davidson C.",2011,"Federal",1053000,487
"Trinity U.",2011,"Federal",1046000,488
"California State U., Stanislaus",2011,"Federal",1037000,489
"Pennsylvania State U., Behrend",2011,"Federal",1029000,490
"Swarthmore C.",2011,"Federal",1029000,490
"Colby C.",2011,"Federal",1028000,492
"U. Nebraska, Kearney",2011,"Federal",1018000,493
"Connecticut C.",2011,"Federal",1005000,494
"New Mexico Highlands U.",2011,"Federal",989000,495
"Azusa Pacific U.",2011,"Federal",970000,496
"Dine C.",2011,"Federal",959000,497
"Union C., Schenectady",2011,"Federal",959000,497
"Whitman C.",2011,"Federal",957000,499
"Pace U.",2011,"Federal",952000,500
"U. Alaska, Southeast",2011,"Federal",941000,501
"U. of St. Thomas (MN)",2011,"Federal",933000,502
"Western New England U.",2011,"Federal",931000,503
"California State U., East Bay",2011,"Federal",921000,504
"Western U. of Health Sciences",2011,"Federal",914000,505
"Southeastern Louisiana U.",2011,"Federal",911000,506
"U. Washington, Bothell",2011,"Federal",911000,506
"SUNY, Cobleskill",2011,"Federal",909000,508
"Occidental C.",2011,"Federal",904000,509
"Albany State U.",2011,"Federal",893000,510
"SUNY, Oswego",2011,"Federal",871000,511
"U. Detroit Mercy",2011,"Federal",856000,512
"Minnesota State U., Mankato",2011,"Federal",852000,513
"Philadelphia C. of Osteopathic Medicine",2011,"Federal",850000,514
"St. Olaf C.",2011,"Federal",843000,515
"Indiana U. Pennsylvania",2011,"Federal",833000,516
"U. Wisconsin-Eau Claire",2011,"Federal",829000,517
"U. Houston-Clear Lake",2011,"Federal",818000,518
"Reed C.",2011,"Federal",772000,519
"U. Texas of the Permian Basin",2011,"Federal",761000,520
"Western Illinois U.",2011,"Federal",746000,521
"U. Wisconsin-Green Bay",2011,"Federal",732000,522
"Austin Peay State U.",2011,"Federal",729000,523
"California State U., Bakersfield",2011,"Federal",727000,524
"Providence C.",2011,"Federal",726000,525
"SUNY, C. Plattsburgh",2011,"Federal",726000,525
"Western Carolina U.",2011,"Federal",721000,527
"Edward Via C. of Osteopathic Medicine",2011,"Federal",707000,528
"Central Connecticut State U.",2011,"Federal",684000,529
"Lewis and Clark C.",2011,"Federal",684000,529
"Northwestern State U. Louisiana",2011,"Federal",683000,531
"Long Island U.",2011,"Federal",681000,532
"SUNY, C. Brockport",2011,"Federal",677000,533
"U. South Carolina, Beaufort",2011,"Federal",675000,534
"Franklin W. Olin C. of Engineering",2011,"Federal",666000,535
"U. of Mary Washington",2011,"Federal",660000,536
"Southern U., New Orleans",2011,"Federal",650000,537
"Willamette U.",2011,"Federal",650000,537
"Ithaca C.",2011,"Federal",627000,539
"New C. Florida",2011,"Federal",626000,540
"Seattle U.",2011,"Federal",622000,541
"St. Cloud State U.",2011,"Federal",622000,541
"U. South Carolina, Aiken",2011,"Federal",592000,543
"Salisbury U.",2011,"Federal",586000,544
"Wheaton C., Wheaton",2011,"Federal",585000,545
"Calvin U.",2011,"Federal",560000,546
"Eastern Washington U.",2011,"Federal",559000,547
"Sonoma State U.",2011,"Federal",559000,547
"Kean U.",2011,"Federal",550000,549
"Pennsylvania State U., Altoona",2011,"Federal",535000,550
"Saginaw Valley State U.",2011,"Federal",525000,551
"C. Wooster",2011,"Federal",512000,552
"Fort Lewis C.",2011,"Federal",511000,553
"Toyota Technological Institute, Chicago",2011,"Federal",496000,554
"Indiana U., South Bend",2011,"Federal",494000,555
"New York Institute of Technology",2011,"Federal",494000,555
"U.S. Coast Guard Academy",2011,"Federal",487000,557
"U. California, Office of the President",2011,"Federal",483000,558
"Ursinus C.",2011,"Federal",462000,559
"Colorado C.",2011,"Federal",458000,560
"U. Illinois, Springfield",2011,"Federal",455000,561
"California State U., Channel Islands",2011,"Federal",451000,562
"Midwestern U.",2011,"Federal",438000,563
"Abilene Christian U.",2011,"Federal",427000,564
"MGH Institute of Health Professions",2011,"Federal",408000,565
"U. Washington, Tacoma",2011,"Federal",406000,566
"Stockton U.",2011,"Federal",405000,567
"Dakota State U.",2011,"Federal",402000,568
"Radford U.",2011,"Federal",386000,569
"Drake U.",2011,"Federal",382000,570
"Oklahoma State U., Center for Health Sciences",2011,"Federal",377000,571
"U. San Francisco",2011,"Federal",371000,572
"Kenyon C.",2011,"Federal",358000,573
"Erikson Institute",2011,"Federal",355000,574
"Colorado State U., Pueblo",2011,"Federal",354000,575
"Alaska Pacific U.",2011,"Federal",349000,576
"St. Mary's C. Maryland",2011,"Federal",327000,577
"Northeastern Illinois U.",2011,"Federal",311000,578
"Pepperdine U.",2011,"Federal",299000,579
"Suffolk U.",2011,"Federal",299000,579
"U. Puget Sound",2011,"Federal",295000,581
"Grinnell C.",2011,"Federal",287000,582
"Gettysburg C.",2011,"Federal",266000,583
"Heidelberg U.",2011,"Federal",266000,583
"C. New Jersey",2011,"Federal",254000,585
"East Stroudsburg U. Pennsylvania",2011,"Federal",250000,586
"National U. of Natural Medicine",2011,"Federal",247000,587
"Manhattan C.",2011,"Federal",245000,588
"Pacific U.",2011,"Federal",242000,589
"Northern Michigan U.",2011,"Federal",237000,590
"U. of the Incarnate Word",2011,"Federal",217000,591
"Oregon Institute of Technology",2011,"Federal",193000,592
"Butler U.",2011,"Federal",189000,593
"Babson C.",2011,"Federal",187000,594
"Canisius U.",2011,"Federal",181000,595
"U. Wisconsin-River Falls",2011,"Federal",174000,596
"Citadel Military C. South Carolina",2011,"Federal",157000,597
"CUNY, New York City C. of Technology",2011,"Federal",145000,598
"Bryant U.",2011,"Federal",143000,599
"William Paterson U.",2011,"Federal",140000,600
"Lake Superior State U.",2011,"Federal",133000,601
"Virginia Military Institute",2011,"Federal",133000,601
"U. Puerto Rico, Ponce",2011,"Federal",130000,603
"Albion C.",2011,"Federal",113000,604
"Gustavus Adolphus C.",2011,"Federal",109000,605
"Memorial Sloan Kettering Cancer Center, Louis V. Gerstner Jr. Graduate S. of Biomedical Sciences",2011,"Federal",106000,606
"Des Moines U.",2011,"Federal",91000,607
"Andrews U.",2011,"Federal",77000,608
"U. Scranton",2011,"Federal",64000,609
"U. Wisconsin-Platteville",2011,"Federal",50000,610
"Elon U.",2011,"Federal",40000,611
"U. Virginia's C. Wise",2011,"Federal",38000,612
"Eastern Connecticut State U.",2011,"Federal",20000,613
"La Sierra U.",2011,"Federal",17000,614
"West Virginia School of Osteopathic Medicine",2011,"Federal",17000,614
"C. of Saint Benedict",2011,"Federal",0,616
"Roseman U. of Health Sciences",2011,"Federal",0,616
"Touro U., New Yorkg",2011,"Federal",0,616
"Albert Einstein C. of Medicine",2011,"Federal",NA,NA
"Augusta U.",2011,"Federal",NA,NA
"Bentley U.",2011,"Federal",NA,NA
"CUNY, Advanced Science Research Center",2011,"Federal",NA,NA
"CUNY, Graduate School of Public Health and Health Policy",2011,"Federal",NA,NA
"CUNY, system office",2011,"Federal",NA,NA
"Ferris State U.",2011,"Federal",NA,NA
"Florida Polytechnic U.",2011,"Federal",NA,NA
"Framingham State U.",2011,"Federal",NA,NA
"Johnson C. Smith U.",2011,"Federal",NA,NA
"Liberty U.",2011,"Federal",NA,NA
"Lincoln Memorial U.",2011,"Federal",NA,NA
"Lipscomb U.",2011,"Federal",NA,NA
"Marian U., Indianapolis",2011,"Federal",NA,NA
"Marshall B. Ketchum U.",2011,"Federal",NA,NA
"Marymount U.",2011,"Federal",NA,NA
"Merrimack C.",2011,"Federal",NA,NA
"National Defense U.",2011,"Federal",NA,NA
"Naval War C.",2011,"Federal",NA,NA
"Nevada State C.",2011,"Federal",NA,NA
"Northland C.",2011,"Federal",NA,NA
"Pratt Institute",2011,"Federal",NA,NA
"Purdue U., Northwest",2011,"Federal",NA,NA
"Robert Morris U.",2011,"Federal",NA,NA
"SUNY, Polytechnic Institute",2011,"Federal",NA,NA
"Sacred Heart U.",2011,"Federal",NA,NA
"Texas A&M U.-San Antonio",2011,"Federal",NA,NA
"Texas Tech U., Health Sciences Center, El Paso",2011,"Federal",NA,NA
"Troy U.",2011,"Federal",NA,NA
"U. Colorado Anschutz Medical Campusc",2011,"Federal",NA,NA
"U. Colorado Denverc",2011,"Federal",NA,NA
"U. Hawaii, Maui C.",2011,"Federal",NA,NA
"U. Hawaii, system office",2011,"Federal",NA,NA
"U. Marylandb",2011,"Federal",NA,NA
"U. Nebraska, Lincoln and Medical Centerd",2011,"Federal",NA,NA
"U. North Georgia",2011,"Federal",NA,NA
"U. Oklahoma, Tulsa",2011,"Federal",NA,NA
"U. Texas Health Science Center, Tyler",2011,"Federal",NA,NA
"U. Texas Rio Grande Valley",2011,"Federal",NA,NA
"U. of Health Sciences and Pharmacy in St. Louis",2011,"Federal",NA,NA
"U.S. Army War C.",2011,"Federal",NA,NA
"United Tribes Technical C.",2011,"Federal",NA,NA
"Utah Valley U.",2011,"Federal",NA,NA
"Van Andel Research Institute",2011,"Federal",NA,NA
"All institutions",2012,"Federal",40142223000,1
"Johns Hopkins U",2012,"Federal",1857580000,2
"All other surveyed institutions",2012,"Federal",1445174000,3
"U. Washington, Seattle",2012,"Federal",909652000,4
"U. Michigan, Ann Arbor",2012,"Federal",791729000,5
"U. Pennsylvania",2012,"Federal",669970000,6
"U. California, San Diego",2012,"Federal",656891000,7
"Columbia U. in the City of New York",2012,"Federal",645573000,8
"U. Pittsburgh, Pittsburgh",2012,"Federal",637857000,9
"Stanford U.",2012,"Federal",636348000,10
"U. North Carolina, Chapel Hill",2012,"Federal",606348000,11
"Harvard U.",2012,"Federal",589860000,12
"Duke U.",2012,"Federal",587268000,13
"U. Wisconsin-Madison",2012,"Federal",580661000,14
"U. California, San Francisco",2012,"Federal",559329000,15
"U. California, Los Angeles",2012,"Federal",539054000,16
"Pennsylvania State U., University Park and Hershey Medical Center",2012,"Federal",531421000,17
"Yale U.",2012,"Federal",518184000,18
"Massachusetts Institute of Technology",2012,"Federal",496132000,19
"U. Minnesota, Twin Cities",2012,"Federal",485462000,20
"Georgia Institute of Technology",2012,"Federal",484212000,21
"Cornell U.",2012,"Federal",472673000,22
"Vanderbilt U. and Vanderbilt U. Medical Center",2012,"Federal",448948000,23
"Ohio State U.",2012,"Federal",445635000,24
"U. Southern California",2012,"Federal",443842000,25
"Washington U., Saint Louis",2012,"Federal",441406000,26
"Northwestern U.",2012,"Federal",393074000,27
"Emory U.",2012,"Federal",361165000,28
"U. Illinois, Urbana-Champaign",2012,"Federal",359989000,29
"Case Western Reserve U.",2012,"Federal",3.59e+08,30
"U. California, Davis",2012,"Federal",358577000,31
"U. Texas, Austin",2012,"Federal",354873000,32
"U. California, Berkeley",2012,"Federal",338759000,33
"U. Chicago",2012,"Federal",336125000,34
"U. Arizona",2012,"Federal",331578000,35
"U. Colorado Boulder",2012,"Federal",330089000,36
"California Institute of Technology",2012,"Federal",326701000,37
"New York U.",2012,"Federal",316208000,38
"Scripps Research Institute",2012,"Federal",309471000,39
"U. Rochester",2012,"Federal",308115000,40
"U. Alabama, Birmingham",2012,"Federal",306210000,41
"U. Florida",2012,"Federal",305067000,42
"Rutgers, State U. New Jersey, New Brunswick",2012,"Federal",279161000,43
"Boston U.",2012,"Federal",275319000,44
"U. Utah",2012,"Federal",273150000,45
"Icahn School of Medicine at Mount Sinai",2012,"Federal",271722000,46
"Purdue U., West Lafayette",2012,"Federal",270655000,47
"U. Iowa",2012,"Federal",269734000,48
"Texas A&M U., College Station and Health Science Center",2012,"Federal",269460000,49
"Michigan State U.",2012,"Federal",268952000,50
"Baylor C. of Medicine",2012,"Federal",268753000,51
"U. Cincinnati",2012,"Federal",267691000,52
"Colorado State U., Fort Collins",2012,"Federal",252286000,53
"U. Illinois, Chicago",2012,"Federal",246128000,54
"Oregon Health and Science U.",2012,"Federal",242337000,55
"U. Virginia, Charlottesville",2012,"Federal",240254000,56
"U. South Floridae",2012,"Federal",236148000,57
"U. Miami",2012,"Federal",224172000,58
"Carnegie Mellon U.",2012,"Federal",209522000,59
"U. Texas Southwestern Medical Center",2012,"Federal",207513000,60
"U. California, Irvine",2012,"Federal",206985000,61
"U. Massachusetts, Medical School",2012,"Federal",202149000,62
"Yeshiva U.",2012,"Federal",201397000,63
"U. Texas M. D. Anderson Cancer Center",2012,"Federal",196753000,64
"Arizona State U.",2012,"Federal",194376000,65
"U. Hawaii, Manoa",2012,"Federal",193722000,66
"SUNY, U. Buffalo",2012,"Federal",193613000,67
"Virginia Polytechnic Institute and State U.",2012,"Federal",184175000,68
"North Carolina State U.",2012,"Federal",174758000,69
"Wake Forest U.",2012,"Federal",172779000,70
"U. Kansas",2012,"Federal",171043000,71
"Indiana U.-Purdue U., Indianapolis",2012,"Federal",166825000,72
"Princeton U.",2012,"Federal",161591000,73
"Woods Hole Oceanographic Institution",2012,"Federal",161115000,74
"U. New Mexico",2012,"Federal",160895000,75
"U. Kentucky",2012,"Federal",159678000,76
"Oregon State U.",2012,"Federal",156446000,77
"U. Connecticut",2012,"Federal",153264000,78
"Dartmouth C. and Dartmouth Hitchcock Medical Center",2012,"Federal",147421000,79
"U. Texas Health Science Center, Houston",2012,"Federal",146424000,80
"Virginia Commonwealth U.",2012,"Federal",142053000,81
"Florida State U.",2012,"Federal",140419000,82
"U. Georgia",2012,"Federal",137710000,83
"Medical U. South Carolina",2012,"Federal",136907000,84
"U. California, Santa Barbara",2012,"Federal",136352000,85
"U. Oklahoma, Norman and Health Science Center",2012,"Federal",133841000,86
"Brown U.",2012,"Federal",131994000,87
"Washington State U.",2012,"Federal",129255000,88
"Naval Postgraduate School",2012,"Federal",127049000,89
"Wayne State U.",2012,"Federal",126915000,90
"Medical C. Wisconsin",2012,"Federal",125325000,91
"SUNY, Stony Brook U.",2012,"Federal",123383000,92
"Tufts U.",2012,"Federal",121512000,93
"U. New Hampshire",2012,"Federal",119451000,94
"Iowa State U.",2012,"Federal",118242000,95
"U. Delaware",2012,"Federal",117072000,96
"U. Massachusetts, Amherst",2012,"Federal",115280000,97
"Georgetown U.",2012,"Federal",115197000,98
"U. Missouri, Columbia",2012,"Federal",114345000,99
"SUNY, U. Albany",2012,"Federal",112989000,100
"U. Tennessee, Knoxvillef",2012,"Federal",112471000,101
"George Washington U.",2012,"Federal",112110000,102
"U. Texas Medical Branch",2012,"Federal",109867000,103
"Utah State U.",2012,"Federal",108501000,104
"U. Texas Health Science Center, San Antonio",2012,"Federal",106177000,105
"Uniformed Services U. of the Health Sciences",2012,"Federal",102134000,106
"Tulane U.",2012,"Federal",101360000,107
"U. Alaska, Fairbanks",2012,"Federal",99674000,108
"U. South Carolina, Columbia",2012,"Federal",98836000,109
"Mississippi State U.",2012,"Federal",96689000,110
"U. California, Santa Cruz",2012,"Federal",94222000,111
"Louisiana State U., Baton Rouge",2012,"Federal",92551000,112
"New Mexico State U.",2012,"Federal",90722000,113
"Temple U.",2012,"Federal",90243000,114
"U. Louisville",2012,"Federal",89976000,115
"Drexel U.",2012,"Federal",87860000,116
"U. Vermont",2012,"Federal",87843000,117
"Montana State U., Bozeman",2012,"Federal",86511000,118
"U. Oregon",2012,"Federal",86316000,119
"Oklahoma State U., Stillwater",2012,"Federal",85876000,120
"Rockefeller U.",2012,"Federal",84616000,121
"U. Rhode Island",2012,"Federal",83754000,122
"U. Notre Dame",2012,"Federal",83295000,123
"West Virginia U.",2012,"Federal",82149000,124
"Indiana U., Bloomington",2012,"Federal",79727000,125
"U. Alabama, Huntsville",2012,"Federal",78528000,126
"U. Central Florida",2012,"Federal",78411000,127
"Kansas State U.",2012,"Federal",77689000,128
"Northeastern U.",2012,"Federal",77667000,129
"Rice U.",2012,"Federal",76964000,130
"U. Mississippi",2012,"Federal",74955000,131
"U. Arkansas for Medical Sciences",2012,"Federal",69883000,132
"Florida International U.",2012,"Federal",69402000,133
"Thomas Jefferson U.",2012,"Federal",68976000,134
"U. Dayton",2012,"Federal",65169000,135
"U. California, Riverside",2012,"Federal",63821000,136
"George Mason U.",2012,"Federal",63786000,137
"Rensselaer Polytechnic Institute",2012,"Federal",62341000,138
"New Jersey Institute of Technology",2012,"Federal",59398000,139
"Rush U.",2012,"Federal",57512000,140
"U. Wyoming",2012,"Federal",57441000,141
"San Diego State U.",2012,"Federal",56797000,142
"U. Houston",2012,"Federal",55812000,143
"Auburn U., Auburn",2012,"Federal",55557000,144
"U. Nevada, Reno",2012,"Federal",55437000,145
"U. Idaho",2012,"Federal",55115000,146
"U. North Dakota",2012,"Federal",54476000,147
"Clemson U.",2012,"Federal",51764000,148
"U. Tennessee, Health Science Center",2012,"Federal",48473000,149
"Cleveland State U.",2012,"Federal",46645000,150
"North Dakota State U.",2012,"Federal",46490000,151
"U. Maryland, Baltimore County",2012,"Federal",45014000,152
"Brandeis U.",2012,"Federal",44532000,153
"Cold Spring Harbor Laboratory",2012,"Federal",43874000,154
"U.S. Air Force Academy",2012,"Federal",43431000,155
"Florida A&M U.",2012,"Federal",42937000,156
"Portland State U.",2012,"Federal",42662000,157
"South Dakota State U.",2012,"Federal",41975000,158
"U. Toledo",2012,"Federal",41072000,159
"Louisiana State U., Health Sciences Center, New Orleans",2012,"Federal",40637000,160
"U. Texas, El Paso",2012,"Federal",40024000,161
"U. Maine",2012,"Federal",39661000,162
"CUNY, City C.",2012,"Federal",39572000,163
"Jackson State U.",2012,"Federal",39511000,164
"Old Dominion U.",2012,"Federal",38555000,165
"Howard U.",2012,"Federal",37690000,166
"U. Southern Mississippi",2012,"Federal",37524000,167
"U. Montana, Missoula",2012,"Federal",35984000,168
"Saint Louis U.",2012,"Federal",35873000,169
"U. Texas, Dallas",2012,"Federal",35297000,170
"U. Puerto Rico, Medical Sciences Campus",2012,"Federal",35173000,171
"SUNY, Downstate Health Sciences U.",2012,"Federal",34884000,172
"U. Arkansas, Fayetteville",2012,"Federal",34189000,173
"Georgia State U.",2012,"Federal",34075000,174
"Colorado School of Mines",2012,"Federal",33481000,175
"U. Massachusetts, Boston",2012,"Federal",33275000,176
"Michigan Technological U.",2012,"Federal",33189000,177
"Syracuse U.",2012,"Federal",33156000,178
"U. Texas, Arlington",2012,"Federal",33150000,179
"U. Alabama, Tuscaloosa",2012,"Federal",33023000,180
"U. Texas, San Antonio",2012,"Federal",32672000,181
"William & Mary",2012,"Federal",32526000,182
"Morehouse School of Medicine",2012,"Federal",31786000,183
"Boston C.",2012,"Federal",30855000,184
"Texas Tech U.",2012,"Federal",29969000,185
"New Mexico Institute of Mining and Technology",2012,"Federal",29894000,186
"U. Wisconsin-Milwaukee",2012,"Federal",28862000,187
"Loyola U., Chicago",2012,"Federal",28530000,188
"Illinois Institute of Technology",2012,"Federal",27767000,189
"Stevens Institute of Technology",2012,"Federal",27420000,190
"Desert Research Institute",2012,"Federal",27294000,191
"SUNY, Upstate Medical U.",2012,"Federal",27013000,192
"U. Massachusetts, Lowell",2012,"Federal",26786000,193
"U. North Texas, Health Science Center",2012,"Federal",26627000,194
"Wright State U.",2012,"Federal",25552000,195
"U. Puerto Rico, Rio Piedras",2012,"Federal",25407000,196
"U. Nevada, Las Vegas",2012,"Federal",25068000,197
"Loma Linda U.",2012,"Federal",24884000,198
"California State U., Northridge",2012,"Federal",24837000,199
"Eastern Virginia Medical School",2012,"Federal",24694000,200
"CUNY, Hunter C.",2012,"Federal",24265000,201
"San Jose State U.",2012,"Federal",24153000,202
"Missouri U. of Science and Technology",2012,"Federal",23731000,203
"Meharry Medical C.",2012,"Federal",23467000,204
"Lehigh U.",2012,"Federal",23312000,205
"U. of the Virgin Islands",2012,"Federal",22605000,206
"North Carolina A&T State U.",2012,"Federal",22477000,207
"U. Memphis",2012,"Federal",22142000,208
"Alabama A&M U.",2012,"Federal",22086000,209
"Brigham Young U., Provo",2012,"Federal",22069000,210
"Southern Illinois U., Carbondale",2012,"Federal",22055000,211
"SUNY, Binghamton U.",2012,"Federal",21162000,212
"Ohio U.",2012,"Federal",20780000,213
"U. Hawaii, Hilo",2012,"Federal",20726000,214
"Rutgers, State U. New Jersey, Newark",2012,"Federal",20588000,215
"Boise State U.",2012,"Federal",20070000,216
"Mercer U.",2012,"Federal",19963000,217
"U. Puerto Rico, Mayaguez",2012,"Federal",19949000,218
"Charles R. Drew U. of Medicine and Science",2012,"Federal",19733000,219
"Air Force Institute of Technology",2012,"Federal",19579000,220
"Rochester Institute of Technology",2012,"Federal",19394000,221
"U. North Carolina, Charlotte",2012,"Federal",19230000,222
"Wichita State U.",2012,"Federal",19078000,223
"U. North Texas, Denton",2012,"Federal",18043000,224
"East Carolina U.",2012,"Federal",17838000,225
"Catholic U. of America",2012,"Federal",17608000,226
"U. Missouri, Kansas City",2012,"Federal",17522000,227
"Florida Atlantic U.",2012,"Federal",17226000,228
"San Francisco State U.",2012,"Federal",17075000,229
"U. Akron",2012,"Federal",16768000,230
"Southern Methodist U.",2012,"Federal",16640000,231
"U. North Carolina, Greensboro",2012,"Federal",16530000,232
"New York Medical C.",2012,"Federal",16471000,233
"Idaho State U.",2012,"Federal",16095000,234
"U. Maryland Center for Environmental Science",2012,"Federal",16081000,235
"Northern Arizona U.",2012,"Federal",16015000,236
"Morgan State U.",2012,"Federal",15408000,237
"Hampton U.",2012,"Federal",15356000,238
"CUNY, Queens C.",2012,"Federal",14897000,239
"Kent State U.",2012,"Federal",14882000,240
"U. New Orleans",2012,"Federal",14521000,241
"South Dakota School of Mines and Technology",2012,"Federal",14480000,242
"Western Michigan U. and Homer Stryker M.D. School of Medicine",2012,"Federal",14378000,243
"Creighton U.",2012,"Federal",14270000,244
"U. South Dakota",2012,"Federal",14088000,245
"Embry-Riddle Aeronautical U.",2012,"Federal",14048000,246
"Texas Tech U., Health Sciences Center",2012,"Federal",13944000,247
"U. Louisiana, Lafayette",2012,"Federal",13848000,248
"U. South Alabama",2012,"Federal",13816000,249
"Alabama State U.",2012,"Federal",13607000,250
"Louisiana State U., Health Sciences Center, Shreveport",2012,"Federal",13504000,251
"Miami U.",2012,"Federal",13418000,252
"Marshall U.",2012,"Federal",13154000,253
"Worcester Polytechnic Institute",2012,"Federal",12968000,254
"Northern Illinois U.",2012,"Federal",12861000,255
"U. West Florida",2012,"Federal",12858000,256
"Tuskegee U.",2012,"Federal",12633000,257
"California State U., Fullerton",2012,"Federal",12440000,258
"U.S. Military Academy",2012,"Federal",12227000,259
"Texas State U.",2012,"Federal",11950000,260
"Albany Medical C.",2012,"Federal",11845000,261
"U. Denver",2012,"Federal",11779000,262
"U. North Carolina, Wilmington",2012,"Federal",11571000,263
"California State U., Long Beach",2012,"Federal",11379000,264
"Delaware State U.",2012,"Federal",11305000,265
"Fayetteville State U.",2012,"Federal",11187000,266
"North Carolina Central U.",2012,"Federal",11076000,267
"U. California, Merced",2012,"Federal",11052000,268
"U. Massachusetts, Dartmouth",2012,"Federal",10979000,269
"South Carolina State U.",2012,"Federal",10926000,270
"U. Alaska, Anchorage",2012,"Federal",10760000,271
"Prairie View A&M U.",2012,"Federal",10569000,272
"Tennessee State U.",2012,"Federal",10240000,273
"Teachers C., Columbia U.",2012,"Federal",10173000,274
"California Polytechnic State U., San Luis Obispo",2012,"Federal",10125000,275
"Rosalind Franklin U. of Medicine and Science",2012,"Federal",10084000,276
"Marquette U.",2012,"Federal",9968000,277
"Louisiana Tech U.",2012,"Federal",9835000,278
"U. Missouri, Saint Louis",2012,"Federal",9650000,279
"Arkansas State U., Jonesboro",2012,"Federal",9645000,280
"U.S. Naval Academy",2012,"Federal",9322000,281
"Oakland U.",2012,"Federal",9185000,282
"Morehouse C.",2012,"Federal",9063000,283
"Rhode Island C.",2012,"Federal",9060000,284
"Claremont Graduate U.",2012,"Federal",8875000,285
"Alcorn State U.",2012,"Federal",8598000,286
"SUNY, C. of Environmental Science and Forestry",2012,"Federal",8557000,287
"Clark Atlanta U.",2012,"Federal",8447000,288
"U. Arkansas, Little Rock",2012,"Federal",8104000,289
"East Tennessee State U.",2012,"Federal",8052000,290
"Norfolk State U.",2012,"Federal",7739000,291
"U. Minnesota, Duluth",2012,"Federal",7597000,292
"American U.",2012,"Federal",7515000,293
"Florida Institute of Technology",2012,"Federal",7500000,294
"Eastern Michigan U.",2012,"Federal",7374000,295
"Dillard U.",2012,"Federal",7325000,296
"California State U., San Bernardino",2012,"Federal",7251000,297
"Xavier U. Louisiana",2012,"Federal",7177000,298
"Clarkson U.",2012,"Federal",7061000,299
"Bowling Green State U.",2012,"Federal",7005000,300
"Virginia State U.",2012,"Federal",6999000,301
"U. Maryland, Eastern Shore",2012,"Federal",6965000,302
"California State U., Los Angeles",2012,"Federal",6847000,303
"U. Tulsa",2012,"Federal",6782000,304
"Nova Southeastern U.",2012,"Federal",6653000,305
"CUNY, Brooklyn C.",2012,"Federal",6578000,306
"U. Texas, Tyler",2012,"Federal",6535000,307
"Texas A&M U.-Kingsville",2012,"Federal",6480000,308
"James Madison U.",2012,"Federal",6476000,309
"Lincoln U., Jefferson City",2012,"Federal",6306000,310
"U. Central del Caribe",2012,"Federal",6304000,311
"C. Charleston",2012,"Federal",6277000,312
"Southern U. and A&M C., Baton Rouge",2012,"Federal",6194000,313
"U. Nebraska, Omaha",2012,"Federal",5980000,314
"Southern U. and A&M C., Agricultural Research and Extension Center",2012,"Federal",5926000,315
"Duquesne U.",2012,"Federal",5723000,316
"Western Kentucky U.",2012,"Federal",5712000,317
"California State U., Sacramento",2012,"Federal",5663000,318
"California State U., San Marcos",2012,"Federal",5548000,319
"Villanova U.",2012,"Federal",5518000,320
"St. Edward's U.",2012,"Federal",5500000,321
"U. Southern Maine",2012,"Federal",5490000,322
"U. Guam",2012,"Federal",5448000,323
"Texas A&M U.-Corpus Christi",2012,"Federal",5446000,324
"U. Wisconsin-Superior",2012,"Federal",5302000,325
"Winthrop U.",2012,"Federal",5243000,326
"Florida Gulf Coast U.",2012,"Federal",5146000,327
"Claflin U.",2012,"Federal",5090000,328
"Tarleton State U.",2012,"Federal",5086000,329
"Central Michigan U.",2012,"Federal",5055000,330
"Texas Christian U.",2012,"Federal",4998000,331
"Kentucky State U.",2012,"Federal",4924000,332
"Texas Southern U.",2012,"Federal",4924000,332
"DePaul U.",2012,"Federal",4827000,334
"Wesleyan U.",2012,"Federal",4726000,335
"Tennessee Technological U.",2012,"Federal",4674000,336
"Middle Tennessee State U.",2012,"Federal",4553000,337
"U. Arkansas, Pine Bluff",2012,"Federal",4540000,338
"California State U., Monterey Bay",2012,"Federal",4341000,339
"Gallaudet U.",2012,"Federal",4335000,340
"Elizabeth City State U.",2012,"Federal",4284000,341
"Fordham U.",2012,"Federal",4187000,342
"Fisk U.",2012,"Federal",4058000,343
"Langston U.",2012,"Federal",3957000,344
"West Virginia State U.",2012,"Federal",3945000,345
"CUNY, John Jay C. of Criminal Justice",2012,"Federal",3921000,346
"Western Washington U.",2012,"Federal",3891000,347
"Western Illinois U.",2012,"Federal",3855000,348
"Illinois State U.",2012,"Federal",3833000,349
"Northeast Ohio Medical U.",2012,"Federal",3816000,350
"U. North Florida",2012,"Federal",3760000,351
"Missouri State U.",2012,"Federal",3697000,352
"Montclair State U.",2012,"Federal",3593000,353
"California State Polytechnic U., Humboldt",2012,"Federal",3588000,354
"Dakota State U.",2012,"Federal",3555000,355
"U. Colorado Colorado Springs",2012,"Federal",3540000,356
"California State U., Fresno",2012,"Federal",3532000,357
"Baylor U.",2012,"Federal",3513000,358
"Central State U.",2012,"Federal",3390000,359
"U. Baltimore",2012,"Federal",3386000,360
"U. New England",2012,"Federal",3359000,361
"Fort Valley State U.",2012,"Federal",3334000,362
"Ball State U.",2012,"Federal",3320000,363
"Bowdoin C.",2012,"Federal",3317000,364
"Montana Technological U.",2012,"Federal",3293000,365
"U. Tennessee, Chattanooga",2012,"Federal",3202000,366
"Barnard C.",2012,"Federal",3194000,367
"CUNY, Graduate Center",2012,"Federal",3191000,368
"Southern Illinois U., Edwardsville",2012,"Federal",3172000,369
"SUNY, C. of Optometry",2012,"Federal",3162000,370
"Clark U.",2012,"Federal",3141000,371
"Lamar U.",2012,"Federal",3072000,372
"U. Wisconsin-Stevens Point",2012,"Federal",3052000,373
"U. Michigan, Dearborn",2012,"Federal",2992000,374
"Naval War C.",2012,"Federal",2938000,375
"Palmer C. of Chiropractic, Davenport",2012,"Federal",2906000,376
"Wellesley C.",2012,"Federal",2902000,377
"Sam Houston State U.",2012,"Federal",2717000,378
"Benedict C.",2012,"Federal",2713000,379
"Smith C.",2012,"Federal",2690000,380
"California State U., Dominguez Hills",2012,"Federal",2689000,381
"Hofstra U.",2012,"Federal",2660000,382
"California State Polytechnic U., Pomona",2012,"Federal",2635000,383
"Tougaloo C.",2012,"Federal",2613000,384
"Middlebury C.",2012,"Federal",2513000,385
"Fairfield U.",2012,"Federal",2507000,386
"U. New Haven",2012,"Federal",2471000,387
"U. of the District of Columbia",2012,"Federal",2430000,388
"New School",2012,"Federal",2385000,389
"U. Richmond",2012,"Federal",2376000,390
"Rowan U.",2012,"Federal",2349000,391
"SUNY, Buffalo State U.",2012,"Federal",2348000,392
"Eastern Kentucky U.",2012,"Federal",2329000,393
"Appalachian State U.",2012,"Federal",2287000,394
"CUNY, Lehman C.",2012,"Federal",2215000,395
"Kennesaw State U.",2012,"Federal",2214000,396
"Carleton C.",2012,"Federal",2212000,397
"U. Northern Iowa",2012,"Federal",2182000,398
"Roger Williams U.",2012,"Federal",2166000,399
"Grand Valley State U.",2012,"Federal",2162000,400
"Youngstown State U.",2012,"Federal",2159000,401
"U. of the Pacific",2012,"Federal",2090000,402
"Santa Clara U.",2012,"Federal",2074000,403
"Northwest Indian C.",2012,"Federal",2044000,404
"Harvey Mudd C.",2012,"Federal",2038000,405
"Williams C.",2012,"Federal",2029000,406
"Albany State U.",2012,"Federal",2e+06,407
"U. Central Arkansas",2012,"Federal",1989000,408
"Amherst C.",2012,"Federal",1988000,409
"Winston-Salem State U.",2012,"Federal",1977000,410
"U. Puerto Rico, Humacao",2012,"Federal",1949000,411
"Purdue U., Fort Wayne",2012,"Federal",1946000,412
"Hope C.",2012,"Federal",1912000,413
"Texas Woman's U.",2012,"Federal",1908000,414
"Murray State U.",2012,"Federal",1904000,415
"U. San Diego",2012,"Federal",1903000,416
"U. Wisconsin-La Crosse",2012,"Federal",1876000,417
"Savannah State U.",2012,"Federal",1874000,418
"Spelman C.",2012,"Federal",1874000,418
"U. San Francisco",2012,"Federal",1867000,420
"Bryn Mawr C.",2012,"Federal",1848000,421
"Central Washington U.",2012,"Federal",1840000,422
"U. Houston-Downtown",2012,"Federal",1828000,423
"Mount Holyoke C.",2012,"Federal",1827000,424
"West Texas A&M U.",2012,"Federal",1802000,425
"Stephen F. Austin State U.",2012,"Federal",1800000,426
"U. North Carolina, Asheville",2012,"Federal",1789000,427
"Towson U.",2012,"Federal",1771000,428
"Pacific U.",2012,"Federal",1767000,429
"U. Louisiana, Monroe",2012,"Federal",1752000,430
"Bowie State U.",2012,"Federal",1739000,431
"Chapman U.",2012,"Federal",1733000,432
"New England C. of Optometry",2012,"Federal",1685000,433
"Black Hills State U.",2012,"Federal",1675000,434
"Keck Graduate Institute",2012,"Federal",1671000,435
"Seton Hall U.",2012,"Federal",1667000,436
"Alfred U.",2012,"Federal",1648000,437
"Erikson Institute",2012,"Federal",1648000,437
"Texas A&M U.-Commerce",2012,"Federal",1600000,439
"Pomona C.",2012,"Federal",1599000,440
"Coastal Carolina U.",2012,"Federal",1598000,441
"Morehead State U.",2012,"Federal",1597000,442
"Southern Connecticut State U.",2012,"Federal",1595000,443
"Bates C.",2012,"Federal",1555000,444
"Rutgers, State U. New Jersey, Camden",2012,"Federal",1545000,445
"Bucknell U.",2012,"Federal",1540000,446
"SUNY, Geneseo",2012,"Federal",1532000,447
"U. Puerto Rico, Cayey",2012,"Federal",1515000,448
"U. Hartford",2012,"Federal",1505000,449
"Colgate U.",2012,"Federal",1497000,450
"Northern Kentucky U.",2012,"Federal",1483000,451
"Haverford C.",2012,"Federal",1478000,452
"Pace U.",2012,"Federal",1476000,453
"CUNY, C. Staten Island",2012,"Federal",1470000,454
"West Chester U. Pennsylvania",2012,"Federal",1457000,455
"Trinity C., Hartford",2012,"Federal",1432000,456
"Grambling State U.",2012,"Federal",1428000,457
"Hamilton C.",2012,"Federal",1400000,458
"CUNY, system office",2012,"Federal",1398000,459
"Touro U., California",2012,"Federal",1390000,460
"U. Northern Colorado",2012,"Federal",1373000,461
"Georgia Southern U.",2012,"Federal",1359000,462
"California State U., Chico",2012,"Federal",1345000,463
"New York Institute of Technology",2012,"Federal",1339000,464
"Skidmore C.",2012,"Federal",1334000,465
"Oberlin C.",2012,"Federal",1330000,466
"Willamette U.",2012,"Federal",1327000,467
"Lincoln U.",2012,"Federal",1313000,468
"Western U. of Health Sciences",2012,"Federal",1300000,469
"Pennsylvania State U., Harrisburg",2012,"Federal",1290000,470
"Indiana State U.",2012,"Federal",1268000,471
"Vassar C.",2012,"Federal",1258000,472
"Salisbury U.",2012,"Federal",1256000,473
"U. Wisconsin-Oshkosh",2012,"Federal",1238000,474
"Pennsylvania State U., Behrend",2012,"Federal",1232000,475
"Christopher Newport U.",2012,"Federal",1230000,476
"Loyola Marymount U.",2012,"Federal",1222000,477
"Trinity U.",2012,"Federal",1222000,477
"St. Olaf C.",2012,"Federal",1220000,479
"CUNY, Baruch C.",2012,"Federal",1209000,480
"Milwaukee School of Engineering",2012,"Federal",1207000,481
"Lafayette C.",2012,"Federal",1205000,482
"Colby C.",2012,"Federal",1197000,483
"Kean U.",2012,"Federal",1191000,484
"St. John's U., New York",2012,"Federal",1185000,485
"Albany C. of Pharmacy and Health Sciences",2012,"Federal",1182000,486
"U. Texas of the Permian Basin",2012,"Federal",1179000,487
"Furman U.",2012,"Federal",1164000,488
"Hawaii Pacific U.",2012,"Federal",1145000,489
"Swarthmore C.",2012,"Federal",1135000,490
"Connecticut C.",2012,"Federal",1130000,491
"Franklin and Marshall C.",2012,"Federal",1116000,492
"Lawrence Technological U.",2012,"Federal",1108000,493
"Macalester C.",2012,"Federal",1106000,494
"Hobart and William Smith Colleges",2012,"Federal",1103000,495
"U. Washington, Tacoma",2012,"Federal",1098000,496
"Franklin W. Olin C. of Engineering",2012,"Federal",1090000,497
"Claremont McKenna C.",2012,"Federal",1082000,498
"Occidental C.",2012,"Federal",1079000,499
"Sul Ross State U.",2012,"Federal",1073000,500
"California State U., Stanislaus",2012,"Federal",1070000,501
"U. California, Office of the President",2012,"Federal",1048000,502
"U. Ana G. Mendez, Gurabo",2012,"Federal",1034000,503
"U. Alaska, Southeast",2012,"Federal",1003000,504
"Pittsburg State U.",2012,"Federal",989000,505
"SUNY, C. Brockport",2012,"Federal",989000,505
"Texas A&M International U.",2012,"Federal",989000,505
"Southeastern Louisiana U.",2012,"Federal",985000,508
"Western Carolina U.",2012,"Federal",974000,509
"Union C., Schenectady",2012,"Federal",867000,510
"CUNY, York C.",2012,"Federal",861000,511
"Saint Joseph's U.",2012,"Federal",835000,512
"U. Wisconsin-Eau Claire",2012,"Federal",817000,513
"Pepperdine U.",2012,"Federal",808000,514
"Ithaca C.",2012,"Federal",774000,515
"U. of St. Thomas (MN)",2012,"Federal",767000,516
"U. Central Oklahoma",2012,"Federal",750000,517
"New Mexico Highlands U.",2012,"Federal",735000,518
"Norwich U.",2012,"Federal",733000,519
"U. Houston-Clear Lake",2012,"Federal",730000,520
"Eastern Washington U.",2012,"Federal",725000,521
"Lewis and Clark C.",2012,"Federal",718000,522
"U. Nebraska, Kearney",2012,"Federal",716000,523
"Monmouth U.",2012,"Federal",714000,524
"Minnesota State U., Mankato",2012,"Federal",701000,525
"U. Washington, Bothell",2012,"Federal",701000,525
"Philadelphia C. of Osteopathic Medicine",2012,"Federal",694000,527
"U. Wisconsin-Green Bay",2012,"Federal",686000,528
"Reed C.",2012,"Federal",678000,529
"Central Connecticut State U.",2012,"Federal",677000,530
"Indiana U. Pennsylvania",2012,"Federal",672000,531
"Long Island U.",2012,"Federal",666000,532
"Calvin U.",2012,"Federal",664000,533
"Davidson C.",2012,"Federal",651000,534
"Grinnell C.",2012,"Federal",648000,535
"California State U., Bakersfield",2012,"Federal",641000,536
"Arcadia U.",2012,"Federal",620000,537
"Azusa Pacific U.",2012,"Federal",609000,538
"Northwestern State U. Louisiana",2012,"Federal",609000,538
"U. Illinois, Springfield",2012,"Federal",602000,540
"Chicago State U.",2012,"Federal",565000,541
"California State U., East Bay",2012,"Federal",536000,542
"Seattle U.",2012,"Federal",530000,543
"U. Detroit Mercy",2012,"Federal",508000,544
"Edward Via C. of Osteopathic Medicine",2012,"Federal",502000,545
"Austin Peay State U.",2012,"Federal",484000,546
"SUNY, C. Plattsburgh",2012,"Federal",454000,547
"New C. Florida",2012,"Federal",451000,548
"U. of Mary Washington",2012,"Federal",445000,549
"Midwestern U.",2012,"Federal",427000,550
"Whitman C.",2012,"Federal",398000,551
"Colorado C.",2012,"Federal",389000,552
"Indiana U., South Bend",2012,"Federal",375000,553
"Saginaw Valley State U.",2012,"Federal",334000,554
"Western New England U.",2012,"Federal",325000,555
"Suffolk U.",2012,"Federal",249000,556
"St. Cloud State U.",2012,"Federal",215000,557
"C. Wooster",2012,"Federal",183000,558
"Memorial Sloan Kettering Cancer Center, Louis V. Gerstner Jr. Graduate S. of Biomedical Sciences",2012,"Federal",179000,559
"Stockton U.",2012,"Federal",160000,560
"Wheaton C., Wheaton",2012,"Federal",114000,561
"Elon U.",2012,"Federal",112000,562
"Oklahoma State U., Center for Health Sciences",2012,"Federal",83000,563
"Touro U., New Yorkg",2012,"Federal",53000,564
"Abilene Christian U.",2012,"Federal",NA,NA
"Alaska Pacific U.",2012,"Federal",NA,NA
"Albert Einstein C. of Medicine",2012,"Federal",NA,NA
"Albion C.",2012,"Federal",NA,NA
"Andrews U.",2012,"Federal",NA,NA
"Augusta U.",2012,"Federal",NA,NA
"Babson C.",2012,"Federal",NA,NA
"Bentley U.",2012,"Federal",NA,NA
"Bryant U.",2012,"Federal",NA,NA
"Butler U.",2012,"Federal",NA,NA
"C. New Jersey",2012,"Federal",NA,NA
"C. of Saint Benedict",2012,"Federal",NA,NA
"CUNY, Advanced Science Research Center",2012,"Federal",NA,NA
"CUNY, Graduate School of Public Health and Health Policy",2012,"Federal",NA,NA
"CUNY, New York City C. of Technology",2012,"Federal",NA,NA
"California State U., Channel Islands",2012,"Federal",NA,NA
"Canisius U.",2012,"Federal",NA,NA
"Citadel Military C. South Carolina",2012,"Federal",NA,NA
"Colorado State U., Pueblo",2012,"Federal",NA,NA
"Des Moines U.",2012,"Federal",NA,NA
"Dine C.",2012,"Federal",NA,NA
"Drake U.",2012,"Federal",NA,NA
"East Stroudsburg U. Pennsylvania",2012,"Federal",NA,NA
"Eastern Connecticut State U.",2012,"Federal",NA,NA
"Ferris State U.",2012,"Federal",NA,NA
"Florida Polytechnic U.",2012,"Federal",NA,NA
"Fort Lewis C.",2012,"Federal",NA,NA
"Framingham State U.",2012,"Federal",NA,NA
"Gettysburg C.",2012,"Federal",NA,NA
"Gustavus Adolphus C.",2012,"Federal",NA,NA
"Heidelberg U.",2012,"Federal",NA,NA
"Johnson C. Smith U.",2012,"Federal",NA,NA
"Kenyon C.",2012,"Federal",NA,NA
"La Sierra U.",2012,"Federal",NA,NA
"Lake Superior State U.",2012,"Federal",NA,NA
"Liberty U.",2012,"Federal",NA,NA
"Lincoln Memorial U.",2012,"Federal",NA,NA
"Lipscomb U.",2012,"Federal",NA,NA
"MGH Institute of Health Professions",2012,"Federal",NA,NA
"Manhattan C.",2012,"Federal",NA,NA
"Marian U., Indianapolis",2012,"Federal",NA,NA
"Marshall B. Ketchum U.",2012,"Federal",NA,NA
"Marymount U.",2012,"Federal",NA,NA
"Merrimack C.",2012,"Federal",NA,NA
"National Defense U.",2012,"Federal",NA,NA
"National U. of Natural Medicine",2012,"Federal",NA,NA
"Nevada State C.",2012,"Federal",NA,NA
"Northeastern Illinois U.",2012,"Federal",NA,NA
"Northern Michigan U.",2012,"Federal",NA,NA
"Northland C.",2012,"Federal",NA,NA
"Oregon Institute of Technology",2012,"Federal",NA,NA
"Pennsylvania State U., Altoona",2012,"Federal",NA,NA
"Pratt Institute",2012,"Federal",NA,NA
"Providence C.",2012,"Federal",NA,NA
"Purdue U., Northwest",2012,"Federal",NA,NA
"Radford U.",2012,"Federal",NA,NA
"Robert Morris U.",2012,"Federal",NA,NA
"Roseman U. of Health Sciences",2012,"Federal",NA,NA
"SUNY, Cobleskill",2012,"Federal",NA,NA
"SUNY, Oswego",2012,"Federal",NA,NA
"SUNY, Polytechnic Institute",2012,"Federal",NA,NA
"Sacred Heart U.",2012,"Federal",NA,NA
"Sonoma State U.",2012,"Federal",NA,NA
"Southern U., New Orleans",2012,"Federal",NA,NA
"St. Mary's C. Maryland",2012,"Federal",NA,NA
"Texas A&M U.-San Antonio",2012,"Federal",NA,NA
"Texas Tech U., Health Sciences Center, El Paso",2012,"Federal",NA,NA
"Toyota Technological Institute, Chicago",2012,"Federal",NA,NA
"Troy U.",2012,"Federal",NA,NA
"U. Colorado Anschutz Medical Campusc",2012,"Federal",NA,NA
"U. Colorado Denverc",2012,"Federal",NA,NA
"U. Hawaii, Maui C.",2012,"Federal",NA,NA
"U. Hawaii, system office",2012,"Federal",NA,NA
"U. Marylandb",2012,"Federal",NA,NA
"U. Nebraska, Lincoln and Medical Centerd",2012,"Federal",NA,NA
"U. North Georgia",2012,"Federal",NA,NA
"U. Oklahoma, Tulsa",2012,"Federal",NA,NA
"U. Puerto Rico, Ponce",2012,"Federal",NA,NA
"U. Puget Sound",2012,"Federal",NA,NA
"U. Scranton",2012,"Federal",NA,NA
"U. South Carolina, Aiken",2012,"Federal",NA,NA
"U. South Carolina, Beaufort",2012,"Federal",NA,NA
"U. Texas Health Science Center, Tyler",2012,"Federal",NA,NA
"U. Texas Rio Grande Valley",2012,"Federal",NA,NA
"U. Virginia's C. Wise",2012,"Federal",NA,NA
"U. Wisconsin-Platteville",2012,"Federal",NA,NA
"U. Wisconsin-River Falls",2012,"Federal",NA,NA
"U. of Health Sciences and Pharmacy in St. Louis",2012,"Federal",NA,NA
"U. of the Incarnate Word",2012,"Federal",NA,NA
"U.S. Army War C.",2012,"Federal",NA,NA
"U.S. Coast Guard Academy",2012,"Federal",NA,NA
"United Tribes Technical C.",2012,"Federal",NA,NA
"Ursinus C.",2012,"Federal",NA,NA
"Utah Valley U.",2012,"Federal",NA,NA
"Van Andel Research Institute",2012,"Federal",NA,NA
"Virginia Military Institute",2012,"Federal",NA,NA
"West Virginia School of Osteopathic Medicine",2012,"Federal",NA,NA
"William Paterson U.",2012,"Federal",NA,NA
"All institutions",2013,"Federal",39445931000,1
"Johns Hopkins U",2013,"Federal",1898927000,2
"All other surveyed institutions",2013,"Federal",1340553000,3
"U. Washington, Seattle",2013,"Federal",928193000,4
"U. Michigan, Ann Arbor",2013,"Federal",814167000,5
"Stanford U.",2013,"Federal",652472000,6
"U. Pennsylvania",2013,"Federal",636589000,7
"Columbia U. in the City of New York",2013,"Federal",635987000,8
"U. California, San Diego",2013,"Federal",632593000,9
"U. North Carolina, Chapel Hill",2013,"Federal",623237000,10
"U. Pittsburgh, Pittsburgh",2013,"Federal",622232000,11
"Harvard U.",2013,"Federal",594392000,12
"Duke U.",2013,"Federal",581695000,13
"U. California, San Francisco",2013,"Federal",566117000,14
"Pennsylvania State U., University Park and Hershey Medical Center",2013,"Federal",558871000,15
"U. Wisconsin-Madison",2013,"Federal",555875000,16
"Georgia Institute of Technology",2013,"Federal",522134000,17
"Yale U.",2013,"Federal",503227000,18
"U. California, Los Angeles",2013,"Federal",501368000,19
"U. Minnesota, Twin Cities",2013,"Federal",494206000,20
"Massachusetts Institute of Technology",2013,"Federal",490809000,21
"U. Illinois, Urbana-Champaign",2013,"Federal",468798000,22
"Ohio State U.",2013,"Federal",456590000,23
"Cornell U.",2013,"Federal",445116000,24
"Vanderbilt U. and Vanderbilt U. Medical Center",2013,"Federal",445044000,25
"U. Southern California",2013,"Federal",437813000,26
"Washington U., Saint Louis",2013,"Federal",411299000,27
"Northwestern U.",2013,"Federal",396138000,28
"U. Texas, Austin",2013,"Federal",372633000,29
"Emory U.",2013,"Federal",365121000,30
"Case Western Reserve U.",2013,"Federal",349487000,31
"U. California, Davis",2013,"Federal",347038000,32
"U. Arizona",2013,"Federal",338790000,33
"U. Colorado Boulder",2013,"Federal",319869000,34
"Texas A&M U., College Station and Health Science Center",2013,"Federal",314104000,35
"U. California, Berkeley",2013,"Federal",311809000,36
"Scripps Research Institute",2013,"Federal",308628000,37
"U. Utah",2013,"Federal",301045000,38
"New York U.",2013,"Federal",300730000,39
"U. Chicago",2013,"Federal",300718000,40
"U. Rochester",2013,"Federal",299553000,41
"U. Florida",2013,"Federal",296199000,42
"Rutgers, State U. New Jersey, New Brunswick",2013,"Federal",295028000,43
"U. Alabama, Birmingham",2013,"Federal",290082000,44
"Baylor C. of Medicine",2013,"Federal",285230000,45
"California Institute of Technology",2013,"Federal",282823000,46
"Icahn School of Medicine at Mount Sinai",2013,"Federal",277517000,47
"Purdue U., West Lafayette",2013,"Federal",271504000,48
"Boston U.",2013,"Federal",267194000,49
"Michigan State U.",2013,"Federal",260610000,50
"U. Cincinnati",2013,"Federal",258460000,51
"U. Iowa",2013,"Federal",255329000,52
"Oregon Health and Science U.",2013,"Federal",246491000,53
"U. Virginia, Charlottesville",2013,"Federal",225567000,54
"U. South Floridae",2013,"Federal",225414000,55
"U. Hawaii, Manoa",2013,"Federal",225359000,56
"U. Illinois, Chicago",2013,"Federal",222566000,57
"Colorado State U., Fort Collins",2013,"Federal",219856000,58
"Carnegie Mellon U.",2013,"Federal",215560000,59
"U. Miami",2013,"Federal",205870000,60
"SUNY, U. Buffalo",2013,"Federal",204995000,61
"Virginia Polytechnic Institute and State U.",2013,"Federal",201646000,62
"Arizona State U.",2013,"Federal",201363000,63
"U. California, Irvine",2013,"Federal",198730000,64
"U. Texas Southwestern Medical Center",2013,"Federal",198114000,65
"Yeshiva U.",2013,"Federal",193831000,66
"U. Massachusetts, Medical School",2013,"Federal",189159000,67
"U. Texas M. D. Anderson Cancer Center",2013,"Federal",182971000,68
"North Carolina State U.",2013,"Federal",177118000,69
"U. Kansas",2013,"Federal",174021000,70
"Woods Hole Oceanographic Institution",2013,"Federal",158672000,71
"U. New Mexico",2013,"Federal",158057000,72
"Princeton U.",2013,"Federal",156541000,73
"Wake Forest U.",2013,"Federal",156506000,74
"Dartmouth C. and Dartmouth Hitchcock Medical Center",2013,"Federal",155209000,75
"Indiana U.-Purdue U., Indianapolis",2013,"Federal",152578000,76
"U. Kentucky",2013,"Federal",150468000,77
"Oregon State U.",2013,"Federal",149396000,78
"U. Connecticut",2013,"Federal",148651000,79
"Florida State U.",2013,"Federal",148413000,80
"U. Texas Health Science Center, Houston",2013,"Federal",144235000,81
"Virginia Commonwealth U.",2013,"Federal",135804000,82
"Washington State U.",2013,"Federal",134329000,83
"U. California, Santa Barbara",2013,"Federal",132960000,84
"U. Oklahoma, Norman and Health Science Center",2013,"Federal",132456000,85
"Temple U.",2013,"Federal",131872000,86
"U. Georgia",2013,"Federal",131824000,87
"Medical U. South Carolina",2013,"Federal",127472000,88
"Brown U.",2013,"Federal",126559000,89
"Iowa State U.",2013,"Federal",121993000,90
"George Washington U.",2013,"Federal",120857000,91
"U. Delaware",2013,"Federal",119756000,92
"Uniformed Services U. of the Health Sciences",2013,"Federal",119647000,93
"Wayne State U.",2013,"Federal",119520000,94
"SUNY, Stony Brook U.",2013,"Federal",118513000,95
"U. Tennessee, Knoxvillef",2013,"Federal",117836000,96
"Medical C. Wisconsin",2013,"Federal",116765000,97
"Georgetown U.",2013,"Federal",114760000,98
"SUNY, U. Albany",2013,"Federal",114158000,99
"Tufts U.",2013,"Federal",113450000,100
"U. Missouri, Columbia",2013,"Federal",111510000,101
"U. Massachusetts, Amherst",2013,"Federal",111448000,102
"U. Texas Medical Branch",2013,"Federal",108287000,103
"Utah State U.",2013,"Federal",106985000,104
"U. New Hampshire",2013,"Federal",102053000,105
"U. Texas Health Science Center, San Antonio",2013,"Federal",99198000,106
"Tulane U.",2013,"Federal",97994000,107
"U. Alaska, Fairbanks",2013,"Federal",94953000,108
"Louisiana State U., Baton Rouge",2013,"Federal",94563000,109
"U. South Carolina, Columbia",2013,"Federal",91612000,110
"Naval Postgraduate School",2013,"Federal",91134000,111
"U. California, Santa Cruz",2013,"Federal",91002000,112
"New Mexico State U.",2013,"Federal",86806000,113
"Indiana U., Bloomington",2013,"Federal",85852000,114
"U. Alabama, Huntsville",2013,"Federal",85738000,115
"Northeastern U.",2013,"Federal",85170000,116
"U. Vermont",2013,"Federal",85118000,117
"Rockefeller U.",2013,"Federal",80384000,118
"Rice U.",2013,"Federal",80075000,119
"U. Notre Dame",2013,"Federal",79564000,120
"U. Louisville",2013,"Federal",78144000,121
"U. Central Florida",2013,"Federal",76533000,122
"Drexel U.",2013,"Federal",76343000,123
"U. Oregon",2013,"Federal",75423000,124
"U. Rhode Island",2013,"Federal",74870000,125
"West Virginia U.",2013,"Federal",74704000,126
"Mississippi State U.",2013,"Federal",74075000,127
"Montana State U., Bozeman",2013,"Federal",73619000,128
"Florida International U.",2013,"Federal",72357000,129
"Kansas State U.",2013,"Federal",70167000,130
"U. Dayton",2013,"Federal",67698000,131
"George Mason U.",2013,"Federal",65096000,132
"U. Arkansas for Medical Sciences",2013,"Federal",64856000,133
"U. Mississippi",2013,"Federal",64590000,134
"U. Houston",2013,"Federal",61038000,135
"Rensselaer Polytechnic Institute",2013,"Federal",60870000,136
"U. California, Riverside",2013,"Federal",59065000,137
"New Jersey Institute of Technology",2013,"Federal",57466000,138
"Auburn U., Auburn",2013,"Federal",57253000,139
"Rush U.",2013,"Federal",57063000,140
"U. Nevada, Reno",2013,"Federal",56900000,141
"Thomas Jefferson U.",2013,"Federal",56247000,142
"U. Idaho",2013,"Federal",53986000,143
"U. Wyoming",2013,"Federal",53971000,144
"Clemson U.",2013,"Federal",52002000,145
"San Diego State U.",2013,"Federal",51274000,146
"Cleveland State U.",2013,"Federal",50243000,147
"Augusta U.",2013,"Federal",47913000,148
"U. North Dakota",2013,"Federal",46491000,149
"Brandeis U.",2013,"Federal",45337000,150
"U.S. Air Force Academy",2013,"Federal",45169000,151
"U. Maryland, Baltimore County",2013,"Federal",44662000,152
"Oklahoma State U., Stillwater",2013,"Federal",44200000,153
"U. Tennessee, Health Science Center",2013,"Federal",42269000,154
"Cold Spring Harbor Laboratory",2013,"Federal",41002000,155
"U. Toledo",2013,"Federal",40497000,156
"Portland State U.",2013,"Federal",40377000,157
"CUNY, City C.",2013,"Federal",40094000,158
"Old Dominion U.",2013,"Federal",39963000,159
"Florida A&M U.",2013,"Federal",39675000,160
"North Dakota State U.",2013,"Federal",38453000,161
"U. Texas, El Paso",2013,"Federal",38253000,162
"Georgia State U.",2013,"Federal",37521000,163
"Louisiana State U., Health Sciences Center, New Orleans",2013,"Federal",36886000,164
"Morehouse School of Medicine",2013,"Federal",34511000,165
"U. Maine",2013,"Federal",34252000,166
"U. Montana, Missoula",2013,"Federal",34021000,167
"Howard U.",2013,"Federal",33966000,168
"U. Texas, Dallas",2013,"Federal",33920000,169
"South Dakota State U.",2013,"Federal",33231000,170
"Loyola U., Chicago",2013,"Federal",33074000,171
"Colorado School of Mines",2013,"Federal",32399000,172
"Michigan Technological U.",2013,"Federal",32086000,173
"SUNY, Downstate Health Sciences U.",2013,"Federal",31972000,174
"Saint Louis U.",2013,"Federal",31645000,175
"William & Mary",2013,"Federal",31628000,176
"U. Puerto Rico, Medical Sciences Campus",2013,"Federal",31037000,177
"U. Texas, Arlington",2013,"Federal",30815000,178
"U. Arkansas, Fayetteville",2013,"Federal",30625000,179
"Jackson State U.",2013,"Federal",29700000,180
"U. Texas, San Antonio",2013,"Federal",29078000,181
"Texas Tech U.",2013,"Federal",28827000,182
"Eastern Virginia Medical School",2013,"Federal",28728000,183
"U. Southern Mississippi",2013,"Federal",28694000,184
"U. Alabama, Tuscaloosa",2013,"Federal",28375000,185
"Illinois Institute of Technology",2013,"Federal",28319000,186
"Boston C.",2013,"Federal",27975000,187
"San Jose State U.",2013,"Federal",27780000,188
"Syracuse U.",2013,"Federal",27729000,189
"U. Massachusetts, Lowell",2013,"Federal",27360000,190
"Wright State U.",2013,"Federal",26888000,191
"U. Wisconsin-Milwaukee",2013,"Federal",26450000,192
"Loma Linda U.",2013,"Federal",26253000,193
"Missouri U. of Science and Technology",2013,"Federal",25571000,194
"U. Massachusetts, Boston",2013,"Federal",24924000,195
"Lehigh U.",2013,"Federal",24831000,196
"Stevens Institute of Technology",2013,"Federal",24812000,197
"U. Nevada, Las Vegas",2013,"Federal",24502000,198
"U. North Texas, Health Science Center",2013,"Federal",24187000,199
"SUNY, Upstate Medical U.",2013,"Federal",23730000,200
"Brigham Young U., Provo",2013,"Federal",23639000,201
"New Mexico Institute of Mining and Technology",2013,"Federal",23581000,202
"Desert Research Institute",2013,"Federal",22814000,203
"CUNY, Hunter C.",2013,"Federal",22512000,204
"Alabama A&M U.",2013,"Federal",22052000,205
"North Carolina A&T State U.",2013,"Federal",21663000,206
"Meharry Medical C.",2013,"Federal",21135000,207
"U. North Carolina, Charlotte",2013,"Federal",20994000,208
"Ohio U.",2013,"Federal",20203000,209
"U. Akron",2013,"Federal",19658000,210
"Mercer U.",2013,"Federal",19411000,211
"San Francisco State U.",2013,"Federal",19024000,212
"Air Force Institute of Technology",2013,"Federal",18739000,213
"U. Memphis",2013,"Federal",18619000,214
"Southern Illinois U., Carbondale",2013,"Federal",18398000,215
"Rochester Institute of Technology",2013,"Federal",18379000,216
"East Carolina U.",2013,"Federal",18227000,217
"U. Puerto Rico, Rio Piedras",2013,"Federal",17946000,218
"SUNY, Binghamton U.",2013,"Federal",17715000,219
"Catholic U. of America",2013,"Federal",17310000,220
"Charles R. Drew U. of Medicine and Science",2013,"Federal",17144000,221
"Worcester Polytechnic Institute",2013,"Federal",17003000,222
"U. Maryland Center for Environmental Science",2013,"Federal",16852000,223
"Tuskegee U.",2013,"Federal",16789000,224
"U. North Texas, Denton",2013,"Federal",16515000,225
"Rutgers, State U. New Jersey, Newark",2013,"Federal",16295000,226
"Boise State U.",2013,"Federal",16117000,227
"U. Missouri, Kansas City",2013,"Federal",15774000,228
"Northern Arizona U.",2013,"Federal",15638000,229
"U. of the Virgin Islands",2013,"Federal",15627000,230
"CUNY, Queens C.",2013,"Federal",15443000,231
"U. Hawaii, Hilo",2013,"Federal",15391000,232
"U. South Dakota",2013,"Federal",15274000,233
"U. Denver",2013,"Federal",15089000,234
"Texas State U.",2013,"Federal",14908000,235
"Texas Tech U., Health Sciences Center",2013,"Federal",14820000,236
"U. Puerto Rico, Mayaguez",2013,"Federal",14414000,237
"Southern Methodist U.",2013,"Federal",14274000,238
"New York Medical C.",2013,"Federal",13806000,239
"U. South Alabama",2013,"Federal",13743000,240
"U. North Carolina, Greensboro",2013,"Federal",13658000,241
"Creighton U.",2013,"Federal",13569000,242
"Florida Atlantic U.",2013,"Federal",13555000,243
"Marshall U.",2013,"Federal",13472000,244
"Wichita State U.",2013,"Federal",13434000,245
"Morgan State U.",2013,"Federal",13357000,246
"Idaho State U.",2013,"Federal",13206000,247
"U. West Florida",2013,"Federal",12927000,248
"Miami U.",2013,"Federal",12676000,249
"Hampton U.",2013,"Federal",12620000,250
"Northern Illinois U.",2013,"Federal",12415000,251
"Western Michigan U. and Homer Stryker M.D. School of Medicine",2013,"Federal",12322000,252
"Fayetteville State U.",2013,"Federal",11906000,253
"Delaware State U.",2013,"Federal",11837000,254
"Louisiana State U., Health Sciences Center, Shreveport",2013,"Federal",11753000,255
"California State U., Fullerton",2013,"Federal",11716000,256
"U.S. Military Academy",2013,"Federal",11630000,257
"Kent State U.",2013,"Federal",11506000,258
"Embry-Riddle Aeronautical U.",2013,"Federal",11456000,259
"Rosalind Franklin U. of Medicine and Science",2013,"Federal",11202000,260
"U. Louisiana, Lafayette",2013,"Federal",11090000,261
"U. New Orleans",2013,"Federal",11051000,262
"U. California, Merced",2013,"Federal",10983000,263
"California State U., Long Beach",2013,"Federal",10701000,264
"U.S. Naval Academy",2013,"Federal",10482000,265
"American U.",2013,"Federal",10421000,266
"California Polytechnic State U., San Luis Obispo",2013,"Federal",10280000,267
"Albany Medical C.",2013,"Federal",10278000,268
"Tennessee State U.",2013,"Federal",9872000,269
"U. Alaska, Anchorage",2013,"Federal",9686000,270
"Bowling Green State U.",2013,"Federal",9323000,271
"Morehouse C.",2013,"Federal",9226000,272
"U. North Carolina, Wilmington",2013,"Federal",9133000,273
"Prairie View A&M U.",2013,"Federal",9077000,274
"Rhode Island C.",2013,"Federal",8976000,275
"Louisiana Tech U.",2013,"Federal",8881000,276
"U. Massachusetts, Dartmouth",2013,"Federal",8860000,277
"South Carolina State U.",2013,"Federal",8770000,278
"Marquette U.",2013,"Federal",8756000,279
"U. Maryland, Eastern Shore",2013,"Federal",8511000,280
"Teachers C., Columbia U.",2013,"Federal",8494000,281
"Claremont Graduate U.",2013,"Federal",8452000,282
"SUNY, C. of Environmental Science and Forestry",2013,"Federal",8382000,283
"Alcorn State U.",2013,"Federal",8321000,284
"North Carolina Central U.",2013,"Federal",8253000,285
"California State U., Northridge",2013,"Federal",7906000,286
"U. Missouri, Saint Louis",2013,"Federal",7868000,287
"South Dakota School of Mines and Technology",2013,"Federal",7853000,288
"Dillard U.",2013,"Federal",7692000,289
"Oakland U.",2013,"Federal",7605000,290
"Clark Atlanta U.",2013,"Federal",7576000,291
"California State U., Sacramento",2013,"Federal",7546000,292
"Florida Institute of Technology",2013,"Federal",7543000,293
"Winthrop U.",2013,"Federal",7451000,294
"U. Minnesota, Duluth",2013,"Federal",7264000,295
"California State U., Los Angeles",2013,"Federal",7065000,296
"Texas A&M U.-Kingsville",2013,"Federal",7002000,297
"East Tennessee State U.",2013,"Federal",6909000,298
"U. Arkansas, Little Rock",2013,"Federal",6848000,299
"C. Charleston",2013,"Federal",6385000,300
"Arkansas State U., Jonesboro",2013,"Federal",6360000,301
"Fisk U.",2013,"Federal",6307000,302
"U. Tulsa",2013,"Federal",6279000,303
"California State U., San Marcos",2013,"Federal",6271000,304
"Virginia State U.",2013,"Federal",6212000,305
"California State U., San Bernardino",2013,"Federal",6190000,306
"Texas A&M U.-Corpus Christi",2013,"Federal",6129000,307
"CUNY, Brooklyn C.",2013,"Federal",5999000,308
"U. Central del Caribe",2013,"Federal",5946000,309
"Texas Christian U.",2013,"Federal",5870000,310
"National Defense U.",2013,"Federal",5865000,311
"Xavier U. Louisiana",2013,"Federal",5856000,312
"U. Nebraska, Omaha",2013,"Federal",5693000,313
"U. Guam",2013,"Federal",5554000,314
"Norfolk State U.",2013,"Federal",5523000,315
"St. Edward's U.",2013,"Federal",5500000,316
"Central Michigan U.",2013,"Federal",5464000,317
"Nova Southeastern U.",2013,"Federal",5379000,318
"Clarkson U.",2013,"Federal",5283000,319
"Northeast Ohio Medical U.",2013,"Federal",5244000,320
"Lincoln U., Jefferson City",2013,"Federal",4989000,321
"California State U., Monterey Bay",2013,"Federal",4961000,322
"Fordham U.",2013,"Federal",4874000,323
"Florida Gulf Coast U.",2013,"Federal",4800000,324
"Texas Southern U.",2013,"Federal",4741000,325
"James Madison U.",2013,"Federal",4617000,326
"U. Southern Maine",2013,"Federal",4582000,327
"U. Arkansas, Pine Bluff",2013,"Federal",4550000,328
"Gallaudet U.",2013,"Federal",4500000,329
"Elizabeth City State U.",2013,"Federal",4439000,330
"Duquesne U.",2013,"Federal",4343000,331
"Western Kentucky U.",2013,"Federal",4279000,332
"U. New England",2013,"Federal",4271000,333
"DePaul U.",2013,"Federal",4260000,334
"California State U., Dominguez Hills",2013,"Federal",4235000,335
"Villanova U.",2013,"Federal",4218000,336
"Southern U. and A&M C., Baton Rouge",2013,"Federal",4191000,337
"Langston U.",2013,"Federal",4153000,338
"U. Texas, Tyler",2013,"Federal",4123000,339
"Tennessee Technological U.",2013,"Federal",3999000,340
"Wesleyan U.",2013,"Federal",3930000,341
"Kentucky State U.",2013,"Federal",3906000,342
"Illinois State U.",2013,"Federal",3902000,343
"Western Washington U.",2013,"Federal",3789000,344
"CUNY, John Jay C. of Criminal Justice",2013,"Federal",3546000,345
"Tarleton State U.",2013,"Federal",3525000,346
"Baylor U.",2013,"Federal",3510000,347
"Montana Technological U.",2013,"Federal",3507000,348
"Southern U. and A&M C., Agricultural Research and Extension Center",2013,"Federal",3481000,349
"Montclair State U.",2013,"Federal",3410000,350
"U. Colorado Colorado Springs",2013,"Federal",3407000,351
"Kennesaw State U.",2013,"Federal",3374000,352
"Carleton C.",2013,"Federal",3347000,353
"Fort Valley State U.",2013,"Federal",3329000,354
"West Virginia State U.",2013,"Federal",3316000,355
"U. Michigan, Dearborn",2013,"Federal",3300000,356
"Bowdoin C.",2013,"Federal",3244000,357
"Southern Illinois U., Edwardsville",2013,"Federal",3209000,358
"Wellesley C.",2013,"Federal",3135000,359
"Missouri State U.",2013,"Federal",3132000,360
"California State Polytechnic U., Pomona",2013,"Federal",2996000,361
"U. Baltimore",2013,"Federal",2906000,362
"Smith C.",2013,"Federal",2853000,363
"Clark U.",2013,"Federal",2848000,364
"California State Polytechnic U., Humboldt",2013,"Federal",2829000,365
"CUNY, Graduate Center",2013,"Federal",2827000,366
"SUNY, C. of Optometry",2013,"Federal",2757000,367
"Naval War C.",2013,"Federal",2700000,368
"Central State U.",2013,"Federal",2688000,369
"California State U., Fresno",2013,"Federal",2682000,370
"Grand Valley State U.",2013,"Federal",2675000,371
"New School",2013,"Federal",2669000,372
"Claflin U.",2013,"Federal",2643000,373
"Tougaloo C.",2013,"Federal",2639000,374
"Benedict C.",2013,"Federal",2625000,375
"Middle Tennessee State U.",2013,"Federal",2585000,376
"Barnard C.",2013,"Federal",2568000,377
"New York Institute of Technology",2013,"Federal",2527000,378
"Bryn Mawr C.",2013,"Federal",2514000,379
"Savannah State U.",2013,"Federal",2514000,379
"Ball State U.",2013,"Federal",2440000,381
"Eastern Michigan U.",2013,"Federal",2428000,382
"Chapman U.",2013,"Federal",2379000,383
"Sam Houston State U.",2013,"Federal",2360000,384
"U. Northern Iowa",2013,"Federal",2347000,385
"Salisbury U.",2013,"Federal",2342000,386
"Fairfield U.",2013,"Federal",2232000,387
"Pomona C.",2013,"Federal",2227000,388
"Northwest Indian C.",2013,"Federal",2216000,389
"U. of the District of Columbia",2013,"Federal",2168000,390
"Black Hills State U.",2013,"Federal",2163000,391
"U. Wisconsin-Stevens Point",2013,"Federal",2131000,392
"Georgia Southern U.",2013,"Federal",2092000,393
"Eastern Kentucky U.",2013,"Federal",2078000,394
"U. San Diego",2013,"Federal",2066000,395
"U. Tennessee, Chattanooga",2013,"Federal",2056000,396
"Trinity U.",2013,"Federal",2034000,397
"Towson U.",2013,"Federal",2015000,398
"Harvey Mudd C.",2013,"Federal",2004000,399
"Hope C.",2013,"Federal",1993000,400
"Palmer C. of Chiropractic, Davenport",2013,"Federal",1991000,401
"Amherst C.",2013,"Federal",1985000,402
"U. Richmond",2013,"Federal",1979000,403
"Hofstra U.",2013,"Federal",1967000,404
"Alabama State U.",2013,"Federal",1927000,405
"Rowan U.",2013,"Federal",1926000,406
"Purdue U., Fort Wayne",2013,"Federal",1901000,407
"U. Central Arkansas",2013,"Federal",1898000,408
"Hobart and William Smith Colleges",2013,"Federal",1896000,409
"Roger Williams U.",2013,"Federal",1877000,410
"CUNY, Lehman C.",2013,"Federal",1874000,411
"Mount Holyoke C.",2013,"Federal",1863000,412
"Union C., Schenectady",2013,"Federal",1863000,412
"Middlebury C.",2013,"Federal",1856000,414
"Stephen F. Austin State U.",2013,"Federal",1836000,415
"Youngstown State U.",2013,"Federal",1834000,416
"Morehead State U.",2013,"Federal",1816000,417
"Sonoma State U.",2013,"Federal",1800000,418
"Rutgers, State U. New Jersey, Camden",2013,"Federal",1750000,419
"Appalachian State U.",2013,"Federal",1731000,420
"California State U., Bakersfield",2013,"Federal",1721000,421
"Coastal Carolina U.",2013,"Federal",1714000,422
"Seton Hall U.",2013,"Federal",1694000,423
"Vassar C.",2013,"Federal",1694000,423
"California State U., Chico",2013,"Federal",1682000,425
"U. of the Pacific",2013,"Federal",1676000,426
"Pacific U.",2013,"Federal",1674000,427
"Santa Clara U.",2013,"Federal",1668000,428
"Davidson C.",2013,"Federal",1619000,429
"Lamar U.",2013,"Federal",1616000,430
"U. North Carolina, Asheville",2013,"Federal",1608000,431
"Bucknell U.",2013,"Federal",1590000,432
"New England C. of Optometry",2013,"Federal",1588000,433
"Haverford C.",2013,"Federal",1547000,434
"Albany State U.",2013,"Federal",1532000,435
"Williams C.",2013,"Federal",1498000,436
"Lewis and Clark C.",2013,"Federal",1490000,437
"Alfred U.",2013,"Federal",1468000,438
"U. Puerto Rico, Humacao",2013,"Federal",1452000,439
"Skidmore C.",2013,"Federal",1448000,440
"U. North Florida",2013,"Federal",1424000,441
"Bowie State U.",2013,"Federal",1422000,442
"U. New Haven",2013,"Federal",1400000,443
"Bates C.",2013,"Federal",1390000,444
"Spelman C.",2013,"Federal",1366000,445
"Loyola Marymount U.",2013,"Federal",1357000,446
"Pennsylvania State U., Behrend",2013,"Federal",1353000,447
"Touro U., California",2013,"Federal",1351000,448
"Texas A&M U.-Commerce",2013,"Federal",1349000,449
"SUNY, Buffalo State U.",2013,"Federal",1336000,450
"Albany C. of Pharmacy and Health Sciences",2013,"Federal",1333000,451
"Colgate U.",2013,"Federal",1320000,452
"West Texas A&M U.",2013,"Federal",1315000,453
"CUNY, C. Staten Island",2013,"Federal",1311000,454
"Central Washington U.",2013,"Federal",1263000,455
"Milwaukee School of Engineering",2013,"Federal",1245000,456
"Northern Kentucky U.",2013,"Federal",1240000,457
"U. Wisconsin-La Crosse",2013,"Federal",1240000,457
"Swarthmore C.",2013,"Federal",1239000,459
"Keck Graduate Institute",2013,"Federal",1227000,460
"Eastern Washington U.",2013,"Federal",1226000,461
"Furman U.",2013,"Federal",1217000,462
"Oberlin C.",2013,"Federal",1204000,463
"Erikson Institute",2013,"Federal",1187000,464
"U. Houston-Downtown",2013,"Federal",1183000,465
"Western Illinois U.",2013,"Federal",1183000,465
"Southern Connecticut State U.",2013,"Federal",1176000,467
"U. Hartford",2013,"Federal",1175000,468
"U. Puerto Rico, Cayey",2013,"Federal",1168000,469
"Lafayette C.",2013,"Federal",1166000,470
"Western U. of Health Sciences",2013,"Federal",1163000,471
"Hamilton C.",2013,"Federal",1153000,472
"Texas Woman's U.",2013,"Federal",1136000,473
"Grambling State U.",2013,"Federal",1116000,474
"U. Alaska, Southeast",2013,"Federal",1113000,475
"Occidental C.",2013,"Federal",1105000,476
"U. Washington, Tacoma",2013,"Federal",1104000,477
"Christopher Newport U.",2013,"Federal",1083000,478
"Claremont McKenna C.",2013,"Federal",1081000,479
"Pace U.",2013,"Federal",1054000,480
"Colby C.",2013,"Federal",1046000,481
"Trinity C., Hartford",2013,"Federal",1040000,482
"Southeastern Louisiana U.",2013,"Federal",1039000,483
"U. Northern Colorado",2013,"Federal",1024000,484
"U. Wisconsin-Oshkosh",2013,"Federal",1012000,485
"CUNY, system office",2013,"Federal",1001000,486
"Lawrence Technological U.",2013,"Federal",988000,487
"U. Louisiana, Monroe",2013,"Federal",976000,488
"U. Texas of the Permian Basin",2013,"Federal",974000,489
"St. Olaf C.",2013,"Federal",955000,490
"Franklin W. Olin C. of Engineering",2013,"Federal",946000,491
"U. South Carolina, Aiken",2013,"Federal",937000,492
"Pepperdine U.",2013,"Federal",914000,493
"Reed C.",2013,"Federal",897000,494
"Franklin and Marshall C.",2013,"Federal",879000,495
"Norwich U.",2013,"Federal",878000,496
"Macalester C.",2013,"Federal",876000,497
"U. Houston-Clear Lake",2013,"Federal",875000,498
"SUNY, Cobleskill",2013,"Federal",874000,499
"St. John's U., New York",2013,"Federal",872000,500
"Texas A&M International U.",2013,"Federal",868000,501
"Lincoln U.",2013,"Federal",861000,502
"Indiana State U.",2013,"Federal",858000,503
"U. San Francisco",2013,"Federal",858000,503
"Hawaii Pacific U.",2013,"Federal",850000,505
"Winston-Salem State U.",2013,"Federal",841000,506
"U. Nebraska, Kearney",2013,"Federal",840000,507
"Connecticut C.",2013,"Federal",833000,508
"Dakota State U.",2013,"Federal",831000,509
"Providence C.",2013,"Federal",827000,510
"Ithaca C.",2013,"Federal",825000,511
"U. Washington, Bothell",2013,"Federal",825000,511
"Willamette U.",2013,"Federal",822000,513
"Murray State U.",2013,"Federal",816000,514
"Pittsburg State U.",2013,"Federal",791000,515
"Calvin U.",2013,"Federal",774000,516
"U. Central Oklahoma",2013,"Federal",765000,517
"SUNY, C. Brockport",2013,"Federal",755000,518
"U. Ana G. Mendez, Gurabo",2013,"Federal",747000,519
"New Mexico Highlands U.",2013,"Federal",741000,520
"CUNY, Baruch C.",2013,"Federal",735000,521
"Sul Ross State U.",2013,"Federal",735000,521
"U. of St. Thomas (MN)",2013,"Federal",702000,523
"Pennsylvania State U., Harrisburg",2013,"Federal",701000,524
"Saint Joseph's U.",2013,"Federal",7e+05,525
"CUNY, York C.",2013,"Federal",693000,526
"SUNY, Oswego",2013,"Federal",673000,527
"Western Carolina U.",2013,"Federal",664000,528
"Long Island U.",2013,"Federal",655000,529
"U. Wisconsin-Eau Claire",2013,"Federal",655000,529
"California State U., Stanislaus",2013,"Federal",650000,531
"SUNY, Geneseo",2013,"Federal",640000,532
"U. Wisconsin-Green Bay",2013,"Federal",640000,532
"Indiana U., South Bend",2013,"Federal",638000,534
"Central Connecticut State U.",2013,"Federal",617000,535
"Northwestern State U. Louisiana",2013,"Federal",6e+05,536
"U. California, Office of the President",2013,"Federal",599000,537
"Drake U.",2013,"Federal",573000,538
"West Chester U. Pennsylvania",2013,"Federal",561000,539
"U. Illinois, Springfield",2013,"Federal",534000,540
"Edward Via C. of Osteopathic Medicine",2013,"Federal",517000,541
"California State U., Channel Islands",2013,"Federal",425000,542
"St. Cloud State U.",2013,"Federal",420000,543
"Colorado C.",2013,"Federal",376000,544
"Grinnell C.",2013,"Federal",372000,545
"Midwestern U.",2013,"Federal",369000,546
"Austin Peay State U.",2013,"Federal",364000,547
"Suffolk U.",2013,"Federal",360000,548
"Heidelberg U.",2013,"Federal",349000,549
"Kean U.",2013,"Federal",347000,550
"Memorial Sloan Kettering Cancer Center, Louis V. Gerstner Jr. Graduate S. of Biomedical Sciences",2013,"Federal",340000,551
"Minnesota State U., Mankato",2013,"Federal",313000,552
"California State U., East Bay",2013,"Federal",310000,553
"Philadelphia C. of Osteopathic Medicine",2013,"Federal",277000,554
"Saginaw Valley State U.",2013,"Federal",203000,555
"Elon U.",2013,"Federal",161000,556
"Indiana U. Pennsylvania",2013,"Federal",101000,557
"C. of Saint Benedict",2013,"Federal",72000,558
"Oklahoma State U., Center for Health Sciences",2013,"Federal",61000,559
"Abilene Christian U.",2013,"Federal",NA,NA
"Alaska Pacific U.",2013,"Federal",NA,NA
"Albert Einstein C. of Medicine",2013,"Federal",NA,NA
"Albion C.",2013,"Federal",NA,NA
"Andrews U.",2013,"Federal",NA,NA
"Arcadia U.",2013,"Federal",NA,NA
"Azusa Pacific U.",2013,"Federal",NA,NA
"Babson C.",2013,"Federal",NA,NA
"Bentley U.",2013,"Federal",NA,NA
"Bryant U.",2013,"Federal",NA,NA
"Butler U.",2013,"Federal",NA,NA
"C. New Jersey",2013,"Federal",NA,NA
"C. Wooster",2013,"Federal",NA,NA
"CUNY, Advanced Science Research Center",2013,"Federal",NA,NA
"CUNY, Graduate School of Public Health and Health Policy",2013,"Federal",NA,NA
"CUNY, New York City C. of Technology",2013,"Federal",NA,NA
"Canisius U.",2013,"Federal",NA,NA
"Chicago State U.",2013,"Federal",NA,NA
"Citadel Military C. South Carolina",2013,"Federal",NA,NA
"Colorado State U., Pueblo",2013,"Federal",NA,NA
"Des Moines U.",2013,"Federal",NA,NA
"Dine C.",2013,"Federal",NA,NA
"East Stroudsburg U. Pennsylvania",2013,"Federal",NA,NA
"Eastern Connecticut State U.",2013,"Federal",NA,NA
"Ferris State U.",2013,"Federal",NA,NA
"Florida Polytechnic U.",2013,"Federal",NA,NA
"Fort Lewis C.",2013,"Federal",NA,NA
"Framingham State U.",2013,"Federal",NA,NA
"Gettysburg C.",2013,"Federal",NA,NA
"Gustavus Adolphus C.",2013,"Federal",NA,NA
"Johnson C. Smith U.",2013,"Federal",NA,NA
"Kenyon C.",2013,"Federal",NA,NA
"La Sierra U.",2013,"Federal",NA,NA
"Lake Superior State U.",2013,"Federal",NA,NA
"Liberty U.",2013,"Federal",NA,NA
"Lincoln Memorial U.",2013,"Federal",NA,NA
"Lipscomb U.",2013,"Federal",NA,NA
"MGH Institute of Health Professions",2013,"Federal",NA,NA
"Manhattan C.",2013,"Federal",NA,NA
"Marian U., Indianapolis",2013,"Federal",NA,NA
"Marshall B. Ketchum U.",2013,"Federal",NA,NA
"Marymount U.",2013,"Federal",NA,NA
"Merrimack C.",2013,"Federal",NA,NA
"Monmouth U.",2013,"Federal",NA,NA
"National U. of Natural Medicine",2013,"Federal",NA,NA
"Nevada State C.",2013,"Federal",NA,NA
"New C. Florida",2013,"Federal",NA,NA
"Northeastern Illinois U.",2013,"Federal",NA,NA
"Northern Michigan U.",2013,"Federal",NA,NA
"Northland C.",2013,"Federal",NA,NA
"Oregon Institute of Technology",2013,"Federal",NA,NA
"Pennsylvania State U., Altoona",2013,"Federal",NA,NA
"Pratt Institute",2013,"Federal",NA,NA
"Purdue U., Northwest",2013,"Federal",NA,NA
"Radford U.",2013,"Federal",NA,NA
"Robert Morris U.",2013,"Federal",NA,NA
"Roseman U. of Health Sciences",2013,"Federal",NA,NA
"SUNY, C. Plattsburgh",2013,"Federal",NA,NA
"SUNY, Polytechnic Institute",2013,"Federal",NA,NA
"Sacred Heart U.",2013,"Federal",NA,NA
"Seattle U.",2013,"Federal",NA,NA
"Southern U., New Orleans",2013,"Federal",NA,NA
"St. Mary's C. Maryland",2013,"Federal",NA,NA
"Stockton U.",2013,"Federal",NA,NA
"Texas A&M U.-San Antonio",2013,"Federal",NA,NA
"Texas Tech U., Health Sciences Center, El Paso",2013,"Federal",NA,NA
"Touro U., New Yorkg",2013,"Federal",NA,NA
"Toyota Technological Institute, Chicago",2013,"Federal",NA,NA
"Troy U.",2013,"Federal",NA,NA
"U. Colorado Anschutz Medical Campusc",2013,"Federal",NA,NA
"U. Colorado Denverc",2013,"Federal",NA,NA
"U. Detroit Mercy",2013,"Federal",NA,NA
"U. Hawaii, Maui C.",2013,"Federal",NA,NA
"U. Hawaii, system office",2013,"Federal",NA,NA
"U. Marylandb",2013,"Federal",NA,NA
"U. Nebraska, Lincoln and Medical Centerd",2013,"Federal",NA,NA
"U. North Georgia",2013,"Federal",NA,NA
"U. Oklahoma, Tulsa",2013,"Federal",NA,NA
"U. Puerto Rico, Ponce",2013,"Federal",NA,NA
"U. Puget Sound",2013,"Federal",NA,NA
"U. Scranton",2013,"Federal",NA,NA
"U. South Carolina, Beaufort",2013,"Federal",NA,NA
"U. Texas Health Science Center, Tyler",2013,"Federal",NA,NA
"U. Texas Rio Grande Valley",2013,"Federal",NA,NA
"U. Virginia's C. Wise",2013,"Federal",NA,NA
"U. Wisconsin-Platteville",2013,"Federal",NA,NA
"U. Wisconsin-River Falls",2013,"Federal",NA,NA
"U. Wisconsin-Superior",2013,"Federal",NA,NA
"U. of Health Sciences and Pharmacy in St. Louis",2013,"Federal",NA,NA
"U. of Mary Washington",2013,"Federal",NA,NA
"U. of the Incarnate Word",2013,"Federal",NA,NA
"U.S. Army War C.",2013,"Federal",NA,NA
"U.S. Coast Guard Academy",2013,"Federal",NA,NA
"United Tribes Technical C.",2013,"Federal",NA,NA
"Ursinus C.",2013,"Federal",NA,NA
"Utah Valley U.",2013,"Federal",NA,NA
"Van Andel Research Institute",2013,"Federal",NA,NA
"Virginia Military Institute",2013,"Federal",NA,NA
"West Virginia School of Osteopathic Medicine",2013,"Federal",NA,NA
"Western New England U.",2013,"Federal",NA,NA
"Wheaton C., Wheaton",2013,"Federal",NA,NA
"Whitman C.",2013,"Federal",NA,NA
"William Paterson U.",2013,"Federal",NA,NA
"All institutions",2014,"Federal",37961118000,1
"Johns Hopkins U",2014,"Federal",1950016000,2
"All other surveyed institutions",2014,"Federal",1109650000,3
"U. Washington, Seattle",2014,"Federal",909034000,4
"U. Michigan, Ann Arbor",2014,"Federal",742160000,5
"Stanford U.",2014,"Federal",637730000,6
"U. Pennsylvania",2014,"Federal",620396000,7
"U. North Carolina, Chapel Hill",2014,"Federal",610664000,8
"Columbia U. in the City of New York",2014,"Federal",608588000,9
"U. California, San Diego",2014,"Federal",599095000,10
"U. Pittsburgh, Pittsburgh",2014,"Federal",582136000,11
"Harvard U.",2014,"Federal",572918000,12
"Duke U.",2014,"Federal",557969000,13
"U. Wisconsin-Madison",2014,"Federal",548388000,14
"U. California, San Francisco",2014,"Federal",544697000,15
"Pennsylvania State U., University Park and Hershey Medical Center",2014,"Federal",520574000,16
"Georgia Institute of Technology",2014,"Federal",512015000,17
"U. Minnesota, Twin Cities",2014,"Federal",489767000,18
"Massachusetts Institute of Technology",2014,"Federal",483891000,19
"Yale U.",2014,"Federal",480384000,20
"U. California, Los Angeles",2014,"Federal",465170000,21
"Ohio State U.",2014,"Federal",454484000,22
"Cornell U.",2014,"Federal",439770000,23
"U. Southern California",2014,"Federal",431430000,24
"Vanderbilt U. and Vanderbilt U. Medical Center",2014,"Federal",422448000,25
"Washington U., Saint Louis",2014,"Federal",419122000,26
"Northwestern U.",2014,"Federal",391946000,27
"Rutgers, State U. New Jersey, New Brunswick",2014,"Federal",360157000,28
"U. Illinois, Urbana-Champaign",2014,"Federal",343275000,29
"U. Texas, Austin",2014,"Federal",332758000,30
"New York U.",2014,"Federal",330484000,31
"Emory U.",2014,"Federal",330378000,32
"U. California, Davis",2014,"Federal",330367000,33
"Case Western Reserve U.",2014,"Federal",329320000,34
"U. Colorado Boulder",2014,"Federal",314890000,35
"U. California, Berkeley",2014,"Federal",313390000,36
"Texas A&M U., College Station and Health Science Center",2014,"Federal",311920000,37
"Icahn School of Medicine at Mount Sinai",2014,"Federal",300667000,38
"Scripps Research Institute",2014,"Federal",292268000,39
"U. Arizona",2014,"Federal",290370000,40
"U. Florida",2014,"Federal",289327000,41
"U. Utah",2014,"Federal",288514000,42
"U. Chicago",2014,"Federal",281464000,43
"U. Alabama, Birmingham",2014,"Federal",280333000,44
"California Institute of Technology",2014,"Federal",279515000,45
"U. Rochester",2014,"Federal",266767000,46
"Baylor C. of Medicine",2014,"Federal",264641000,47
"Michigan State U.",2014,"Federal",261826000,48
"Boston U.",2014,"Federal",257017000,49
"Oregon Health and Science U.",2014,"Federal",247740000,50
"U. Cincinnati",2014,"Federal",245086000,51
"Purdue U., West Lafayette",2014,"Federal",236860000,52
"U. Iowa",2014,"Federal",235527000,53
"U. South Floridae",2014,"Federal",222790000,54
"Uniformed Services U. of the Health Sciences",2014,"Federal",213389000,55
"Colorado State U., Fort Collins",2014,"Federal",212054000,56
"U. Hawaii, Manoa",2014,"Federal",206810000,57
"U. Virginia, Charlottesville",2014,"Federal",205865000,58
"Virginia Polytechnic Institute and State U.",2014,"Federal",204308000,59
"U. Miami",2014,"Federal",203751000,60
"U. Illinois, Chicago",2014,"Federal",203733000,61
"Carnegie Mellon U.",2014,"Federal",198247000,62
"Arizona State U.",2014,"Federal",196270000,63
"SUNY, U. Buffalo",2014,"Federal",189209000,64
"Yeshiva U.",2014,"Federal",186885000,65
"U. Texas Southwestern Medical Center",2014,"Federal",185137000,66
"U. Massachusetts, Medical School",2014,"Federal",183582000,67
"U. California, Irvine",2014,"Federal",182585000,68
"North Carolina State U.",2014,"Federal",181449000,69
"Woods Hole Oceanographic Institution",2014,"Federal",177616000,70
"U. Kansas",2014,"Federal",165442000,71
"Princeton U.",2014,"Federal",164277000,72
"U. Texas M. D. Anderson Cancer Center",2014,"Federal",158986000,73
"U. New Mexico",2014,"Federal",153889000,74
"Wake Forest U.",2014,"Federal",153069000,75
"Florida State U.",2014,"Federal",151701000,76
"Dartmouth C. and Dartmouth Hitchcock Medical Center",2014,"Federal",145498000,77
"Oregon State U.",2014,"Federal",145247000,78
"U. Connecticut",2014,"Federal",144104000,79
"Indiana U.-Purdue U., Indianapolis",2014,"Federal",143386000,80
"U. Kentucky",2014,"Federal",142312000,81
"George Washington U.",2014,"Federal",141552000,82
"Virginia Commonwealth U.",2014,"Federal",138559000,83
"U. Texas Health Science Center, Houston",2014,"Federal",136145000,84
"Brown U.",2014,"Federal",129248000,85
"Washington State U.",2014,"Federal",126955000,86
"Temple U.",2014,"Federal",126803000,87
"U. Georgia",2014,"Federal",126164000,88
"U. California, Santa Barbara",2014,"Federal",121045000,89
"U. Oklahoma, Norman and Health Science Center",2014,"Federal",118925000,90
"Medical U. South Carolina",2014,"Federal",118649000,91
"U. Delaware",2014,"Federal",116340000,92
"Iowa State U.",2014,"Federal",116273000,93
"Tufts U.",2014,"Federal",116204000,94
"Utah State U.",2014,"Federal",114959000,95
"Wayne State U.",2014,"Federal",113618000,96
"U. Tennessee, Knoxvillef",2014,"Federal",112201000,97
"SUNY, Stony Brook U.",2014,"Federal",111683000,98
"Medical C. Wisconsin",2014,"Federal",111241000,99
"U. Massachusetts, Amherst",2014,"Federal",110189000,100
"SUNY, U. Albany",2014,"Federal",105333000,101
"U. Missouri, Columbia",2014,"Federal",104910000,102
"U. Texas Medical Branch",2014,"Federal",101761000,103
"U. New Hampshire",2014,"Federal",101125000,104
"Georgetown U.",2014,"Federal",100475000,105
"Naval Postgraduate School",2014,"Federal",96573000,106
"Louisiana State U., Baton Rouge",2014,"Federal",94701000,107
"Tulane U.",2014,"Federal",94486000,108
"U. South Carolina, Columbia",2014,"Federal",91890000,109
"U. California, Santa Cruz",2014,"Federal",90858000,110
"U. Texas Health Science Center, San Antonio",2014,"Federal",89303000,111
"U. Alaska, Fairbanks",2014,"Federal",85904000,112
"Indiana U., Bloomington",2014,"Federal",84592000,113
"Rockefeller U.",2014,"Federal",81820000,114
"New Mexico State U.",2014,"Federal",80599000,115
"U. Vermont",2014,"Federal",79743000,116
"U. Notre Dame",2014,"Federal",79690000,117
"Northeastern U.",2014,"Federal",79666000,118
"Florida International U.",2014,"Federal",78961000,119
"Drexel U.",2014,"Federal",77684000,120
"U. Alabama, Huntsville",2014,"Federal",75343000,121
"U. Oregon",2014,"Federal",74603000,122
"Rice U.",2014,"Federal",73965000,123
"Montana State U., Bozeman",2014,"Federal",72777000,124
"Mississippi State U.",2014,"Federal",71715000,125
"U. Central Florida",2014,"Federal",70716000,126
"West Virginia U.",2014,"Federal",69165000,127
"Kansas State U.",2014,"Federal",67438000,128
"U. Dayton",2014,"Federal",66318000,129
"U. Louisville",2014,"Federal",65849000,130
"U. Rhode Island",2014,"Federal",65715000,131
"U. Mississippi",2014,"Federal",64218000,132
"George Mason U.",2014,"Federal",61877000,133
"Rensselaer Polytechnic Institute",2014,"Federal",59070000,134
"U. Houston",2014,"Federal",58954000,135
"U. California, Riverside",2014,"Federal",57397000,136
"U. Arkansas for Medical Sciences",2014,"Federal",55556000,137
"Thomas Jefferson U.",2014,"Federal",54676000,138
"New Jersey Institute of Technology",2014,"Federal",54655000,139
"Rush U.",2014,"Federal",53501000,140
"U. Nevada, Reno",2014,"Federal",53363000,141
"U. Idaho",2014,"Federal",50638000,142
"U. Maine",2014,"Federal",50589000,143
"San Diego State U.",2014,"Federal",50542000,144
"Auburn U., Auburn",2014,"Federal",50088000,145
"Clemson U.",2014,"Federal",49887000,146
"Augusta U.",2014,"Federal",47771000,147
"U. Maryland, Baltimore County",2014,"Federal",47538000,148
"Brandeis U.",2014,"Federal",47532000,149
"Cleveland State U.",2014,"Federal",44233000,150
"U. Wyoming",2014,"Federal",42280000,151
"Georgia State U.",2014,"Federal",42259000,152
"Cold Spring Harbor Laboratory",2014,"Federal",41845000,153
"U. Tennessee, Health Science Center",2014,"Federal",41830000,154
"Old Dominion U.",2014,"Federal",41270000,155
"U. North Dakota",2014,"Federal",40340000,156
"CUNY, City C.",2014,"Federal",40095000,157
"Oklahoma State U., Stillwater",2014,"Federal",36687000,158
"Florida A&M U.",2014,"Federal",36570000,159
"North Dakota State U.",2014,"Federal",36277000,160
"U. Texas, El Paso",2014,"Federal",35304000,161
"Colorado School of Mines",2014,"Federal",34781000,162
"U. Toledo",2014,"Federal",34684000,163
"U.S. Air Force Academy",2014,"Federal",34669000,164
"Louisiana State U., Health Sciences Center, New Orleans",2014,"Federal",34637000,165
"Portland State U.",2014,"Federal",33523000,166
"William & Mary",2014,"Federal",33320000,167
"New Mexico Institute of Mining and Technology",2014,"Federal",33245000,168
"Texas Tech U.",2014,"Federal",33137000,169
"Morehouse School of Medicine",2014,"Federal",33020000,170
"San Jose State U.",2014,"Federal",32901000,171
"U. Texas, Dallas",2014,"Federal",32699000,172
"Howard U.",2014,"Federal",32663000,173
"Loyola U., Chicago",2014,"Federal",31189000,174
"Michigan Technological U.",2014,"Federal",30588000,175
"U. Montana, Missoula",2014,"Federal",30319000,176
"U. Puerto Rico, Medical Sciences Campus",2014,"Federal",30197000,177
"Saint Louis U.",2014,"Federal",30071000,178
"South Dakota State U.",2014,"Federal",29524000,179
"Syracuse U.",2014,"Federal",29404000,180
"U. Massachusetts, Lowell",2014,"Federal",28654000,181
"Eastern Virginia Medical School",2014,"Federal",28532000,182
"Wright State U.",2014,"Federal",27838000,183
"U. Massachusetts, Boston",2014,"Federal",27715000,184
"U. Nevada, Las Vegas",2014,"Federal",26950000,185
"U. Southern Mississippi",2014,"Federal",26163000,186
"U. Alabama, Tuscaloosa",2014,"Federal",26161000,187
"U. Arkansas, Fayetteville",2014,"Federal",26111000,188
"SUNY, Downstate Health Sciences U.",2014,"Federal",25802000,189
"Illinois Institute of Technology",2014,"Federal",25679000,190
"U. Wisconsin-Milwaukee",2014,"Federal",25377000,191
"Boston C.",2014,"Federal",25115000,192
"U. Texas, Arlington",2014,"Federal",24857000,193
"Brigham Young U., Provo",2014,"Federal",24490000,194
"Lehigh U.",2014,"Federal",24271000,195
"Stevens Institute of Technology",2014,"Federal",23656000,196
"North Carolina A&T State U.",2014,"Federal",23373000,197
"U. Texas, San Antonio",2014,"Federal",23066000,198
"Alabama A&M U.",2014,"Federal",22018000,199
"U. North Texas, Health Science Center",2014,"Federal",21943000,200
"U. Memphis",2014,"Federal",21898000,201
"Missouri U. of Science and Technology",2014,"Federal",21811000,202
"Jackson State U.",2014,"Federal",21677000,203
"SUNY, Upstate Medical U.",2014,"Federal",21334000,204
"SUNY, Polytechnic Institute",2014,"Federal",21208000,205
"Southern Methodist U.",2014,"Federal",20611000,206
"U. Akron",2014,"Federal",20263000,207
"Desert Research Institute",2014,"Federal",19932000,208
"Mercer U.",2014,"Federal",19666000,209
"Worcester Polytechnic Institute",2014,"Federal",19643000,210
"Rochester Institute of Technology",2014,"Federal",19465000,211
"Charles R. Drew U. of Medicine and Science",2014,"Federal",19412000,212
"CUNY, Hunter C.",2014,"Federal",19268000,213
"Loma Linda U.",2014,"Federal",19088000,214
"U. North Carolina, Charlotte",2014,"Federal",19069000,215
"U. Puerto Rico, Rio Piedras",2014,"Federal",18262000,216
"Northern Arizona U.",2014,"Federal",18209000,217
"Meharry Medical C.",2014,"Federal",17754000,218
"East Carolina U.",2014,"Federal",17409000,219
"Catholic U. of America",2014,"Federal",17205000,220
"San Francisco State U.",2014,"Federal",17129000,221
"Air Force Institute of Technology",2014,"Federal",16782000,222
"Ohio U.",2014,"Federal",16597000,223
"CUNY, Queens C.",2014,"Federal",16460000,224
"U. North Texas, Denton",2014,"Federal",16318000,225
"Southern Illinois U., Carbondale",2014,"Federal",16288000,226
"Boise State U.",2014,"Federal",15746000,227
"U. Missouri, Kansas City",2014,"Federal",15178000,228
"U. of the Virgin Islands",2014,"Federal",14992000,229
"SUNY, Binghamton U.",2014,"Federal",14843000,230
"U.S. Military Academy",2014,"Federal",14819000,231
"U. South Alabama",2014,"Federal",14353000,232
"Texas State U.",2014,"Federal",14243000,233
"U. Denver",2014,"Federal",14202000,234
"U. Puerto Rico, Mayaguez",2014,"Federal",14162000,235
"Tuskegee U.",2014,"Federal",14145000,236
"Morgan State U.",2014,"Federal",14144000,237
"U. North Carolina, Greensboro",2014,"Federal",13489000,238
"Florida Atlantic U.",2014,"Federal",13234000,239
"U. Maryland Center for Environmental Science",2014,"Federal",13202000,240
"Embry-Riddle Aeronautical U.",2014,"Federal",13030000,241
"Marshall U.",2014,"Federal",12712000,242
"Rutgers, State U. New Jersey, Newark",2014,"Federal",12520000,243
"Delaware State U.",2014,"Federal",12464000,244
"U. South Dakota",2014,"Federal",12162000,245
"Miami U.",2014,"Federal",12048000,246
"Tennessee State U.",2014,"Federal",12016000,247
"Creighton U.",2014,"Federal",11690000,248
"U. West Florida",2014,"Federal",11593000,249
"New York Medical C.",2014,"Federal",11421000,250
"Western Michigan U. and Homer Stryker M.D. School of Medicine",2014,"Federal",11334000,251
"California State U., Northridge",2014,"Federal",11309000,252
"Kent State U.",2014,"Federal",11181000,253
"Hampton U.",2014,"Federal",11153000,254
"Idaho State U.",2014,"Federal",11091000,255
"U. Louisiana, Lafayette",2014,"Federal",10666000,256
"U. California, Merced",2014,"Federal",10509000,257
"Wichita State U.",2014,"Federal",10424000,258
"U.S. Naval Academy",2014,"Federal",10416000,259
"Fayetteville State U.",2014,"Federal",10186000,260
"Texas Tech U., Health Sciences Center",2014,"Federal",9853000,261
"North Carolina Central U.",2014,"Federal",9757000,262
"Rosalind Franklin U. of Medicine and Science",2014,"Federal",9754000,263
"Albany Medical C.",2014,"Federal",9716000,264
"U. New Orleans",2014,"Federal",9490000,265
"American U.",2014,"Federal",9427000,266
"Northern Illinois U.",2014,"Federal",9174000,267
"California Polytechnic State U., San Luis Obispo",2014,"Federal",9087000,268
"Teachers C., Columbia U.",2014,"Federal",8909000,269
"U. Maryland, Eastern Shore",2014,"Federal",8902000,270
"Texas A&M U.-Kingsville",2014,"Federal",8678000,271
"U. Hawaii, Hilo",2014,"Federal",8603000,272
"Florida Institute of Technology",2014,"Federal",8581000,273
"Fisk U.",2014,"Federal",8557000,274
"U. Massachusetts, Dartmouth",2014,"Federal",8549000,275
"Louisiana State U., Health Sciences Center, Shreveport",2014,"Federal",8490000,276
"Prairie View A&M U.",2014,"Federal",8278000,277
"Marquette U.",2014,"Federal",8191000,278
"Winthrop U.",2014,"Federal",7955000,279
"California State U., Long Beach",2014,"Federal",7879000,280
"U. Alaska, Anchorage",2014,"Federal",7824000,281
"Louisiana Tech U.",2014,"Federal",7742000,282
"National Defense U.",2014,"Federal",7682000,283
"Alcorn State U.",2014,"Federal",7447000,284
"Claremont Graduate U.",2014,"Federal",7358000,285
"Clark Atlanta U.",2014,"Federal",7241000,286
"Texas A&M U.-Corpus Christi",2014,"Federal",7176000,287
"South Dakota School of Mines and Technology",2014,"Federal",7078000,288
"Xavier U. Louisiana",2014,"Federal",7078000,288
"Rhode Island C.",2014,"Federal",6960000,290
"California State U., Fullerton",2014,"Federal",6932000,291
"Morehouse C.",2014,"Federal",6919000,292
"Dillard U.",2014,"Federal",6889000,293
"Oakland U.",2014,"Federal",6885000,294
"South Carolina State U.",2014,"Federal",6614000,295
"U. Guam",2014,"Federal",6599000,296
"Northeast Ohio Medical U.",2014,"Federal",6582000,297
"Bowling Green State U.",2014,"Federal",6576000,298
"CUNY, Brooklyn C.",2014,"Federal",6548000,299
"Norfolk State U.",2014,"Federal",6492000,300
"California State U., San Bernardino",2014,"Federal",6414000,301
"U. Central del Caribe",2014,"Federal",6407000,302
"Central Michigan U.",2014,"Federal",6187000,303
"California State U., San Marcos",2014,"Federal",6091000,304
"U. North Carolina, Wilmington",2014,"Federal",6063000,305
"West Virginia State U.",2014,"Federal",6006000,306
"Nova Southeastern U.",2014,"Federal",5992000,307
"U. Minnesota, Duluth",2014,"Federal",5940000,308
"U. Missouri, Saint Louis",2014,"Federal",5844000,309
"Langston U.",2014,"Federal",5816000,310
"Texas Christian U.",2014,"Federal",5779000,311
"U. Tulsa",2014,"Federal",5773000,312
"U. Nebraska, Omaha",2014,"Federal",5687000,313
"SUNY, C. of Environmental Science and Forestry",2014,"Federal",5564000,314
"East Tennessee State U.",2014,"Federal",5484000,315
"Clarkson U.",2014,"Federal",5476000,316
"Lincoln U., Jefferson City",2014,"Federal",5460000,317
"Virginia State U.",2014,"Federal",5424000,318
"Texas Tech U., Health Sciences Center, El Paso",2014,"Federal",5352000,319
"California State U., Sacramento",2014,"Federal",5241000,320
"Illinois State U.",2014,"Federal",5213000,321
"U. Arkansas, Little Rock",2014,"Federal",5188000,322
"C. Charleston",2014,"Federal",5051000,323
"DePaul U.",2014,"Federal",5023000,324
"Villanova U.",2014,"Federal",5008000,325
"California State U., Los Angeles",2014,"Federal",4923000,326
"U. New England",2014,"Federal",4789000,327
"Duquesne U.",2014,"Federal",4670000,328
"Florida Gulf Coast U.",2014,"Federal",4609000,329
"U. Texas, Tyler",2014,"Federal",4601000,330
"Rowan U.",2014,"Federal",4591000,331
"Kentucky State U.",2014,"Federal",4335000,332
"Fordham U.",2014,"Federal",4258000,333
"Fort Valley State U.",2014,"Federal",4249000,334
"Baylor U.",2014,"Federal",4062000,335
"Western Washington U.",2014,"Federal",4039000,336
"U. Colorado Colorado Springs",2014,"Federal",4018000,337
"Arkansas State U., Jonesboro",2014,"Federal",3958000,338
"U. Arkansas, Pine Bluff",2014,"Federal",3875000,339
"California State U., Monterey Bay",2014,"Federal",3862000,340
"Southern U. and A&M C., Baton Rouge",2014,"Federal",3850000,341
"U. Southern Maine",2014,"Federal",3821000,342
"Tennessee Technological U.",2014,"Federal",3725000,343
"Tarleton State U.",2014,"Federal",3683000,344
"Wellesley C.",2014,"Federal",3579000,345
"Texas Southern U.",2014,"Federal",3512000,346
"New York Institute of Technology",2014,"Federal",3504000,347
"Western Kentucky U.",2014,"Federal",3383000,348
"California State U., Dominguez Hills",2014,"Federal",3381000,349
"Southern U. and A&M C., Agricultural Research and Extension Center",2014,"Federal",3363000,350
"Wesleyan U.",2014,"Federal",3363000,350
"Georgia Southern U.",2014,"Federal",3247000,352
"CUNY, John Jay C. of Criminal Justice",2014,"Federal",3214000,353
"Montana Technological U.",2014,"Federal",3202000,354
"Carleton C.",2014,"Federal",3157000,355
"Missouri State U.",2014,"Federal",3132000,356
"Salisbury U.",2014,"Federal",3131000,357
"Smith C.",2014,"Federal",3042000,358
"James Madison U.",2014,"Federal",3017000,359
"Gallaudet U.",2014,"Federal",3012000,360
"U. Baltimore",2014,"Federal",2947000,361
"California State U., Fresno",2014,"Federal",2921000,362
"U. Michigan, Dearborn",2014,"Federal",2901000,363
"Clark U.",2014,"Federal",2751000,364
"Naval War C.",2014,"Federal",2736000,365
"U. of the Pacific",2014,"Federal",2675000,366
"Hofstra U.",2014,"Federal",2577000,367
"SUNY, C. of Optometry",2014,"Federal",2567000,368
"Montclair State U.",2014,"Federal",2533000,369
"California State Polytechnic U., Humboldt",2014,"Federal",2504000,370
"Elizabeth City State U.",2014,"Federal",2461000,371
"U. San Diego",2014,"Federal",2451000,372
"Benedict C.",2014,"Federal",2443000,373
"Mount Holyoke C.",2014,"Federal",2435000,374
"Barnard C.",2014,"Federal",2373000,375
"Chapman U.",2014,"Federal",2373000,375
"Bowdoin C.",2014,"Federal",2330000,377
"CUNY, Graduate Center",2014,"Federal",2310000,378
"Tougaloo C.",2014,"Federal",2285000,379
"Towson U.",2014,"Federal",2268000,380
"St. Edward's U.",2014,"Federal",2250000,381
"CUNY, Lehman C.",2014,"Federal",2249000,382
"Southern Illinois U., Edwardsville",2014,"Federal",2249000,382
"Alabama State U.",2014,"Federal",2236000,384
"Sam Houston State U.",2014,"Federal",2209000,385
"Appalachian State U.",2014,"Federal",2198000,386
"California State Polytechnic U., Pomona",2014,"Federal",2165000,387
"Grand Valley State U.",2014,"Federal",2151000,388
"U. Richmond",2014,"Federal",2134000,389
"Savannah State U.",2014,"Federal",2127000,390
"U. Northern Iowa",2014,"Federal",2094000,391
"Fairfield U.",2014,"Federal",2051000,392
"Santa Clara U.",2014,"Federal",2039000,393
"Roger Williams U.",2014,"Federal",2038000,394
"U. Washington, Bothell",2014,"Federal",2005000,395
"Central State U.",2014,"Federal",2e+06,396
"Hope C.",2014,"Federal",2e+06,396
"New School",2014,"Federal",1972000,398
"Ball State U.",2014,"Federal",1971000,399
"U. Northern Colorado",2014,"Federal",1965000,400
"U. Wisconsin-Superior",2014,"Federal",1949000,401
"Youngstown State U.",2014,"Federal",1876000,402
"Stephen F. Austin State U.",2014,"Federal",1850000,403
"Seton Hall U.",2014,"Federal",1801000,404
"U. Houston-Downtown",2014,"Federal",1800000,405
"Pomona C.",2014,"Federal",1789000,406
"Palmer C. of Chiropractic, Davenport",2014,"Federal",1775000,407
"Rutgers, State U. New Jersey, Camden",2014,"Federal",1766000,408
"Bowie State U.",2014,"Federal",1761000,409
"U. Wisconsin-Stevens Point",2014,"Federal",1740000,410
"Bucknell U.",2014,"Federal",1725000,411
"Black Hills State U.",2014,"Federal",1720000,412
"Claflin U.",2014,"Federal",1711000,413
"Northwest Indian C.",2014,"Federal",1705000,414
"U. Louisiana, Monroe",2014,"Federal",1705000,414
"Albany C. of Pharmacy and Health Sciences",2014,"Federal",1643000,416
"U. of the District of Columbia",2014,"Federal",1627000,417
"Southern Connecticut State U.",2014,"Federal",1620000,418
"Pennsylvania State U., Behrend",2014,"Federal",1610000,419
"Sonoma State U.",2014,"Federal",1581000,420
"U. Washington, Tacoma",2014,"Federal",1577000,421
"Middle Tennessee State U.",2014,"Federal",1564000,422
"West Texas A&M U.",2014,"Federal",1551000,423
"Western U. of Health Sciences",2014,"Federal",1545000,424
"Trinity U.",2014,"Federal",1544000,425
"Amherst C.",2014,"Federal",1543000,426
"Eastern Kentucky U.",2014,"Federal",1518000,427
"U. Tennessee, Chattanooga",2014,"Federal",1501000,428
"Milwaukee School of Engineering",2014,"Federal",1500000,429
"Purdue U., Fort Wayne",2014,"Federal",1479000,430
"Harvey Mudd C.",2014,"Federal",1457000,431
"Northern Kentucky U.",2014,"Federal",1418000,432
"Kennesaw State U.",2014,"Federal",1413000,433
"CUNY, C. Staten Island",2014,"Federal",1400000,434
"Union C., Schenectady",2014,"Federal",1385000,435
"Lewis and Clark C.",2014,"Federal",1378000,436
"Touro U., California",2014,"Federal",1374000,437
"Occidental C.",2014,"Federal",1365000,438
"Bryn Mawr C.",2014,"Federal",1353000,439
"Alfred U.",2014,"Federal",1351000,440
"Middlebury C.",2014,"Federal",1351000,440
"Seattle U.",2014,"Federal",1348000,442
"Trinity C., Hartford",2014,"Federal",1313000,443
"Haverford C.",2014,"Federal",1309000,444
"Christopher Newport U.",2014,"Federal",1302000,445
"Keck Graduate Institute",2014,"Federal",1302000,445
"U. Central Arkansas",2014,"Federal",1297000,447
"Swarthmore C.",2014,"Federal",1292000,448
"Coastal Carolina U.",2014,"Federal",1281000,449
"Calvin U.",2014,"Federal",1273000,450
"Albany State U.",2014,"Federal",1271000,451
"Texas A&M U.-Commerce",2014,"Federal",1234000,452
"Vassar C.",2014,"Federal",1220000,453
"Erikson Institute",2014,"Federal",1212000,454
"Pace U.",2014,"Federal",1212000,454
"Oberlin C.",2014,"Federal",1204000,456
"Skidmore C.",2014,"Federal",1193000,457
"Spelman C.",2014,"Federal",1185000,458
"U. Alaska, Southeast",2014,"Federal",1183000,459
"U. North Florida",2014,"Federal",1177000,460
"U. North Carolina, Asheville",2014,"Federal",1176000,461
"Davidson C.",2014,"Federal",1170000,462
"California State U., Chico",2014,"Federal",1169000,463
"Pepperdine U.",2014,"Federal",1162000,464
"Colgate U.",2014,"Federal",1153000,465
"U. Puerto Rico, Cayey",2014,"Federal",1143000,466
"Loyola Marymount U.",2014,"Federal",1142000,467
"California State U., Bakersfield",2014,"Federal",1140000,468
"Pacific U.",2014,"Federal",1137000,469
"Reed C.",2014,"Federal",1125000,470
"Lamar U.",2014,"Federal",1118000,471
"Hawaii Pacific U.",2014,"Federal",1116000,472
"Bates C.",2014,"Federal",1114000,473
"Central Washington U.",2014,"Federal",1113000,474
"U. Ana G. Mendez, Gurabo",2014,"Federal",1111000,475
"U. Puerto Rico, Humacao",2014,"Federal",1102000,476
"U. Wisconsin-La Crosse",2014,"Federal",1095000,477
"Claremont McKenna C.",2014,"Federal",1080000,478
"U. Hartford",2014,"Federal",1080000,478
"SUNY, Buffalo State U.",2014,"Federal",1076000,480
"Lafayette C.",2014,"Federal",1070000,481
"Morehead State U.",2014,"Federal",1069000,482
"Grambling State U.",2014,"Federal",1065000,483
"Franklin W. Olin C. of Engineering",2014,"Federal",1050000,484
"U. Wisconsin-Oshkosh",2014,"Federal",1048000,485
"U. Central Oklahoma",2014,"Federal",1042000,486
"Eastern Michigan U.",2014,"Federal",1031000,487
"Williams C.",2014,"Federal",1029000,488
"Pittsburg State U.",2014,"Federal",1023000,489
"Indiana State U.",2014,"Federal",1005000,490
"Texas A&M International U.",2014,"Federal",977000,491
"New Mexico Highlands U.",2014,"Federal",969000,492
"Texas Woman's U.",2014,"Federal",961000,493
"U. New Haven",2014,"Federal",954000,494
"Colby C.",2014,"Federal",943000,495
"Hamilton C.",2014,"Federal",918000,496
"Dakota State U.",2014,"Federal",908000,497
"Furman U.",2014,"Federal",891000,498
"Franklin and Marshall C.",2014,"Federal",889000,499
"Eastern Washington U.",2014,"Federal",885000,500
"St. John's U., New York",2014,"Federal",883000,501
"Macalester C.",2014,"Federal",879000,502
"Willamette U.",2014,"Federal",860000,503
"Norwich U.",2014,"Federal",831000,504
"Ithaca C.",2014,"Federal",816000,505
"St. Cloud State U.",2014,"Federal",797000,506
"St. Olaf C.",2014,"Federal",760000,507
"U. South Carolina, Aiken",2014,"Federal",759000,508
"Lawrence Technological U.",2014,"Federal",739000,509
"U. Houston-Clear Lake",2014,"Federal",739000,509
"U. San Francisco",2014,"Federal",738000,511
"Western Illinois U.",2014,"Federal",735000,512
"Hobart and William Smith Colleges",2014,"Federal",730000,513
"CUNY, Baruch C.",2014,"Federal",695000,514
"Southeastern Louisiana U.",2014,"Federal",692000,515
"Western Carolina U.",2014,"Federal",669000,516
"U. Nebraska, Kearney",2014,"Federal",656000,517
"Monmouth U.",2014,"Federal",635000,518
"Murray State U.",2014,"Federal",612000,519
"U. Wisconsin-Green Bay",2014,"Federal",594000,520
"Northeastern Illinois U.",2014,"Federal",588000,521
"Indiana U., South Bend",2014,"Federal",575000,522
"Colorado C.",2014,"Federal",570000,523
"SUNY, C. Brockport",2014,"Federal",564000,524
"Sul Ross State U.",2014,"Federal",546000,525
"New England C. of Optometry",2014,"Federal",533000,526
"California State U., Channel Islands",2014,"Federal",528000,527
"Memorial Sloan Kettering Cancer Center, Louis V. Gerstner Jr. Graduate S. of Biomedical Sciences",2014,"Federal",523000,528
"Midwestern U.",2014,"Federal",517000,529
"Connecticut C.",2014,"Federal",514000,530
"Central Connecticut State U.",2014,"Federal",506000,531
"Northwestern State U. Louisiana",2014,"Federal",494000,532
"U. Texas of the Permian Basin",2014,"Federal",489000,533
"SUNY, Geneseo",2014,"Federal",474000,534
"Saint Joseph's U.",2014,"Federal",468000,535
"SUNY, C. Plattsburgh",2014,"Federal",459000,536
"U. Illinois, Springfield",2014,"Federal",415000,537
"Grinnell C.",2014,"Federal",414000,538
"C. Wooster",2014,"Federal",404000,539
"West Chester U. Pennsylvania",2014,"Federal",404000,539
"Elon U.",2014,"Federal",398000,541
"U. Wisconsin-Eau Claire",2014,"Federal",395000,542
"Stockton U.",2014,"Federal",380000,543
"CUNY, system office",2014,"Federal",362000,544
"U. of St. Thomas (MN)",2014,"Federal",352000,545
"California State U., Stanislaus",2014,"Federal",341000,546
"New C. Florida",2014,"Federal",332000,547
"U. Wisconsin-Platteville",2014,"Federal",328000,548
"Minnesota State U., Mankato",2014,"Federal",317000,549
"Suffolk U.",2014,"Federal",317000,549
"U. Detroit Mercy",2014,"Federal",317000,549
"Pennsylvania State U., Harrisburg",2014,"Federal",269000,552
"Edward Via C. of Osteopathic Medicine",2014,"Federal",250000,553
"U. California, Office of the President",2014,"Federal",248000,554
"Des Moines U.",2014,"Federal",224000,555
"Heidelberg U.",2014,"Federal",199000,556
"Austin Peay State U.",2014,"Federal",189000,557
"Wheaton C., Wheaton",2014,"Federal",178000,558
"Indiana U. Pennsylvania",2014,"Federal",169000,559
"Roseman U. of Health Sciences",2014,"Federal",131000,560
"Philadelphia C. of Osteopathic Medicine",2014,"Federal",104000,561
"C. of Saint Benedict",2014,"Federal",71000,562
"Marshall B. Ketchum U.",2014,"Federal",48000,563
"Oklahoma State U., Center for Health Sciences",2014,"Federal",31000,564
"Eastern Connecticut State U.",2014,"Federal",6000,565
"La Sierra U.",2014,"Federal",0,566
"Abilene Christian U.",2014,"Federal",NA,NA
"Alaska Pacific U.",2014,"Federal",NA,NA
"Albert Einstein C. of Medicine",2014,"Federal",NA,NA
"Albion C.",2014,"Federal",NA,NA
"Andrews U.",2014,"Federal",NA,NA
"Arcadia U.",2014,"Federal",NA,NA
"Azusa Pacific U.",2014,"Federal",NA,NA
"Babson C.",2014,"Federal",NA,NA
"Bentley U.",2014,"Federal",NA,NA
"Bryant U.",2014,"Federal",NA,NA
"Butler U.",2014,"Federal",NA,NA
"C. New Jersey",2014,"Federal",NA,NA
"CUNY, Advanced Science Research Center",2014,"Federal",NA,NA
"CUNY, Graduate School of Public Health and Health Policy",2014,"Federal",NA,NA
"CUNY, New York City C. of Technology",2014,"Federal",NA,NA
"CUNY, York C.",2014,"Federal",NA,NA
"California State U., East Bay",2014,"Federal",NA,NA
"Canisius U.",2014,"Federal",NA,NA
"Chicago State U.",2014,"Federal",NA,NA
"Citadel Military C. South Carolina",2014,"Federal",NA,NA
"Colorado State U., Pueblo",2014,"Federal",NA,NA
"Dine C.",2014,"Federal",NA,NA
"Drake U.",2014,"Federal",NA,NA
"East Stroudsburg U. Pennsylvania",2014,"Federal",NA,NA
"Ferris State U.",2014,"Federal",NA,NA
"Florida Polytechnic U.",2014,"Federal",NA,NA
"Fort Lewis C.",2014,"Federal",NA,NA
"Framingham State U.",2014,"Federal",NA,NA
"Gettysburg C.",2014,"Federal",NA,NA
"Gustavus Adolphus C.",2014,"Federal",NA,NA
"Johnson C. Smith U.",2014,"Federal",NA,NA
"Kean U.",2014,"Federal",NA,NA
"Kenyon C.",2014,"Federal",NA,NA
"Lake Superior State U.",2014,"Federal",NA,NA
"Liberty U.",2014,"Federal",NA,NA
"Lincoln Memorial U.",2014,"Federal",NA,NA
"Lincoln U.",2014,"Federal",NA,NA
"Lipscomb U.",2014,"Federal",NA,NA
"Long Island U.",2014,"Federal",NA,NA
"MGH Institute of Health Professions",2014,"Federal",NA,NA
"Manhattan C.",2014,"Federal",NA,NA
"Marian U., Indianapolis",2014,"Federal",NA,NA
"Marymount U.",2014,"Federal",NA,NA
"Merrimack C.",2014,"Federal",NA,NA
"National U. of Natural Medicine",2014,"Federal",NA,NA
"Nevada State C.",2014,"Federal",NA,NA
"Northern Michigan U.",2014,"Federal",NA,NA
"Northland C.",2014,"Federal",NA,NA
"Oregon Institute of Technology",2014,"Federal",NA,NA
"Pennsylvania State U., Altoona",2014,"Federal",NA,NA
"Pratt Institute",2014,"Federal",NA,NA
"Providence C.",2014,"Federal",NA,NA
"Purdue U., Northwest",2014,"Federal",NA,NA
"Radford U.",2014,"Federal",NA,NA
"Robert Morris U.",2014,"Federal",NA,NA
"SUNY, Cobleskill",2014,"Federal",NA,NA
"SUNY, Oswego",2014,"Federal",NA,NA
"Sacred Heart U.",2014,"Federal",NA,NA
"Saginaw Valley State U.",2014,"Federal",NA,NA
"Southern U., New Orleans",2014,"Federal",NA,NA
"St. Mary's C. Maryland",2014,"Federal",NA,NA
"Texas A&M U.-San Antonio",2014,"Federal",NA,NA
"Touro U., New Yorkg",2014,"Federal",NA,NA
"Toyota Technological Institute, Chicago",2014,"Federal",NA,NA
"Troy U.",2014,"Federal",NA,NA
"U. Colorado Anschutz Medical Campusc",2014,"Federal",NA,NA
"U. Colorado Denverc",2014,"Federal",NA,NA
"U. Hawaii, Maui C.",2014,"Federal",NA,NA
"U. Hawaii, system office",2014,"Federal",NA,NA
"U. Marylandb",2014,"Federal",NA,NA
"U. Nebraska, Lincoln and Medical Centerd",2014,"Federal",NA,NA
"U. North Georgia",2014,"Federal",NA,NA
"U. Oklahoma, Tulsa",2014,"Federal",NA,NA
"U. Puerto Rico, Ponce",2014,"Federal",NA,NA
"U. Puget Sound",2014,"Federal",NA,NA
"U. Scranton",2014,"Federal",NA,NA
"U. South Carolina, Beaufort",2014,"Federal",NA,NA
"U. Texas Health Science Center, Tyler",2014,"Federal",NA,NA
"U. Texas Rio Grande Valley",2014,"Federal",NA,NA
"U. Virginia's C. Wise",2014,"Federal",NA,NA
"U. Wisconsin-River Falls",2014,"Federal",NA,NA
"U. of Health Sciences and Pharmacy in St. Louis",2014,"Federal",NA,NA
"U. of Mary Washington",2014,"Federal",NA,NA
"U. of the Incarnate Word",2014,"Federal",NA,NA
"U.S. Army War C.",2014,"Federal",NA,NA
"U.S. Coast Guard Academy",2014,"Federal",NA,NA
"United Tribes Technical C.",2014,"Federal",NA,NA
"Ursinus C.",2014,"Federal",NA,NA
"Utah Valley U.",2014,"Federal",NA,NA
"Van Andel Research Institute",2014,"Federal",NA,NA
"Virginia Military Institute",2014,"Federal",NA,NA
"West Virginia School of Osteopathic Medicine",2014,"Federal",NA,NA
"Western New England U.",2014,"Federal",NA,NA
"Whitman C.",2014,"Federal",NA,NA
"William Paterson U.",2014,"Federal",NA,NA
"Winston-Salem State U.",2014,"Federal",NA,NA
"All institutions",2015,"Federal",37846802000,1
"Johns Hopkins U",2015,"Federal",1992837000,2
"All other surveyed institutions",2015,"Federal",1076097000,3
"U. Washington, Seattle",2015,"Federal",906768000,4
"U. Michigan, Ann Arbor",2015,"Federal",735447000,5
"Stanford U.",2015,"Federal",675930000,6
"U. Pennsylvania",2015,"Federal",611620000,7
"U. California, San Diego",2015,"Federal",603343000,8
"Columbia U. in the City of New York",2015,"Federal",592545000,9
"U. North Carolina, Chapel Hill",2015,"Federal",585758000,10
"U. Pittsburgh, Pittsburgh",2015,"Federal",561210000,11
"Duke U.",2015,"Federal",559217000,12
"Georgia Institute of Technology",2015,"Federal",551084000,13
"Harvard U.",2015,"Federal",545202000,14
"U. California, San Francisco",2015,"Federal",535457000,15
"U. Wisconsin-Madison",2015,"Federal",533286000,16
"Pennsylvania State U., University Park and Hershey Medical Center",2015,"Federal",513410000,17
"U. California, Los Angeles",2015,"Federal",489404000,18
"Massachusetts Institute of Technology",2015,"Federal",488421000,19
"Yale U.",2015,"Federal",477143000,20
"U. Minnesota, Twin Cities",2015,"Federal",476029000,21
"Cornell U.",2015,"Federal",446360000,22
"Ohio State U.",2015,"Federal",446048000,23
"Washington U., Saint Louis",2015,"Federal",432228000,24
"U. Southern California",2015,"Federal",421227000,25
"Vanderbilt U. and Vanderbilt U. Medical Center",2015,"Federal",401738000,26
"Northwestern U.",2015,"Federal",393186000,27
"U. Colorado Boulder",2015,"Federal",353341000,28
"Emory U.",2015,"Federal",348071000,29
"U. California, Berkeley",2015,"Federal",346262000,30
"U. Texas, Austin",2015,"Federal",346215000,31
"New York U.",2015,"Federal",344570000,32
"U. Illinois, Urbana-Champaign",2015,"Federal",338178000,33
"Icahn School of Medicine at Mount Sinai",2015,"Federal",329641000,34
"U. Alabama, Birmingham",2015,"Federal",328531000,35
"U. California, Davis",2015,"Federal",326039000,36
"Rutgers, State U. New Jersey, New Brunswick",2015,"Federal",323675000,37
"Case Western Reserve U.",2015,"Federal",308434000,38
"Texas A&M U., College Station and Health Science Center",2015,"Federal",304437000,39
"Uniformed Services U. of the Health Sciences",2015,"Federal",299007000,40
"U. Chicago",2015,"Federal",294437000,41
"U. Florida",2015,"Federal",287230000,42
"U. Utah",2015,"Federal",274375000,43
"Scripps Research Institute",2015,"Federal",274097000,44
"Michigan State U.",2015,"Federal",272838000,45
"California Institute of Technology",2015,"Federal",272673000,46
"U. Arizona",2015,"Federal",269959000,47
"U. Rochester",2015,"Federal",262681000,48
"Boston U.",2015,"Federal",259736000,49
"Baylor C. of Medicine",2015,"Federal",256895000,50
"U. Cincinnati",2015,"Federal",251717000,51
"Oregon Health and Science U.",2015,"Federal",245509000,52
"U. Iowa",2015,"Federal",225587000,53
"Colorado State U., Fort Collins",2015,"Federal",219321000,54
"U. South Floridae",2015,"Federal",218338000,55
"Purdue U., West Lafayette",2015,"Federal",217330000,56
"Indiana U., Bloomington",2015,"Federal",210899000,57
"U. Virginia, Charlottesville",2015,"Federal",203401000,58
"U. Hawaii, Manoa",2015,"Federal",200202000,59
"North Carolina State U.",2015,"Federal",199862000,60
"Arizona State U.",2015,"Federal",196528000,61
"Virginia Polytechnic Institute and State U.",2015,"Federal",196096000,62
"U. Illinois, Chicago",2015,"Federal",196010000,63
"U. Miami",2015,"Federal",193606000,64
"Carnegie Mellon U.",2015,"Federal",187259000,65
"U. Texas Southwestern Medical Center",2015,"Federal",183787000,66
"U. Massachusetts, Medical School",2015,"Federal",183588000,67
"Yeshiva U.",2015,"Federal",180791000,68
"SUNY, U. Buffalo",2015,"Federal",177441000,69
"U. California, Irvine",2015,"Federal",174875000,70
"Woods Hole Oceanographic Institution",2015,"Federal",172995000,71
"U. Texas M. D. Anderson Cancer Center",2015,"Federal",161171000,72
"Princeton U.",2015,"Federal",158313000,73
"U. Kansas",2015,"Federal",155835000,74
"U. New Mexico",2015,"Federal",154794000,75
"Oregon State U.",2015,"Federal",153017000,76
"Wake Forest U.",2015,"Federal",148451000,77
"U. Kentucky",2015,"Federal",146548000,78
"Dartmouth C. and Dartmouth Hitchcock Medical Center",2015,"Federal",146233000,79
"Virginia Commonwealth U.",2015,"Federal",142447000,80
"Florida State U.",2015,"Federal",139597000,81
"George Washington U.",2015,"Federal",139016000,82
"U. Connecticut",2015,"Federal",137980000,83
"Washington State U.",2015,"Federal",134889000,84
"Brown U.",2015,"Federal",132142000,85
"U. Georgia",2015,"Federal",132118000,86
"Temple U.",2015,"Federal",129499000,87
"U. Oklahoma, Norman and Health Science Center",2015,"Federal",127709000,88
"U. Texas Health Science Center, Houston",2015,"Federal",125890000,89
"Tufts U.",2015,"Federal",121428000,90
"Utah State U.",2015,"Federal",120369000,91
"Medical U. South Carolina",2015,"Federal",117255000,92
"U. California, Santa Barbara",2015,"Federal",116232000,93
"SUNY, Stony Brook U.",2015,"Federal",115150000,94
"Iowa State U.",2015,"Federal",114518000,95
"U. Delaware",2015,"Federal",114245000,96
"Wayne State U.",2015,"Federal",109586000,97
"Medical C. Wisconsin",2015,"Federal",109542000,98
"U. Tennessee, Knoxvillef",2015,"Federal",105417000,99
"U. Missouri, Columbia",2015,"Federal",105015000,100
"U. Massachusetts, Amherst",2015,"Federal",103417000,101
"U. Texas Medical Branch",2015,"Federal",98050000,102
"U. California, Santa Cruz",2015,"Federal",92870000,103
"U. New Hampshire",2015,"Federal",92040000,104
"U. South Carolina, Columbia",2015,"Federal",90453000,105
"U. Central Florida",2015,"Federal",88814000,106
"Georgetown U.",2015,"Federal",88015000,107
"U. Texas Health Science Center, San Antonio",2015,"Federal",85940000,108
"Tulane U.",2015,"Federal",84166000,109
"U. Vermont",2015,"Federal",83733000,110
"U. Notre Dame",2015,"Federal",83710000,111
"Louisiana State U., Baton Rouge",2015,"Federal",83644000,112
"Rockefeller U.",2015,"Federal",81949000,113
"U. Alaska, Fairbanks",2015,"Federal",81586000,114
"Northeastern U.",2015,"Federal",80576000,115
"Mississippi State U.",2015,"Federal",80097000,116
"SUNY, U. Albany",2015,"Federal",79681000,117
"New Mexico State U.",2015,"Federal",78903000,118
"Naval Postgraduate School",2015,"Federal",78780000,119
"U. Dayton",2015,"Federal",77973000,120
"Florida International U.",2015,"Federal",76528000,121
"Rice U.",2015,"Federal",74266000,122
"Kansas State U.",2015,"Federal",69918000,123
"U. Oregon",2015,"Federal",69723000,124
"Drexel U.",2015,"Federal",69462000,125
"Montana State U., Bozeman",2015,"Federal",69136000,126
"West Virginia U.",2015,"Federal",68731000,127
"U. Louisville",2015,"Federal",68345000,128
"U. Alabama, Huntsville",2015,"Federal",67451000,129
"U. Rhode Island",2015,"Federal",64711000,130
"George Mason U.",2015,"Federal",63600000,131
"U. California, Riverside",2015,"Federal",63515000,132
"U. Mississippi",2015,"Federal",59978000,133
"Rensselaer Polytechnic Institute",2015,"Federal",59528000,134
"Thomas Jefferson U.",2015,"Federal",58536000,135
"U. Houston",2015,"Federal",58458000,136
"New Jersey Institute of Technology",2015,"Federal",55094000,137
"Clemson U.",2015,"Federal",53136000,138
"Rush U.",2015,"Federal",52193000,139
"U. Nevada, Reno",2015,"Federal",51724000,140
"U. Arkansas for Medical Sciences",2015,"Federal",50603000,141
"Augusta U.",2015,"Federal",50585000,142
"U. Idaho",2015,"Federal",50559000,143
"Georgia State U.",2015,"Federal",50122000,144
"Cold Spring Harbor Laboratory",2015,"Federal",49063000,145
"U. Wyoming",2015,"Federal",48970000,146
"Auburn U., Auburn",2015,"Federal",48352000,147
"U. Maryland, Baltimore County",2015,"Federal",47954000,148
"Brandeis U.",2015,"Federal",47841000,149
"San Diego State U.",2015,"Federal",46870000,150
"U. Texas, El Paso",2015,"Federal",41897000,151
"Cleveland State U.",2015,"Federal",41851000,152
"Old Dominion U.",2015,"Federal",40002000,153
"U. Tennessee, Health Science Center",2015,"Federal",39356000,154
"Howard U.",2015,"Federal",38820000,155
"Oklahoma State U., Stillwater",2015,"Federal",38585000,156
"CUNY, City C.",2015,"Federal",38434000,157
"U. North Dakota",2015,"Federal",37697000,158
"Florida A&M U.",2015,"Federal",36975000,159
"Louisiana State U., Health Sciences Center, New Orleans",2015,"Federal",36027000,160
"North Dakota State U.",2015,"Federal",35482000,161
"U. Maine",2015,"Federal",35369000,162
"U. Arkansas, Fayetteville",2015,"Federal",34288000,163
"Colorado School of Mines",2015,"Federal",34266000,164
"San Jose State U.",2015,"Federal",33782000,165
"U. Montana, Missoula",2015,"Federal",33718000,166
"William & Mary",2015,"Federal",33129000,167
"Texas Tech U.",2015,"Federal",32987000,168
"Syracuse U.",2015,"Federal",32378000,169
"U. Puerto Rico, Medical Sciences Campus",2015,"Federal",31889000,170
"U. Texas, Dallas",2015,"Federal",31068000,171
"U. Massachusetts, Lowell",2015,"Federal",31059000,172
"U.S. Air Force Academy",2015,"Federal",30637000,173
"Morehouse School of Medicine",2015,"Federal",30012000,174
"Portland State U.",2015,"Federal",29987000,175
"U. Alabama, Tuscaloosa",2015,"Federal",28988000,176
"Michigan Technological U.",2015,"Federal",28692000,177
"South Dakota State U.",2015,"Federal",28670000,178
"U. Massachusetts, Boston",2015,"Federal",28653000,179
"Eastern Virginia Medical School",2015,"Federal",28637000,180
"Loyola U., Chicago",2015,"Federal",28200000,181
"U. Texas, Arlington",2015,"Federal",27712000,182
"Saint Louis U.",2015,"Federal",27580000,183
"U. Nevada, Las Vegas",2015,"Federal",27493000,184
"U. Toledo",2015,"Federal",27085000,185
"Wright State U.",2015,"Federal",26931000,186
"Worcester Polytechnic Institute",2015,"Federal",26327000,187
"Stevens Institute of Technology",2015,"Federal",25980000,188
"Illinois Institute of Technology",2015,"Federal",25826000,189
"U. Wisconsin-Milwaukee",2015,"Federal",25587000,190
"U. Southern Mississippi",2015,"Federal",25005000,191
"Brigham Young U., Provo",2015,"Federal",24250000,192
"U. Texas, San Antonio",2015,"Federal",23511000,193
"Boston C.",2015,"Federal",23352000,194
"Lehigh U.",2015,"Federal",22910000,195
"U. North Texas, Health Science Center",2015,"Federal",22422000,196
"North Carolina A&T State U.",2015,"Federal",22413000,197
"Alabama A&M U.",2015,"Federal",21982000,198
"Mercer U.",2015,"Federal",21563000,199
"Loma Linda U.",2015,"Federal",21082000,200
"SUNY, Downstate Health Sciences U.",2015,"Federal",20779000,201
"Northern Arizona U.",2015,"Federal",20285000,202
"Rochester Institute of Technology",2015,"Federal",20147000,203
"New Mexico Institute of Mining and Technology",2015,"Federal",20018000,204
"Catholic U. of America",2015,"Federal",19900000,205
"Jackson State U.",2015,"Federal",19656000,206
"U. of the Virgin Islands",2015,"Federal",19456000,207
"SUNY, Upstate Medical U.",2015,"Federal",19213000,208
"CUNY, Hunter C.",2015,"Federal",19193000,209
"U. North Carolina, Charlotte",2015,"Federal",19132000,210
"U. Puerto Rico, Rio Piedras",2015,"Federal",18922000,211
"U. Memphis",2015,"Federal",18825000,212
"Indiana U.-Purdue U., Indianapolis",2015,"Federal",18479000,213
"Boise State U.",2015,"Federal",18296000,214
"Texas State U.",2015,"Federal",18289000,215
"Missouri U. of Science and Technology",2015,"Federal",17632000,216
"Ohio U.",2015,"Federal",17303000,217
"Air Force Institute of Technology",2015,"Federal",16727000,218
"Desert Research Institute",2015,"Federal",16511000,219
"SUNY, Binghamton U.",2015,"Federal",16171000,220
"U. Louisiana, Lafayette",2015,"Federal",15799000,221
"U. Puerto Rico, Mayaguez",2015,"Federal",15700000,222
"U. North Texas, Denton",2015,"Federal",15470000,223
"U.S. Military Academy",2015,"Federal",15312000,224
"U. South Alabama",2015,"Federal",15106000,225
"East Carolina U.",2015,"Federal",15079000,226
"U. North Carolina, Greensboro",2015,"Federal",14978000,227
"Southern Illinois U., Carbondale",2015,"Federal",14895000,228
"Hampton U.",2015,"Federal",14735000,229
"U. Akron",2015,"Federal",14676000,230
"SUNY, Polytechnic Institute",2015,"Federal",14641000,231
"San Francisco State U.",2015,"Federal",14336000,232
"Southern Methodist U.",2015,"Federal",14324000,233
"U. Maryland Center for Environmental Science",2015,"Federal",14096000,234
"CUNY, Queens C.",2015,"Federal",14080000,235
"U. Missouri, Kansas City",2015,"Federal",13327000,236
"Meharry Medical C.",2015,"Federal",13068000,237
"Charles R. Drew U. of Medicine and Science",2015,"Federal",12992000,238
"Morgan State U.",2015,"Federal",12805000,239
"Teachers C., Columbia U.",2015,"Federal",12775000,240
"U. Hawaii, Hilo",2015,"Federal",12772000,241
"U. California, Merced",2015,"Federal",12648000,242
"Rutgers, State U. New Jersey, Newark",2015,"Federal",12611000,243
"Tuskegee U.",2015,"Federal",12267000,244
"Delaware State U.",2015,"Federal",12091000,245
"California State U., Northridge",2015,"Federal",12060000,246
"U. Denver",2015,"Federal",12048000,247
"Western Michigan U. and Homer Stryker M.D. School of Medicine",2015,"Federal",11869000,248
"Idaho State U.",2015,"Federal",11738000,249
"Florida Atlantic U.",2015,"Federal",11574000,250
"New York Medical C.",2015,"Federal",11326000,251
"Kent State U.",2015,"Federal",11158000,252
"Marshall U.",2015,"Federal",11154000,253
"Tennessee State U.",2015,"Federal",11145000,254
"U. West Florida",2015,"Federal",10935000,255
"North Carolina Central U.",2015,"Federal",10874000,256
"Texas Tech U., Health Sciences Center",2015,"Federal",10251000,257
"Embry-Riddle Aeronautical U.",2015,"Federal",10049000,258
"U. Minnesota, Duluth",2015,"Federal",10025000,259
"Miami U.",2015,"Federal",10008000,260
"California Polytechnic State U., San Luis Obispo",2015,"Federal",9796000,261
"Texas A&M U.-Corpus Christi",2015,"Federal",9491000,262
"Albany Medical C.",2015,"Federal",9481000,263
"American U.",2015,"Federal",9449000,264
"Rosalind Franklin U. of Medicine and Science",2015,"Federal",9368000,265
"Creighton U.",2015,"Federal",9359000,266
"Marquette U.",2015,"Federal",9320000,267
"South Dakota School of Mines and Technology",2015,"Federal",9286000,268
"U. Maryland, Eastern Shore",2015,"Federal",9284000,269
"Fayetteville State U.",2015,"Federal",9243000,270
"U. South Dakota",2015,"Federal",9214000,271
"Northern Illinois U.",2015,"Federal",9158000,272
"Fisk U.",2015,"Federal",9050000,273
"U.S. Naval Academy",2015,"Federal",8978000,274
"Dillard U.",2015,"Federal",8853000,275
"U. Alaska, Anchorage",2015,"Federal",8575000,276
"Florida Institute of Technology",2015,"Federal",8315000,277
"Van Andel Research Institute",2015,"Federal",8138000,278
"St. Edward's U.",2015,"Federal",8e+06,279
"Prairie View A&M U.",2015,"Federal",7994000,280
"SUNY, C. of Environmental Science and Forestry",2015,"Federal",7784000,281
"Xavier U. Louisiana",2015,"Federal",7735000,282
"Wichita State U.",2015,"Federal",7728000,283
"Northeast Ohio Medical U.",2015,"Federal",7607000,284
"U. New Orleans",2015,"Federal",7492000,285
"Clark Atlanta U.",2015,"Federal",7455000,286
"U. Massachusetts, Dartmouth",2015,"Federal",7321000,287
"Rhode Island C.",2015,"Federal",7258000,288
"Texas A&M U.-Kingsville",2015,"Federal",7080000,289
"Alcorn State U.",2015,"Federal",6784000,290
"U. Tulsa",2015,"Federal",6384000,291
"Louisiana State U., Health Sciences Center, Shreveport",2015,"Federal",6321000,292
"Claremont Graduate U.",2015,"Federal",6264000,293
"C. Charleston",2015,"Federal",6200000,294
"California State U., Long Beach",2015,"Federal",6198000,295
"Oakland U.",2015,"Federal",6161000,296
"U. Central del Caribe",2015,"Federal",6147000,297
"U. Nebraska, Omaha",2015,"Federal",6066000,298
"California State U., San Bernardino",2015,"Federal",5959000,299
"Morehouse C.",2015,"Federal",5944000,300
"Nova Southeastern U.",2015,"Federal",5896000,301
"U. North Carolina, Wilmington",2015,"Federal",5819000,302
"Winthrop U.",2015,"Federal",5802000,303
"Louisiana Tech U.",2015,"Federal",5776000,304
"CUNY, Brooklyn C.",2015,"Federal",5771000,305
"California State U., Sacramento",2015,"Federal",5697000,306
"Langston U.",2015,"Federal",5621000,307
"U. Guam",2015,"Federal",5586000,308
"West Virginia State U.",2015,"Federal",5562000,309
"Bowling Green State U.",2015,"Federal",5544000,310
"National Defense U.",2015,"Federal",5542000,311
"Lincoln U., Jefferson City",2015,"Federal",5492000,312
"Central Michigan U.",2015,"Federal",5464000,313
"Clarkson U.",2015,"Federal",5440000,314
"East Tennessee State U.",2015,"Federal",5135000,315
"Norfolk State U.",2015,"Federal",5104000,316
"Duquesne U.",2015,"Federal",5004000,317
"Virginia State U.",2015,"Federal",4951000,318
"U. New England",2015,"Federal",4862000,319
"California State U., Fullerton",2015,"Federal",4784000,320
"Texas Christian U.",2015,"Federal",4732000,321
"Rowan U.",2015,"Federal",4674000,322
"DePaul U.",2015,"Federal",4622000,323
"Kentucky State U.",2015,"Federal",4590000,324
"California State U., San Marcos",2015,"Federal",4573000,325
"Villanova U.",2015,"Federal",4572000,326
"Western Washington U.",2015,"Federal",4546000,327
"Florida Gulf Coast U.",2015,"Federal",4501000,328
"South Carolina State U.",2015,"Federal",4456000,329
"Illinois State U.",2015,"Federal",4424000,330
"U. Missouri, Saint Louis",2015,"Federal",4369000,331
"Arkansas State U., Jonesboro",2015,"Federal",4347000,332
"California State U., Los Angeles",2015,"Federal",4291000,333
"U. Arkansas, Little Rock",2015,"Federal",4259000,334
"U. Colorado Colorado Springs",2015,"Federal",4244000,335
"Fort Valley State U.",2015,"Federal",4079000,336
"Fordham U.",2015,"Federal",3969000,337
"Tarleton State U.",2015,"Federal",3927000,338
"U. Arkansas, Pine Bluff",2015,"Federal",3912000,339
"Baylor U.",2015,"Federal",3878000,340
"Carleton C.",2015,"Federal",3813000,341
"MGH Institute of Health Professions",2015,"Federal",3766000,342
"U. Texas Health Science Center, Tyler",2015,"Federal",3713000,343
"Wesleyan U.",2015,"Federal",3612000,344
"Tennessee Technological U.",2015,"Federal",3578000,345
"Smith C.",2015,"Federal",3575000,346
"California State U., Fresno",2015,"Federal",3573000,347
"California State U., Monterey Bay",2015,"Federal",3459000,348
"Texas Southern U.",2015,"Federal",3458000,349
"Western Kentucky U.",2015,"Federal",3450000,350
"Montana Technological U.",2015,"Federal",3420000,351
"CUNY, John Jay C. of Criminal Justice",2015,"Federal",3392000,352
"California State Polytechnic U., Humboldt",2015,"Federal",3280000,353
"Southern U. and A&M C., Baton Rouge",2015,"Federal",3258000,354
"U. Central Oklahoma",2015,"Federal",3193000,355
"Missouri State U.",2015,"Federal",3165000,356
"U. Southern Maine",2015,"Federal",3060000,357
"Georgia Southern U.",2015,"Federal",3004000,358
"U. Baltimore",2015,"Federal",2998000,359
"Wellesley C.",2015,"Federal",2980000,360
"Texas Tech U., Health Sciences Center, El Paso",2015,"Federal",2893000,361
"Chapman U.",2015,"Federal",2790000,362
"Salisbury U.",2015,"Federal",2727000,363
"Montclair State U.",2015,"Federal",2716000,364
"Tougaloo C.",2015,"Federal",2689000,365
"Naval War C.",2015,"Federal",2653000,366
"U. Texas, Tyler",2015,"Federal",2570000,367
"California State U., Dominguez Hills",2015,"Federal",2527000,368
"Clark U.",2015,"Federal",2515000,369
"U. Washington, Tacoma",2015,"Federal",2515000,369
"Southern U. and A&M C., Agricultural Research and Extension Center",2015,"Federal",2514000,371
"SUNY, C. of Optometry",2015,"Federal",2490000,372
"James Madison U.",2015,"Federal",2418000,373
"CUNY, Lehman C.",2015,"Federal",2394000,374
"Barnard C.",2015,"Federal",2384000,375
"New York Institute of Technology",2015,"Federal",2375000,376
"Youngstown State U.",2015,"Federal",2346000,377
"Gallaudet U.",2015,"Federal",2340000,378
"Stephen F. Austin State U.",2015,"Federal",2340000,378
"Kennesaw State U.",2015,"Federal",2329000,380
"Mount Holyoke C.",2015,"Federal",2327000,381
"Alabama State U.",2015,"Federal",2303000,382
"Middle Tennessee State U.",2015,"Federal",2302000,383
"New School",2015,"Federal",2300000,384
"Ball State U.",2015,"Federal",2291000,385
"U. Washington, Bothell",2015,"Federal",2236000,386
"Rutgers, State U. New Jersey, Camden",2015,"Federal",2215000,387
"Southern Illinois U., Edwardsville",2015,"Federal",2175000,388
"Bowdoin C.",2015,"Federal",2156000,389
"Hofstra U.",2015,"Federal",2119000,390
"CUNY, Graduate Center",2015,"Federal",2106000,391
"Elizabeth City State U.",2015,"Federal",2058000,392
"Grand Valley State U.",2015,"Federal",2033000,393
"Towson U.",2015,"Federal",2020000,394
"U. Richmond",2015,"Federal",2013000,395
"Bates C.",2015,"Federal",2004000,396
"U. Northern Iowa",2015,"Federal",1961000,397
"U. Tennessee, Chattanooga",2015,"Federal",1949000,398
"Seton Hall U.",2015,"Federal",1919000,399
"California State Polytechnic U., Pomona",2015,"Federal",1881000,400
"California State U., Bakersfield",2015,"Federal",1875000,401
"West Texas A&M U.",2015,"Federal",1860000,402
"U. Michigan, Dearborn",2015,"Federal",1844000,403
"U. San Diego",2015,"Federal",1836000,404
"Amherst C.",2015,"Federal",1835000,405
"Appalachian State U.",2015,"Federal",1796000,406
"Savannah State U.",2015,"Federal",1796000,406
"U. of the Pacific",2015,"Federal",1751000,408
"Bryn Mawr C.",2015,"Federal",1713000,409
"Davidson C.",2015,"Federal",1703000,410
"Williams C.",2015,"Federal",1700000,411
"Roger Williams U.",2015,"Federal",1696000,412
"Pace U.",2015,"Federal",1681000,413
"Black Hills State U.",2015,"Federal",1674000,414
"Purdue U., Fort Wayne",2015,"Federal",1650000,415
"Reed C.",2015,"Federal",1638000,416
"Harvey Mudd C.",2015,"Federal",1633000,417
"Southern Connecticut State U.",2015,"Federal",1626000,418
"Erikson Institute",2015,"Federal",1610000,419
"Central Washington U.",2015,"Federal",1575000,420
"U. Houston-Downtown",2015,"Federal",1571000,421
"Palmer C. of Chiropractic, Davenport",2015,"Federal",1558000,422
"Middlebury C.",2015,"Federal",1535000,423
"U. North Carolina, Asheville",2015,"Federal",1531000,424
"Pennsylvania State U., Behrend",2015,"Federal",1510000,425
"Central State U.",2015,"Federal",1508000,426
"Bowie State U.",2015,"Federal",1497000,427
"Sam Houston State U.",2015,"Federal",1491000,428
"Bucknell U.",2015,"Federal",1489000,429
"Eastern Michigan U.",2015,"Federal",1482000,430
"U. Louisiana, Monroe",2015,"Federal",1479000,431
"Haverford C.",2015,"Federal",1476000,432
"Hope C.",2015,"Federal",1436000,433
"Alfred U.",2015,"Federal",1434000,434
"U. of the District of Columbia",2015,"Federal",1434000,434
"Southeastern Louisiana U.",2015,"Federal",1429000,436
"Toyota Technological Institute, Chicago",2015,"Federal",1392000,437
"Swarthmore C.",2015,"Federal",1379000,438
"Benedict C.",2015,"Federal",1373000,439
"Oberlin C.",2015,"Federal",1364000,440
"U. Northern Colorado",2015,"Federal",1359000,441
"U. Wisconsin-Stevens Point",2015,"Federal",1349000,442
"Northern Kentucky U.",2015,"Federal",1342000,443
"U. Alaska, Southeast",2015,"Federal",1341000,444
"Milwaukee School of Engineering",2015,"Federal",1335000,445
"Touro U., California",2015,"Federal",1332000,446
"U. Central Arkansas",2015,"Federal",1300000,447
"St. Cloud State U.",2015,"Federal",1299000,448
"Santa Clara U.",2015,"Federal",1226000,449
"CUNY, C. Staten Island",2015,"Federal",1222000,450
"Morehead State U.",2015,"Federal",1217000,451
"Western U. of Health Sciences",2015,"Federal",1206000,452
"U. North Florida",2015,"Federal",1198000,453
"Trinity U.",2015,"Federal",1183000,454
"Grambling State U.",2015,"Federal",1177000,455
"Providence C.",2015,"Federal",1162000,456
"Claflin U.",2015,"Federal",1158000,457
"Northwest Indian C.",2015,"Federal",1154000,458
"Furman U.",2015,"Federal",1136000,459
"Vassar C.",2015,"Federal",1133000,460
"Albany State U.",2015,"Federal",1128000,461
"Norwich U.",2015,"Federal",1121000,462
"Texas A&M U.-Commerce",2015,"Federal",1121000,462
"Eastern Kentucky U.",2015,"Federal",1111000,464
"Colgate U.",2015,"Federal",1109000,465
"Franklin W. Olin C. of Engineering",2015,"Federal",1103000,466
"U. Hartford",2015,"Federal",1089000,467
"U. Wisconsin-Oshkosh",2015,"Federal",1084000,468
"Union C., Schenectady",2015,"Federal",1080000,469
"Pomona C.",2015,"Federal",1074000,470
"Lafayette C.",2015,"Federal",1066000,471
"Albany C. of Pharmacy and Health Sciences",2015,"Federal",1065000,472
"Pepperdine U.",2015,"Federal",1058000,473
"Christopher Newport U.",2015,"Federal",1041000,474
"Coastal Carolina U.",2015,"Federal",1041000,474
"Colby C.",2015,"Federal",1038000,476
"Spelman C.",2015,"Federal",1035000,477
"Calvin U.",2015,"Federal",1034000,478
"Franklin and Marshall C.",2015,"Federal",1017000,479
"U. Wisconsin-La Crosse",2015,"Federal",1006000,480
"Indiana State U.",2015,"Federal",992000,481
"St. John's U., New York",2015,"Federal",992000,481
"Lawrence Technological U.",2015,"Federal",976000,483
"Skidmore C.",2015,"Federal",969000,484
"Sonoma State U.",2015,"Federal",964000,485
"Pacific U.",2015,"Federal",962000,486
"U. Puerto Rico, Cayey",2015,"Federal",959000,487
"Eastern Washington U.",2015,"Federal",955000,488
"Keck Graduate Institute",2015,"Federal",937000,489
"Seattle U.",2015,"Federal",927000,490
"U. Oklahoma, Tulsa",2015,"Federal",895000,491
"U. Detroit Mercy",2015,"Federal",890000,492
"Trinity C., Hartford",2015,"Federal",889000,493
"Lewis and Clark C.",2015,"Federal",872000,494
"California State U., Chico",2015,"Federal",854000,495
"Occidental C.",2015,"Federal",853000,496
"SUNY, Buffalo State U.",2015,"Federal",846000,497
"CUNY, Baruch C.",2015,"Federal",845000,498
"CUNY, system office",2015,"Federal",828000,499
"California State U., Channel Islands",2015,"Federal",825000,500
"Loyola Marymount U.",2015,"Federal",819000,501
"Alaska Pacific U.",2015,"Federal",802000,502
"Murray State U.",2015,"Federal",798000,503
"Hawaii Pacific U.",2015,"Federal",789000,504
"Dakota State U.",2015,"Federal",765000,505
"Connecticut C.",2015,"Federal",756000,506
"Willamette U.",2015,"Federal",745000,507
"Western Carolina U.",2015,"Federal",740000,508
"Texas Woman's U.",2015,"Federal",722000,509
"SUNY, C. Plattsburgh",2015,"Federal",717000,510
"Macalester C.",2015,"Federal",708000,511
"U. South Carolina, Aiken",2015,"Federal",689000,512
"U. Puerto Rico, Humacao",2015,"Federal",669000,513
"St. Olaf C.",2015,"Federal",668000,514
"SUNY, Geneseo",2015,"Federal",663000,515
"Texas A&M International U.",2015,"Federal",658000,516
"Midwestern U.",2015,"Federal",654000,517
"Ithaca C.",2015,"Federal",635000,518
"Colorado C.",2015,"Federal",602000,519
"U. Texas of the Permian Basin",2015,"Federal",595000,520
"Pennsylvania State U., Harrisburg",2015,"Federal",565000,521
"Hamilton C.",2015,"Federal",559000,522
"Grinnell C.",2015,"Federal",546000,523
"Minnesota State U., Mankato",2015,"Federal",546000,523
"U. Wisconsin-Green Bay",2015,"Federal",545000,525
"U. Houston-Clear Lake",2015,"Federal",541000,526
"SUNY, C. Brockport",2015,"Federal",535000,527
"CUNY, York C.",2015,"Federal",534000,528
"Saint Joseph's U.",2015,"Federal",526000,529
"U. Nebraska, Kearney",2015,"Federal",515000,530
"West Chester U. Pennsylvania",2015,"Federal",511000,531
"U. New Haven",2015,"Federal",507000,532
"U. San Francisco",2015,"Federal",503000,533
"U. South Carolina, Beaufort",2015,"Federal",478000,534
"Pittsburg State U.",2015,"Federal",453000,535
"U. Ana G. Mendez, Gurabo",2015,"Federal",447000,536
"Hobart and William Smith Colleges",2015,"Federal",442000,537
"U. of Mary Washington",2015,"Federal",425000,538
"New England C. of Optometry",2015,"Federal",419000,539
"Indiana U., South Bend",2015,"Federal",408000,540
"U. of the Incarnate Word",2015,"Federal",403000,541
"C. Wooster",2015,"Federal",386000,542
"Elon U.",2015,"Federal",376000,543
"Western Illinois U.",2015,"Federal",373000,544
"Lamar U.",2015,"Federal",352000,545
"Fairfield U.",2015,"Federal",339000,546
"Austin Peay State U.",2015,"Federal",334000,547
"Sul Ross State U.",2015,"Federal",333000,548
"Lake Superior State U.",2015,"Federal",327000,549
"Azusa Pacific U.",2015,"Federal",323000,550
"Oklahoma State U., Center for Health Sciences",2015,"Federal",321000,551
"U. Wisconsin-Platteville",2015,"Federal",309000,552
"U. Illinois, Springfield",2015,"Federal",307000,553
"Heidelberg U.",2015,"Federal",272000,554
"Oregon Institute of Technology",2015,"Federal",270000,555
"Memorial Sloan Kettering Cancer Center, Louis V. Gerstner Jr. Graduate S. of Biomedical Sciences",2015,"Federal",264000,556
"CUNY, Advanced Science Research Center",2015,"Federal",257000,557
"Suffolk U.",2015,"Federal",250000,558
"Kean U.",2015,"Federal",244000,559
"Central Connecticut State U.",2015,"Federal",243000,560
"Marshall B. Ketchum U.",2015,"Federal",224000,561
"Saginaw Valley State U.",2015,"Federal",223000,562
"Florida Polytechnic U.",2015,"Federal",203000,563
"Stockton U.",2015,"Federal",198000,564
"Wheaton C., Wheaton",2015,"Federal",193000,565
"Philadelphia C. of Osteopathic Medicine",2015,"Federal",192000,566
"U. California, Office of the President",2015,"Federal",181000,567
"California State U., Stanislaus",2015,"Federal",174000,568
"Edward Via C. of Osteopathic Medicine",2015,"Federal",89000,569
"C. of Saint Benedict",2015,"Federal",53000,570
"La Sierra U.",2015,"Federal",45000,571
"Eastern Connecticut State U.",2015,"Federal",17000,572
"Roseman U. of Health Sciences",2015,"Federal",0,573
"Abilene Christian U.",2015,"Federal",NA,NA
"Albert Einstein C. of Medicine",2015,"Federal",NA,NA
"Albion C.",2015,"Federal",NA,NA
"Andrews U.",2015,"Federal",NA,NA
"Arcadia U.",2015,"Federal",NA,NA
"Babson C.",2015,"Federal",NA,NA
"Bentley U.",2015,"Federal",NA,NA
"Bryant U.",2015,"Federal",NA,NA
"Butler U.",2015,"Federal",NA,NA
"C. New Jersey",2015,"Federal",NA,NA
"CUNY, Graduate School of Public Health and Health Policy",2015,"Federal",NA,NA
"CUNY, New York City C. of Technology",2015,"Federal",NA,NA
"California State U., East Bay",2015,"Federal",NA,NA
"Canisius U.",2015,"Federal",NA,NA
"Chicago State U.",2015,"Federal",NA,NA
"Citadel Military C. South Carolina",2015,"Federal",NA,NA
"Claremont McKenna C.",2015,"Federal",NA,NA
"Colorado State U., Pueblo",2015,"Federal",NA,NA
"Des Moines U.",2015,"Federal",NA,NA
"Dine C.",2015,"Federal",NA,NA
"Drake U.",2015,"Federal",NA,NA
"East Stroudsburg U. Pennsylvania",2015,"Federal",NA,NA
"Ferris State U.",2015,"Federal",NA,NA
"Fort Lewis C.",2015,"Federal",NA,NA
"Framingham State U.",2015,"Federal",NA,NA
"Gettysburg C.",2015,"Federal",NA,NA
"Gustavus Adolphus C.",2015,"Federal",NA,NA
"Indiana U. Pennsylvania",2015,"Federal",NA,NA
"Johnson C. Smith U.",2015,"Federal",NA,NA
"Kenyon C.",2015,"Federal",NA,NA
"Liberty U.",2015,"Federal",NA,NA
"Lincoln Memorial U.",2015,"Federal",NA,NA
"Lincoln U.",2015,"Federal",NA,NA
"Lipscomb U.",2015,"Federal",NA,NA
"Long Island U.",2015,"Federal",NA,NA
"Manhattan C.",2015,"Federal",NA,NA
"Marian U., Indianapolis",2015,"Federal",NA,NA
"Marymount U.",2015,"Federal",NA,NA
"Merrimack C.",2015,"Federal",NA,NA
"Monmouth U.",2015,"Federal",NA,NA
"National U. of Natural Medicine",2015,"Federal",NA,NA
"Nevada State C.",2015,"Federal",NA,NA
"New C. Florida",2015,"Federal",NA,NA
"New Mexico Highlands U.",2015,"Federal",NA,NA
"Northeastern Illinois U.",2015,"Federal",NA,NA
"Northern Michigan U.",2015,"Federal",NA,NA
"Northland C.",2015,"Federal",NA,NA
"Northwestern State U. Louisiana",2015,"Federal",NA,NA
"Pennsylvania State U., Altoona",2015,"Federal",NA,NA
"Pratt Institute",2015,"Federal",NA,NA
"Purdue U., Northwest",2015,"Federal",NA,NA
"Radford U.",2015,"Federal",NA,NA
"Robert Morris U.",2015,"Federal",NA,NA
"SUNY, Cobleskill",2015,"Federal",NA,NA
"SUNY, Oswego",2015,"Federal",NA,NA
"Sacred Heart U.",2015,"Federal",NA,NA
"Southern U., New Orleans",2015,"Federal",NA,NA
"St. Mary's C. Maryland",2015,"Federal",NA,NA
"Texas A&M U.-San Antonio",2015,"Federal",NA,NA
"Touro U., New Yorkg",2015,"Federal",NA,NA
"Troy U.",2015,"Federal",NA,NA
"U. Colorado Anschutz Medical Campusc",2015,"Federal",NA,NA
"U. Colorado Denverc",2015,"Federal",NA,NA
"U. Hawaii, Maui C.",2015,"Federal",NA,NA
"U. Hawaii, system office",2015,"Federal",NA,NA
"U. Marylandb",2015,"Federal",NA,NA
"U. Nebraska, Lincoln and Medical Centerd",2015,"Federal",NA,NA
"U. North Georgia",2015,"Federal",NA,NA
"U. Puerto Rico, Ponce",2015,"Federal",NA,NA
"U. Puget Sound",2015,"Federal",NA,NA
"U. Scranton",2015,"Federal",NA,NA
"U. Texas Rio Grande Valley",2015,"Federal",NA,NA
"U. Virginia's C. Wise",2015,"Federal",NA,NA
"U. Wisconsin-Eau Claire",2015,"Federal",NA,NA
"U. Wisconsin-River Falls",2015,"Federal",NA,NA
"U. Wisconsin-Superior",2015,"Federal",NA,NA
"U. of Health Sciences and Pharmacy in St. Louis",2015,"Federal",NA,NA
"U. of St. Thomas (MN)",2015,"Federal",NA,NA
"U.S. Army War C.",2015,"Federal",NA,NA
"U.S. Coast Guard Academy",2015,"Federal",NA,NA
"United Tribes Technical C.",2015,"Federal",NA,NA
"Ursinus C.",2015,"Federal",NA,NA
"Utah Valley U.",2015,"Federal",NA,NA
"Virginia Military Institute",2015,"Federal",NA,NA
"West Virginia School of Osteopathic Medicine",2015,"Federal",NA,NA
"Western New England U.",2015,"Federal",NA,NA
"Whitman C.",2015,"Federal",NA,NA
"William Paterson U.",2015,"Federal",NA,NA
"Winston-Salem State U.",2015,"Federal",NA,NA
"All institutions",2016,"Federal",38787982000,1
"Johns Hopkins U",2016,"Federal",2104653000,2
"All other surveyed institutions",2016,"Federal",1116223000,3
"U. Washington, Seattle",2016,"Federal",946787000,4
"U. Michigan, Ann Arbor",2016,"Federal",786749000,5
"Stanford U.",2016,"Federal",694693000,6
"U. Pennsylvania",2016,"Federal",655791000,7
"U. North Carolina, Chapel Hill",2016,"Federal",632426000,8
"U. California, San Diego",2016,"Federal",604298000,9
"U. California, San Francisco",2016,"Federal",602705000,10
"Columbia U. in the City of New York",2016,"Federal",600457000,11
"U. Pittsburgh, Pittsburgh",2016,"Federal",580650000,12
"Duke U.",2016,"Federal",575521000,13
"Georgia Institute of Technology",2016,"Federal",568430000,14
"U. Wisconsin-Madison",2016,"Federal",567132000,15
"Harvard U.",2016,"Federal",558611000,16
"Pennsylvania State U., University Park and Hershey Medical Center",2016,"Federal",538938000,17
"Massachusetts Institute of Technology",2016,"Federal",503858000,18
"Yale U.",2016,"Federal",503221000,19
"U. California, Los Angeles",2016,"Federal",487869000,20
"U. Minnesota, Twin Cities",2016,"Federal",469260000,21
"Ohio State U.",2016,"Federal",454834000,22
"Washington U., Saint Louis",2016,"Federal",442335000,23
"Northwestern U.",2016,"Federal",432413000,24
"Cornell U.",2016,"Federal",430987000,25
"U. Southern California",2016,"Federal",409516000,26
"Vanderbilt U. and Vanderbilt U. Medical Center",2016,"Federal",405589000,27
"U. Colorado Boulder",2016,"Federal",371995000,28
"Emory U.",2016,"Federal",361288000,29
"U. Texas, Austin",2016,"Federal",357309000,30
"New York U.",2016,"Federal",350355000,31
"U. Alabama, Birmingham",2016,"Federal",348632000,32
"Icahn School of Medicine at Mount Sinai",2016,"Federal",342104000,33
"U. California, Berkeley",2016,"Federal",341807000,34
"U. California, Davis",2016,"Federal",339209000,35
"U. Illinois, Urbana-Champaign",2016,"Federal",335056000,36
"Rutgers, State U. New Jersey, New Brunswick",2016,"Federal",321432000,37
"Case Western Reserve U.",2016,"Federal",321214000,38
"Michigan State U.",2016,"Federal",310225000,39
"U. Florida",2016,"Federal",307140000,40
"U. Chicago",2016,"Federal",297953000,41
"Texas A&M U., College Station and Health Science Center",2016,"Federal",293551000,42
"Baylor C. of Medicine",2016,"Federal",267849000,43
"U. Rochester",2016,"Federal",266322000,44
"California Institute of Technology",2016,"Federal",265206000,45
"U. Arizona",2016,"Federal",262989000,46
"Boston U.",2016,"Federal",253475000,47
"Scripps Research Institute",2016,"Federal",242489000,48
"U. Iowa",2016,"Federal",237743000,49
"U. Utah",2016,"Federal",233652000,50
"Oregon Health and Science U.",2016,"Federal",232688000,51
"Colorado State U., Fort Collins",2016,"Federal",232108000,52
"U. Cincinnati",2016,"Federal",231817000,53
"Purdue U., West Lafayette",2016,"Federal",229093000,54
"U. South Floridae",2016,"Federal",228365000,55
"Indiana U., Bloomington",2016,"Federal",221801000,56
"Arizona State U.",2016,"Federal",212396000,57
"U. Virginia, Charlottesville",2016,"Federal",210980000,58
"North Carolina State U.",2016,"Federal",202336000,59
"Virginia Polytechnic Institute and State U.",2016,"Federal",195859000,60
"U. Miami",2016,"Federal",195328000,61
"Carnegie Mellon U.",2016,"Federal",190620000,62
"U. Hawaii, Manoa",2016,"Federal",190336000,63
"Albert Einstein C. of Medicine",2016,"Federal",188521000,64
"U. Illinois, Chicago",2016,"Federal",187990000,65
"U. Texas Southwestern Medical Center",2016,"Federal",185263000,66
"SUNY, U. Buffalo",2016,"Federal",182883000,67
"U. Massachusetts, Medical School",2016,"Federal",181446000,68
"U. California, Irvine",2016,"Federal",177779000,69
"Uniformed Services U. of the Health Sciences",2016,"Federal",175007000,70
"Woods Hole Oceanographic Institution",2016,"Federal",166010000,71
"Princeton U.",2016,"Federal",162003000,72
"U. New Mexico",2016,"Federal",159280000,73
"Oregon State U.",2016,"Federal",158142000,74
"U. Texas M. D. Anderson Cancer Center",2016,"Federal",155044000,75
"U. Kentucky",2016,"Federal",154559000,76
"U. Connecticut",2016,"Federal",146390000,77
"U. Georgia",2016,"Federal",143886000,78
"Virginia Commonwealth U.",2016,"Federal",143701000,79
"George Washington U.",2016,"Federal",142889000,80
"Wake Forest U.",2016,"Federal",141052000,81
"Temple U.",2016,"Federal",140775000,82
"U. Kansas",2016,"Federal",140002000,83
"Dartmouth C. and Dartmouth Hitchcock Medical Center",2016,"Federal",139090000,84
"Brown U.",2016,"Federal",136931000,85
"Washington State U.",2016,"Federal",136646000,86
"U. Oklahoma, Norman and Health Science Center",2016,"Federal",134772000,87
"Florida State U.",2016,"Federal",126289000,88
"Tufts U.",2016,"Federal",126109000,89
"U. Missouri, Columbia",2016,"Federal",126071000,90
"Utah State U.",2016,"Federal",125661000,91
"Iowa State U.",2016,"Federal",125397000,92
"Medical U. South Carolina",2016,"Federal",124212000,93
"U. Texas Health Science Center, Houston",2016,"Federal",121098000,94
"SUNY, Stony Brook U.",2016,"Federal",118549000,95
"U. California, Santa Barbara",2016,"Federal",116775000,96
"U. Delaware",2016,"Federal",113217000,97
"Wayne State U.",2016,"Federal",111532000,98
"U. Tennessee, Knoxvillef",2016,"Federal",109722000,99
"Medical C. Wisconsin",2016,"Federal",108529000,100
"U. Massachusetts, Amherst",2016,"Federal",106269000,101
"U. Dayton",2016,"Federal",100955000,102
"U. Texas Medical Branch",2016,"Federal",100464000,103
"U. California, Santa Cruz",2016,"Federal",95294000,104
"U. South Carolina, Columbia",2016,"Federal",93885000,105
"U. New Hampshire",2016,"Federal",93599000,106
"U. Alaska, Fairbanks",2016,"Federal",89940000,107
"U. Texas Health Science Center, San Antonio",2016,"Federal",89742000,108
"Tulane U.",2016,"Federal",89087000,109
"U. Central Florida",2016,"Federal",87417000,110
"Mississippi State U.",2016,"Federal",87277000,111
"U. Notre Dame",2016,"Federal",87129000,112
"Louisiana State U., Baton Rouge",2016,"Federal",86754000,113
"Georgetown U.",2016,"Federal",83827000,114
"Rice U.",2016,"Federal",83273000,115
"U. Vermont",2016,"Federal",83124000,116
"Northeastern U.",2016,"Federal",81124000,117
"Rockefeller U.",2016,"Federal",80667000,118
"SUNY, U. Albany",2016,"Federal",77734000,119
"Florida International U.",2016,"Federal",76127000,120
"West Virginia U.",2016,"Federal",72751000,121
"U. Louisville",2016,"Federal",72644000,122
"Kansas State U.",2016,"Federal",71224000,123
"U. California, Riverside",2016,"Federal",70489000,124
"U. Alabama, Huntsville",2016,"Federal",69824000,125
"Montana State U., Bozeman",2016,"Federal",68471000,126
"New Jersey Institute of Technology",2016,"Federal",67490000,127
"Drexel U.",2016,"Federal",67020000,128
"U. Oregon",2016,"Federal",66850000,129
"U. Mississippi",2016,"Federal",64510000,130
"U. Wyoming",2016,"Federal",63951000,131
"U. Houston",2016,"Federal",62703000,132
"New Mexico State U.",2016,"Federal",62292000,133
"U. Rhode Island",2016,"Federal",61641000,134
"Clemson U.",2016,"Federal",60165000,135
"Thomas Jefferson U.",2016,"Federal",58866000,136
"George Mason U.",2016,"Federal",58864000,137
"Naval Postgraduate School",2016,"Federal",56045000,138
"Auburn U., Auburn",2016,"Federal",54751000,139
"U. Nevada, Reno",2016,"Federal",53371000,140
"Georgia State U.",2016,"Federal",52351000,141
"Rensselaer Polytechnic Institute",2016,"Federal",52163000,142
"U. Idaho",2016,"Federal",51295000,143
"U. Maryland, Baltimore County",2016,"Federal",50984000,144
"Cold Spring Harbor Laboratory",2016,"Federal",50478000,145
"Rush U.",2016,"Federal",50332000,146
"Augusta U.",2016,"Federal",50294000,147
"Cleveland State U.",2016,"Federal",49925000,148
"U. Arkansas for Medical Sciences",2016,"Federal",48999000,149
"Brandeis U.",2016,"Federal",48273000,150
"U.S. Air Force Academy",2016,"Federal",46958000,151
"San Diego State U.",2016,"Federal",44495000,152
"Oklahoma State U., Stillwater",2016,"Federal",42976000,153
"U. North Dakota",2016,"Federal",42425000,154
"U. Texas, El Paso",2016,"Federal",42423000,155
"U. Arkansas, Fayetteville",2016,"Federal",40642000,156
"Old Dominion U.",2016,"Federal",39743000,157
"U. Montana, Missoula",2016,"Federal",38753000,158
"U. Tennessee, Health Science Center",2016,"Federal",38374000,159
"CUNY, City C.",2016,"Federal",37525000,160
"Florida A&M U.",2016,"Federal",37363000,161
"Syracuse U.",2016,"Federal",36106000,162
"Colorado School of Mines",2016,"Federal",35677000,163
"North Dakota State U.",2016,"Federal",35590000,164
"U. Texas, Dallas",2016,"Federal",35451000,165
"U. Maine",2016,"Federal",34277000,166
"William & Mary",2016,"Federal",34133000,167
"Howard U.",2016,"Federal",33441000,168
"U. Puerto Rico, Medical Sciences Campus",2016,"Federal",33348000,169
"Texas Tech U.",2016,"Federal",32405000,170
"Portland State U.",2016,"Federal",32021000,171
"Louisiana State U., Health Sciences Center, New Orleans",2016,"Federal",31526000,172
"San Jose State U.",2016,"Federal",31318000,173
"U. Massachusetts, Boston",2016,"Federal",30608000,174
"Yeshiva U.",2016,"Federal",30266000,175
"Wright State U.",2016,"Federal",30162000,176
"Michigan Technological U.",2016,"Federal",29774000,177
"South Dakota State U.",2016,"Federal",29633000,178
"Stevens Institute of Technology",2016,"Federal",28999000,179
"Morehouse School of Medicine",2016,"Federal",28678000,180
"Brigham Young U., Provo",2016,"Federal",28453000,181
"U. Alabama, Tuscaloosa",2016,"Federal",28425000,182
"U. Toledo",2016,"Federal",27802000,183
"U. Massachusetts, Lowell",2016,"Federal",27694000,184
"U. North Texas, Health Science Center",2016,"Federal",27163000,185
"Boston C.",2016,"Federal",27033000,186
"Saint Louis U.",2016,"Federal",26813000,187
"U. Texas, Arlington",2016,"Federal",26664000,188
"Rochester Institute of Technology",2016,"Federal",26149000,189
"Worcester Polytechnic Institute",2016,"Federal",25976000,190
"SUNY, Downstate Health Sciences U.",2016,"Federal",25941000,191
"U. Texas, San Antonio",2016,"Federal",25813000,192
"U. Wisconsin-Milwaukee",2016,"Federal",25651000,193
"U. Nevada, Las Vegas",2016,"Federal",25613000,194
"U. Southern Mississippi",2016,"Federal",25482000,195
"U. Akron",2016,"Federal",25433000,196
"Loyola U., Chicago",2016,"Federal",25363000,197
"Illinois Institute of Technology",2016,"Federal",23821000,198
"Northern Arizona U.",2016,"Federal",23442000,199
"Eastern Virginia Medical School",2016,"Federal",21459000,200
"Lehigh U.",2016,"Federal",21429000,201
"SUNY, Polytechnic Institute",2016,"Federal",21380000,202
"Mercer U.",2016,"Federal",21120000,203
"North Carolina A&T State U.",2016,"Federal",21112000,204
"Texas State U.",2016,"Federal",21049000,205
"U. of the Virgin Islands",2016,"Federal",20951000,206
"Jackson State U.",2016,"Federal",20854000,207
"U. North Carolina, Charlotte",2016,"Federal",20269000,208
"CUNY, Hunter C.",2016,"Federal",20037000,209
"Indiana U.-Purdue U., Indianapolis",2016,"Federal",19954000,210
"Catholic U. of America",2016,"Federal",19928000,211
"Air Force Institute of Technology",2016,"Federal",19796000,212
"SUNY, Upstate Medical U.",2016,"Federal",18942000,213
"Desert Research Institute",2016,"Federal",18883000,214
"Missouri U. of Science and Technology",2016,"Federal",18833000,215
"SUNY, Binghamton U.",2016,"Federal",18562000,216
"Alabama A&M U.",2016,"Federal",18556000,217
"U. Memphis",2016,"Federal",18098000,218
"U. North Carolina, Greensboro",2016,"Federal",17902000,219
"U. South Alabama",2016,"Federal",17628000,220
"New Mexico Institute of Mining and Technology",2016,"Federal",17017000,221
"Boise State U.",2016,"Federal",16953000,222
"U. Louisiana, Lafayette",2016,"Federal",16893000,223
"U. Texas Rio Grande Valley",2016,"Federal",16892000,224
"Loma Linda U.",2016,"Federal",16118000,225
"U. Puerto Rico, Rio Piedras",2016,"Federal",15892000,226
"Southern Methodist U.",2016,"Federal",15587000,227
"Florida Atlantic U.",2016,"Federal",15356000,228
"Delaware State U.",2016,"Federal",15260000,229
"Ohio U.",2016,"Federal",14678000,230
"Southern Illinois U., Carbondale",2016,"Federal",14574000,231
"U. Puerto Rico, Mayaguez",2016,"Federal",14446000,232
"Morgan State U.",2016,"Federal",14343000,233
"CUNY, Queens C.",2016,"Federal",14275000,234
"Hampton U.",2016,"Federal",14201000,235
"Embry-Riddle Aeronautical U.",2016,"Federal",14135000,236
"U. Maryland Center for Environmental Science",2016,"Federal",13957000,237
"Rutgers, State U. New Jersey, Newark",2016,"Federal",13737000,238
"Meharry Medical C.",2016,"Federal",13528000,239
"U.S. Military Academy",2016,"Federal",13500000,240
"California State U., Northridge",2016,"Federal",13442000,241
"U. Missouri, Kansas City",2016,"Federal",13081000,242
"East Carolina U.",2016,"Federal",13073000,243
"San Francisco State U.",2016,"Federal",12804000,244
"U. North Texas, Denton",2016,"Federal",12621000,245
"Tennessee State U.",2016,"Federal",12291000,246
"Western Michigan U. and Homer Stryker M.D. School of Medicine",2016,"Federal",12287000,247
"U. California, Merced",2016,"Federal",12206000,248
"Charles R. Drew U. of Medicine and Science",2016,"Federal",12089000,249
"Van Andel Research Institute",2016,"Federal",11970000,250
"Idaho State U.",2016,"Federal",11926000,251
"U. Alaska, Anchorage",2016,"Federal",11867000,252
"Teachers C., Columbia U.",2016,"Federal",11635000,253
"California Polytechnic State U., San Luis Obispo",2016,"Federal",11276000,254
"Fayetteville State U.",2016,"Federal",11207000,255
"California State U., Long Beach",2016,"Federal",11176000,256
"U. Denver",2016,"Federal",11029000,257
"U.S. Naval Academy",2016,"Federal",11016000,258
"New York Medical C.",2016,"Federal",10772000,259
"Albany Medical C.",2016,"Federal",10714000,260
"Creighton U.",2016,"Federal",10619000,261
"Xavier U. Louisiana",2016,"Federal",10503000,262
"North Carolina Central U.",2016,"Federal",10455000,263
"Wichita State U.",2016,"Federal",10442000,264
"Tuskegee U.",2016,"Federal",10388000,265
"Texas Tech U., Health Sciences Center",2016,"Federal",10384000,266
"South Dakota School of Mines and Technology",2016,"Federal",10370000,267
"Marquette U.",2016,"Federal",10298000,268
"Kent State U.",2016,"Federal",10013000,269
"Northern Illinois U.",2016,"Federal",9957000,270
"U. West Florida",2016,"Federal",9841000,271
"American U.",2016,"Federal",9554000,272
"Fisk U.",2016,"Federal",9544000,273
"Florida Institute of Technology",2016,"Federal",9500000,274
"U. Hawaii, Hilo",2016,"Federal",9402000,275
"Miami U.",2016,"Federal",9189000,276
"Northeast Ohio Medical U.",2016,"Federal",9181000,277
"Langston U.",2016,"Federal",9178000,278
"Marshall U.",2016,"Federal",9158000,279
"U. South Dakota",2016,"Federal",8832000,280
"Texas A&M U.-Corpus Christi",2016,"Federal",8669000,281
"Rosalind Franklin U. of Medicine and Science",2016,"Federal",8478000,282
"SUNY, C. of Environmental Science and Forestry",2016,"Federal",8313000,283
"U. Minnesota, Duluth",2016,"Federal",8055000,284
"Prairie View A&M U.",2016,"Federal",7952000,285
"U. Maryland, Eastern Shore",2016,"Federal",7853000,286
"Dillard U.",2016,"Federal",7605000,287
"St. Edward's U.",2016,"Federal",7500000,288
"Texas A&M U.-Kingsville",2016,"Federal",7475000,289
"Nova Southeastern U.",2016,"Federal",7381000,290
"Norfolk State U.",2016,"Federal",7230000,291
"U. Nebraska, Omaha",2016,"Federal",7180000,292
"U. New Orleans",2016,"Federal",6826000,293
"U. Guam",2016,"Federal",6621000,294
"U. Massachusetts, Dartmouth",2016,"Federal",6548000,295
"Louisiana State U., Health Sciences Center, Shreveport",2016,"Federal",6478000,296
"National Defense U.",2016,"Federal",6447000,297
"U. Tulsa",2016,"Federal",6426000,298
"Alcorn State U.",2016,"Federal",6387000,299
"California State U., San Bernardino",2016,"Federal",6348000,300
"U. Central del Caribe",2016,"Federal",6290000,301
"C. Charleston",2016,"Federal",6269000,302
"Bowling Green State U.",2016,"Federal",6229000,303
"Oakland U.",2016,"Federal",6198000,304
"Clarkson U.",2016,"Federal",6183000,305
"Clark Atlanta U.",2016,"Federal",6048000,306
"CUNY, Brooklyn C.",2016,"Federal",5995000,307
"Fordham U.",2016,"Federal",5979000,308
"U. North Carolina, Wilmington",2016,"Federal",5966000,309
"Duquesne U.",2016,"Federal",5809000,310
"East Tennessee State U.",2016,"Federal",5658000,311
"Illinois State U.",2016,"Federal",5630000,312
"California State U., Sacramento",2016,"Federal",5619000,313
"Louisiana Tech U.",2016,"Federal",5455000,314
"Central Michigan U.",2016,"Federal",5387000,315
"U. New England",2016,"Federal",5298000,316
"California State U., San Marcos",2016,"Federal",5273000,317
"Rowan U.",2016,"Federal",5252000,318
"Virginia State U.",2016,"Federal",5204000,319
"Wellesley C.",2016,"Federal",5197000,320
"Claremont Graduate U.",2016,"Federal",5170000,321
"Kentucky State U.",2016,"Federal",5146000,322
"U. Missouri, Saint Louis",2016,"Federal",4959000,323
"Lincoln U., Jefferson City",2016,"Federal",4953000,324
"U. Arkansas, Little Rock",2016,"Federal",4934000,325
"Fort Valley State U.",2016,"Federal",4844000,326
"Arkansas State U., Jonesboro",2016,"Federal",4826000,327
"Western Washington U.",2016,"Federal",4701000,328
"CUNY, John Jay C. of Criminal Justice",2016,"Federal",4625000,329
"DePaul U.",2016,"Federal",4623000,330
"South Carolina State U.",2016,"Federal",4556000,331
"Tarleton State U.",2016,"Federal",4495000,332
"California State Polytechnic U., Humboldt",2016,"Federal",4455000,333
"Florida Gulf Coast U.",2016,"Federal",4442000,334
"Villanova U.",2016,"Federal",4334000,335
"Morehouse C.",2016,"Federal",4301000,336
"Baylor U.",2016,"Federal",4244000,337
"U. Arkansas, Pine Bluff",2016,"Federal",4233000,338
"West Virginia State U.",2016,"Federal",4126000,339
"Tennessee Technological U.",2016,"Federal",4076000,340
"Western Kentucky U.",2016,"Federal",4018000,341
"U. Colorado Colorado Springs",2016,"Federal",3976000,342
"Rhode Island C.",2016,"Federal",3928000,343
"Montana Technological U.",2016,"Federal",3916000,344
"California State U., Fullerton",2016,"Federal",3815000,345
"California State U., Los Angeles",2016,"Federal",3804000,346
"U. Baltimore",2016,"Federal",3769000,347
"U. Texas Health Science Center, Tyler",2016,"Federal",3757000,348
"California State U., Monterey Bay",2016,"Federal",3654000,349
"CUNY, Lehman C.",2016,"Federal",3625000,350
"Texas Christian U.",2016,"Federal",3617000,351
"California State U., Fresno",2016,"Federal",3539000,352
"Middle Tennessee State U.",2016,"Federal",3535000,353
"Carleton C.",2016,"Federal",3508000,354
"Wesleyan U.",2016,"Federal",3493000,355
"Southern Illinois U., Edwardsville",2016,"Federal",3422000,356
"Chapman U.",2016,"Federal",3357000,357
"Texas Southern U.",2016,"Federal",3269000,358
"Ball State U.",2016,"Federal",3253000,359
"Naval War C.",2016,"Federal",3210000,360
"Barnard C.",2016,"Federal",3082000,361
"Texas Tech U., Health Sciences Center, El Paso",2016,"Federal",3064000,362
"U. Washington, Bothell",2016,"Federal",2863000,363
"Mount Holyoke C.",2016,"Federal",2848000,364
"Pace U.",2016,"Federal",2845000,365
"Southern U. and A&M C., Baton Rouge",2016,"Federal",2778000,366
"Georgia Southern U.",2016,"Federal",2695000,367
"U. Washington, Tacoma",2016,"Federal",2682000,368
"Missouri State U.",2016,"Federal",2675000,369
"Rutgers, State U. New Jersey, Camden",2016,"Federal",2653000,370
"Montclair State U.",2016,"Federal",2649000,371
"Smith C.",2016,"Federal",2634000,372
"U. Detroit Mercy",2016,"Federal",2565000,373
"Bryn Mawr C.",2016,"Federal",2556000,374
"SUNY, C. of Optometry",2016,"Federal",2487000,375
"Tougaloo C.",2016,"Federal",2473000,376
"Bowdoin C.",2016,"Federal",2457000,377
"U. of the District of Columbia",2016,"Federal",2451000,378
"Pennsylvania State U., Behrend",2016,"Federal",2445000,379
"New School",2016,"Federal",2428000,380
"Southern U. and A&M C., Agricultural Research and Extension Center",2016,"Federal",2415000,381
"Salisbury U.",2016,"Federal",2414000,382
"Western U. of Health Sciences",2016,"Federal",2391000,383
"Alabama State U.",2016,"Federal",2372000,384
"Harvey Mudd C.",2016,"Federal",2320000,385
"U. North Carolina, Asheville",2016,"Federal",2312000,386
"U. Southern Maine",2016,"Federal",2299000,387
"U. Northern Iowa",2016,"Federal",2297000,388
"Savannah State U.",2016,"Federal",2251000,389
"MGH Institute of Health Professions",2016,"Federal",2228000,390
"California State U., Dominguez Hills",2016,"Federal",2215000,391
"James Madison U.",2016,"Federal",2203000,392
"California State Polytechnic U., Pomona",2016,"Federal",2199000,393
"U. Michigan, Dearborn",2016,"Federal",2172000,394
"U. New Haven",2016,"Federal",2157000,395
"U. San Diego",2016,"Federal",2152000,396
"Hofstra U.",2016,"Federal",2149000,397
"Gallaudet U.",2016,"Federal",2135000,398
"Hawaii Pacific U.",2016,"Federal",2071000,399
"Black Hills State U.",2016,"Federal",2056000,400
"U. Louisiana, Monroe",2016,"Federal",2016000,401
"Clark U.",2016,"Federal",2002000,402
"U. of the Pacific",2016,"Federal",1991000,403
"Seton Hall U.",2016,"Federal",1975000,404
"U. Northern Colorado",2016,"Federal",1962000,405
"U. Texas, Tyler",2016,"Federal",1936000,406
"Bowie State U.",2016,"Federal",1927000,407
"Kennesaw State U.",2016,"Federal",1925000,408
"U. Richmond",2016,"Federal",1924000,409
"Appalachian State U.",2016,"Federal",1896000,410
"Sam Houston State U.",2016,"Federal",1830000,411
"Elizabeth City State U.",2016,"Federal",1827000,412
"Stephen F. Austin State U.",2016,"Federal",1808000,413
"Morehead State U.",2016,"Federal",1797000,414
"CUNY, Graduate Center",2016,"Federal",1796000,415
"Claflin U.",2016,"Federal",1743000,416
"Middlebury C.",2016,"Federal",1736000,417
"Roger Williams U.",2016,"Federal",1736000,417
"West Texas A&M U.",2016,"Federal",1735000,419
"Erikson Institute",2016,"Federal",1719000,420
"CUNY, C. Staten Island",2016,"Federal",1700000,421
"Reed C.",2016,"Federal",1690000,422
"California State U., Bakersfield",2016,"Federal",1689000,423
"Union C., Schenectady",2016,"Federal",1680000,424
"Santa Clara U.",2016,"Federal",1634000,425
"Eastern Michigan U.",2016,"Federal",1627000,426
"Benedict C.",2016,"Federal",1621000,427
"Towson U.",2016,"Federal",1616000,428
"Williams C.",2016,"Federal",1614000,429
"New York Institute of Technology",2016,"Federal",1607000,430
"Dakota State U.",2016,"Federal",1593000,431
"Central Washington U.",2016,"Federal",1580000,432
"Pomona C.",2016,"Federal",1579000,433
"Alfred U.",2016,"Federal",1558000,434
"Central State U.",2016,"Federal",1546000,435
"U. Alaska, Southeast",2016,"Federal",1502000,436
"Vassar C.",2016,"Federal",1495000,437
"Palmer C. of Chiropractic, Davenport",2016,"Federal",1485000,438
"Grand Valley State U.",2016,"Federal",1479000,439
"Swarthmore C.",2016,"Federal",1458000,440
"Bucknell U.",2016,"Federal",1436000,441
"Pacific U.",2016,"Federal",1419000,442
"Toyota Technological Institute, Chicago",2016,"Federal",1410000,443
"U. Central Oklahoma",2016,"Federal",1409000,444
"U. North Florida",2016,"Federal",1356000,445
"Winston-Salem State U.",2016,"Federal",1356000,445
"CUNY, Baruch C.",2016,"Federal",1325000,447
"Southern Connecticut State U.",2016,"Federal",1324000,448
"Spelman C.",2016,"Federal",1291000,449
"Eastern Washington U.",2016,"Federal",1287000,450
"Johnson C. Smith U.",2016,"Federal",1279000,451
"Oregon Institute of Technology",2016,"Federal",1268000,452
"Minnesota State U., Mankato",2016,"Federal",1260000,453
"Occidental C.",2016,"Federal",1260000,453
"Hope C.",2016,"Federal",1251000,455
"U. Wisconsin-La Crosse",2016,"Federal",1250000,456
"Pepperdine U.",2016,"Federal",1233000,457
"Colgate U.",2016,"Federal",1217000,458
"Amherst C.",2016,"Federal",1207000,459
"Touro U., California",2016,"Federal",1199000,460
"Indiana State U.",2016,"Federal",1189000,461
"Winthrop U.",2016,"Federal",1178000,462
"U. Hartford",2016,"Federal",1172000,463
"U. Houston-Downtown",2016,"Federal",1165000,464
"Milwaukee School of Engineering",2016,"Federal",1164000,465
"Bates C.",2016,"Federal",1156000,466
"U. South Carolina, Aiken",2016,"Federal",1155000,467
"U. Central Arkansas",2016,"Federal",1138000,468
"Albany State U.",2016,"Federal",1137000,469
"Colby C.",2016,"Federal",1137000,469
"Northern Kentucky U.",2016,"Federal",1133000,471
"Drake U.",2016,"Federal",1116000,472
"U. Puerto Rico, Cayey",2016,"Federal",1105000,473
"U. Oklahoma, Tulsa",2016,"Federal",1104000,474
"U. Tennessee, Chattanooga",2016,"Federal",1092000,475
"Willamette U.",2016,"Federal",1090000,476
"New Mexico Highlands U.",2016,"Federal",1086000,477
"Youngstown State U.",2016,"Federal",1083000,478
"Furman U.",2016,"Federal",1068000,479
"Midwestern U.",2016,"Federal",1060000,480
"Coastal Carolina U.",2016,"Federal",1052000,481
"Eastern Kentucky U.",2016,"Federal",1029000,482
"Lafayette C.",2016,"Federal",997000,483
"Providence C.",2016,"Federal",981000,484
"Southeastern Louisiana U.",2016,"Federal",975000,485
"Grambling State U.",2016,"Federal",974000,486
"Trinity U.",2016,"Federal",973000,487
"Haverford C.",2016,"Federal",972000,488
"Oberlin C.",2016,"Federal",962000,489
"U. Wisconsin-Stevens Point",2016,"Federal",957000,490
"Franklin and Marshall C.",2016,"Federal",955000,491
"St. John's U., New York",2016,"Federal",940000,492
"California State U., Chico",2016,"Federal",933000,493
"SUNY, Geneseo",2016,"Federal",930000,494
"Texas A&M International U.",2016,"Federal",924000,495
"U. Wisconsin-Green Bay",2016,"Federal",919000,496
"Chicago State U.",2016,"Federal",910000,497
"Keck Graduate Institute",2016,"Federal",895000,498
"Trinity C., Hartford",2016,"Federal",893000,499
"U. Nebraska, Kearney",2016,"Federal",891000,500
"Texas A&M U.-Commerce",2016,"Federal",876000,501
"Purdue U., Fort Wayne",2016,"Federal",874000,502
"Western Carolina U.",2016,"Federal",873000,503
"SUNY, Buffalo State U.",2016,"Federal",859000,504
"Christopher Newport U.",2016,"Federal",858000,505
"Long Island U.",2016,"Federal",852000,506
"St. Olaf C.",2016,"Federal",849000,507
"CUNY, system office",2016,"Federal",832000,508
"Seattle U.",2016,"Federal",820000,509
"Connecticut C.",2016,"Federal",817000,510
"Davidson C.",2016,"Federal",813000,511
"Calvin U.",2016,"Federal",795000,512
"Franklin W. Olin C. of Engineering",2016,"Federal",782000,513
"Macalester C.",2016,"Federal",771000,514
"U. Houston-Clear Lake",2016,"Federal",756000,515
"Oklahoma State U., Center for Health Sciences",2016,"Federal",748000,516
"Skidmore C.",2016,"Federal",747000,517
"U. Illinois, Springfield",2016,"Federal",725000,518
"Loyola Marymount U.",2016,"Federal",707000,519
"Alaska Pacific U.",2016,"Federal",671000,520
"U. Wisconsin-Eau Claire",2016,"Federal",661000,521
"Lawrence Technological U.",2016,"Federal",658000,522
"Claremont McKenna C.",2016,"Federal",644000,523
"Memorial Sloan Kettering Cancer Center, Louis V. Gerstner Jr. Graduate S. of Biomedical Sciences",2016,"Federal",643000,524
"St. Cloud State U.",2016,"Federal",643000,524
"SUNY, C. Brockport",2016,"Federal",639000,526
"Lewis and Clark C.",2016,"Federal",636000,527
"Sonoma State U.",2016,"Federal",630000,528
"New England C. of Optometry",2016,"Federal",618000,529
"Lamar U.",2016,"Federal",611000,530
"Azusa Pacific U.",2016,"Federal",606000,531
"Western New England U.",2016,"Federal",581000,532
"Texas Woman's U.",2016,"Federal",573000,533
"Murray State U.",2016,"Federal",564000,534
"William Paterson U.",2016,"Federal",564000,534
"SUNY, C. Plattsburgh",2016,"Federal",545000,536
"U. Texas of the Permian Basin",2016,"Federal",510000,537
"Northwestern State U. Louisiana",2016,"Federal",490000,538
"California State U., East Bay",2016,"Federal",479000,539
"Saint Joseph's U.",2016,"Federal",476000,540
"Norwich U.",2016,"Federal",461000,541
"West Chester U. Pennsylvania",2016,"Federal",454000,542
"Hamilton C.",2016,"Federal",442000,543
"U. Ana G. Mendez, Gurabo",2016,"Federal",437000,544
"Fairfield U.",2016,"Federal",435000,545
"Elon U.",2016,"Federal",423000,546
"Suffolk U.",2016,"Federal",413000,547
"Des Moines U.",2016,"Federal",386000,548
"Albany C. of Pharmacy and Health Sciences",2016,"Federal",380000,549
"Marshall B. Ketchum U.",2016,"Federal",375000,550
"Indiana U. Pennsylvania",2016,"Federal",373000,551
"Colorado C.",2016,"Federal",358000,552
"Indiana U., South Bend",2016,"Federal",344000,553
"Grinnell C.",2016,"Federal",340000,554
"Austin Peay State U.",2016,"Federal",325000,555
"Kean U.",2016,"Federal",323000,556
"U. California, Office of the President",2016,"Federal",295000,557
"Heidelberg U.",2016,"Federal",294000,558
"Northern Michigan U.",2016,"Federal",288000,559
"U. San Francisco",2016,"Federal",280000,560
"Lake Superior State U.",2016,"Federal",272000,561
"Sul Ross State U.",2016,"Federal",272000,561
"Pennsylvania State U., Harrisburg",2016,"Federal",270000,563
"Pittsburg State U.",2016,"Federal",270000,563
"California State U., Channel Islands",2016,"Federal",249000,565
"Saginaw Valley State U.",2016,"Federal",237000,566
"California State U., Stanislaus",2016,"Federal",221000,567
"Stockton U.",2016,"Federal",221000,567
"U. of St. Thomas (MN)",2016,"Federal",195000,569
"Monmouth U.",2016,"Federal",173000,570
"Philadelphia C. of Osteopathic Medicine",2016,"Federal",150000,571
"Central Connecticut State U.",2016,"Federal",143000,572
"La Sierra U.",2016,"Federal",127000,573
"Edward Via C. of Osteopathic Medicine",2016,"Federal",88000,574
"C. of Saint Benedict",2016,"Federal",38000,575
"Eastern Connecticut State U.",2016,"Federal",27000,576
"Babson C.",2016,"Federal",0,577
"Roseman U. of Health Sciences",2016,"Federal",0,577
"Abilene Christian U.",2016,"Federal",NA,NA
"Albion C.",2016,"Federal",NA,NA
"Andrews U.",2016,"Federal",NA,NA
"Arcadia U.",2016,"Federal",NA,NA
"Bentley U.",2016,"Federal",NA,NA
"Bryant U.",2016,"Federal",NA,NA
"Butler U.",2016,"Federal",NA,NA
"C. New Jersey",2016,"Federal",NA,NA
"C. Wooster",2016,"Federal",NA,NA
"CUNY, Advanced Science Research Center",2016,"Federal",NA,NA
"CUNY, Graduate School of Public Health and Health Policy",2016,"Federal",NA,NA
"CUNY, New York City C. of Technology",2016,"Federal",NA,NA
"CUNY, York C.",2016,"Federal",NA,NA
"Canisius U.",2016,"Federal",NA,NA
"Citadel Military C. South Carolina",2016,"Federal",NA,NA
"Colorado State U., Pueblo",2016,"Federal",NA,NA
"Dine C.",2016,"Federal",NA,NA
"East Stroudsburg U. Pennsylvania",2016,"Federal",NA,NA
"Ferris State U.",2016,"Federal",NA,NA
"Florida Polytechnic U.",2016,"Federal",NA,NA
"Fort Lewis C.",2016,"Federal",NA,NA
"Framingham State U.",2016,"Federal",NA,NA
"Gettysburg C.",2016,"Federal",NA,NA
"Gustavus Adolphus C.",2016,"Federal",NA,NA
"Hobart and William Smith Colleges",2016,"Federal",NA,NA
"Ithaca C.",2016,"Federal",NA,NA
"Kenyon C.",2016,"Federal",NA,NA
"Liberty U.",2016,"Federal",NA,NA
"Lincoln Memorial U.",2016,"Federal",NA,NA
"Lincoln U.",2016,"Federal",NA,NA
"Lipscomb U.",2016,"Federal",NA,NA
"Manhattan C.",2016,"Federal",NA,NA
"Marian U., Indianapolis",2016,"Federal",NA,NA
"Marymount U.",2016,"Federal",NA,NA
"Merrimack C.",2016,"Federal",NA,NA
"National U. of Natural Medicine",2016,"Federal",NA,NA
"Nevada State C.",2016,"Federal",NA,NA
"New C. Florida",2016,"Federal",NA,NA
"Northeastern Illinois U.",2016,"Federal",NA,NA
"Northland C.",2016,"Federal",NA,NA
"Northwest Indian C.",2016,"Federal",NA,NA
"Pennsylvania State U., Altoona",2016,"Federal",NA,NA
"Pratt Institute",2016,"Federal",NA,NA
"Purdue U., Northwest",2016,"Federal",NA,NA
"Radford U.",2016,"Federal",NA,NA
"Robert Morris U.",2016,"Federal",NA,NA
"SUNY, Cobleskill",2016,"Federal",NA,NA
"SUNY, Oswego",2016,"Federal",NA,NA
"Sacred Heart U.",2016,"Federal",NA,NA
"Southern U., New Orleans",2016,"Federal",NA,NA
"St. Mary's C. Maryland",2016,"Federal",NA,NA
"Texas A&M U.-San Antonio",2016,"Federal",NA,NA
"Touro U., New Yorkg",2016,"Federal",NA,NA
"Troy U.",2016,"Federal",NA,NA
"U. Colorado Anschutz Medical Campusc",2016,"Federal",NA,NA
"U. Colorado Denverc",2016,"Federal",NA,NA
"U. Hawaii, Maui C.",2016,"Federal",NA,NA
"U. Hawaii, system office",2016,"Federal",NA,NA
"U. Marylandb",2016,"Federal",NA,NA
"U. Nebraska, Lincoln and Medical Centerd",2016,"Federal",NA,NA
"U. North Georgia",2016,"Federal",NA,NA
"U. Puerto Rico, Humacao",2016,"Federal",NA,NA
"U. Puerto Rico, Ponce",2016,"Federal",NA,NA
"U. Puget Sound",2016,"Federal",NA,NA
"U. Scranton",2016,"Federal",NA,NA
"U. South Carolina, Beaufort",2016,"Federal",NA,NA
"U. Virginia's C. Wise",2016,"Federal",NA,NA
"U. Wisconsin-Oshkosh",2016,"Federal",NA,NA
"U. Wisconsin-Platteville",2016,"Federal",NA,NA
"U. Wisconsin-River Falls",2016,"Federal",NA,NA
"U. Wisconsin-Superior",2016,"Federal",NA,NA
"U. of Health Sciences and Pharmacy in St. Louis",2016,"Federal",NA,NA
"U. of Mary Washington",2016,"Federal",NA,NA
"U. of the Incarnate Word",2016,"Federal",NA,NA
"U.S. Army War C.",2016,"Federal",NA,NA
"U.S. Coast Guard Academy",2016,"Federal",NA,NA
"United Tribes Technical C.",2016,"Federal",NA,NA
"Ursinus C.",2016,"Federal",NA,NA
"Utah Valley U.",2016,"Federal",NA,NA
"Virginia Military Institute",2016,"Federal",NA,NA
"West Virginia School of Osteopathic Medicine",2016,"Federal",NA,NA
"Western Illinois U.",2016,"Federal",NA,NA
"Wheaton C., Wheaton",2016,"Federal",NA,NA
"Whitman C.",2016,"Federal",NA,NA
"All institutions",2017,"Federal",40248055000,1
"Johns Hopkins U",2017,"Federal",2178605000,2
"All other surveyed institutions",2017,"Federal",1161725000,3
"U. Washington, Seattle",2017,"Federal",952738000,4
"U. Michigan, Ann Arbor",2017,"Federal",829695000,5
"Stanford U.",2017,"Federal",710698000,6
"U. North Carolina, Chapel Hill",2017,"Federal",676282000,7
"U. Pennsylvania",2017,"Federal",669911000,8
"Columbia U. in the City of New York",2017,"Federal",647840000,9
"U. California, San Diego",2017,"Federal",641469000,10
"Duke U.",2017,"Federal",623573000,11
"U. Pittsburgh, Pittsburgh",2017,"Federal",617884000,12
"U. California, San Francisco",2017,"Federal",606768000,13
"Georgia Institute of Technology",2017,"Federal",584891000,14
"Harvard U.",2017,"Federal",573157000,15
"U. Wisconsin-Madison",2017,"Federal",570796000,16
"Yale U.",2017,"Federal",541608000,17
"Pennsylvania State U., University Park and Hershey Medical Center",2017,"Federal",538164000,18
"U. California, Los Angeles",2017,"Federal",487846000,19
"Massachusetts Institute of Technology",2017,"Federal",487434000,20
"Washington U., Saint Louis",2017,"Federal",474446000,21
"Ohio State U.",2017,"Federal",464311000,22
"U. Minnesota, Twin Cities",2017,"Federal",456443000,23
"Vanderbilt U. and Vanderbilt U. Medical Center",2017,"Federal",452885000,24
"U. Southern California",2017,"Federal",450204000,25
"Northwestern U.",2017,"Federal",446609000,26
"Cornell U.",2017,"Federal",438182000,27
"U. Texas, Austin",2017,"Federal",396447000,28
"New York U.",2017,"Federal",391144000,29
"Emory U.",2017,"Federal",382177000,30
"U. Colorado Boulder",2017,"Federal",374209000,31
"Icahn School of Medicine at Mount Sinai",2017,"Federal",367522000,32
"U. Alabama, Birmingham",2017,"Federal",358916000,33
"U. Illinois, Urbana-Champaign",2017,"Federal",358905000,34
"Michigan State U.",2017,"Federal",343751000,35
"U. California, Davis",2017,"Federal",342407000,36
"Rutgers, State U. New Jersey, New Brunswick",2017,"Federal",340801000,37
"U. California, Berkeley",2017,"Federal",330339000,38
"U. Florida",2017,"Federal",327288000,39
"Case Western Reserve U.",2017,"Federal",326643000,40
"U. Chicago",2017,"Federal",308002000,41
"Texas A&M U., College Station and Health Science Center",2017,"Federal",307656000,42
"Baylor C. of Medicine",2017,"Federal",292806000,43
"California Institute of Technology",2017,"Federal",277358000,44
"U. Arizona",2017,"Federal",273567000,45
"U. Rochester",2017,"Federal",267860000,46
"Boston U.",2017,"Federal",259832000,47
"U. South Floridae",2017,"Federal",250384000,48
"Scripps Research Institute",2017,"Federal",250090000,49
"U. Utah",2017,"Federal",248908000,50
"Oregon Health and Science U.",2017,"Federal",245199000,51
"Indiana U., Bloomington",2017,"Federal",245155000,52
"Purdue U., West Lafayette",2017,"Federal",245110000,53
"U. Cincinnati",2017,"Federal",242237000,54
"Colorado State U., Fort Collins",2017,"Federal",239165000,55
"U. Iowa",2017,"Federal",238842000,56
"U. Virginia, Charlottesville",2017,"Federal",228910000,57
"Arizona State U.",2017,"Federal",227621000,58
"North Carolina State U.",2017,"Federal",218274000,59
"Uniformed Services U. of the Health Sciences",2017,"Federal",204241000,60
"U. Massachusetts, Medical School",2017,"Federal",200232000,61
"U. Texas Southwestern Medical Center",2017,"Federal",200085000,62
"U. Illinois, Chicago",2017,"Federal",198049000,63
"U. Miami",2017,"Federal",194385000,64
"Carnegie Mellon U.",2017,"Federal",189974000,65
"Albert Einstein C. of Medicine",2017,"Federal",188259000,66
"U. California, Irvine",2017,"Federal",187535000,67
"SUNY, U. Buffalo",2017,"Federal",186836000,68
"Virginia Polytechnic Institute and State U.",2017,"Federal",186054000,69
"U. Hawaii, Manoa",2017,"Federal",182337000,70
"Princeton U.",2017,"Federal",176029000,71
"U. Kentucky",2017,"Federal",171323000,72
"U. Texas M. D. Anderson Cancer Center",2017,"Federal",166552000,73
"U. New Mexico",2017,"Federal",165128000,74
"Oregon State U.",2017,"Federal",163479000,75
"U. Georgia",2017,"Federal",158229000,76
"Temple U.",2017,"Federal",153404000,77
"Washington State U.",2017,"Federal",152843000,78
"Woods Hole Oceanographic Institution",2017,"Federal",148491000,79
"George Washington U.",2017,"Federal",148369000,80
"U. Kansas",2017,"Federal",148178000,81
"Wake Forest U.",2017,"Federal",148001000,82
"Virginia Commonwealth U.",2017,"Federal",147585000,83
"U. Connecticut",2017,"Federal",145637000,84
"Brown U.",2017,"Federal",145556000,85
"Tufts U.",2017,"Federal",139532000,86
"Utah State U.",2017,"Federal",138518000,87
"Dartmouth C. and Dartmouth Hitchcock Medical Center",2017,"Federal",137448000,88
"U. Missouri, Columbia",2017,"Federal",134525000,89
"Florida State U.",2017,"Federal",134278000,90
"Medical U. South Carolina",2017,"Federal",134072000,91
"U. Oklahoma, Norman and Health Science Center",2017,"Federal",133177000,92
"Iowa State U.",2017,"Federal",128221000,93
"SUNY, Stony Brook U.",2017,"Federal",125688000,94
"U. Texas Health Science Center, Houston",2017,"Federal",124461000,95
"U. Dayton",2017,"Federal",118452000,96
"U. Delaware",2017,"Federal",117813000,97
"U. California, Santa Barbara",2017,"Federal",117457000,98
"U. Tennessee, Knoxvillef",2017,"Federal",117097000,99
"Wayne State U.",2017,"Federal",109421000,100
"U. Massachusetts, Amherst",2017,"Federal",108871000,101
"Medical C. Wisconsin",2017,"Federal",108276000,102
"U. Texas Medical Branch",2017,"Federal",104458000,103
"U. Alaska, Fairbanks",2017,"Federal",97314000,104
"U. South Carolina, Columbia",2017,"Federal",96048000,105
"Georgetown U.",2017,"Federal",94435000,106
"Tulane U.",2017,"Federal",93970000,107
"Northeastern U.",2017,"Federal",93572000,108
"U. New Hampshire",2017,"Federal",92338000,109
"U. Notre Dame",2017,"Federal",91787000,110
"U. Central Florida",2017,"Federal",89904000,111
"Mississippi State U.",2017,"Federal",87928000,112
"Rockefeller U.",2017,"Federal",86763000,113
"SUNY, U. Albany",2017,"Federal",85469000,114
"U. Texas Health Science Center, San Antonio",2017,"Federal",85455000,115
"Rice U.",2017,"Federal",84469000,116
"Louisiana State U., Baton Rouge",2017,"Federal",81644000,117
"New Jersey Institute of Technology",2017,"Federal",79397000,118
"U. Vermont",2017,"Federal",78394000,119
"U. California, Riverside",2017,"Federal",76795000,120
"Kansas State U.",2017,"Federal",75468000,121
"Montana State U., Bozeman",2017,"Federal",74788000,122
"West Virginia U.",2017,"Federal",72767000,123
"U. Louisville",2017,"Federal",72119000,124
"Florida International U.",2017,"Federal",71579000,125
"Georgia State U.",2017,"Federal",71248000,126
"Drexel U.",2017,"Federal",70921000,127
"Clemson U.",2017,"Federal",70256000,128
"U. Oregon",2017,"Federal",69598000,129
"U. Alabama, Huntsville",2017,"Federal",68609000,130
"U. California, Santa Cruz",2017,"Federal",66563000,131
"U. Rhode Island",2017,"Federal",62785000,132
"U. Mississippi",2017,"Federal",62483000,133
"Thomas Jefferson U.",2017,"Federal",62029000,134
"U. Houston",2017,"Federal",60033000,135
"New Mexico State U.",2017,"Federal",59885000,136
"George Mason U.",2017,"Federal",57345000,137
"U. Wyoming",2017,"Federal",56410000,138
"Auburn U., Auburn",2017,"Federal",55700000,139
"U. Nevada, Reno",2017,"Federal",54782000,140
"Cold Spring Harbor Laboratory",2017,"Federal",54260000,141
"Cleveland State U.",2017,"Federal",52541000,142
"U. Maryland, Baltimore County",2017,"Federal",52014000,143
"Rush U.",2017,"Federal",51532000,144
"U. Arkansas for Medical Sciences",2017,"Federal",51298000,145
"Rensselaer Polytechnic Institute",2017,"Federal",51130000,146
"U. Idaho",2017,"Federal",50935000,147
"Augusta U.",2017,"Federal",48921000,148
"Naval Postgraduate School",2017,"Federal",47082000,149
"U. Arkansas, Fayetteville",2017,"Federal",46490000,150
"Brandeis U.",2017,"Federal",46108000,151
"Oklahoma State U., Stillwater",2017,"Federal",44977000,152
"U. Texas, El Paso",2017,"Federal",44811000,153
"U. Montana, Missoula",2017,"Federal",44534000,154
"U. North Dakota",2017,"Federal",43262000,155
"Old Dominion U.",2017,"Federal",42412000,156
"SUNY, Polytechnic Institute",2017,"Federal",41252000,157
"U.S. Air Force Academy",2017,"Federal",40062000,158
"Syracuse U.",2017,"Federal",39781000,159
"San Diego State U.",2017,"Federal",39417000,160
"U. Tennessee, Health Science Center",2017,"Federal",39138000,161
"Colorado School of Mines",2017,"Federal",37505000,162
"U. Maine",2017,"Federal",37321000,163
"U. Texas, Dallas",2017,"Federal",36097000,164
"Wright State U.",2017,"Federal",35533000,165
"CUNY, City C.",2017,"Federal",35429000,166
"North Dakota State U.",2017,"Federal",34923000,167
"Howard U.",2017,"Federal",34762000,168
"U. Texas, Arlington",2017,"Federal",33111000,169
"William & Mary",2017,"Federal",32760000,170
"Portland State U.",2017,"Federal",32727000,171
"San Jose State U.",2017,"Federal",31396000,172
"Texas Tech U.",2017,"Federal",31347000,173
"Boston C.",2017,"Federal",30448000,174
"Florida A&M U.",2017,"Federal",30383000,175
"U. Texas, San Antonio",2017,"Federal",29947000,176
"U. Massachusetts, Boston",2017,"Federal",29934000,177
"U. Puerto Rico, Medical Sciences Campus",2017,"Federal",29869000,178
"U. Massachusetts, Lowell",2017,"Federal",29471000,179
"U. Nevada, Las Vegas",2017,"Federal",29172000,180
"Morehouse School of Medicine",2017,"Federal",28792000,181
"Michigan Technological U.",2017,"Federal",28483000,182
"Louisiana State U., Health Sciences Center, New Orleans",2017,"Federal",28018000,183
"South Dakota State U.",2017,"Federal",28003000,184
"U. Alabama, Tuscaloosa",2017,"Federal",27692000,185
"U. Southern Mississippi",2017,"Federal",27661000,186
"Saint Louis U.",2017,"Federal",27436000,187
"Rochester Institute of Technology",2017,"Federal",27311000,188
"Stevens Institute of Technology",2017,"Federal",26855000,189
"Brigham Young U., Provo",2017,"Federal",26441000,190
"U. North Texas, Health Science Center",2017,"Federal",26368000,191
"Illinois Institute of Technology",2017,"Federal",26330000,192
"Northern Arizona U.",2017,"Federal",26035000,193
"Air Force Institute of Technology",2017,"Federal",25588000,194
"Lehigh U.",2017,"Federal",25228000,195
"Texas State U.",2017,"Federal",25132000,196
"North Carolina A&T State U.",2017,"Federal",24496000,197
"U. Toledo",2017,"Federal",24167000,198
"U. Wisconsin-Milwaukee",2017,"Federal",23916000,199
"U. Louisiana, Lafayette",2017,"Federal",23895000,200
"Loyola U., Chicago",2017,"Federal",23324000,201
"SUNY, Downstate Health Sciences U.",2017,"Federal",22496000,202
"Wichita State U.",2017,"Federal",21685000,203
"Eastern Virginia Medical School",2017,"Federal",21209000,204
"SUNY, Binghamton U.",2017,"Federal",20639000,205
"U. North Carolina, Charlotte",2017,"Federal",20462000,206
"Jackson State U.",2017,"Federal",20136000,207
"Indiana U.-Purdue U., Indianapolis",2017,"Federal",20035000,208
"SUNY, Upstate Medical U.",2017,"Federal",19991000,209
"Catholic U. of America",2017,"Federal",19857000,210
"Boise State U.",2017,"Federal",19806000,211
"Mercer U.",2017,"Federal",19772000,212
"Missouri U. of Science and Technology",2017,"Federal",19567000,213
"Worcester Polytechnic Institute",2017,"Federal",19566000,214
"Desert Research Institute",2017,"Federal",18839000,215
"CUNY, Hunter C.",2017,"Federal",18705000,216
"New Mexico Institute of Mining and Technology",2017,"Federal",18358000,217
"U. Memphis",2017,"Federal",18185000,218
"U. North Carolina, Greensboro",2017,"Federal",17354000,219
"Florida Atlantic U.",2017,"Federal",17172000,220
"U. South Alabama",2017,"Federal",16627000,221
"Rutgers, State U. New Jersey, Newark",2017,"Federal",16617000,222
"U. Akron",2017,"Federal",16395000,223
"Ohio U.",2017,"Federal",16393000,224
"Hampton U.",2017,"Federal",16249000,225
"U. North Texas, Denton",2017,"Federal",15668000,226
"Meharry Medical C.",2017,"Federal",15613000,227
"Loma Linda U.",2017,"Federal",15192000,228
"Alabama A&M U.",2017,"Federal",15130000,229
"U. Maryland Center for Environmental Science",2017,"Federal",15069000,230
"U. California, Merced",2017,"Federal",14923000,231
"San Francisco State U.",2017,"Federal",14817000,232
"U. Texas Rio Grande Valley",2017,"Federal",14808000,233
"California State U., Northridge",2017,"Federal",14756000,234
"Delaware State U.",2017,"Federal",14693000,235
"Southern Methodist U.",2017,"Federal",14464000,236
"Charles R. Drew U. of Medicine and Science",2017,"Federal",14461000,237
"South Carolina State U.",2017,"Federal",14300000,238
"U. Puerto Rico, Mayaguez",2017,"Federal",13604000,239
"U.S. Military Academy",2017,"Federal",13430000,240
"Southern Illinois U., Carbondale",2017,"Federal",13421000,241
"Morgan State U.",2017,"Federal",13328000,242
"Van Andel Research Institute",2017,"Federal",13108000,243
"California State U., Long Beach",2017,"Federal",13085000,244
"U.S. Naval Academy",2017,"Federal",12963000,245
"U. Alaska, Anchorage",2017,"Federal",12681000,246
"North Carolina Central U.",2017,"Federal",11977000,247
"CUNY, Queens C.",2017,"Federal",11884000,248
"U. Denver",2017,"Federal",11648000,249
"East Carolina U.",2017,"Federal",11526000,250
"U. Puerto Rico, Rio Piedras",2017,"Federal",11512000,251
"U. Missouri, Kansas City",2017,"Federal",11296000,252
"Idaho State U.",2017,"Federal",11184000,253
"U. South Dakota",2017,"Federal",11134000,254
"Albany Medical C.",2017,"Federal",11040000,255
"U. of the Virgin Islands",2017,"Federal",10968000,256
"Xavier U. Louisiana",2017,"Federal",10939000,257
"South Dakota School of Mines and Technology",2017,"Federal",10639000,258
"Western Michigan U. and Homer Stryker M.D. School of Medicine",2017,"Federal",10565000,259
"Tennessee State U.",2017,"Federal",10557000,260
"California Polytechnic State U., San Luis Obispo",2017,"Federal",10535000,261
"Embry-Riddle Aeronautical U.",2017,"Federal",10525000,262
"Kent State U.",2017,"Federal",10524000,263
"Tuskegee U.",2017,"Federal",10388000,264
"Texas A&M U.-Corpus Christi",2017,"Federal",10259000,265
"Teachers C., Columbia U.",2017,"Federal",10194000,266
"U. West Florida",2017,"Federal",10127000,267
"Marquette U.",2017,"Federal",10111000,268
"Northeast Ohio Medical U.",2017,"Federal",10043000,269
"Texas Tech U., Health Sciences Center",2017,"Federal",9143000,270
"Miami U.",2017,"Federal",9093000,271
"Marshall U.",2017,"Federal",9064000,272
"New York Medical C.",2017,"Federal",9e+06,273
"Rosalind Franklin U. of Medicine and Science",2017,"Federal",8828000,274
"American U.",2017,"Federal",8800000,275
"Prairie View A&M U.",2017,"Federal",8722000,276
"Alcorn State U.",2017,"Federal",8634000,277
"Florida Institute of Technology",2017,"Federal",8465000,278
"Langston U.",2017,"Federal",8326000,279
"U. Guam",2017,"Federal",8067000,280
"St. Edward's U.",2017,"Federal",7989000,281
"Nova Southeastern U.",2017,"Federal",7979000,282
"Northern Illinois U.",2017,"Federal",7947000,283
"Creighton U.",2017,"Federal",7946000,284
"Texas A&M U.-Kingsville",2017,"Federal",7869000,285
"SUNY, C. of Environmental Science and Forestry",2017,"Federal",7730000,286
"U. Nebraska, Omaha",2017,"Federal",7486000,287
"U. Massachusetts, Dartmouth",2017,"Federal",7370000,288
"U. Maryland, Eastern Shore",2017,"Federal",7265000,289
"Rowan U.",2017,"Federal",7110000,290
"Norfolk State U.",2017,"Federal",7101000,291
"Louisiana State U., Health Sciences Center, Shreveport",2017,"Federal",7055000,292
"California State U., Sacramento",2017,"Federal",6894000,293
"Clarkson U.",2017,"Federal",6819000,294
"California State U., Los Angeles",2017,"Federal",6612000,295
"California State U., San Bernardino",2017,"Federal",6565000,296
"Oakland U.",2017,"Federal",6418000,297
"Bowling Green State U.",2017,"Federal",6395000,298
"National Defense U.",2017,"Federal",6293000,299
"U. Minnesota, Duluth",2017,"Federal",6033000,300
"U. North Carolina, Wilmington",2017,"Federal",5990000,301
"East Tennessee State U.",2017,"Federal",5933000,302
"U. New England",2017,"Federal",5918000,303
"U. Tulsa",2017,"Federal",5905000,304
"C. Charleston",2017,"Federal",5870000,305
"Clark Atlanta U.",2017,"Federal",5811000,306
"U. Texas Health Science Center, Tyler",2017,"Federal",5792000,307
"Fordham U.",2017,"Federal",5761000,308
"Duquesne U.",2017,"Federal",5759000,309
"Louisiana Tech U.",2017,"Federal",5608000,310
"California State U., San Marcos",2017,"Federal",5594000,311
"Dillard U.",2017,"Federal",5592000,312
"U. New Orleans",2017,"Federal",5568000,313
"Central Michigan U.",2017,"Federal",5557000,314
"U. Hawaii, Hilo",2017,"Federal",5461000,315
"DePaul U.",2017,"Federal",5424000,316
"Kentucky State U.",2017,"Federal",5382000,317
"Illinois State U.",2017,"Federal",5355000,318
"Western Washington U.",2017,"Federal",5271000,319
"Baylor U.",2017,"Federal",5265000,320
"CUNY, Brooklyn C.",2017,"Federal",5244000,321
"U. Missouri, Saint Louis",2017,"Federal",5240000,322
"West Virginia State U.",2017,"Federal",5072000,323
"Fort Valley State U.",2017,"Federal",5068000,324
"Montana Technological U.",2017,"Federal",5019000,325
"Tennessee Technological U.",2017,"Federal",4969000,326
"U. Central del Caribe",2017,"Federal",4866000,327
"CUNY, John Jay C. of Criminal Justice",2017,"Federal",4826000,328
"Virginia State U.",2017,"Federal",4779000,329
"U. Arkansas, Little Rock",2017,"Federal",4756000,330
"Tarleton State U.",2017,"Federal",4602000,331
"U. Colorado Colorado Springs",2017,"Federal",4525000,332
"Arkansas State U., Jonesboro",2017,"Federal",4396000,333
"Fisk U.",2017,"Federal",4327000,334
"U. Baltimore",2017,"Federal",4289000,335
"Grambling State U.",2017,"Federal",4283000,336
"California State U., Fullerton",2017,"Federal",4237000,337
"Lincoln U., Jefferson City",2017,"Federal",4148000,338
"Claremont Graduate U.",2017,"Federal",4076000,339
"Pacific U.",2017,"Federal",4058000,340
"Villanova U.",2017,"Federal",4048000,341
"Texas Christian U.",2017,"Federal",4035000,342
"Purdue U., Northwest",2017,"Federal",4024000,343
"Wesleyan U.",2017,"Federal",3902000,344
"Rhode Island C.",2017,"Federal",3831000,345
"Wellesley C.",2017,"Federal",3815000,346
"Western Kentucky U.",2017,"Federal",3808000,347
"Southern Illinois U., Edwardsville",2017,"Federal",3805000,348
"Naval War C.",2017,"Federal",3797000,349
"California State Polytechnic U., Humboldt",2017,"Federal",3796000,350
"U. Arkansas, Pine Bluff",2017,"Federal",3747000,351
"Florida Gulf Coast U.",2017,"Federal",3746000,352
"CUNY, Lehman C.",2017,"Federal",3734000,353
"Texas Southern U.",2017,"Federal",3674000,354
"Morehouse C.",2017,"Federal",3667000,355
"Chapman U.",2017,"Federal",3598000,356
"California State U., Monterey Bay",2017,"Federal",3574000,357
"California State U., Fresno",2017,"Federal",3511000,358
"Smith C.",2017,"Federal",3449000,359
"Carleton C.",2017,"Federal",3366000,360
"Youngstown State U.",2017,"Federal",3257000,361
"California State Polytechnic U., Pomona",2017,"Federal",3231000,362
"U. Washington, Bothell",2017,"Federal",3169000,363
"Mount Holyoke C.",2017,"Federal",3168000,364
"Tougaloo C.",2017,"Federal",3030000,365
"Georgia Southern U.",2017,"Federal",2978000,366
"Southern U. and A&M C., Baton Rouge",2017,"Federal",2866000,367
"Barnard C.",2017,"Federal",2777000,368
"Missouri State U.",2017,"Federal",2770000,369
"Southern U. and A&M C., Agricultural Research and Extension Center",2017,"Federal",2736000,370
"Western U. of Health Sciences",2017,"Federal",2725000,371
"U. South Carolina, Aiken",2017,"Federal",2697000,372
"U. of the District of Columbia",2017,"Federal",2659000,373
"Appalachian State U.",2017,"Federal",2630000,374
"Ball State U.",2017,"Federal",2531000,375
"Erikson Institute",2017,"Federal",2529000,376
"Clark U.",2017,"Federal",2513000,377
"Middle Tennessee State U.",2017,"Federal",2513000,377
"Bryn Mawr C.",2017,"Federal",2507000,379
"California State U., Bakersfield",2017,"Federal",2466000,380
"Pace U.",2017,"Federal",2423000,381
"Rutgers, State U. New Jersey, Camden",2017,"Federal",2412000,382
"Texas Tech U., Health Sciences Center, El Paso",2017,"Federal",2410000,383
"Gallaudet U.",2017,"Federal",2380000,384
"CUNY, Advanced Science Research Center",2017,"Federal",2355000,385
"U. Northern Colorado",2017,"Federal",2349000,386
"New School",2017,"Federal",2345000,387
"Fayetteville State U.",2017,"Federal",2322000,388
"U. San Diego",2017,"Federal",2299000,389
"Central Washington U.",2017,"Federal",2297000,390
"U. Detroit Mercy",2017,"Federal",2296000,391
"James Madison U.",2017,"Federal",2273000,392
"Alabama State U.",2017,"Federal",2253000,393
"U. Southern Maine",2017,"Federal",2252000,394
"Salisbury U.",2017,"Federal",2203000,395
"Montclair State U.",2017,"Federal",2163000,396
"Morehead State U.",2017,"Federal",2162000,397
"U. Northern Iowa",2017,"Federal",2154000,398
"Kennesaw State U.",2017,"Federal",2085000,399
"Trinity C., Hartford",2017,"Federal",2084000,400
"SUNY, C. of Optometry",2017,"Federal",2073000,401
"U. Washington, Tacoma",2017,"Federal",2042000,402
"Roger Williams U.",2017,"Federal",2024000,403
"Middlebury C.",2017,"Federal",2002000,404
"Dakota State U.",2017,"Federal",1989000,405
"Seton Hall U.",2017,"Federal",1982000,406
"U. Michigan, Dearborn",2017,"Federal",1930000,407
"Hawaii Pacific U.",2017,"Federal",1921000,408
"Sam Houston State U.",2017,"Federal",1872000,409
"U. Richmond",2017,"Federal",1870000,410
"U. North Carolina, Asheville",2017,"Federal",1851000,411
"MGH Institute of Health Professions",2017,"Federal",1839000,412
"U. Louisiana, Monroe",2017,"Federal",1838000,413
"Bowie State U.",2017,"Federal",1813000,414
"Bowdoin C.",2017,"Federal",1812000,415
"Franklin and Marshall C.",2017,"Federal",1732000,416
"Texas A&M International U.",2017,"Federal",1730000,417
"U. Houston-Downtown",2017,"Federal",1710000,418
"Williams C.",2017,"Federal",1703000,419
"Pennsylvania State U., Behrend",2017,"Federal",1670000,420
"Benedict C.",2017,"Federal",1634000,421
"Long Island U.",2017,"Federal",1615000,422
"Vassar C.",2017,"Federal",1600000,423
"Towson U.",2017,"Federal",1599000,424
"Toyota Technological Institute, Chicago",2017,"Federal",1581000,425
"Winston-Salem State U.",2017,"Federal",1575000,426
"Oberlin C.",2017,"Federal",1558000,427
"CUNY, C. Staten Island",2017,"Federal",1543000,428
"Grand Valley State U.",2017,"Federal",1543000,428
"U. Illinois, Springfield",2017,"Federal",1533000,430
"Harvey Mudd C.",2017,"Federal",1521000,431
"Lafayette C.",2017,"Federal",1493000,432
"Central State U.",2017,"Federal",1491000,433
"CUNY, Graduate Center",2017,"Federal",1485000,434
"U. Alaska, Southeast",2017,"Federal",1480000,435
"Eastern Michigan U.",2017,"Federal",1474000,436
"U. of the Pacific",2017,"Federal",1474000,436
"Hofstra U.",2017,"Federal",1471000,438
"Johnson C. Smith U.",2017,"Federal",1469000,439
"Santa Clara U.",2017,"Federal",1468000,440
"Canisius U.",2017,"Federal",1459000,441
"Swarthmore C.",2017,"Federal",1451000,442
"Black Hills State U.",2017,"Federal",1448000,443
"U. North Florida",2017,"Federal",1435000,444
"Northeastern Illinois U.",2017,"Federal",1403000,445
"Savannah State U.",2017,"Federal",1390000,446
"Bucknell U.",2017,"Federal",1383000,447
"Claflin U.",2017,"Federal",1344000,448
"West Texas A&M U.",2017,"Federal",1338000,449
"Indiana U. Pennsylvania",2017,"Federal",1309000,450
"Elizabeth City State U.",2017,"Federal",1306000,451
"Furman U.",2017,"Federal",1292000,452
"Stephen F. Austin State U.",2017,"Federal",1276000,453
"Southern Connecticut State U.",2017,"Federal",1274000,454
"U. Wisconsin-Stevens Point",2017,"Federal",1266000,455
"California State U., Dominguez Hills",2017,"Federal",1238000,456
"U. Central Arkansas",2017,"Federal",1236000,457
"Amherst C.",2017,"Federal",1228000,458
"Spelman C.",2017,"Federal",1227000,459
"Southeastern Louisiana U.",2017,"Federal",1215000,460
"Murray State U.",2017,"Federal",1200000,461
"Western Illinois U.",2017,"Federal",1198000,462
"Touro U., California",2017,"Federal",1196000,463
"Skidmore C.",2017,"Federal",1194000,464
"Eastern Washington U.",2017,"Federal",1193000,465
"Palmer C. of Chiropractic, Davenport",2017,"Federal",1189000,466
"Winthrop U.",2017,"Federal",1189000,466
"Midwestern U.",2017,"Federal",1184000,468
"U. Hartford",2017,"Federal",1178000,469
"Hope C.",2017,"Federal",1169000,470
"U. Central Oklahoma",2017,"Federal",1168000,471
"U. Wisconsin-La Crosse",2017,"Federal",1158000,472
"U. Tennessee, Chattanooga",2017,"Federal",1144000,473
"U. Wisconsin-Oshkosh",2017,"Federal",1113000,474
"Northern Kentucky U.",2017,"Federal",1109000,475
"Davidson C.",2017,"Federal",1105000,476
"Fairfield U.",2017,"Federal",1101000,477
"Colgate U.",2017,"Federal",1096000,478
"Pepperdine U.",2017,"Federal",1087000,479
"Oklahoma State U., Center for Health Sciences",2017,"Federal",1055000,480
"Bates C.",2017,"Federal",1053000,481
"Colby C.",2017,"Federal",1048000,482
"U. Nebraska, Kearney",2017,"Federal",1047000,483
"Pomona C.",2017,"Federal",1038000,484
"Haverford C.",2017,"Federal",1031000,485
"Coastal Carolina U.",2017,"Federal",1028000,486
"Willamette U.",2017,"Federal",1028000,486
"CUNY, Baruch C.",2017,"Federal",1027000,488
"Albany State U.",2017,"Federal",1026000,489
"St. John's U., New York",2017,"Federal",1020000,490
"New Mexico Highlands U.",2017,"Federal",1015000,491
"SUNY, Geneseo",2017,"Federal",992000,492
"Trinity U.",2017,"Federal",986000,493
"New York Institute of Technology",2017,"Federal",984000,494
"U. Oklahoma, Tulsa",2017,"Federal",976000,495
"Western Carolina U.",2017,"Federal",971000,496
"Macalester C.",2017,"Federal",970000,497
"Christopher Newport U.",2017,"Federal",957000,498
"U. Wisconsin-Eau Claire",2017,"Federal",955000,499
"Lamar U.",2017,"Federal",949000,500
"Texas Woman's U.",2017,"Federal",945000,501
"C. New Jersey",2017,"Federal",929000,502
"Alfred U.",2017,"Federal",917000,503
"Loyola Marymount U.",2017,"Federal",883000,504
"Calvin U.",2017,"Federal",880000,505
"Des Moines U.",2017,"Federal",878000,506
"SUNY, Buffalo State U.",2017,"Federal",877000,507
"Seattle U.",2017,"Federal",862000,508
"Keck Graduate Institute",2017,"Federal",853000,509
"Texas A&M U.-Commerce",2017,"Federal",823000,510
"Indiana State U.",2017,"Federal",816000,511
"Yeshiva U.",2017,"Federal",816000,511
"Purdue U., Fort Wayne",2017,"Federal",812000,513
"St. Olaf C.",2017,"Federal",797000,514
"Providence C.",2017,"Federal",783000,515
"Connecticut C.",2017,"Federal",777000,516
"Milwaukee School of Engineering",2017,"Federal",775000,517
"Drake U.",2017,"Federal",772000,518
"Lawrence Technological U.",2017,"Federal",767000,519
"Eastern Kentucky U.",2017,"Federal",758000,520
"Claremont McKenna C.",2017,"Federal",754000,521
"U. Houston-Clear Lake",2017,"Federal",753000,522
"Oregon Institute of Technology",2017,"Federal",752000,523
"SUNY, C. Brockport",2017,"Federal",747000,524
"Colorado C.",2017,"Federal",745000,525
"C. Wooster",2017,"Federal",736000,526
"Lake Superior State U.",2017,"Federal",726000,527
"Lewis and Clark C.",2017,"Federal",723000,528
"U. Texas, Tyler",2017,"Federal",708000,529
"U. Puerto Rico, Cayey",2017,"Federal",704000,530
"Occidental C.",2017,"Federal",701000,531
"U. North Georgia",2017,"Federal",671000,532
"SUNY, Oswego",2017,"Federal",669000,533
"U. Wisconsin-Green Bay",2017,"Federal",666000,534
"Alaska Pacific U.",2017,"Federal",665000,535
"Grinnell C.",2017,"Federal",652000,536
"West Chester U. Pennsylvania",2017,"Federal",624000,537
"Saginaw Valley State U.",2017,"Federal",621000,538
"Minnesota State U., Mankato",2017,"Federal",605000,539
"Gettysburg C.",2017,"Federal",597000,540
"Franklin W. Olin C. of Engineering",2017,"Federal",588000,541
"California State U., Chico",2017,"Federal",581000,542
"Suffolk U.",2017,"Federal",576000,543
"La Sierra U.",2017,"Federal",575000,544
"Albany C. of Pharmacy and Health Sciences",2017,"Federal",566000,545
"St. Cloud State U.",2017,"Federal",555000,546
"Union C., Schenectady",2017,"Federal",554000,547
"U. New Haven",2017,"Federal",548000,548
"U. Wisconsin-River Falls",2017,"Federal",529000,549
"Hobart and William Smith Colleges",2017,"Federal",528000,550
"CUNY, system office",2017,"Federal",527000,551
"Norwich U.",2017,"Federal",480000,552
"California State U., Stanislaus",2017,"Federal",478000,553
"William Paterson U.",2017,"Federal",476000,554
"U. Puget Sound",2017,"Federal",459000,555
"Northwestern State U. Louisiana",2017,"Federal",458000,556
"SUNY, C. Plattsburgh",2017,"Federal",455000,557
"Sul Ross State U.",2017,"Federal",440000,558
"Heidelberg U.",2017,"Federal",428000,559
"U. Ana G. Mendez, Gurabo",2017,"Federal",428000,559
"National U. of Natural Medicine",2017,"Federal",427000,561
"Reed C.",2017,"Federal",415000,562
"U. San Francisco",2017,"Federal",405000,563
"Marshall B. Ketchum U.",2017,"Federal",368000,564
"Elon U.",2017,"Federal",358000,565
"U. Wisconsin-Platteville",2017,"Federal",349000,566
"Austin Peay State U.",2017,"Federal",347000,567
"Azusa Pacific U.",2017,"Federal",334000,568
"U. Texas of the Permian Basin",2017,"Federal",328000,569
"Pittsburg State U.",2017,"Federal",316000,570
"Northern Michigan U.",2017,"Federal",304000,571
"U. California, Office of the President",2017,"Federal",288000,572
"Philadelphia C. of Osteopathic Medicine",2017,"Federal",260000,573
"Indiana U., South Bend",2017,"Federal",249000,574
"Saint Joseph's U.",2017,"Federal",239000,575
"Central Connecticut State U.",2017,"Federal",231000,576
"Pennsylvania State U., Harrisburg",2017,"Federal",215000,577
"Western New England U.",2017,"Federal",214000,578
"U. of St. Thomas (MN)",2017,"Federal",212000,579
"Albion C.",2017,"Federal",210000,580
"Memorial Sloan Kettering Cancer Center, Louis V. Gerstner Jr. Graduate S. of Biomedical Sciences",2017,"Federal",206000,581
"New C. Florida",2017,"Federal",167000,582
"California State U., Channel Islands",2017,"Federal",142000,583
"Hamilton C.",2017,"Federal",135000,584
"Bentley U.",2017,"Federal",110000,585
"Edward Via C. of Osteopathic Medicine",2017,"Federal",94000,586
"Wheaton C., Wheaton",2017,"Federal",70000,587
"C. of Saint Benedict",2017,"Federal",44000,588
"Eastern Connecticut State U.",2017,"Federal",19000,589
"Framingham State U.",2017,"Federal",4000,590
"Babson C.",2017,"Federal",0,591
"Roseman U. of Health Sciences",2017,"Federal",0,591
"Abilene Christian U.",2017,"Federal",NA,NA
"Andrews U.",2017,"Federal",NA,NA
"Arcadia U.",2017,"Federal",NA,NA
"Bryant U.",2017,"Federal",NA,NA
"Butler U.",2017,"Federal",NA,NA
"CUNY, Graduate School of Public Health and Health Policy",2017,"Federal",NA,NA
"CUNY, New York City C. of Technology",2017,"Federal",NA,NA
"CUNY, York C.",2017,"Federal",NA,NA
"California State U., East Bay",2017,"Federal",NA,NA
"Chicago State U.",2017,"Federal",NA,NA
"Citadel Military C. South Carolina",2017,"Federal",NA,NA
"Colorado State U., Pueblo",2017,"Federal",NA,NA
"Dine C.",2017,"Federal",NA,NA
"East Stroudsburg U. Pennsylvania",2017,"Federal",NA,NA
"Ferris State U.",2017,"Federal",NA,NA
"Florida Polytechnic U.",2017,"Federal",NA,NA
"Fort Lewis C.",2017,"Federal",NA,NA
"Gustavus Adolphus C.",2017,"Federal",NA,NA
"Ithaca C.",2017,"Federal",NA,NA
"Kean U.",2017,"Federal",NA,NA
"Kenyon C.",2017,"Federal",NA,NA
"Liberty U.",2017,"Federal",NA,NA
"Lincoln Memorial U.",2017,"Federal",NA,NA
"Lincoln U.",2017,"Federal",NA,NA
"Lipscomb U.",2017,"Federal",NA,NA
"Manhattan C.",2017,"Federal",NA,NA
"Marian U., Indianapolis",2017,"Federal",NA,NA
"Marymount U.",2017,"Federal",NA,NA
"Merrimack C.",2017,"Federal",NA,NA
"Monmouth U.",2017,"Federal",NA,NA
"Nevada State C.",2017,"Federal",NA,NA
"New England C. of Optometry",2017,"Federal",NA,NA
"Northland C.",2017,"Federal",NA,NA
"Northwest Indian C.",2017,"Federal",NA,NA
"Pennsylvania State U., Altoona",2017,"Federal",NA,NA
"Pratt Institute",2017,"Federal",NA,NA
"Radford U.",2017,"Federal",NA,NA
"Robert Morris U.",2017,"Federal",NA,NA
"SUNY, Cobleskill",2017,"Federal",NA,NA
"Sacred Heart U.",2017,"Federal",NA,NA
"Sonoma State U.",2017,"Federal",NA,NA
"Southern U., New Orleans",2017,"Federal",NA,NA
"St. Mary's C. Maryland",2017,"Federal",NA,NA
"Stockton U.",2017,"Federal",NA,NA
"Texas A&M U.-San Antonio",2017,"Federal",NA,NA
"Touro U., New Yorkg",2017,"Federal",NA,NA
"Troy U.",2017,"Federal",NA,NA
"U. Colorado Anschutz Medical Campusc",2017,"Federal",NA,NA
"U. Colorado Denverc",2017,"Federal",NA,NA
"U. Hawaii, Maui C.",2017,"Federal",NA,NA
"U. Hawaii, system office",2017,"Federal",NA,NA
"U. Marylandb",2017,"Federal",NA,NA
"U. Nebraska, Lincoln and Medical Centerd",2017,"Federal",NA,NA
"U. Puerto Rico, Humacao",2017,"Federal",NA,NA
"U. Puerto Rico, Ponce",2017,"Federal",NA,NA
"U. Scranton",2017,"Federal",NA,NA
"U. South Carolina, Beaufort",2017,"Federal",NA,NA
"U. Virginia's C. Wise",2017,"Federal",NA,NA
"U. Wisconsin-Superior",2017,"Federal",NA,NA
"U. of Health Sciences and Pharmacy in St. Louis",2017,"Federal",NA,NA
"U. of Mary Washington",2017,"Federal",NA,NA
"U. of the Incarnate Word",2017,"Federal",NA,NA
"U.S. Army War C.",2017,"Federal",NA,NA
"U.S. Coast Guard Academy",2017,"Federal",NA,NA
"United Tribes Technical C.",2017,"Federal",NA,NA
"Ursinus C.",2017,"Federal",NA,NA
"Utah Valley U.",2017,"Federal",NA,NA
"Virginia Military Institute",2017,"Federal",NA,NA
"West Virginia School of Osteopathic Medicine",2017,"Federal",NA,NA
"Whitman C.",2017,"Federal",NA,NA
"All institutions",2018,"Federal",41860383000,1
"Johns Hopkins U",2018,"Federal",2251097000,2
"All other surveyed institutions",2018,"Federal",1239166000,3
"U. Washington, Seattle",2018,"Federal",989221000,4
"U. Michigan, Ann Arbor",2018,"Federal",849123000,5
"Stanford U.",2018,"Federal",711443000,6
"U. North Carolina, Chapel Hill",2018,"Federal",701169000,7
"U. Pennsylvania",2018,"Federal",688313000,8
"Columbia U. in the City of New York",2018,"Federal",686338000,9
"U. California, San Francisco",2018,"Federal",669470000,10
"Georgia Institute of Technology",2018,"Federal",654877000,11
"U. Pittsburgh, Pittsburgh",2018,"Federal",649166000,12
"Duke U.",2018,"Federal",645259000,13
"U. California, San Diego",2018,"Federal",635888000,14
"Harvard U.",2018,"Federal",587584000,15
"U. California, Los Angeles",2018,"Federal",576076000,16
"U. Wisconsin-Madison",2018,"Federal",574048000,17
"Pennsylvania State U., University Park and Hershey Medical Center",2018,"Federal",565348000,18
"Yale U.",2018,"Federal",552242000,19
"Washington U., Saint Louis",2018,"Federal",506006000,20
"U. Southern California",2018,"Federal",501893000,21
"Massachusetts Institute of Technology",2018,"Federal",479654000,22
"Ohio State U.",2018,"Federal",474994000,23
"Vanderbilt U. and Vanderbilt U. Medical Center",2018,"Federal",471625000,24
"Cornell U.",2018,"Federal",470020000,25
"Northwestern U.",2018,"Federal",469525000,26
"U. Minnesota, Twin Cities",2018,"Federal",464300000,27
"New York U.",2018,"Federal",416143000,28
"U. Texas, Austin",2018,"Federal",405131000,29
"Icahn School of Medicine at Mount Sinai",2018,"Federal",398656000,30
"Emory U.",2018,"Federal",393647000,31
"U. Colorado Boulder",2018,"Federal",391817000,32
"U. Alabama, Birmingham",2018,"Federal",373360000,33
"U. California, Davis",2018,"Federal",360018000,34
"U. Florida",2018,"Federal",355517000,35
"U. Illinois, Urbana-Champaign",2018,"Federal",353710000,36
"Rutgers, State U. New Jersey, New Brunswick",2018,"Federal",350912000,37
"Case Western Reserve U.",2018,"Federal",349177000,38
"Texas A&M U., College Station and Health Science Center",2018,"Federal",333768000,39
"U. California, Berkeley",2018,"Federal",329464000,40
"Michigan State U.",2018,"Federal",328618000,41
"U. Utah",2018,"Federal",307844000,42
"U. Chicago",2018,"Federal",303175000,43
"Baylor C. of Medicine",2018,"Federal",300098000,44
"U. Arizona",2018,"Federal",291767000,45
"U. Rochester",2018,"Federal",285330000,46
"Boston U.",2018,"Federal",284888000,47
"California Institute of Technology",2018,"Federal",280451000,48
"Colorado State U., Fort Collins",2018,"Federal",268747000,49
"Scripps Research Institute",2018,"Federal",267088000,50
"Oregon Health and Science U.",2018,"Federal",264492000,51
"Arizona State U.",2018,"Federal",254384000,52
"Purdue U., West Lafayette",2018,"Federal",251517000,53
"U. Cincinnati",2018,"Federal",250202000,54
"U. Virginia, Charlottesville",2018,"Federal",250168000,55
"Indiana U., Bloomington",2018,"Federal",249243000,56
"U. Iowa",2018,"Federal",246117000,57
"North Carolina State U.",2018,"Federal",219258000,58
"Uniformed Services U. of the Health Sciences",2018,"Federal",218702000,59
"U. California, Irvine",2018,"Federal",201173000,60
"Virginia Polytechnic Institute and State U.",2018,"Federal",199897000,61
"U. Texas Southwestern Medical Center",2018,"Federal",197910000,62
"U. Illinois, Chicago",2018,"Federal",196840000,63
"Albert Einstein C. of Medicine",2018,"Federal",196457000,64
"U. Massachusetts, Medical School",2018,"Federal",194953000,65
"U. Miami",2018,"Federal",192598000,66
"SUNY, U. Buffalo",2018,"Federal",186494000,67
"Carnegie Mellon U.",2018,"Federal",181958000,68
"Princeton U.",2018,"Federal",180305000,69
"U. South Floridae",2018,"Federal",179024000,70
"U. Texas M. D. Anderson Cancer Center",2018,"Federal",173206000,71
"Oregon State U.",2018,"Federal",171805000,72
"U. Kentucky",2018,"Federal",171672000,73
"U. New Mexico",2018,"Federal",169952000,74
"U. Hawaii, Manoa",2018,"Federal",167030000,75
"Brown U.",2018,"Federal",164452000,76
"Woods Hole Oceanographic Institution",2018,"Federal",163003000,77
"Utah State U.",2018,"Federal",159447000,78
"George Washington U.",2018,"Federal",156768000,79
"Temple U.",2018,"Federal",155312000,80
"U. Kansas",2018,"Federal",155147000,81
"Wake Forest U.",2018,"Federal",154363000,82
"Washington State U.",2018,"Federal",151133000,83
"U. Oklahoma, Norman and Health Science Center",2018,"Federal",149317000,84
"U. Georgia",2018,"Federal",148543000,85
"Iowa State U.",2018,"Federal",147679000,86
"Florida State U.",2018,"Federal",147184000,87
"U. Connecticut",2018,"Federal",144048000,88
"Medical U. South Carolina",2018,"Federal",142639000,89
"Dartmouth C. and Dartmouth Hitchcock Medical Center",2018,"Federal",140399000,90
"Virginia Commonwealth U.",2018,"Federal",140363000,91
"Tufts U.",2018,"Federal",139334000,92
"U. Missouri, Columbia",2018,"Federal",138029000,93
"SUNY, Stony Brook U.",2018,"Federal",136241000,94
"U. Dayton",2018,"Federal",132358000,95
"U. Texas Health Science Center, Houston",2018,"Federal",128232000,96
"U. Delaware",2018,"Federal",118573000,97
"U. Tennessee, Knoxvillef",2018,"Federal",117776000,98
"Northeastern U.",2018,"Federal",114711000,99
"U. California, Santa Barbara",2018,"Federal",113388000,100
"Medical C. Wisconsin",2018,"Federal",111273000,101
"Wayne State U.",2018,"Federal",111018000,102
"U. Massachusetts, Amherst",2018,"Federal",110654000,103
"U. Texas Medical Branch",2018,"Federal",104356000,104
"Tulane U.",2018,"Federal",102201000,105
"U. Central Florida",2018,"Federal",97539000,106
"U. Notre Dame",2018,"Federal",96182000,107
"U. New Hampshire",2018,"Federal",95807000,108
"U. Alaska, Fairbanks",2018,"Federal",94998000,109
"New Jersey Institute of Technology",2018,"Federal",91999000,110
"Georgetown U.",2018,"Federal",89977000,111
"Mississippi State U.",2018,"Federal",89012000,112
"U. South Carolina, Columbia",2018,"Federal",88602000,113
"SUNY, U. Albany",2018,"Federal",87451000,114
"Rockefeller U.",2018,"Federal",87231000,115
"U. Texas Health Science Center, San Antonio",2018,"Federal",86956000,116
"U. Vermont",2018,"Federal",86940000,117
"Florida International U.",2018,"Federal",85541000,118
"Louisiana State U., Baton Rouge",2018,"Federal",84309000,119
"Drexel U.",2018,"Federal",82777000,120
"U. Louisville",2018,"Federal",80511000,121
"Kansas State U.",2018,"Federal",80436000,122
"Rice U.",2018,"Federal",78175000,123
"U. California, Riverside",2018,"Federal",77314000,124
"West Virginia U.",2018,"Federal",76527000,125
"Montana State U., Bozeman",2018,"Federal",75524000,126
"U. Alabama, Huntsville",2018,"Federal",74650000,127
"Clemson U.",2018,"Federal",73735000,128
"Georgia State U.",2018,"Federal",71650000,129
"U. Oregon",2018,"Federal",71568000,130
"George Mason U.",2018,"Federal",69481000,131
"Cold Spring Harbor Laboratory",2018,"Federal",67139000,132
"Thomas Jefferson U.",2018,"Federal",64869000,133
"Rush U.",2018,"Federal",64178000,134
"U. Rhode Island",2018,"Federal",64026000,135
"U. Houston",2018,"Federal",63801000,136
"U. Mississippi",2018,"Federal",63736000,137
"U. California, Santa Cruz",2018,"Federal",63197000,138
"U. Nevada, Reno",2018,"Federal",62635000,139
"Auburn U., Auburn",2018,"Federal",58488000,140
"U. Arkansas for Medical Sciences",2018,"Federal",57523000,141
"Cleveland State U.",2018,"Federal",55468000,142
"U. Montana, Missoula",2018,"Federal",54708000,143
"New Mexico State U.",2018,"Federal",54009000,144
"U. Maryland, Baltimore County",2018,"Federal",53522000,145
"U. Arkansas, Fayetteville",2018,"Federal",52937000,146
"U. Idaho",2018,"Federal",51172000,147
"U. North Dakota",2018,"Federal",51050000,148
"Rensselaer Polytechnic Institute",2018,"Federal",50120000,149
"Augusta U.",2018,"Federal",48800000,150
"U. Maine",2018,"Federal",45348000,151
"U. Texas, El Paso",2018,"Federal",44352000,152
"Naval Postgraduate School",2018,"Federal",44140000,153
"Wright State U.",2018,"Federal",43644000,154
"Oklahoma State U., Stillwater",2018,"Federal",43421000,155
"U. Wyoming",2018,"Federal",42595000,156
"SUNY, Polytechnic Institute",2018,"Federal",41795000,157
"Colorado School of Mines",2018,"Federal",40161000,158
"U. Texas, Dallas",2018,"Federal",40046000,159
"Syracuse U.",2018,"Federal",39538000,160
"San Diego State U.",2018,"Federal",39453000,161
"U. Tennessee, Health Science Center",2018,"Federal",39421000,162
"Brandeis U.",2018,"Federal",38632000,163
"CUNY, City C.",2018,"Federal",36866000,164
"U. Texas, Arlington",2018,"Federal",36027000,165
"North Dakota State U.",2018,"Federal",35122000,166
"San Jose State U.",2018,"Federal",33886000,167
"U. Nevada, Las Vegas",2018,"Federal",33727000,168
"Howard U.",2018,"Federal",33602000,169
"William & Mary",2018,"Federal",33503000,170
"Michigan Technological U.",2018,"Federal",32606000,171
"Old Dominion U.",2018,"Federal",32584000,172
"Florida A&M U.",2018,"Federal",32422000,173
"U. Southern Mississippi",2018,"Federal",31815000,174
"Texas Tech U.",2018,"Federal",31357000,175
"Portland State U.",2018,"Federal",31234000,176
"U. Puerto Rico, Medical Sciences Campus",2018,"Federal",30597000,177
"Boston C.",2018,"Federal",30541000,178
"U. Alabama, Tuscaloosa",2018,"Federal",30447000,179
"U. Massachusetts, Boston",2018,"Federal",30412000,180
"Texas State U.",2018,"Federal",30314000,181
"U. Massachusetts, Lowell",2018,"Federal",30086000,182
"U. Texas, San Antonio",2018,"Federal",29824000,183
"Northern Arizona U.",2018,"Federal",29648000,184
"U. Louisiana, Lafayette",2018,"Federal",28874000,185
"Illinois Institute of Technology",2018,"Federal",28265000,186
"Saint Louis U.",2018,"Federal",28121000,187
"U.S. Air Force Academy",2018,"Federal",27973000,188
"U. North Texas, Health Science Center",2018,"Federal",27579000,189
"South Dakota State U.",2018,"Federal",27129000,190
"Louisiana State U., Health Sciences Center, New Orleans",2018,"Federal",26988000,191
"SUNY, Downstate Health Sciences U.",2018,"Federal",26302000,192
"Stevens Institute of Technology",2018,"Federal",26281000,193
"Rochester Institute of Technology",2018,"Federal",25990000,194
"Lehigh U.",2018,"Federal",25834000,195
"U. Toledo",2018,"Federal",25323000,196
"U. Memphis",2018,"Federal",25166000,197
"Boise State U.",2018,"Federal",24918000,198
"North Carolina A&T State U.",2018,"Federal",24874000,199
"U. Wisconsin-Milwaukee",2018,"Federal",24612000,200
"Morehouse School of Medicine",2018,"Federal",24326000,201
"Brigham Young U., Provo",2018,"Federal",23892000,202
"Air Force Institute of Technology",2018,"Federal",23393000,203
"SUNY, Binghamton U.",2018,"Federal",23392000,204
"Indiana U.-Purdue U., Indianapolis",2018,"Federal",22834000,205
"U. North Carolina, Charlotte",2018,"Federal",22386000,206
"Loyola U., Chicago",2018,"Federal",21994000,207
"Missouri U. of Science and Technology",2018,"Federal",21835000,208
"CUNY, Hunter C.",2018,"Federal",21766000,209
"Eastern Virginia Medical School",2018,"Federal",21356000,210
"Catholic U. of America",2018,"Federal",20749000,211
"SUNY, Upstate Medical U.",2018,"Federal",20391000,212
"New Mexico Institute of Mining and Technology",2018,"Federal",19560000,213
"U. North Texas, Denton",2018,"Federal",19026000,214
"Mercer U.",2018,"Federal",18999000,215
"Florida Atlantic U.",2018,"Federal",18771000,216
"Wichita State U.",2018,"Federal",18706000,217
"Worcester Polytechnic Institute",2018,"Federal",18635000,218
"Desert Research Institute",2018,"Federal",17911000,219
"Rutgers, State U. New Jersey, Newark",2018,"Federal",17516000,220
"Jackson State U.",2018,"Federal",17385000,221
"U. North Carolina, Greensboro",2018,"Federal",17016000,222
"California State U., Northridge",2018,"Federal",15892000,223
"U. Denver",2018,"Federal",15713000,224
"U. South Alabama",2018,"Federal",15098000,225
"U. Maryland Center for Environmental Science",2018,"Federal",15008000,226
"South Carolina State U.",2018,"Federal",14938000,227
"Meharry Medical C.",2018,"Federal",14515000,228
"San Francisco State U.",2018,"Federal",14388000,229
"U. California, Merced",2018,"Federal",14385000,230
"Van Andel Research Institute",2018,"Federal",14285000,231
"Hampton U.",2018,"Federal",14170000,232
"U. Puerto Rico, Mayaguez",2018,"Federal",14111000,233
"California State U., Long Beach",2018,"Federal",14021000,234
"Ohio U.",2018,"Federal",13961000,235
"Loma Linda U.",2018,"Federal",13923000,236
"U. Alaska, Anchorage",2018,"Federal",13597000,237
"Southern Methodist U.",2018,"Federal",13439000,238
"U.S. Military Academy",2018,"Federal",13393000,239
"U.S. Naval Academy",2018,"Federal",13331000,240
"U. Texas Rio Grande Valley",2018,"Federal",13330000,241
"American U.",2018,"Federal",13013000,242
"Delaware State U.",2018,"Federal",13007000,243
"North Carolina Central U.",2018,"Federal",12947000,244
"Texas A&M U.-Corpus Christi",2018,"Federal",12815000,245
"Southern Illinois U., Carbondale",2018,"Federal",12733000,246
"Embry-Riddle Aeronautical U.",2018,"Federal",12661000,247
"East Carolina U.",2018,"Federal",12611000,248
"U. South Dakota",2018,"Federal",12523000,249
"U. Akron",2018,"Federal",12470000,250
"CUNY, Queens C.",2018,"Federal",12390000,251
"U. Hawaii, system office",2018,"Federal",12328000,252
"Alabama A&M U.",2018,"Federal",11704000,253
"Morgan State U.",2018,"Federal",11603000,254
"Kent State U.",2018,"Federal",11118000,255
"U. of the Virgin Islands",2018,"Federal",10852000,256
"Western Michigan U. and Homer Stryker M.D. School of Medicine",2018,"Federal",10828000,257
"Marquette U.",2018,"Federal",10672000,258
"U. Missouri, Kansas City",2018,"Federal",10596000,259
"Tuskegee U.",2018,"Federal",10388000,260
"Tennessee State U.",2018,"Federal",10291000,261
"Albany Medical C.",2018,"Federal",10243000,262
"South Dakota School of Mines and Technology",2018,"Federal",10240000,263
"Charles R. Drew U. of Medicine and Science",2018,"Federal",10198000,264
"Xavier U. Louisiana",2018,"Federal",10165000,265
"Idaho State U.",2018,"Federal",10081000,266
"U. Puerto Rico, Rio Piedras",2018,"Federal",10028000,267
"Northeast Ohio Medical U.",2018,"Federal",9743000,268
"Miami U.",2018,"Federal",9627000,269
"California Polytechnic State U., San Luis Obispo",2018,"Federal",9613000,270
"Rowan U.",2018,"Federal",9602000,271
"Rosalind Franklin U. of Medicine and Science",2018,"Federal",9249000,272
"Louisiana State U., Health Sciences Center, Shreveport",2018,"Federal",9235000,273
"Teachers C., Columbia U.",2018,"Federal",8925000,274
"Northern Illinois U.",2018,"Federal",8903000,275
"U. West Florida",2018,"Federal",8634000,276
"U. Guam",2018,"Federal",8597000,277
"California State U., Los Angeles",2018,"Federal",8586000,278
"Marshall U.",2018,"Federal",8584000,279
"Florida Institute of Technology",2018,"Federal",8511000,280
"Prairie View A&M U.",2018,"Federal",8421000,281
"Clarkson U.",2018,"Federal",8203000,282
"New York Medical C.",2018,"Federal",8141000,283
"U. Nebraska, Omaha",2018,"Federal",7939000,284
"California State U., San Bernardino",2018,"Federal",7920000,285
"Nova Southeastern U.",2018,"Federal",7853000,286
"Texas Tech U., Health Sciences Center",2018,"Federal",7546000,287
"California State U., San Marcos",2018,"Federal",7497000,288
"Langston U.",2018,"Federal",7474000,289
"Texas A&M U.-Kingsville",2018,"Federal",7459000,290
"U. Baltimore",2018,"Federal",7431000,291
"Alcorn State U.",2018,"Federal",7372000,292
"St. Edward's U.",2018,"Federal",7289000,293
"East Tennessee State U.",2018,"Federal",7168000,294
"U. Massachusetts, Dartmouth",2018,"Federal",7156000,295
"Central Michigan U.",2018,"Federal",7130000,296
"Norfolk State U.",2018,"Federal",6912000,297
"SUNY, C. of Environmental Science and Forestry",2018,"Federal",6873000,298
"U. Texas Health Science Center, Tyler",2018,"Federal",6438000,299
"California State U., Sacramento",2018,"Federal",6392000,300
"U. Missouri, Saint Louis",2018,"Federal",6364000,301
"Illinois State U.",2018,"Federal",6312000,302
"Bowling Green State U.",2018,"Federal",6056000,303
"CUNY, John Jay C. of Criminal Justice",2018,"Federal",5896000,304
"Louisiana Tech U.",2018,"Federal",5801000,305
"Baylor U.",2018,"Federal",5782000,306
"Oakland U.",2018,"Federal",5777000,307
"U. Arkansas, Little Rock",2018,"Federal",5764000,308
"Duquesne U.",2018,"Federal",5762000,309
"U. North Carolina, Wilmington",2018,"Federal",5732000,310
"Creighton U.",2018,"Federal",5721000,311
"Virginia State U.",2018,"Federal",5655000,312
"Clark Atlanta U.",2018,"Federal",5634000,313
"Kentucky State U.",2018,"Federal",5618000,314
"U. Minnesota, Duluth",2018,"Federal",5520000,315
"Dillard U.",2018,"Federal",5503000,316
"Tennessee Technological U.",2018,"Federal",5390000,317
"West Virginia State U.",2018,"Federal",5361000,318
"U. Hawaii, Hilo",2018,"Federal",5264000,319
"U. New Orleans",2018,"Federal",5258000,320
"CUNY, Graduate School of Public Health and Health Policy",2018,"Federal",5080000,321
"California State U., Fullerton",2018,"Federal",4981000,322
"U. New England",2018,"Federal",4976000,323
"Fordham U.",2018,"Federal",4973000,324
"U. Maryland, Eastern Shore",2018,"Federal",4890000,325
"Montana Technological U.",2018,"Federal",4691000,326
"U. Tulsa",2018,"Federal",4615000,327
"DePaul U.",2018,"Federal",4532000,328
"Morehouse C.",2018,"Federal",4531000,329
"CUNY, Lehman C.",2018,"Federal",4478000,330
"Western Washington U.",2018,"Federal",4393000,331
"U. Detroit Mercy",2018,"Federal",4385000,332
"Naval War C.",2018,"Federal",4384000,333
"C. Charleston",2018,"Federal",4376000,334
"Arkansas State U., Jonesboro",2018,"Federal",4371000,335
"Wesleyan U.",2018,"Federal",4353000,336
"California State Polytechnic U., Pomona",2018,"Federal",4297000,337
"Tarleton State U.",2018,"Federal",4288000,338
"CUNY, Brooklyn C.",2018,"Federal",4280000,339
"National Defense U.",2018,"Federal",4276000,340
"Vassar C.",2018,"Federal",4185000,341
"U. Colorado Colorado Springs",2018,"Federal",4094000,342
"Chapman U.",2018,"Federal",4057000,343
"CUNY, Advanced Science Research Center",2018,"Federal",4027000,344
"Missouri State U.",2018,"Federal",3995000,345
"California State U., Fresno",2018,"Federal",3969000,346
"Villanova U.",2018,"Federal",3968000,347
"Wellesley C.",2018,"Federal",3947000,348
"U. New Haven",2018,"Federal",3853000,349
"U. North Florida",2018,"Federal",3818000,350
"Fort Valley State U.",2018,"Federal",3700000,351
"U. Arkansas, Pine Bluff",2018,"Federal",3683000,352
"Youngstown State U.",2018,"Federal",3634000,353
"California State U., Monterey Bay",2018,"Federal",3607000,354
"Seton Hall U.",2018,"Federal",3551000,355
"Montclair State U.",2018,"Federal",3505000,356
"Southern U. and A&M C., Baton Rouge",2018,"Federal",3431000,357
"Rhode Island C.",2018,"Federal",3337000,358
"Smith C.",2018,"Federal",3305000,359
"Dakota State U.",2018,"Federal",3273000,360
"California State U., Bakersfield",2018,"Federal",3243000,361
"Southern Illinois U., Edwardsville",2018,"Federal",3209000,362
"Purdue U., Northwest",2018,"Federal",3205000,363
"Texas Christian U.",2018,"Federal",3198000,364
"Tougaloo C.",2018,"Federal",3173000,365
"Florida Gulf Coast U.",2018,"Federal",3164000,366
"Western Kentucky U.",2018,"Federal",3162000,367
"Southern U. and A&M C., Agricultural Research and Extension Center",2018,"Federal",3057000,368
"Ball State U.",2018,"Federal",3028000,369
"California State Polytechnic U., Humboldt",2018,"Federal",3024000,370
"Claremont Graduate U.",2018,"Federal",2982000,371
"Clark U.",2018,"Federal",2962000,372
"MGH Institute of Health Professions",2018,"Federal",2957000,373
"U. Central del Caribe",2018,"Federal",2937000,374
"U. Washington, Bothell",2018,"Federal",2920000,375
"Texas Southern U.",2018,"Federal",2839000,376
"Fisk U.",2018,"Federal",2781000,377
"Western U. of Health Sciences",2018,"Federal",2755000,378
"Pacific U.",2018,"Federal",2637000,379
"CUNY, Graduate Center",2018,"Federal",2592000,380
"Carleton C.",2018,"Federal",2542000,381
"Texas Tech U., Health Sciences Center, El Paso",2018,"Federal",2532000,382
"Lincoln U., Jefferson City",2018,"Federal",2498000,383
"Barnard C.",2018,"Federal",2491000,384
"Fayetteville State U.",2018,"Federal",2445000,385
"Northeastern Illinois U.",2018,"Federal",2442000,386
"U. South Carolina, Aiken",2018,"Federal",2437000,387
"Alabama State U.",2018,"Federal",2434000,388
"U. San Diego",2018,"Federal",2397000,389
"Middle Tennessee State U.",2018,"Federal",2391000,390
"U. Southern Maine",2018,"Federal",2362000,391
"Kennesaw State U.",2018,"Federal",2343000,392
"Central State U.",2018,"Federal",2299000,393
"U. Northern Colorado",2018,"Federal",2271000,394
"Gallaudet U.",2018,"Federal",2259000,395
"Bryn Mawr C.",2018,"Federal",2242000,396
"U. Washington, Tacoma",2018,"Federal",2230000,397
"Mount Holyoke C.",2018,"Federal",2210000,398
"Sam Houston State U.",2018,"Federal",2200000,399
"U. of the Pacific",2018,"Federal",2141000,400
"Towson U.",2018,"Federal",2133000,401
"Pace U.",2018,"Federal",2117000,402
"Bowdoin C.",2018,"Federal",2065000,403
"Northwest Indian C.",2018,"Federal",2037000,404
"U. of the District of Columbia",2018,"Federal",2021000,405
"Texas A&M International U.",2018,"Federal",2008000,406
"Johnson C. Smith U.",2018,"Federal",2003000,407
"CUNY, C. Staten Island",2018,"Federal",1982000,408
"CUNY, New York City C. of Technology",2018,"Federal",1978000,409
"CUNY, system office",2018,"Federal",1977000,410
"SUNY, C. of Optometry",2018,"Federal",1944000,411
"Long Island U.",2018,"Federal",1929000,412
"U. Wisconsin-Superior",2018,"Federal",1924000,413
"Appalachian State U.",2018,"Federal",1922000,414
"Hawaii Pacific U.",2018,"Federal",1905000,415
"Skidmore C.",2018,"Federal",1893000,416
"Benedict C.",2018,"Federal",1889000,417
"James Madison U.",2018,"Federal",1879000,418
"New School",2018,"Federal",1857000,419
"Central Washington U.",2018,"Federal",1840000,420
"Bowie State U.",2018,"Federal",1839000,421
"Morehead State U.",2018,"Federal",1839000,421
"U. Houston-Downtown",2018,"Federal",1836000,423
"Erikson Institute",2018,"Federal",1822000,424
"Grambling State U.",2018,"Federal",1806000,425
"Georgia Southern U.",2018,"Federal",1805000,426
"Salisbury U.",2018,"Federal",1805000,426
"U. Louisiana, Monroe",2018,"Federal",1789000,428
"Savannah State U.",2018,"Federal",1778000,429
"Middlebury C.",2018,"Federal",1774000,430
"Harvey Mudd C.",2018,"Federal",1762000,431
"Franklin and Marshall C.",2018,"Federal",1760000,432
"Toyota Technological Institute, Chicago",2018,"Federal",1759000,433
"Grand Valley State U.",2018,"Federal",1719000,434
"U. Northern Iowa",2018,"Federal",1697000,435
"Spelman C.",2018,"Federal",1673000,436
"Haverford C.",2018,"Federal",1665000,437
"Seattle U.",2018,"Federal",1644000,438
"U. Alaska, Southeast",2018,"Federal",1636000,439
"Amherst C.",2018,"Federal",1630000,440
"Winston-Salem State U.",2018,"Federal",1629000,441
"U. Richmond",2018,"Federal",1628000,442
"St. John's U., New York",2018,"Federal",1612000,443
"U. Oklahoma, Tulsa",2018,"Federal",1605000,444
"Santa Clara U.",2018,"Federal",1592000,445
"Murray State U.",2018,"Federal",1587000,446
"Swarthmore C.",2018,"Federal",1586000,447
"U. Wisconsin-Stevens Point",2018,"Federal",1575000,448
"Rutgers, State U. New Jersey, Camden",2018,"Federal",1567000,449
"Western Illinois U.",2018,"Federal",1551000,450
"Eastern Michigan U.",2018,"Federal",1522000,451
"New York Institute of Technology",2018,"Federal",1501000,452
"Claflin U.",2018,"Federal",1491000,453
"U. Tennessee, Chattanooga",2018,"Federal",1490000,454
"Williams C.",2018,"Federal",1458000,455
"U. Michigan, Dearborn",2018,"Federal",1448000,456
"U. North Carolina, Asheville",2018,"Federal",1442000,457
"Black Hills State U.",2018,"Federal",1437000,458
"Texas Woman's U.",2018,"Federal",1422000,459
"Winthrop U.",2018,"Federal",1419000,460
"Alfred U.",2018,"Federal",1416000,461
"CUNY, Baruch C.",2018,"Federal",1412000,462
"Touro U., California",2018,"Federal",1410000,463
"Colgate U.",2018,"Federal",1389000,464
"Lamar U.",2018,"Federal",1380000,465
"Calvin U.",2018,"Federal",1363000,466
"California State U., Dominguez Hills",2018,"Federal",1354000,467
"Bucknell U.",2018,"Federal",1329000,468
"West Texas A&M U.",2018,"Federal",1329000,468
"Midwestern U.",2018,"Federal",1278000,470
"Hofstra U.",2018,"Federal",1275000,471
"U. Central Arkansas",2018,"Federal",1262000,472
"SUNY, C. Plattsburgh",2018,"Federal",1254000,473
"Stephen F. Austin State U.",2018,"Federal",1242000,474
"Dine C.",2018,"Federal",1238000,475
"Saginaw Valley State U.",2018,"Federal",1227000,476
"Fairfield U.",2018,"Federal",1222000,477
"Colby C.",2018,"Federal",1213000,478
"Trinity U.",2018,"Federal",1187000,479
"U. Wisconsin-La Crosse",2018,"Federal",1171000,480
"Texas A&M U.-Commerce",2018,"Federal",1159000,481
"Chicago State U.",2018,"Federal",1154000,482
"Lafayette C.",2018,"Federal",1133000,483
"U. Central Oklahoma",2018,"Federal",1127000,484
"Bates C.",2018,"Federal",1121000,485
"Furman U.",2018,"Federal",1110000,486
"U. Illinois, Springfield",2018,"Federal",1109000,487
"U. Wisconsin-Oshkosh",2018,"Federal",1106000,488
"Hope C.",2018,"Federal",1100000,489
"Palmer C. of Chiropractic, Davenport",2018,"Federal",1100000,489
"Oberlin C.",2018,"Federal",1096000,491
"Albany C. of Pharmacy and Health Sciences",2018,"Federal",1094000,492
"Eastern Washington U.",2018,"Federal",1081000,493
"U. Nebraska, Kearney",2018,"Federal",1075000,494
"Christopher Newport U.",2018,"Federal",1069000,495
"Reed C.",2018,"Federal",1065000,496
"California State U., Chico",2018,"Federal",1060000,497
"SUNY, Buffalo State U.",2018,"Federal",1057000,498
"Canisius U.",2018,"Federal",1054000,499
"Roger Williams U.",2018,"Federal",1052000,500
"Southeastern Louisiana U.",2018,"Federal",1046000,501
"Loyola Marymount U.",2018,"Federal",1040000,502
"Western Carolina U.",2018,"Federal",1038000,503
"Coastal Carolina U.",2018,"Federal",1031000,504
"Pennsylvania State U., Behrend",2018,"Federal",1025000,505
"Oklahoma State U., Center for Health Sciences",2018,"Federal",1021000,506
"U. North Georgia",2018,"Federal",1013000,507
"SUNY, Geneseo",2018,"Federal",998000,508
"Elizabeth City State U.",2018,"Federal",960000,509
"Providence C.",2018,"Federal",960000,509
"Des Moines U.",2018,"Federal",933000,511
"Indiana State U.",2018,"Federal",927000,512
"Gettysburg C.",2018,"Federal",901000,513
"Occidental C.",2018,"Federal",901000,513
"U. Houston-Clear Lake",2018,"Federal",894000,515
"Indiana U. Pennsylvania",2018,"Federal",891000,516
"Northern Kentucky U.",2018,"Federal",890000,517
"Union C., Schenectady",2018,"Federal",885000,518
"U. Puerto Rico, Humacao",2018,"Federal",882000,519
"Willamette U.",2018,"Federal",872000,520
"Pomona C.",2018,"Federal",868000,521
"U. of the Incarnate Word",2018,"Federal",868000,521
"Lewis and Clark C.",2018,"Federal",848000,523
"Albany State U.",2018,"Federal",839000,524
"New England C. of Optometry",2018,"Federal",837000,525
"C. New Jersey",2018,"Federal",829000,526
"Southern Connecticut State U.",2018,"Federal",823000,527
"Davidson C.",2018,"Federal",813000,528
"Keck Graduate Institute",2018,"Federal",811000,529
"Trinity C., Hartford",2018,"Federal",794000,530
"Purdue U., Fort Wayne",2018,"Federal",773000,531
"Kenyon C.",2018,"Federal",764000,532
"C. Wooster",2018,"Federal",744000,533
"New Mexico Highlands U.",2018,"Federal",741000,534
"California State U., Stanislaus",2018,"Federal",734000,535
"U. Texas, Tyler",2018,"Federal",719000,536
"Pepperdine U.",2018,"Federal",713000,537
"U. Wisconsin-Eau Claire",2018,"Federal",705000,538
"Drake U.",2018,"Federal",699000,539
"Yeshiva U.",2018,"Federal",683000,540
"Milwaukee School of Engineering",2018,"Federal",680000,541
"SUNY, C. Brockport",2018,"Federal",672000,542
"West Chester U. Pennsylvania",2018,"Federal",671000,543
"SUNY, Oswego",2018,"Federal",661000,544
"Eastern Kentucky U.",2018,"Federal",655000,545
"Lincoln U.",2018,"Federal",645000,546
"William Paterson U.",2018,"Federal",642000,547
"Minnesota State U., Mankato",2018,"Federal",639000,548
"Grinnell C.",2018,"Federal",635000,549
"U. Puerto Rico, Cayey",2018,"Federal",632000,550
"La Sierra U.",2018,"Federal",623000,551
"Austin Peay State U.",2018,"Federal",599000,552
"U. Hartford",2018,"Federal",591000,553
"Claremont McKenna C.",2018,"Federal",555000,554
"Macalester C.",2018,"Federal",553000,555
"Sul Ross State U.",2018,"Federal",553000,555
"U. Wisconsin-Green Bay",2018,"Federal",546000,557
"St. Cloud State U.",2018,"Federal",529000,558
"Connecticut C.",2018,"Federal",505000,559
"Northwestern State U. Louisiana",2018,"Federal",490000,560
"Lawrence Technological U.",2018,"Federal",479000,561
"Franklin W. Olin C. of Engineering",2018,"Federal",472000,562
"U. Ana G. Mendez, Gurabo",2018,"Federal",471000,563
"U. Wisconsin-River Falls",2018,"Federal",445000,564
"Alaska Pacific U.",2018,"Federal",436000,565
"Colorado C.",2018,"Federal",429000,566
"U. of Mary Washington",2018,"Federal",418000,567
"Marshall B. Ketchum U.",2018,"Federal",354000,568
"Northern Michigan U.",2018,"Federal",354000,568
"Merrimack C.",2018,"Federal",353000,570
"U. California, Office of the President",2018,"Federal",343000,571
"St. Olaf C.",2018,"Federal",333000,572
"U. of St. Thomas (MN)",2018,"Federal",320000,573
"U. San Francisco",2018,"Federal",310000,574
"Elon U.",2018,"Federal",309000,575
"Pennsylvania State U., Harrisburg",2018,"Federal",292000,576
"California State U., Channel Islands",2018,"Federal",284000,577
"Philadelphia C. of Osteopathic Medicine",2018,"Federal",260000,578
"Saint Joseph's U.",2018,"Federal",252000,579
"Stockton U.",2018,"Federal",246000,580
"Lake Superior State U.",2018,"Federal",237000,581
"Oregon Institute of Technology",2018,"Federal",235000,582
"Memorial Sloan Kettering Cancer Center, Louis V. Gerstner Jr. Graduate S. of Biomedical Sciences",2018,"Federal",201000,583
"Azusa Pacific U.",2018,"Federal",199000,584
"Edward Via C. of Osteopathic Medicine",2018,"Federal",195000,585
"Pittsburg State U.",2018,"Federal",195000,585
"Heidelberg U.",2018,"Federal",163000,587
"Hamilton C.",2018,"Federal",129000,588
"Albion C.",2018,"Federal",114000,589
"Indiana U., South Bend",2018,"Federal",111000,590
"U. Texas of the Permian Basin",2018,"Federal",50000,591
"Wheaton C., Wheaton",2018,"Federal",50000,591
"C. of Saint Benedict",2018,"Federal",47000,593
"Eastern Connecticut State U.",2018,"Federal",36000,594
"Roseman U. of Health Sciences",2018,"Federal",18000,595
"Framingham State U.",2018,"Federal",17000,596
"Babson C.",2018,"Federal",12000,597
"Abilene Christian U.",2018,"Federal",NA,NA
"Andrews U.",2018,"Federal",NA,NA
"Arcadia U.",2018,"Federal",NA,NA
"Bentley U.",2018,"Federal",NA,NA
"Bryant U.",2018,"Federal",NA,NA
"Butler U.",2018,"Federal",NA,NA
"CUNY, York C.",2018,"Federal",NA,NA
"California State U., East Bay",2018,"Federal",NA,NA
"Central Connecticut State U.",2018,"Federal",NA,NA
"Citadel Military C. South Carolina",2018,"Federal",NA,NA
"Colorado State U., Pueblo",2018,"Federal",NA,NA
"East Stroudsburg U. Pennsylvania",2018,"Federal",NA,NA
"Ferris State U.",2018,"Federal",NA,NA
"Florida Polytechnic U.",2018,"Federal",NA,NA
"Fort Lewis C.",2018,"Federal",NA,NA
"Gustavus Adolphus C.",2018,"Federal",NA,NA
"Hobart and William Smith Colleges",2018,"Federal",NA,NA
"Ithaca C.",2018,"Federal",NA,NA
"Kean U.",2018,"Federal",NA,NA
"Liberty U.",2018,"Federal",NA,NA
"Lincoln Memorial U.",2018,"Federal",NA,NA
"Lipscomb U.",2018,"Federal",NA,NA
"Manhattan C.",2018,"Federal",NA,NA
"Marian U., Indianapolis",2018,"Federal",NA,NA
"Marymount U.",2018,"Federal",NA,NA
"Monmouth U.",2018,"Federal",NA,NA
"National U. of Natural Medicine",2018,"Federal",NA,NA
"Nevada State C.",2018,"Federal",NA,NA
"New C. Florida",2018,"Federal",NA,NA
"Northland C.",2018,"Federal",NA,NA
"Norwich U.",2018,"Federal",NA,NA
"Pennsylvania State U., Altoona",2018,"Federal",NA,NA
"Pratt Institute",2018,"Federal",NA,NA
"Radford U.",2018,"Federal",NA,NA
"Robert Morris U.",2018,"Federal",NA,NA
"SUNY, Cobleskill",2018,"Federal",NA,NA
"Sacred Heart U.",2018,"Federal",NA,NA
"Sonoma State U.",2018,"Federal",NA,NA
"Southern U., New Orleans",2018,"Federal",NA,NA
"St. Mary's C. Maryland",2018,"Federal",NA,NA
"Suffolk U.",2018,"Federal",NA,NA
"Texas A&M U.-San Antonio",2018,"Federal",NA,NA
"Touro U., New Yorkg",2018,"Federal",NA,NA
"Troy U.",2018,"Federal",NA,NA
"U. Colorado Anschutz Medical Campusc",2018,"Federal",NA,NA
"U. Colorado Denverc",2018,"Federal",NA,NA
"U. Hawaii, Maui C.",2018,"Federal",NA,NA
"U. Marylandb",2018,"Federal",NA,NA
"U. Nebraska, Lincoln and Medical Centerd",2018,"Federal",NA,NA
"U. Puerto Rico, Ponce",2018,"Federal",NA,NA
"U. Puget Sound",2018,"Federal",NA,NA
"U. Scranton",2018,"Federal",NA,NA
"U. South Carolina, Beaufort",2018,"Federal",NA,NA
"U. Virginia's C. Wise",2018,"Federal",NA,NA
"U. Wisconsin-Platteville",2018,"Federal",NA,NA
"U. of Health Sciences and Pharmacy in St. Louis",2018,"Federal",NA,NA
"U.S. Army War C.",2018,"Federal",NA,NA
"U.S. Coast Guard Academy",2018,"Federal",NA,NA
"United Tribes Technical C.",2018,"Federal",NA,NA
"Ursinus C.",2018,"Federal",NA,NA
"Utah Valley U.",2018,"Federal",NA,NA
"Virginia Military Institute",2018,"Federal",NA,NA
"West Virginia School of Osteopathic Medicine",2018,"Federal",NA,NA
"Western New England U.",2018,"Federal",NA,NA
"Whitman C.",2018,"Federal",NA,NA
"All institutions",2019,"Federal",44460361000,1
"Johns Hopkins U",2019,"Federal",2482130000,2
"U. Washington, Seattle",2019,"Federal",992643000,3
"U. Michigan, Ann Arbor",2019,"Federal",886851000,4
"Stanford U.",2019,"Federal",738957000,5
"Columbia U. in the City of New York",2019,"Federal",736536000,6
"U. North Carolina, Chapel Hill",2019,"Federal",720613000,7
"U. Pennsylvania",2019,"Federal",717359000,8
"Georgia Institute of Technology",2019,"Federal",716207000,9
"Duke U.",2019,"Federal",709705000,10
"U. California, San Diego",2019,"Federal",698925000,11
"U. Marylandb",2019,"Federal",696880000,12
"U. Pittsburgh, Pittsburgh",2019,"Federal",677559000,13
"U. California, San Francisco",2019,"Federal",671047000,14
"All other surveyed institutions",2019,"Federal",649512000,15
"Harvard U.",2019,"Federal",618405000,16
"U. Wisconsin-Madison",2019,"Federal",608925000,17
"U. California, Los Angeles",2019,"Federal",600714000,18
"Pennsylvania State U., University Park and Hershey Medical Center",2019,"Federal",600489000,19
"Yale U.",2019,"Federal",576776000,20
"U. Southern California",2019,"Federal",543607000,21
"Washington U., Saint Louis",2019,"Federal",543508000,22
"Cornell U.",2019,"Federal",525182000,23
"Northwestern U.",2019,"Federal",502300000,24
"Ohio State U.",2019,"Federal",497651000,25
"U. Minnesota, Twin Cities",2019,"Federal",494549000,26
"Vanderbilt U. and Vanderbilt U. Medical Center",2019,"Federal",492808000,27
"Massachusetts Institute of Technology",2019,"Federal",489345000,28
"Icahn School of Medicine at Mount Sinai",2019,"Federal",443745000,29
"New York U.",2019,"Federal",436850000,30
"Emory U.",2019,"Federal",424461000,31
"U. Colorado Boulder",2019,"Federal",412691000,32
"U. Texas, Austin",2019,"Federal",407981000,33
"U. Alabama, Birmingham",2019,"Federal",398403000,34
"U. Florida",2019,"Federal",387906000,35
"U. Illinois, Urbana-Champaign",2019,"Federal",382206000,36
"U. California, Davis",2019,"Federal",374707000,37
"Texas A&M U., College Station and Health Science Center",2019,"Federal",359609000,38
"Case Western Reserve U.",2019,"Federal",357549000,39
"U. California, Berkeley",2019,"Federal",347601000,40
"U. Chicago",2019,"Federal",332776000,41
"Michigan State U.",2019,"Federal",331148000,42
"U. Arizona",2019,"Federal",327025000,43
"Boston U.",2019,"Federal",318511000,44
"Baylor C. of Medicine",2019,"Federal",309354000,45
"Indiana U., Bloomington",2019,"Federal",308586000,46
"U. Rochester",2019,"Federal",306551000,47
"U. Utah",2019,"Federal",302585000,48
"Oregon Health and Science U.",2019,"Federal",298227000,49
"Uniformed Services U. of the Health Sciences",2019,"Federal",297808000,50
"Rutgers, State U. New Jersey, New Brunswick",2019,"Federal",297609000,51
"California Institute of Technology",2019,"Federal",287198000,52
"Colorado State U., Fort Collins",2019,"Federal",284482000,53
"U. Virginia, Charlottesville",2019,"Federal",276335000,54
"Scripps Research Institute",2019,"Federal",267122000,55
"Arizona State U.",2019,"Federal",267087000,56
"U. Cincinnati",2019,"Federal",252892000,57
"U. Iowa",2019,"Federal",252563000,58
"Purdue U., West Lafayette",2019,"Federal",249831000,59
"North Carolina State U.",2019,"Federal",228945000,60
"Utah State U.",2019,"Federal",220504000,61
"U. California, Irvine",2019,"Federal",217094000,62
"U. Miami",2019,"Federal",212023000,63
"Virginia Polytechnic Institute and State U.",2019,"Federal",209607000,64
"U. Illinois, Chicago",2019,"Federal",208603000,65
"U. Texas Southwestern Medical Center",2019,"Federal",203544000,66
"Albert Einstein C. of Medicine",2019,"Federal",202513000,67
"Carnegie Mellon U.",2019,"Federal",197978000,68
"U. Massachusetts, Medical School",2019,"Federal",197388000,69
"Princeton U.",2019,"Federal",193453000,70
"U. Kentucky",2019,"Federal",192945000,71
"Woods Hole Oceanographic Institution",2019,"Federal",184995000,72
"SUNY, U. Buffalo",2019,"Federal",182983000,73
"U. South Floridae",2019,"Federal",181882000,74
"Brown U.",2019,"Federal",178460000,75
"U. Texas M. D. Anderson Cancer Center",2019,"Federal",176156000,76
"U. Kansas",2019,"Federal",169694000,77
"Oregon State U.",2019,"Federal",168571000,78
"U. Hawaii, Manoa",2019,"Federal",167816000,79
"Wake Forest U.",2019,"Federal",165702000,80
"U. Oklahoma, Norman and Health Science Center",2019,"Federal",164855000,81
"Temple U.",2019,"Federal",161673000,82
"U. Georgia",2019,"Federal",159948000,83
"U. New Mexico",2019,"Federal",159940000,84
"U. Connecticut",2019,"Federal",159220000,85
"Washington State U.",2019,"Federal",158982000,86
"George Washington U.",2019,"Federal",155697000,87
"U. Dayton",2019,"Federal",153328000,88
"Medical U. South Carolina",2019,"Federal",153226000,89
"Florida State U.",2019,"Federal",149784000,90
"Iowa State U.",2019,"Federal",147866000,91
"Tufts U.",2019,"Federal",146630000,92
"SUNY, Stony Brook U.",2019,"Federal",144618000,93
"Virginia Commonwealth U.",2019,"Federal",142293000,94
"U. Missouri, Columbia",2019,"Federal",139781000,95
"Dartmouth C. and Dartmouth Hitchcock Medical Center",2019,"Federal",137965000,96
"U. Delaware",2019,"Federal",133020000,97
"U. Texas Health Science Center, Houston",2019,"Federal",132647000,98
"Northeastern U.",2019,"Federal",126762000,99
"U. Tennessee, Knoxvillef",2019,"Federal",123434000,100
"Medical C. Wisconsin",2019,"Federal",119036000,101
"U. California, Santa Barbara",2019,"Federal",118517000,102
"Wayne State U.",2019,"Federal",118043000,103
"U. Massachusetts, Amherst",2019,"Federal",117359000,104
"U. Texas Medical Branch",2019,"Federal",107806000,105
"U. Notre Dame",2019,"Federal",106411000,106
"Mississippi State U.",2019,"Federal",104738000,107
"Tulane U.",2019,"Federal",104219000,108
"U. South Carolina, Columbia",2019,"Federal",102992000,109
"U. Central Florida",2019,"Federal",99310000,110
"Florida International U.",2019,"Federal",96912000,111
"U. Texas Health Science Center, San Antonio",2019,"Federal",96502000,112
"George Mason U.",2019,"Federal",96307000,113
"Georgetown U.",2019,"Federal",94050000,114
"U. Alaska, Fairbanks",2019,"Federal",92964000,115
"SUNY, U. Albany",2019,"Federal",92709000,116
"U. Vermont",2019,"Federal",90405000,117
"U. New Hampshire",2019,"Federal",90241000,118
"New Jersey Institute of Technology",2019,"Federal",89846000,119
"Montana State U., Bozeman",2019,"Federal",88955000,120
"Louisiana State U., Baton Rouge",2019,"Federal",88721000,121
"U. Louisville",2019,"Federal",87563000,122
"Drexel U.",2019,"Federal",85278000,123
"U. Alabama, Huntsville",2019,"Federal",85211000,124
"Rockefeller U.",2019,"Federal",84566000,125
"Rice U.",2019,"Federal",83584000,126
"West Virginia U.",2019,"Federal",82353000,127
"Kansas State U.",2019,"Federal",81269000,128
"U. California, Riverside",2019,"Federal",81151000,129
"Clemson U.",2019,"Federal",81080000,130
"U. Oregon",2019,"Federal",80083000,131
"Thomas Jefferson U.",2019,"Federal",74816000,132
"U. California, Santa Cruz",2019,"Federal",74669000,133
"U. Mississippi",2019,"Federal",73865000,134
"Cold Spring Harbor Laboratory",2019,"Federal",73854000,135
"U. Rhode Island",2019,"Federal",73080000,136
"Georgia State U.",2019,"Federal",70185000,137
"Rush U.",2019,"Federal",68941000,138
"U. Houston",2019,"Federal",68523000,139
"Auburn U., Auburn",2019,"Federal",64333000,140
"U. Arkansas for Medical Sciences",2019,"Federal",63498000,141
"U. Nevada, Reno",2019,"Federal",62903000,142
"New Mexico State U.",2019,"Federal",58022000,143
"U. Maryland, Baltimore County",2019,"Federal",56993000,144
"U. Montana, Missoula",2019,"Federal",55566000,145
"Naval Postgraduate School",2019,"Federal",54358000,146
"U. Wyoming",2019,"Federal",52082000,147
"U. Idaho",2019,"Federal",51529000,148
"Cleveland State U.",2019,"Federal",51475000,149
"U. Maine",2019,"Federal",51049000,150
"U. Arkansas, Fayetteville",2019,"Federal",50875000,151
"Rensselaer Polytechnic Institute",2019,"Federal",50448000,152
"U. North Dakota",2019,"Federal",49700000,153
"Colorado School of Mines",2019,"Federal",49603000,154
"U. Texas, Dallas",2019,"Federal",48466000,155
"Augusta U.",2019,"Federal",47031000,156
"U. Southern Mississippi",2019,"Federal",46924000,157
"U. Tennessee, Health Science Center",2019,"Federal",42396000,158
"U. Texas, Arlington",2019,"Federal",41764000,159
"Brandeis U.",2019,"Federal",41475000,160
"Wright State U.",2019,"Federal",41428000,161
"U. Texas, El Paso",2019,"Federal",41261000,162
"Oklahoma State U., Stillwater",2019,"Federal",39880000,163
"San Diego State U.",2019,"Federal",39515000,164
"SUNY, Polytechnic Institute",2019,"Federal",38245000,165
"U. Alabama, Tuscaloosa",2019,"Federal",37916000,166
"Syracuse U.",2019,"Federal",37803000,167
"Northern Arizona U.",2019,"Federal",35980000,168
"Florida A&M U.",2019,"Federal",35362000,169
"North Dakota State U.",2019,"Federal",35322000,170
"U. Massachusetts, Lowell",2019,"Federal",35309000,171
"U.S. Air Force Academy",2019,"Federal",35294000,172
"San Jose State U.",2019,"Federal",35143000,173
"Texas Tech U.",2019,"Federal",35136000,174
"Michigan Technological U.",2019,"Federal",34709000,175
"U. Texas, San Antonio",2019,"Federal",34588000,176
"U. Puerto Rico, Medical Sciences Campus",2019,"Federal",34570000,177
"U. Louisiana, Lafayette",2019,"Federal",34400000,178
"Saint Louis U.",2019,"Federal",34275000,179
"CUNY, City C.",2019,"Federal",33065000,180
"Portland State U.",2019,"Federal",33055000,181
"Boston C.",2019,"Federal",32475000,182
"William & Mary",2019,"Federal",31983000,183
"Old Dominion U.",2019,"Federal",31355000,184
"Louisiana State U., Health Sciences Center, New Orleans",2019,"Federal",31290000,185
"Howard U.",2019,"Federal",29978000,186
"South Dakota State U.",2019,"Federal",29683000,187
"Wichita State U.",2019,"Federal",29634000,188
"Texas State U.",2019,"Federal",29614000,189
"Illinois Institute of Technology",2019,"Federal",28827000,190
"U. Nevada, Las Vegas",2019,"Federal",28381000,191
"Stevens Institute of Technology",2019,"Federal",28342000,192
"U. Toledo",2019,"Federal",28273000,193
"Indiana U.-Purdue U., Indianapolis",2019,"Federal",27349000,194
"U. North Texas, Health Science Center",2019,"Federal",27260000,195
"Mercer U.",2019,"Federal",27035000,196
"SUNY, Downstate Health Sciences U.",2019,"Federal",26914000,197
"Lehigh U.",2019,"Federal",26554000,198
"Rochester Institute of Technology",2019,"Federal",26359000,199
"U. North Carolina, Charlotte",2019,"Federal",26199000,200
"U. Massachusetts, Boston",2019,"Federal",25083000,201
"Boise State U.",2019,"Federal",24493000,202
"SUNY, Binghamton U.",2019,"Federal",24213000,203
"Brigham Young U., Provo",2019,"Federal",23901000,204
"North Carolina A&T State U.",2019,"Federal",23863000,205
"Loyola U., Chicago",2019,"Federal",23562000,206
"CUNY, Hunter C.",2019,"Federal",23485000,207
"U. Wisconsin-Milwaukee",2019,"Federal",23342000,208
"Worcester Polytechnic Institute",2019,"Federal",22964000,209
"New Mexico Institute of Mining and Technology",2019,"Federal",22864000,210
"Morehouse School of Medicine",2019,"Federal",22461000,211
"Missouri U. of Science and Technology",2019,"Federal",22426000,212
"SUNY, Upstate Medical U.",2019,"Federal",22028000,213
"U. Denver",2019,"Federal",22012000,214
"Air Force Institute of Technology",2019,"Federal",21856000,215
"Florida Atlantic U.",2019,"Federal",21667000,216
"Catholic U. of America",2019,"Federal",21642000,217
"U. South Alabama",2019,"Federal",19947000,218
"Eastern Virginia Medical School",2019,"Federal",19408000,219
"U. North Carolina, Greensboro",2019,"Federal",18923000,220
"U. Missouri, Kansas City",2019,"Federal",18624000,221
"U. Memphis",2019,"Federal",18370000,222
"Van Andel Research Institute",2019,"Federal",18259000,223
"Southern Methodist U.",2019,"Federal",17869000,224
"U. Maryland Center for Environmental Science",2019,"Federal",17476000,225
"East Carolina U.",2019,"Federal",17428000,226
"U. North Texas, Denton",2019,"Federal",17345000,227
"California State U., Northridge",2019,"Federal",16939000,228
"U. California, Merced",2019,"Federal",16850000,229
"Desert Research Institute",2019,"Federal",16745000,230
"Meharry Medical C.",2019,"Federal",16443000,231
"Jackson State U.",2019,"Federal",16259000,232
"San Francisco State U.",2019,"Federal",15675000,233
"U. Puerto Rico, Mayaguez",2019,"Federal",15653000,234
"Rutgers, State U. New Jersey, Newark",2019,"Federal",15397000,235
"American U.",2019,"Federal",15229000,236
"Tuskegee U.",2019,"Federal",14825000,237
"Ohio U.",2019,"Federal",14802000,238
"Texas A&M U.-Corpus Christi",2019,"Federal",14451000,239
"Western Michigan U. and Homer Stryker M.D. School of Medicine",2019,"Federal",14399000,240
"U. Alaska, Anchorage",2019,"Federal",14219000,241
"U. Puerto Rico, Rio Piedras",2019,"Federal",13943000,242
"U. Texas Rio Grande Valley",2019,"Federal",13629000,243
"California State U., Long Beach",2019,"Federal",13579000,244
"North Carolina Central U.",2019,"Federal",13503000,245
"CUNY, Queens C.",2019,"Federal",13457000,246
"Hampton U.",2019,"Federal",13390000,247
"U. South Dakota",2019,"Federal",13367000,248
"Kent State U.",2019,"Federal",13350000,249
"U.S. Naval Academy",2019,"Federal",12991000,250
"Marquette U.",2019,"Federal",12792000,251
"Loma Linda U.",2019,"Federal",12654000,252
"Southern Illinois U., Carbondale",2019,"Federal",12625000,253
"Louisiana State U., Health Sciences Center, Shreveport",2019,"Federal",12185000,254
"Delaware State U.",2019,"Federal",12179000,255
"Rowan U.",2019,"Federal",12064000,256
"U. Hawaii, system office",2019,"Federal",12052000,257
"Morgan State U.",2019,"Federal",11952000,258
"Albany Medical C.",2019,"Federal",11827000,259
"U. Akron",2019,"Federal",11796000,260
"U. West Florida",2019,"Federal",11506000,261
"Texas Tech U., Health Sciences Center",2019,"Federal",11345000,262
"New York Medical C.",2019,"Federal",11061000,263
"U.S. Military Academy",2019,"Federal",10528000,264
"U. of the Virgin Islands",2019,"Federal",10445000,265
"Charles R. Drew U. of Medicine and Science",2019,"Federal",10427000,266
"Florida Institute of Technology",2019,"Federal",10352000,267
"Northeast Ohio Medical U.",2019,"Federal",10107000,268
"Illinois State U.",2019,"Federal",9827000,269
"Miami U.",2019,"Federal",9755000,270
"California Polytechnic State U., San Luis Obispo",2019,"Federal",9720000,271
"Marshall U.",2019,"Federal",9617000,272
"Prairie View A&M U.",2019,"Federal",9346000,273
"U. Guam",2019,"Federal",9339000,274
"California State U., Los Angeles",2019,"Federal",9288000,275
"South Dakota School of Mines and Technology",2019,"Federal",9283000,276
"California State U., San Marcos",2019,"Federal",9134000,277
"U. Baltimore",2019,"Federal",9103000,278
"Embry-Riddle Aeronautical U.",2019,"Federal",8970000,279
"Nova Southeastern U.",2019,"Federal",8965000,280
"Tennessee State U.",2019,"Federal",8962000,281
"Rosalind Franklin U. of Medicine and Science",2019,"Federal",8865000,282
"U. Nebraska, Omaha",2019,"Federal",8807000,283
"Xavier U. Louisiana",2019,"Federal",8679000,284
"California State U., San Bernardino",2019,"Federal",8651000,285
"Northern Illinois U.",2019,"Federal",8610000,286
"Clarkson U.",2019,"Federal",8551000,287
"Texas A&M U.-Kingsville",2019,"Federal",8419000,288
"Alabama A&M U.",2019,"Federal",8277000,289
"Creighton U.",2019,"Federal",8265000,290
"Central Michigan U.",2019,"Federal",8100000,291
"Teachers C., Columbia U.",2019,"Federal",8054000,292
"Norfolk State U.",2019,"Federal",8046000,293
"SUNY, C. of Environmental Science and Forestry",2019,"Federal",7743000,294
"East Tennessee State U.",2019,"Federal",7688000,295
"Idaho State U.",2019,"Federal",7547000,296
"Alcorn State U.",2019,"Federal",7540000,297
"U. Massachusetts, Dartmouth",2019,"Federal",7353000,298
"U. North Carolina, Wilmington",2019,"Federal",7174000,299
"U. Minnesota, Duluth",2019,"Federal",7143000,300
"U. Texas Health Science Center, Tyler",2019,"Federal",7084000,301
"U. Missouri, Saint Louis",2019,"Federal",7059000,302
"U. Maryland, Eastern Shore",2019,"Federal",6983000,303
"Baylor U.",2019,"Federal",6955000,304
"CUNY, Advanced Science Research Center",2019,"Federal",6859000,305
"Oakland U.",2019,"Federal",6690000,306
"U. Arkansas, Little Rock",2019,"Federal",6688000,307
"Virginia State U.",2019,"Federal",6636000,308
"Langston U.",2019,"Federal",6622000,309
"Louisiana Tech U.",2019,"Federal",6564000,310
"St. Edward's U.",2019,"Federal",6500000,311
"Tennessee Technological U.",2019,"Federal",6153000,312
"Bowling Green State U.",2019,"Federal",5852000,313
"California State U., Sacramento",2019,"Federal",5801000,314
"Chapman U.",2019,"Federal",5738000,315
"Clark Atlanta U.",2019,"Federal",5689000,316
"CUNY, Graduate School of Public Health and Health Policy",2019,"Federal",5572000,317
"U. New England",2019,"Federal",5269000,318
"Missouri State U.",2019,"Federal",5076000,319
"Naval War C.",2019,"Federal",5060000,320
"CUNY, John Jay C. of Criminal Justice",2019,"Federal",4971000,321
"U. Detroit Mercy",2019,"Federal",4936000,322
"Montana Technological U.",2019,"Federal",4926000,323
"U. Hawaii, Hilo",2019,"Federal",4924000,324
"Arkansas State U., Jonesboro",2019,"Federal",4876000,325
"Wesleyan U.",2019,"Federal",4793000,326
"Kentucky State U.",2019,"Federal",4692000,327
"Tarleton State U.",2019,"Federal",4632000,328
"Fisk U.",2019,"Federal",4615000,329
"West Virginia State U.",2019,"Federal",4592000,330
"Duquesne U.",2019,"Federal",4552000,331
"Morehouse C.",2019,"Federal",4494000,332
"CUNY, Brooklyn C.",2019,"Federal",4465000,333
"DePaul U.",2019,"Federal",4464000,334
"Fort Valley State U.",2019,"Federal",4434000,335
"U.S. Army War C.",2019,"Federal",4418000,336
"C. Charleston",2019,"Federal",4395000,337
"California State U., Bakersfield",2019,"Federal",4376000,338
"U. New Orleans",2019,"Federal",4353000,339
"California State U., Fullerton",2019,"Federal",4340000,340
"U. Arkansas, Pine Bluff",2019,"Federal",4299000,341
"National Defense U.",2019,"Federal",4231000,342
"Fordham U.",2019,"Federal",4218000,343
"Montclair State U.",2019,"Federal",4164000,344
"U. Tulsa",2019,"Federal",4142000,345
"Villanova U.",2019,"Federal",4085000,346
"U. North Florida",2019,"Federal",4017000,347
"Seton Hall U.",2019,"Federal",3982000,348
"Western Washington U.",2019,"Federal",3978000,349
"Pacific U.",2019,"Federal",3917000,350
"Florida Gulf Coast U.",2019,"Federal",3773000,351
"California State U., Monterey Bay",2019,"Federal",3746000,352
"Sam Houston State U.",2019,"Federal",3723000,353
"South Carolina State U.",2019,"Federal",3659000,354
"Wellesley C.",2019,"Federal",3602000,355
"Southern Illinois U., Edwardsville",2019,"Federal",3561000,356
"California State Polytechnic U., Pomona",2019,"Federal",3555000,357
"Clark U.",2019,"Federal",3495000,358
"MGH Institute of Health Professions",2019,"Federal",3494000,359
"Western Kentucky U.",2019,"Federal",3391000,360
"Tougaloo C.",2019,"Federal",3380000,361
"U. Washington, Bothell",2019,"Federal",3353000,362
"CUNY, Lehman C.",2019,"Federal",3342000,363
"Rhode Island C.",2019,"Federal",3332000,364
"U. of the District of Columbia",2019,"Federal",3283000,365
"Southern U. and A&M C., Baton Rouge",2019,"Federal",3243000,366
"Texas Southern U.",2019,"Federal",3238000,367
"New York Institute of Technology",2019,"Federal",3135000,368
"U. Colorado Colorado Springs",2019,"Federal",3072000,369
"Southern U. and A&M C., Agricultural Research and Extension Center",2019,"Federal",3057000,370
"Western U. of Health Sciences",2019,"Federal",3035000,371
"CUNY, Graduate Center",2019,"Federal",3009000,372
"Dakota State U.",2019,"Federal",3008000,373
"Ball State U.",2019,"Federal",2929000,374
"California State U., Fresno",2019,"Federal",2900000,375
"Smith C.",2019,"Federal",2892000,376
"Youngstown State U.",2019,"Federal",2878000,377
"Barnard C.",2019,"Federal",2871000,378
"Texas Christian U.",2019,"Federal",2866000,379
"U. Washington, Tacoma",2019,"Federal",2808000,380
"U. New Haven",2019,"Federal",2786000,381
"James Madison U.",2019,"Federal",2717000,382
"U. Central del Caribe",2019,"Federal",2705000,383
"Lincoln U., Jefferson City",2019,"Federal",2700000,384
"Lamar U.",2019,"Federal",2641000,385
"Murray State U.",2019,"Federal",2639000,386
"Pace U.",2019,"Federal",2579000,387
"Alabama State U.",2019,"Federal",2577000,388
"U. Southern Maine",2019,"Federal",2551000,389
"Northwest Indian C.",2019,"Federal",2520000,390
"Central State U.",2019,"Federal",2517000,391
"U. San Diego",2019,"Federal",2511000,392
"Kennesaw State U.",2019,"Federal",2499000,393
"Purdue U., Northwest",2019,"Federal",2493000,394
"Northeastern Illinois U.",2019,"Federal",2478000,395
"Middle Tennessee State U.",2019,"Federal",2473000,396
"CUNY, C. Staten Island",2019,"Federal",2421000,397
"U. Tennessee, Chattanooga",2019,"Federal",2393000,398
"U. South Carolina, Aiken",2019,"Federal",2379000,399
"Haverford C.",2019,"Federal",2343000,400
"U. Northern Iowa",2019,"Federal",2343000,400
"Saginaw Valley State U.",2019,"Federal",2339000,402
"Salisbury U.",2019,"Federal",2290000,403
"Texas Tech U., Health Sciences Center, El Paso",2019,"Federal",2279000,404
"Skidmore C.",2019,"Federal",2261000,405
"CUNY, system office",2019,"Federal",2241000,406
"Gallaudet U.",2019,"Federal",2190000,407
"Fayetteville State U.",2019,"Federal",2168000,408
"Central Washington U.",2019,"Federal",2159000,409
"U. of the Pacific",2019,"Federal",2158000,410
"Towson U.",2019,"Federal",2144000,411
"Eastern Michigan U.",2019,"Federal",2135000,412
"Amherst C.",2019,"Federal",2118000,413
"California State Polytechnic U., Humboldt",2019,"Federal",2103000,414
"Mount Holyoke C.",2019,"Federal",2074000,415
"Winston-Salem State U.",2019,"Federal",2011000,416
"Spelman C.",2019,"Federal",2004000,417
"U. Northern Colorado",2019,"Federal",1966000,418
"U. Louisiana, Monroe",2019,"Federal",1949000,419
"Toyota Technological Institute, Chicago",2019,"Federal",1934000,420
"Bowie State U.",2019,"Federal",1911000,421
"Johnson C. Smith U.",2019,"Federal",1909000,422
"CUNY, New York City C. of Technology",2019,"Federal",1891000,423
"Carleton C.",2019,"Federal",1891000,423
"Claremont Graduate U.",2019,"Federal",1886000,425
"U. Wisconsin-Stevens Point",2019,"Federal",1884000,426
"California State U., Chico",2019,"Federal",1864000,427
"Texas Woman's U.",2019,"Federal",1864000,427
"U. Michigan, Dearborn",2019,"Federal",1850000,429
"Texas A&M International U.",2019,"Federal",1847000,430
"U. North Carolina, Asheville",2019,"Federal",1846000,431
"Long Island U.",2019,"Federal",1839000,432
"SUNY, C. of Optometry",2019,"Federal",1823000,433
"New School",2019,"Federal",1819000,434
"Indiana U. Pennsylvania",2019,"Federal",1810000,435
"Hawaii Pacific U.",2019,"Federal",1809000,436
"U. Oklahoma, Tulsa",2019,"Federal",1803000,437
"Bryn Mawr C.",2019,"Federal",1801000,438
"Bowdoin C.",2019,"Federal",1790000,439
"Georgia Southern U.",2019,"Federal",1780000,440
"Bucknell U.",2019,"Federal",1764000,441
"Western Carolina U.",2019,"Federal",1736000,442
"Claflin U.",2019,"Federal",1735000,443
"Savannah State U.",2019,"Federal",1709000,444
"Albany C. of Pharmacy and Health Sciences",2019,"Federal",1692000,445
"St. John's U., New York",2019,"Federal",1666000,446
"Grand Valley State U.",2019,"Federal",1663000,447
"Morehead State U.",2019,"Federal",1651000,448
"Harvey Mudd C.",2019,"Federal",1619000,449
"Occidental C.",2019,"Federal",1614000,450
"Bates C.",2019,"Federal",1607000,451
"William Paterson U.",2019,"Federal",1592000,452
"Franklin and Marshall C.",2019,"Federal",1582000,453
"Alfred U.",2019,"Federal",1580000,454
"Oberlin C.",2019,"Federal",1576000,455
"U. Richmond",2019,"Federal",1575000,456
"West Texas A&M U.",2019,"Federal",1565000,457
"Middlebury C.",2019,"Federal",1558000,458
"Touro U., California",2019,"Federal",1540000,459
"Swarthmore C.",2019,"Federal",1539000,460
"Black Hills State U.",2019,"Federal",1535000,461
"U. Wisconsin-Superior",2019,"Federal",1527000,462
"CUNY, York C.",2019,"Federal",1511000,463
"Western Illinois U.",2019,"Federal",1495000,464
"U. Central Arkansas",2019,"Federal",1462000,465
"U. Central Oklahoma",2019,"Federal",1457000,466
"Winthrop U.",2019,"Federal",1438000,467
"U. Houston-Downtown",2019,"Federal",1437000,468
"Pennsylvania State U., Behrend",2019,"Federal",1427000,469
"Reed C.",2019,"Federal",1423000,470
"Dillard U.",2019,"Federal",1390000,471
"Hope C.",2019,"Federal",1361000,472
"CUNY, Baruch C.",2019,"Federal",1359000,473
"Santa Clara U.",2019,"Federal",1333000,474
"Appalachian State U.",2019,"Federal",1332000,475
"Stephen F. Austin State U.",2019,"Federal",1332000,475
"Northern Kentucky U.",2019,"Federal",1316000,477
"Seattle U.",2019,"Federal",1307000,478
"Hofstra U.",2019,"Federal",1296000,479
"Coastal Carolina U.",2019,"Federal",1294000,480
"Christopher Newport U.",2019,"Federal",1285000,481
"Fort Lewis C.",2019,"Federal",1284000,482
"Colorado State U., Pueblo",2019,"Federal",1282000,483
"California State U., Dominguez Hills",2019,"Federal",1261000,484
"U. Nebraska, Kearney",2019,"Federal",1240000,485
"U. Alaska, Southeast",2019,"Federal",1235000,486
"Benedict C.",2019,"Federal",1226000,487
"SUNY, Buffalo State U.",2019,"Federal",1225000,488
"SUNY, Geneseo",2019,"Federal",1206000,489
"Colgate U.",2019,"Federal",1202000,490
"SUNY, C. Plattsburgh",2019,"Federal",1197000,491
"Indiana State U.",2019,"Federal",1190000,492
"Loyola Marymount U.",2019,"Federal",1185000,493
"Roger Williams U.",2019,"Federal",1135000,494
"Williams C.",2019,"Federal",1131000,495
"Dine C.",2019,"Federal",1126000,496
"Furman U.",2019,"Federal",1106000,497
"Palmer C. of Chiropractic, Davenport",2019,"Federal",1100000,498
"U. Wisconsin-Oshkosh",2019,"Federal",1099000,499
"Rutgers, State U. New Jersey, Camden",2019,"Federal",1096000,500
"Colby C.",2019,"Federal",1093000,501
"Trinity C., Hartford",2019,"Federal",1077000,502
"U. of the Incarnate Word",2019,"Federal",1075000,503
"Grambling State U.",2019,"Federal",1066000,504
"Albany State U.",2019,"Federal",1065000,505
"Hobart and William Smith Colleges",2019,"Federal",1047000,506
"Midwestern U.",2019,"Federal",1045000,507
"U. Hartford",2019,"Federal",1019000,508
"Oklahoma State U., Center for Health Sciences",2019,"Federal",985000,509
"U. Illinois, Springfield",2019,"Federal",980000,510
"Davidson C.",2019,"Federal",973000,511
"Union C., Schenectady",2019,"Federal",972000,512
"California State U., Stanislaus",2019,"Federal",964000,513
"U. Puerto Rico, Cayey",2019,"Federal",963000,514
"U. Ana G. Mendez, Gurabo",2019,"Federal",951000,515
"Canisius U.",2019,"Federal",943000,516
"Lewis and Clark C.",2019,"Federal",931000,517
"New England C. of Optometry",2019,"Federal",928000,518
"Calvin U.",2019,"Federal",925000,519
"Trinity U.",2019,"Federal",924000,520
"Pepperdine U.",2019,"Federal",914000,521
"Lafayette C.",2019,"Federal",910000,522
"Vassar C.",2019,"Federal",909000,523
"Chicago State U.",2019,"Federal",898000,524
"Eastern Washington U.",2019,"Federal",864000,525
"Pomona C.",2019,"Federal",863000,526
"Providence C.",2019,"Federal",857000,527
"Des Moines U.",2019,"Federal",845000,528
"Gettysburg C.",2019,"Federal",841000,529
"Texas A&M U.-Commerce",2019,"Federal",836000,530
"U. Puerto Rico, Humacao",2019,"Federal",828000,531
"U. Wisconsin-Green Bay",2019,"Federal",821000,532
"U. Texas, Tyler",2019,"Federal",813000,533
"Macalester C.",2019,"Federal",805000,534
"Southeastern Louisiana U.",2019,"Federal",803000,535
"Southern Connecticut State U.",2019,"Federal",803000,535
"U. Wisconsin-La Crosse",2019,"Federal",777000,537
"Kenyon C.",2019,"Federal",776000,538
"Keck Graduate Institute",2019,"Federal",769000,539
"Milwaukee School of Engineering",2019,"Federal",764000,540
"National U. of Natural Medicine",2019,"Federal",760000,541
"Erikson Institute",2019,"Federal",753000,542
"Connecticut C.",2019,"Federal",752000,543
"Edward Via C. of Osteopathic Medicine",2019,"Federal",749000,544
"U. Wisconsin-Eau Claire",2019,"Federal",748000,545
"St. Cloud State U.",2019,"Federal",733000,546
"Claremont McKenna C.",2019,"Federal",730000,547
"U. Houston-Clear Lake",2019,"Federal",718000,548
"West Chester U. Pennsylvania",2019,"Federal",715000,549
"Minnesota State U., Mankato",2019,"Federal",708000,550
"Whitman C.",2019,"Federal",704000,551
"La Sierra U.",2019,"Federal",640000,552
"SUNY, C. Brockport",2019,"Federal",638000,553
"U. North Georgia",2019,"Federal",637000,554
"SUNY, Oswego",2019,"Federal",628000,555
"Eastern Kentucky U.",2019,"Federal",598000,556
"Fairfield U.",2019,"Federal",594000,557
"Northwestern State U. Louisiana",2019,"Federal",579000,558
"U. of Mary Washington",2019,"Federal",577000,559
"Stockton U.",2019,"Federal",553000,560
"Willamette U.",2019,"Federal",549000,561
"Purdue U., Fort Wayne",2019,"Federal",544000,562
"Central Connecticut State U.",2019,"Federal",540000,563
"Liberty U.",2019,"Federal",535000,564
"California State U., Channel Islands",2019,"Federal",5e+05,565
"Drake U.",2019,"Federal",463000,566
"C. Wooster",2019,"Federal",456000,567
"Alaska Pacific U.",2019,"Federal",451000,568
"Oregon Institute of Technology",2019,"Federal",437000,569
"Yeshiva U.",2019,"Federal",380000,570
"Saint Joseph's U.",2019,"Federal",373000,571
"Grinnell C.",2019,"Federal",364000,572
"Philadelphia C. of Osteopathic Medicine",2019,"Federal",346000,573
"Pittsburg State U.",2019,"Federal",339000,574
"Sul Ross State U.",2019,"Federal",339000,574
"U. Wisconsin-Platteville",2019,"Federal",339000,574
"Florida Polytechnic U.",2019,"Federal",338000,577
"Marshall B. Ketchum U.",2019,"Federal",336000,578
"Colorado C.",2019,"Federal",324000,579
"U. California, Office of the President",2019,"Federal",319000,580
"U. of St. Thomas (MN)",2019,"Federal",313000,581
"Northern Michigan U.",2019,"Federal",311000,582
"Lawrence Technological U.",2019,"Federal",304000,583
"Wheaton C., Wheaton",2019,"Federal",301000,584
"Austin Peay State U.",2019,"Federal",295000,585
"Elon U.",2019,"Federal",284000,586
"Andrews U.",2019,"Federal",278000,587
"St. Olaf C.",2019,"Federal",255000,588
"Manhattan C.",2019,"Federal",245000,589
"U. San Francisco",2019,"Federal",198000,590
"Memorial Sloan Kettering Cancer Center, Louis V. Gerstner Jr. Graduate S. of Biomedical Sciences",2019,"Federal",191000,591
"Hamilton C.",2019,"Federal",190000,592
"Eastern Connecticut State U.",2019,"Federal",181000,593
"Albion C.",2019,"Federal",180000,594
"Heidelberg U.",2019,"Federal",164000,595
"Franklin W. Olin C. of Engineering",2019,"Federal",162000,596
"Azusa Pacific U.",2019,"Federal",137000,597
"Monmouth U.",2019,"Federal",120000,598
"Pennsylvania State U., Harrisburg",2019,"Federal",80000,599
"C. of Saint Benedict",2019,"Federal",45000,600
"Roseman U. of Health Sciences",2019,"Federal",37000,601
"Babson C.",2019,"Federal",14000,602
"Abilene Christian U.",2019,"Federal",NA,NA
"Arcadia U.",2019,"Federal",NA,NA
"Bentley U.",2019,"Federal",NA,NA
"Bryant U.",2019,"Federal",NA,NA
"Butler U.",2019,"Federal",NA,NA
"C. New Jersey",2019,"Federal",NA,NA
"California State U., East Bay",2019,"Federal",NA,NA
"Citadel Military C. South Carolina",2019,"Federal",NA,NA
"East Stroudsburg U. Pennsylvania",2019,"Federal",NA,NA
"Elizabeth City State U.",2019,"Federal",NA,NA
"Ferris State U.",2019,"Federal",NA,NA
"Framingham State U.",2019,"Federal",NA,NA
"Gustavus Adolphus C.",2019,"Federal",NA,NA
"Indiana U., South Bend",2019,"Federal",NA,NA
"Ithaca C.",2019,"Federal",NA,NA
"Kean U.",2019,"Federal",NA,NA
"Lake Superior State U.",2019,"Federal",NA,NA
"Lincoln Memorial U.",2019,"Federal",NA,NA
"Lincoln U.",2019,"Federal",NA,NA
"Lipscomb U.",2019,"Federal",NA,NA
"Marian U., Indianapolis",2019,"Federal",NA,NA
"Marymount U.",2019,"Federal",NA,NA
"Merrimack C.",2019,"Federal",NA,NA
"Nevada State C.",2019,"Federal",NA,NA
"New C. Florida",2019,"Federal",NA,NA
"New Mexico Highlands U.",2019,"Federal",NA,NA
"Northland C.",2019,"Federal",NA,NA
"Norwich U.",2019,"Federal",NA,NA
"Pennsylvania State U., Altoona",2019,"Federal",NA,NA
"Pratt Institute",2019,"Federal",NA,NA
"Radford U.",2019,"Federal",NA,NA
"Robert Morris U.",2019,"Federal",NA,NA
"SUNY, Cobleskill",2019,"Federal",NA,NA
"Sacred Heart U.",2019,"Federal",NA,NA
"Sonoma State U.",2019,"Federal",NA,NA
"Southern U., New Orleans",2019,"Federal",NA,NA
"St. Mary's C. Maryland",2019,"Federal",NA,NA
"Suffolk U.",2019,"Federal",NA,NA
"Texas A&M U.-San Antonio",2019,"Federal",NA,NA
"Touro U., New Yorkg",2019,"Federal",NA,NA
"Troy U.",2019,"Federal",NA,NA
"U. Colorado Anschutz Medical Campusc",2019,"Federal",NA,NA
"U. Colorado Denverc",2019,"Federal",NA,NA
"U. Hawaii, Maui C.",2019,"Federal",NA,NA
"U. Nebraska, Lincoln and Medical Centerd",2019,"Federal",NA,NA
"U. Puerto Rico, Ponce",2019,"Federal",NA,NA
"U. Puget Sound",2019,"Federal",NA,NA
"U. Scranton",2019,"Federal",NA,NA
"U. South Carolina, Beaufort",2019,"Federal",NA,NA
"U. Texas of the Permian Basin",2019,"Federal",NA,NA
"U. Virginia's C. Wise",2019,"Federal",NA,NA
"U. Wisconsin-River Falls",2019,"Federal",NA,NA
"U. of Health Sciences and Pharmacy in St. Louis",2019,"Federal",NA,NA
"U.S. Coast Guard Academy",2019,"Federal",NA,NA
"United Tribes Technical C.",2019,"Federal",NA,NA
"Ursinus C.",2019,"Federal",NA,NA
"Utah Valley U.",2019,"Federal",NA,NA
"Virginia Military Institute",2019,"Federal",NA,NA
"West Virginia School of Osteopathic Medicine",2019,"Federal",NA,NA
"Western New England U.",2019,"Federal",NA,NA
"All institutions",2020,"Federal",46106870000,1
"Johns Hopkins U",2020,"Federal",2682410000,2
"U. Washington, Seattle",2020,"Federal",1024195000,3
"U. Michigan, Ann Arbor",2020,"Federal",884880000,4
"Georgia Institute of Technology",2020,"Federal",790518000,5
"Columbia U. in the City of New York",2020,"Federal",762289000,6
"Stanford U.",2020,"Federal",751414000,7
"U. California, San Diego",2020,"Federal",727289000,8
"U. Pennsylvania",2020,"Federal",721308000,9
"Duke U.",2020,"Federal",707746000,10
"U. North Carolina, Chapel Hill",2020,"Federal",706145000,11
"U. Pittsburgh, Pittsburgh",2020,"Federal",689273000,12
"U. Marylandb",2020,"Federal",689125000,13
"U. California, San Francisco",2020,"Federal",676331000,14
"U. California, Los Angeles",2020,"Federal",655030000,15
"Pennsylvania State U., University Park and Hershey Medical Center",2020,"Federal",638930000,16
"U. Wisconsin-Madison",2020,"Federal",632558000,17
"All other surveyed institutions",2020,"Federal",617124000,18
"Harvard U.",2020,"Federal",605603000,19
"Yale U.",2020,"Federal",585170000,20
"U. Southern California",2020,"Federal",562120000,21
"Cornell U.",2020,"Federal",562021000,22
"Washington U., Saint Louis",2020,"Federal",559882000,23
"Ohio State U.",2020,"Federal",539359000,24
"Northwestern U.",2020,"Federal",531654000,25
"Texas A&M U., College Station and Health Science Center",2020,"Federal",517489000,26
"Vanderbilt U. and Vanderbilt U. Medical Center",2020,"Federal",514299000,27
"U. Minnesota, Twin Cities",2020,"Federal",514092000,28
"U. Texas, Austin",2020,"Federal",500409000,29
"Massachusetts Institute of Technology",2020,"Federal",488741000,30
"Icahn School of Medicine at Mount Sinai",2020,"Federal",480452000,31
"Emory U.",2020,"Federal",452636000,32
"New York U.",2020,"Federal",448850000,33
"U. Colorado Boulder",2020,"Federal",427869000,34
"U. Alabama, Birmingham",2020,"Federal",400110000,35
"U. Florida",2020,"Federal",397202000,36
"U. Illinois, Urbana-Champaign",2020,"Federal",387853000,37
"U. California, Davis",2020,"Federal",380965000,38
"Case Western Reserve U.",2020,"Federal",357589000,39
"U. Chicago",2020,"Federal",352447000,40
"U. California, Berkeley",2020,"Federal",349989000,41
"Boston U.",2020,"Federal",339172000,42
"Michigan State U.",2020,"Federal",329748000,43
"U. Arizona",2020,"Federal",328807000,44
"Oregon Health and Science U.",2020,"Federal",321572000,45
"Indiana U., Bloomington",2020,"Federal",319039000,46
"California Institute of Technology",2020,"Federal",316519000,47
"Baylor C. of Medicine",2020,"Federal",315101000,48
"U. Utah",2020,"Federal",314023000,49
"Rutgers, State U. New Jersey, New Brunswick",2020,"Federal",311743000,50
"U. Virginia, Charlottesville",2020,"Federal",300348000,51
"U. Rochester",2020,"Federal",296241000,52
"Colorado State U., Fort Collins",2020,"Federal",287100000,53
"U. Cincinnati",2020,"Federal",285899000,54
"Arizona State U.",2020,"Federal",278150000,55
"Purdue U., West Lafayette",2020,"Federal",270605000,56
"U. Iowa",2020,"Federal",259639000,57
"Scripps Research Institute",2020,"Federal",243502000,58
"U. Texas Southwestern Medical Center",2020,"Federal",242679000,59
"Utah State U.",2020,"Federal",242156000,60
"U. California, Irvine",2020,"Federal",241734000,61
"Uniformed Services U. of the Health Sciences",2020,"Federal",235202000,62
"North Carolina State U.",2020,"Federal",232110000,63
"U. Miami",2020,"Federal",224184000,64
"U. Illinois, Chicago",2020,"Federal",223030000,65
"Carnegie Mellon U.",2020,"Federal",217625000,66
"Virginia Polytechnic Institute and State U.",2020,"Federal",210792000,67
"Albert Einstein C. of Medicine",2020,"Federal",204635000,68
"Princeton U.",2020,"Federal",203259000,69
"U. Kentucky",2020,"Federal",200664000,70
"SUNY, U. Buffalo",2020,"Federal",200155000,71
"U. Massachusetts, Medical School",2020,"Federal",192938000,72
"Woods Hole Oceanographic Institution",2020,"Federal",191186000,73
"U. Texas M. D. Anderson Cancer Center",2020,"Federal",186488000,74
"Brown U.",2020,"Federal",185676000,75
"U. Kansas",2020,"Federal",185007000,76
"U. Oklahoma, Norman and Health Science Center",2020,"Federal",183728000,77
"U. Georgia",2020,"Federal",171351000,78
"Oregon State U.",2020,"Federal",167494000,79
"Wake Forest U.",2020,"Federal",166596000,80
"Iowa State U.",2020,"Federal",165912000,81
"U. Connecticut",2020,"Federal",164848000,82
"U. Hawaii, Manoa",2020,"Federal",163694000,83
"Florida State U.",2020,"Federal",162296000,84
"U. New Mexico",2020,"Federal",161627000,85
"U. South Floridae",2020,"Federal",158958000,86
"George Washington U.",2020,"Federal",157533000,87
"U. Missouri, Columbia",2020,"Federal",156190000,88
"Washington State U.",2020,"Federal",154623000,89
"Temple U.",2020,"Federal",154600000,90
"U. Dayton",2020,"Federal",154101000,91
"Medical U. South Carolina",2020,"Federal",153802000,92
"Virginia Commonwealth U.",2020,"Federal",152751000,93
"Tufts U.",2020,"Federal",148320000,94
"SUNY, Stony Brook U.",2020,"Federal",146478000,95
"U. Delaware",2020,"Federal",144142000,96
"Dartmouth C. and Dartmouth Hitchcock Medical Center",2020,"Federal",142219000,97
"U. Tennessee, Knoxvillef",2020,"Federal",138402000,98
"Northeastern U.",2020,"Federal",136273000,99
"U. Texas Health Science Center, Houston",2020,"Federal",133624000,100
"Medical C. Wisconsin",2020,"Federal",128783000,101
"U. California, Santa Barbara",2020,"Federal",123198000,102
"Mississippi State U.",2020,"Federal",120616000,103
"U. Massachusetts, Amherst",2020,"Federal",116170000,104
"U. Texas Medical Branch",2020,"Federal",114103000,105
"Wayne State U.",2020,"Federal",113137000,106
"Tulane U.",2020,"Federal",107290000,107
"U. Alabama, Huntsville",2020,"Federal",104288000,108
"George Mason U.",2020,"Federal",104070000,109
"U. Notre Dame",2020,"Federal",104030000,110
"Florida International U.",2020,"Federal",103366000,111
"U. Texas Health Science Center, San Antonio",2020,"Federal",102959000,112
"U. Alaska, Fairbanks",2020,"Federal",101414000,113
"U. Central Florida",2020,"Federal",101332000,114
"U. New Hampshire",2020,"Federal",100373000,115
"Georgetown U.",2020,"Federal",98682000,116
"U. Vermont",2020,"Federal",97981000,117
"Montana State U., Bozeman",2020,"Federal",93759000,118
"U. California, Riverside",2020,"Federal",92503000,119
"U. South Carolina, Columbia",2020,"Federal",90243000,120
"Rice U.",2020,"Federal",88768000,121
"U. Louisville",2020,"Federal",88251000,122
"Louisiana State U., Baton Rouge",2020,"Federal",87895000,123
"Rockefeller U.",2020,"Federal",86280000,124
"New Jersey Institute of Technology",2020,"Federal",85746000,125
"Drexel U.",2020,"Federal",82576000,126
"U. Mississippi",2020,"Federal",82361000,127
"Clemson U.",2020,"Federal",82203000,128
"U. Oregon",2020,"Federal",81278000,129
"West Virginia U.",2020,"Federal",79657000,130
"Kansas State U.",2020,"Federal",79100000,131
"Georgia State U.",2020,"Federal",78199000,132
"U. California, Santa Cruz",2020,"Federal",76468000,133
"Thomas Jefferson U.",2020,"Federal",74676000,134
"Auburn U., Auburn",2020,"Federal",73468000,135
"U. Houston",2020,"Federal",71779000,136
"U. Arkansas for Medical Sciences",2020,"Federal",70508000,137
"U. Rhode Island",2020,"Federal",67242000,138
"SUNY, U. Albany",2020,"Federal",67039000,139
"Rush U.",2020,"Federal",65343000,140
"U. Nevada, Reno",2020,"Federal",64793000,141
"Cold Spring Harbor Laboratory",2020,"Federal",62215000,142
"U. Montana, Missoula",2020,"Federal",62067000,143
"New Mexico State U.",2020,"Federal",60971000,144
"U. Maryland, Baltimore County",2020,"Federal",59391000,145
"U. Wyoming",2020,"Federal",57353000,146
"U. Texas, Dallas",2020,"Federal",55983000,147
"Augusta U.",2020,"Federal",55797000,148
"Colorado School of Mines",2020,"Federal",55560000,149
"U. Maine",2020,"Federal",54376000,150
"Cleveland State U.",2020,"Federal",53756000,151
"Wichita State U.",2020,"Federal",53540000,152
"Rensselaer Polytechnic Institute",2020,"Federal",52150000,153
"Naval Postgraduate School",2020,"Federal",51870000,154
"U. Idaho",2020,"Federal",51450000,155
"U. Tennessee, Health Science Center",2020,"Federal",48264000,156
"U. Arkansas, Fayetteville",2020,"Federal",47454000,157
"U. Texas, Arlington",2020,"Federal",44950000,158
"U. North Dakota",2020,"Federal",44153000,159
"U. Alabama, Tuscaloosa",2020,"Federal",43017000,160
"U. Southern Mississippi",2020,"Federal",42870000,161
"Brandeis U.",2020,"Federal",41440000,162
"U. Massachusetts, Lowell",2020,"Federal",41304000,163
"San Diego State U.",2020,"Federal",41117000,164
"U. Louisiana, Lafayette",2020,"Federal",40044000,165
"Oklahoma State U., Stillwater",2020,"Federal",39873000,166
"Northern Arizona U.",2020,"Federal",39387000,167
"U. Texas, El Paso",2020,"Federal",39126000,168
"Michigan Technological U.",2020,"Federal",36172000,169
"Wright State U.",2020,"Federal",35321000,170
"Saint Louis U.",2020,"Federal",34419000,171
"U. Texas, San Antonio",2020,"Federal",34334000,172
"San Jose State U.",2020,"Federal",34102000,173
"U.S. Air Force Academy",2020,"Federal",33554000,174
"Stevens Institute of Technology",2020,"Federal",33461000,175
"Florida A&M U.",2020,"Federal",33136000,176
"Indiana U.-Purdue U., Indianapolis",2020,"Federal",31862000,177
"Syracuse U.",2020,"Federal",31861000,178
"North Dakota State U.",2020,"Federal",31614000,179
"Mercer U.",2020,"Federal",31572000,180
"Texas Tech U.",2020,"Federal",31475000,181
"Louisiana State U., Health Sciences Center, New Orleans",2020,"Federal",31381000,182
"Portland State U.",2020,"Federal",31315000,183
"Boston C.",2020,"Federal",31038000,184
"William & Mary",2020,"Federal",30436000,185
"Old Dominion U.",2020,"Federal",30330000,186
"CUNY, City C.",2020,"Federal",30106000,187
"Howard U.",2020,"Federal",29256000,188
"U. Nevada, Las Vegas",2020,"Federal",29252000,189
"Rochester Institute of Technology",2020,"Federal",28092000,190
"SUNY, Polytechnic Institute",2020,"Federal",27998000,191
"U. Toledo",2020,"Federal",27770000,192
"U. North Carolina, Charlotte",2020,"Federal",27618000,193
"U. Massachusetts, Boston",2020,"Federal",27575000,194
"U. Puerto Rico, Medical Sciences Campus",2020,"Federal",27033000,195
"Texas State U.",2020,"Federal",26950000,196
"Boise State U.",2020,"Federal",26914000,197
"Lehigh U.",2020,"Federal",26816000,198
"SUNY, Downstate Health Sciences U.",2020,"Federal",26454000,199
"Worcester Polytechnic Institute",2020,"Federal",26074000,200
"CUNY, Hunter C.",2020,"Federal",26025000,201
"U. North Texas, Health Science Center",2020,"Federal",25917000,202
"U. Wisconsin-Milwaukee",2020,"Federal",25354000,203
"U. Denver",2020,"Federal",24753000,204
"Brigham Young U., Provo",2020,"Federal",24632000,205
"SUNY, Binghamton U.",2020,"Federal",24564000,206
"Illinois Institute of Technology",2020,"Federal",24244000,207
"Loyola U., Chicago",2020,"Federal",24018000,208
"SUNY, Upstate Medical U.",2020,"Federal",23940000,209
"Florida Atlantic U.",2020,"Federal",23695000,210
"New Mexico Institute of Mining and Technology",2020,"Federal",22922000,211
"Missouri U. of Science and Technology",2020,"Federal",22860000,212
"Air Force Institute of Technology",2020,"Federal",22854000,213
"South Dakota State U.",2020,"Federal",22531000,214
"Catholic U. of America",2020,"Federal",22503000,215
"Morehouse School of Medicine",2020,"Federal",22500000,216
"North Carolina A&T State U.",2020,"Federal",22338000,217
"U. Missouri, Kansas City",2020,"Federal",22320000,218
"U. South Alabama",2020,"Federal",21825000,219
"U. North Carolina, Greensboro",2020,"Federal",20447000,220
"East Carolina U.",2020,"Federal",20168000,221
"U. California, Merced",2020,"Federal",2e+07,222
"Tennessee State U.",2020,"Federal",19272000,223
"Van Andel Research Institute",2020,"Federal",18538000,224
"U. Memphis",2020,"Federal",18063000,225
"Southern Methodist U.",2020,"Federal",17752000,226
"California State U., Northridge",2020,"Federal",17261000,227
"Rutgers, State U. New Jersey, Newark",2020,"Federal",16196000,228
"American U.",2020,"Federal",16123000,229
"U. Puerto Rico, Mayaguez",2020,"Federal",15842000,230
"San Francisco State U.",2020,"Federal",15834000,231
"Desert Research Institute",2020,"Federal",15791000,232
"Eastern Virginia Medical School",2020,"Federal",15748000,233
"Rowan U.",2020,"Federal",15551000,234
"Ohio U.",2020,"Federal",15543000,235
"U. Maryland Center for Environmental Science",2020,"Federal",15498000,236
"U. Alaska, Anchorage",2020,"Federal",15290000,237
"Tuskegee U.",2020,"Federal",15122000,238
"Kent State U.",2020,"Federal",15004000,239
"Delaware State U.",2020,"Federal",14319000,240
"Morgan State U.",2020,"Federal",14101000,241
"U. Puerto Rico, Rio Piedras",2020,"Federal",14071000,242
"Jackson State U.",2020,"Federal",13662000,243
"U. North Texas, Denton",2020,"Federal",13653000,244
"U. Hawaii, system office",2020,"Federal",13367000,245
"Texas A&M U.-Corpus Christi",2020,"Federal",13349000,246
"Marquette U.",2020,"Federal",13187000,247
"Western Michigan U. and Homer Stryker M.D. School of Medicine",2020,"Federal",13187000,247
"U. Texas Rio Grande Valley",2020,"Federal",13093000,249
"Texas Tech U., Health Sciences Center",2020,"Federal",13043000,250
"U. South Dakota",2020,"Federal",13034000,251
"Albany Medical C.",2020,"Federal",12940000,252
"North Carolina Central U.",2020,"Federal",12787000,253
"Southern Illinois U., Carbondale",2020,"Federal",12735000,254
"CUNY, Queens C.",2020,"Federal",12726000,255
"U.S. Naval Academy",2020,"Federal",12577000,256
"Meharry Medical C.",2020,"Federal",12573000,257
"U. West Florida",2020,"Federal",12369000,258
"Missouri State U.",2020,"Federal",12310000,259
"New York Medical C.",2020,"Federal",12106000,260
"California State U., Long Beach",2020,"Federal",12014000,261
"U. of the Virgin Islands",2020,"Federal",11787000,262
"U. Baltimore",2020,"Federal",11748000,263
"California State U., San Marcos",2020,"Federal",11547000,264
"Embry-Riddle Aeronautical U.",2020,"Federal",11542000,265
"Louisiana State U., Health Sciences Center, Shreveport",2020,"Federal",11452000,266
"Loma Linda U.",2020,"Federal",11385000,267
"Hampton U.",2020,"Federal",11278000,268
"Marshall U.",2020,"Federal",11078000,269
"Florida Institute of Technology",2020,"Federal",10999000,270
"Northeast Ohio Medical U.",2020,"Federal",10684000,271
"South Dakota School of Mines and Technology",2020,"Federal",10659000,272
"U. Akron",2020,"Federal",10574000,273
"Miami U.",2020,"Federal",10473000,274
"Nova Southeastern U.",2020,"Federal",10452000,275
"California Polytechnic State U., San Luis Obispo",2020,"Federal",10178000,276
"U. Nebraska, Omaha",2020,"Federal",9996000,277
"Charles R. Drew U. of Medicine and Science",2020,"Federal",9863000,278
"U. Guam",2020,"Federal",9722000,279
"Xavier U. Louisiana",2020,"Federal",9680000,280
"Texas A&M U.-Kingsville",2020,"Federal",9610000,281
"Prairie View A&M U.",2020,"Federal",9249000,282
"CUNY, Advanced Science Research Center",2020,"Federal",9208000,283
"Langston U.",2020,"Federal",9004000,284
"Baylor U.",2020,"Federal",8851000,285
"CUNY, Graduate School of Public Health and Health Policy",2020,"Federal",8722000,286
"Illinois State U.",2020,"Federal",8719000,287
"Rosalind Franklin U. of Medicine and Science",2020,"Federal",8504000,288
"U.S. Military Academy",2020,"Federal",8406000,289
"California State U., Los Angeles",2020,"Federal",8380000,290
"U. Maryland, Eastern Shore",2020,"Federal",8084000,291
"Northern Illinois U.",2020,"Federal",8030000,292
"Chapman U.",2020,"Federal",7850000,293
"Idaho State U.",2020,"Federal",7849000,294
"SUNY, C. of Environmental Science and Forestry",2020,"Federal",7809000,295
"U. Texas Health Science Center, Tyler",2020,"Federal",7732000,296
"St. Edward's U.",2020,"Federal",7700000,297
"Teachers C., Columbia U.",2020,"Federal",7614000,298
"Creighton U.",2020,"Federal",7583000,299
"Central Michigan U.",2020,"Federal",7450000,300
"East Tennessee State U.",2020,"Federal",7329000,301
"U. Arkansas, Little Rock",2020,"Federal",7289000,302
"Louisiana Tech U.",2020,"Federal",7167000,303
"Norfolk State U.",2020,"Federal",7148000,304
"Clarkson U.",2020,"Federal",7095000,305
"Alcorn State U.",2020,"Federal",7023000,306
"U. North Carolina, Wilmington",2020,"Federal",6783000,307
"U. Massachusetts, Dartmouth",2020,"Federal",6506000,308
"Tennessee Technological U.",2020,"Federal",6471000,309
"U. Minnesota, Duluth",2020,"Federal",6454000,310
"Bowling Green State U.",2020,"Federal",6397000,311
"Texas Southern U.",2020,"Federal",6249000,312
"U. Missouri, Saint Louis",2020,"Federal",6146000,313
"Naval War C.",2020,"Federal",5944000,314
"California State U., San Bernardino",2020,"Federal",5886000,315
"California State U., Sacramento",2020,"Federal",5693000,316
"Alabama A&M U.",2020,"Federal",5643000,317
"Virginia State U.",2020,"Federal",5642000,318
"California State Polytechnic U., Pomona",2020,"Federal",5514000,319
"Clark Atlanta U.",2020,"Federal",5324000,320
"Florida Gulf Coast U.",2020,"Federal",5304000,321
"CUNY, John Jay C. of Criminal Justice",2020,"Federal",5297000,322
"U. Hawaii, Hilo",2020,"Federal",5274000,323
"DePaul U.",2020,"Federal",5156000,324
"Oakland U.",2020,"Federal",5068000,325
"U. New England",2020,"Federal",5064000,326
"Duquesne U.",2020,"Federal",4981000,327
"Villanova U.",2020,"Federal",4921000,328
"Morehouse C.",2020,"Federal",4825000,329
"Fort Valley State U.",2020,"Federal",4806000,330
"Sam Houston State U.",2020,"Federal",4764000,331
"Arkansas State U., Jonesboro",2020,"Federal",4712000,332
"U. Tulsa",2020,"Federal",4697000,333
"CUNY, Brooklyn C.",2020,"Federal",4651000,334
"National Defense U.",2020,"Federal",4583000,335
"U. North Florida",2020,"Federal",4568000,336
"Winston-Salem State U.",2020,"Federal",4498000,337
"California State U., Bakersfield",2020,"Federal",4486000,338
"Western U. of Health Sciences",2020,"Federal",4486000,338
"Kentucky State U.",2020,"Federal",4456000,340
"Wellesley C.",2020,"Federal",4441000,341
"U. Arkansas, Pine Bluff",2020,"Federal",4393000,342
"Montana Technological U.",2020,"Federal",4322000,343
"Wesleyan U.",2020,"Federal",4305000,344
"U. Detroit Mercy",2020,"Federal",4226000,345
"Tarleton State U.",2020,"Federal",4139000,346
"Rhode Island C.",2020,"Federal",4128000,347
"California State U., Fullerton",2020,"Federal",4121000,348
"South Carolina State U.",2020,"Federal",4076000,349
"West Virginia State U.",2020,"Federal",3993000,350
"Western Washington U.",2020,"Federal",3966000,351
"Dakota State U.",2020,"Federal",3957000,352
"U. Tennessee, Chattanooga",2020,"Federal",3915000,353
"California State U., Monterey Bay",2020,"Federal",3889000,354
"U. New Orleans",2020,"Federal",3868000,355
"Fordham U.",2020,"Federal",3831000,356
"Fisk U.",2020,"Federal",3811000,357
"Montclair State U.",2020,"Federal",3782000,358
"U. of Health Sciences and Pharmacy in St. Louis",2020,"Federal",3767000,359
"Lincoln U., Jefferson City",2020,"Federal",3636000,360
"U. Colorado Colorado Springs",2020,"Federal",3508000,361
"Southern Illinois U., Edwardsville",2020,"Federal",3467000,362
"Clark U.",2020,"Federal",3350000,363
"Youngstown State U.",2020,"Federal",3308000,364
"Western Kentucky U.",2020,"Federal",3265000,365
"CUNY, Lehman C.",2020,"Federal",3197000,366
"Texas Christian U.",2020,"Federal",3168000,367
"California State U., Fresno",2020,"Federal",3117000,368
"Northwest Indian C.",2020,"Federal",3112000,369
"Central State U.",2020,"Federal",3097000,370
"C. Charleston",2020,"Federal",3087000,371
"U. Washington, Tacoma",2020,"Federal",3075000,372
"Middle Tennessee State U.",2020,"Federal",3062000,373
"Toyota Technological Institute, Chicago",2020,"Federal",3038000,374
"MGH Institute of Health Professions",2020,"Federal",3014000,375
"Pace U.",2020,"Federal",2997000,376
"Southern U. and A&M C., Baton Rouge",2020,"Federal",2996000,377
"U. Washington, Bothell",2020,"Federal",2815000,378
"Barnard C.",2020,"Federal",2800000,379
"U. Central del Caribe",2020,"Federal",2743000,380
"Seton Hall U.",2020,"Federal",2725000,381
"Haverford C.",2020,"Federal",2680000,382
"U. of the District of Columbia",2020,"Federal",2664000,383
"Smith C.",2020,"Federal",2650000,384
"Oklahoma State U., Center for Health Sciences",2020,"Federal",2618000,385
"James Madison U.",2020,"Federal",2609000,386
"Eastern Michigan U.",2020,"Federal",2598000,387
"Pacific U.",2020,"Federal",2596000,388
"Alabama State U.",2020,"Federal",2582000,389
"CUNY, Graduate Center",2020,"Federal",2561000,390
"California State U., Chico",2020,"Federal",2520000,391
"Salisbury U.",2020,"Federal",2413000,392
"U. North Carolina, Asheville",2020,"Federal",2405000,393
"California State Polytechnic U., Humboldt",2020,"Federal",2399000,394
"U. San Diego",2020,"Federal",2398000,395
"Ball State U.",2020,"Federal",2397000,396
"California State U., East Bay",2020,"Federal",2348000,397
"U. South Carolina, Aiken",2020,"Federal",2328000,398
"CUNY, C. Staten Island",2020,"Federal",2295000,399
"U. Michigan, Dearborn",2020,"Federal",2264000,400
"U. Southern Maine",2020,"Federal",2231000,401
"Johnson C. Smith U.",2020,"Federal",2230000,402
"U. Wisconsin-Stevens Point",2020,"Federal",2193000,403
"Lamar U.",2020,"Federal",2146000,404
"Spelman C.",2020,"Federal",2136000,405
"Tougaloo C.",2020,"Federal",2102000,406
"Southern U. and A&M C., Agricultural Research and Extension Center",2020,"Federal",2085000,407
"U. Louisiana, Monroe",2020,"Federal",2025000,408
"Northeastern Illinois U.",2020,"Federal",2018000,409
"Towson U.",2020,"Federal",2010000,410
"Purdue U., Northwest",2020,"Federal",1996000,411
"Kennesaw State U.",2020,"Federal",1983000,412
"Bowie State U.",2020,"Federal",1967000,413
"U. Oklahoma, Tulsa",2020,"Federal",1953000,414
"Rutgers, State U. New Jersey, Camden",2020,"Federal",1952000,415
"Albany C. of Pharmacy and Health Sciences",2020,"Federal",1938000,416
"Murray State U.",2020,"Federal",1929000,417
"Claflin U.",2020,"Federal",1907000,418
"William Paterson U.",2020,"Federal",1896000,419
"Bates C.",2020,"Federal",1885000,420
"U. Northern Iowa",2020,"Federal",1881000,421
"Bowdoin C.",2020,"Federal",1862000,422
"U. Northern Colorado",2020,"Federal",1853000,423
"Gallaudet U.",2020,"Federal",1841000,424
"Grand Valley State U.",2020,"Federal",1831000,425
"Skidmore C.",2020,"Federal",1827000,426
"Saginaw Valley State U.",2020,"Federal",1809000,427
"Reed C.",2020,"Federal",1806000,428
"St. John's U., New York",2020,"Federal",1805000,429
"Savannah State U.",2020,"Federal",1804000,430
"Western Illinois U.",2020,"Federal",1801000,431
"Georgia Southern U.",2020,"Federal",1790000,432
"Amherst C.",2020,"Federal",1775000,433
"Harvey Mudd C.",2020,"Federal",1748000,434
"Bucknell U.",2020,"Federal",1730000,435
"Western Carolina U.",2020,"Federal",1707000,436
"Texas Tech U., Health Sciences Center, El Paso",2020,"Federal",1703000,437
"Central Washington U.",2020,"Federal",1701000,438
"Texas Woman's U.",2020,"Federal",1700000,439
"Hawaii Pacific U.",2020,"Federal",1699000,440
"SUNY, C. of Optometry",2020,"Federal",1688000,441
"Morehead State U.",2020,"Federal",1674000,442
"U. Richmond",2020,"Federal",1628000,443
"Troy U.",2020,"Federal",1591000,444
"CUNY, New York City C. of Technology",2020,"Federal",1585000,445
"Occidental C.",2020,"Federal",1567000,446
"Winthrop U.",2020,"Federal",1563000,447
"Touro U., California",2020,"Federal",1558000,448
"Middlebury C.",2020,"Federal",1546000,449
"New York Institute of Technology",2020,"Federal",1542000,450
"West Texas A&M U.",2020,"Federal",1542000,450
"Bryn Mawr C.",2020,"Federal",1531000,452
"Santa Clara U.",2020,"Federal",1522000,453
"CUNY, York C.",2020,"Federal",1513000,454
"CUNY, Baruch C.",2020,"Federal",1470000,455
"Appalachian State U.",2020,"Federal",1469000,456
"Northern Kentucky U.",2020,"Federal",1462000,457
"Elizabeth City State U.",2020,"Federal",1455000,458
"U. Central Oklahoma",2020,"Federal",1444000,459
"Mount Holyoke C.",2020,"Federal",1442000,460
"U. New Haven",2020,"Federal",1440000,461
"California State U., Dominguez Hills",2020,"Federal",1433000,462
"U. Central Arkansas",2020,"Federal",1421000,463
"Davidson C.",2020,"Federal",1411000,464
"Palmer C. of Chiropractic, Davenport",2020,"Federal",1400000,465
"U. Houston-Downtown",2020,"Federal",1392000,466
"U. Wisconsin-Superior",2020,"Federal",1382000,467
"U. of the Pacific",2020,"Federal",1375000,468
"Christopher Newport U.",2020,"Federal",1365000,469
"Long Island U.",2020,"Federal",1349000,470
"Indiana U. Pennsylvania",2020,"Federal",1309000,471
"Seattle U.",2020,"Federal",1303000,472
"Black Hills State U.",2020,"Federal",1287000,473
"California State U., Stanislaus",2020,"Federal",1284000,474
"U. Puerto Rico, Humacao",2020,"Federal",1279000,475
"Lewis and Clark C.",2020,"Federal",1268000,476
"U. Nebraska, Kearney",2020,"Federal",1259000,477
"Stephen F. Austin State U.",2020,"Federal",1257000,478
"SUNY, Buffalo State U.",2020,"Federal",1241000,479
"Carleton C.",2020,"Federal",1236000,480
"Fort Lewis C.",2020,"Federal",1228000,481
"Texas A&M U.-Commerce",2020,"Federal",1226000,482
"Coastal Carolina U.",2020,"Federal",1211000,483
"U. Puerto Rico, Cayey",2020,"Federal",1210000,484
"Trinity U.",2020,"Federal",1207000,485
"Franklin and Marshall C.",2020,"Federal",1202000,486
"Dillard U.",2020,"Federal",1200000,487
"Colorado State U., Pueblo",2020,"Federal",1161000,488
"Hope C.",2020,"Federal",1155000,489
"Eastern Washington U.",2020,"Federal",1153000,490
"Pomona C.",2020,"Federal",1123000,491
"Loyola Marymount U.",2020,"Federal",1105000,492
"U. Alaska, Southeast",2020,"Federal",1098000,493
"U. Wisconsin-Oshkosh",2020,"Federal",1092000,494
"Williams C.",2020,"Federal",1086000,495
"Hobart and William Smith Colleges",2020,"Federal",1072000,496
"Vassar C.",2020,"Federal",1055000,497
"New School",2020,"Federal",1050000,498
"Saint Joseph's U.",2020,"Federal",1047000,499
"Roger Williams U.",2020,"Federal",1045000,500
"Swarthmore C.",2020,"Federal",1041000,501
"New Mexico Highlands U.",2020,"Federal",1034000,502
"Southern Connecticut State U.",2020,"Federal",1026000,503
"Trinity C., Hartford",2020,"Federal",1019000,504
"Fayetteville State U.",2020,"Federal",1008000,505
"Erikson Institute",2020,"Federal",1006000,506
"Hofstra U.",2020,"Federal",997000,507
"Texas A&M International U.",2020,"Federal",986000,508
"Ithaca C.",2020,"Federal",981000,509
"U. Illinois, Springfield",2020,"Federal",976000,510
"C. New Jersey",2020,"Federal",951000,511
"SUNY, C. Plattsburgh",2020,"Federal",950000,512
"SUNY, Geneseo",2020,"Federal",950000,512
"Indiana State U.",2020,"Federal",949000,514
"Alfred U.",2020,"Federal",947000,515
"U. Ana G. Mendez, Gurabo",2020,"Federal",946000,516
"Midwestern U.",2020,"Federal",936000,517
"Sonoma State U.",2020,"Federal",936000,517
"Calvin U.",2020,"Federal",927000,519
"Colgate U.",2020,"Federal",918000,520
"Providence C.",2020,"Federal",913000,521
"National U. of Natural Medicine",2020,"Federal",912000,522
"Central Connecticut State U.",2020,"Federal",901000,523
"U. Wisconsin-Green Bay",2020,"Federal",890000,524
"Liberty U.",2020,"Federal",886000,525
"CUNY, system office",2020,"Federal",884000,526
"Southeastern Louisiana U.",2020,"Federal",884000,526
"Stockton U.",2020,"Federal",872000,528
"U. of the Incarnate Word",2020,"Federal",869000,529
"U. Hartford",2020,"Federal",854000,530
"Furman U.",2020,"Federal",847000,531
"Suffolk U.",2020,"Federal",844000,532
"Albany State U.",2020,"Federal",836000,533
"U. Wisconsin-La Crosse",2020,"Federal",817000,534
"Claremont Graduate U.",2020,"Federal",809000,535
"Colby C.",2020,"Federal",809000,535
"Grambling State U.",2020,"Federal",787000,537
"New England C. of Optometry",2020,"Federal",785000,538
"SUNY, C. Brockport",2020,"Federal",781000,539
"Kean U.",2020,"Federal",775000,540
"U. Texas, Tyler",2020,"Federal",774000,541
"Yeshiva U.",2020,"Federal",772000,542
"Claremont McKenna C.",2020,"Federal",771000,543
"U. Texas of the Permian Basin",2020,"Federal",757000,544
"Lafayette C.",2020,"Federal",755000,545
"Oberlin C.",2020,"Federal",743000,546
"Citadel Military C. South Carolina",2020,"Federal",736000,547
"Keck Graduate Institute",2020,"Federal",727000,548
"West Chester U. Pennsylvania",2020,"Federal",724000,549
"Kenyon C.",2020,"Federal",714000,550
"Pepperdine U.",2020,"Federal",693000,551
"U. of Mary Washington",2020,"Federal",660000,552
"Macalester C.",2020,"Federal",647000,553
"U. Wisconsin-Eau Claire",2020,"Federal",647000,553
"Grinnell C.",2020,"Federal",644000,555
"Benedict C.",2020,"Federal",635000,556
"U. Houston-Clear Lake",2020,"Federal",632000,557
"La Sierra U.",2020,"Federal",618000,558
"Milwaukee School of Engineering",2020,"Federal",613000,559
"Northwestern State U. Louisiana",2020,"Federal",598000,560
"Purdue U., Fort Wayne",2020,"Federal",589000,561
"Edward Via C. of Osteopathic Medicine",2020,"Federal",566000,562
"Whitman C.",2020,"Federal",558000,563
"Eastern Kentucky U.",2020,"Federal",554000,564
"California State U., Channel Islands",2020,"Federal",553000,565
"Pennsylvania State U., Behrend",2020,"Federal",543000,566
"U. North Georgia",2020,"Federal",542000,567
"Minnesota State U., Mankato",2020,"Federal",525000,568
"SUNY, Oswego",2020,"Federal",492000,569
"U. Wisconsin-River Falls",2020,"Federal",488000,570
"Connecticut C.",2020,"Federal",483000,571
"Sul Ross State U.",2020,"Federal",481000,572
"Pittsburg State U.",2020,"Federal",477000,573
"Austin Peay State U.",2020,"Federal",475000,574
"Union C., Schenectady",2020,"Federal",462000,575
"St. Cloud State U.",2020,"Federal",459000,576
"Pennsylvania State U., Harrisburg",2020,"Federal",451000,577
"U. of St. Thomas (MN)",2020,"Federal",450000,578
"Des Moines U.",2020,"Federal",449000,579
"Northern Michigan U.",2020,"Federal",446000,580
"Philadelphia C. of Osteopathic Medicine",2020,"Federal",422000,581
"West Virginia School of Osteopathic Medicine",2020,"Federal",419000,582
"Lawrence Technological U.",2020,"Federal",405000,583
"U. Puget Sound",2020,"Federal",401000,584
"Willamette U.",2020,"Federal",401000,584
"Manhattan C.",2020,"Federal",398000,586
"Fairfield U.",2020,"Federal",365000,587
"Dine C.",2020,"Federal",347000,588
"Memorial Sloan Kettering Cancer Center, Louis V. Gerstner Jr. Graduate S. of Biomedical Sciences",2020,"Federal",342000,589
"U. Wisconsin-Platteville",2020,"Federal",336000,590
"Oregon Institute of Technology",2020,"Federal",326000,591
"Wheaton C., Wheaton",2020,"Federal",324000,592
"Marshall B. Ketchum U.",2020,"Federal",323000,593
"Gettysburg C.",2020,"Federal",320000,594
"Merrimack C.",2020,"Federal",306000,595
"Franklin W. Olin C. of Engineering",2020,"Federal",293000,596
"C. Wooster",2020,"Federal",283000,597
"Albion C.",2020,"Federal",272000,598
"Andrews U.",2020,"Federal",263000,599
"Florida Polytechnic U.",2020,"Federal",252000,600
"St. Olaf C.",2020,"Federal",230000,601
"U. California, Office of the President",2020,"Federal",217000,602
"Lipscomb U.",2020,"Federal",206000,603
"Colorado C.",2020,"Federal",196000,604
"Heidelberg U.",2020,"Federal",188000,605
"Framingham State U.",2020,"Federal",179000,606
"Eastern Connecticut State U.",2020,"Federal",177000,607
"Alaska Pacific U.",2020,"Federal",148000,608
"U. San Francisco",2020,"Federal",148000,608
"Hamilton C.",2020,"Federal",144000,610
"Azusa Pacific U.",2020,"Federal",128000,611
"Monmouth U.",2020,"Federal",110000,612
"Elon U.",2020,"Federal",106000,613
"Roseman U. of Health Sciences",2020,"Federal",56000,614
"C. of Saint Benedict",2020,"Federal",43000,615
"Babson C.",2020,"Federal",14000,616
"Abilene Christian U.",2020,"Federal",NA,NA
"Arcadia U.",2020,"Federal",NA,NA
"Bentley U.",2020,"Federal",NA,NA
"Bryant U.",2020,"Federal",NA,NA
"Butler U.",2020,"Federal",NA,NA
"Canisius U.",2020,"Federal",NA,NA
"Chicago State U.",2020,"Federal",NA,NA
"Drake U.",2020,"Federal",NA,NA
"East Stroudsburg U. Pennsylvania",2020,"Federal",NA,NA
"Ferris State U.",2020,"Federal",NA,NA
"Gustavus Adolphus C.",2020,"Federal",NA,NA
"Indiana U., South Bend",2020,"Federal",NA,NA
"Lake Superior State U.",2020,"Federal",NA,NA
"Lincoln Memorial U.",2020,"Federal",NA,NA
"Lincoln U.",2020,"Federal",NA,NA
"Marian U., Indianapolis",2020,"Federal",NA,NA
"Marymount U.",2020,"Federal",NA,NA
"Nevada State C.",2020,"Federal",NA,NA
"New C. Florida",2020,"Federal",NA,NA
"Northland C.",2020,"Federal",NA,NA
"Norwich U.",2020,"Federal",NA,NA
"Pennsylvania State U., Altoona",2020,"Federal",NA,NA
"Pratt Institute",2020,"Federal",NA,NA
"Radford U.",2020,"Federal",NA,NA
"Robert Morris U.",2020,"Federal",NA,NA
"SUNY, Cobleskill",2020,"Federal",NA,NA
"Sacred Heart U.",2020,"Federal",NA,NA
"Southern U., New Orleans",2020,"Federal",NA,NA
"St. Mary's C. Maryland",2020,"Federal",NA,NA
"Texas A&M U.-San Antonio",2020,"Federal",NA,NA
"Touro U., New Yorkg",2020,"Federal",NA,NA
"U. Colorado Anschutz Medical Campusc",2020,"Federal",NA,NA
"U. Colorado Denverc",2020,"Federal",NA,NA
"U. Hawaii, Maui C.",2020,"Federal",NA,NA
"U. Nebraska, Lincoln and Medical Centerd",2020,"Federal",NA,NA
"U. Puerto Rico, Ponce",2020,"Federal",NA,NA
"U. Scranton",2020,"Federal",NA,NA
"U. South Carolina, Beaufort",2020,"Federal",NA,NA
"U. Virginia's C. Wise",2020,"Federal",NA,NA
"U.S. Army War C.",2020,"Federal",NA,NA
"U.S. Coast Guard Academy",2020,"Federal",NA,NA
"United Tribes Technical C.",2020,"Federal",NA,NA
"Ursinus C.",2020,"Federal",NA,NA
"Utah Valley U.",2020,"Federal",NA,NA
"Virginia Military Institute",2020,"Federal",NA,NA
"Western New England U.",2020,"Federal",NA,NA
"All institutions",2021,"Federal",49117850000,1
"Johns Hopkins U",2021,"Federal",2774643000,2
"U. Washington, Seattle",2021,"Federal",1046377000,3
"U. Michigan, Ann Arbor",2021,"Federal",891125000,4
"Georgia Institute of Technology",2021,"Federal",852319000,5
"Columbia U. in the City of New York",2021,"Federal",831648000,6
"Stanford U.",2021,"Federal",811183000,7
"U. California, San Diego",2021,"Federal",801117000,8
"U. Pennsylvania",2021,"Federal",792089000,9
"Duke U.",2021,"Federal",776632000,10
"U. North Carolina, Chapel Hill",2021,"Federal",747895000,11
"U. Pittsburgh, Pittsburgh",2021,"Federal",724993000,12
"U. California, Los Angeles",2021,"Federal",721043000,13
"U. Marylandb",2021,"Federal",713283000,14
"U. California, San Francisco",2021,"Federal",683179000,15
"Yale U.",2021,"Federal",647656000,16
"U. Wisconsin-Madison",2021,"Federal",646764000,17
"Pennsylvania State U., University Park and Hershey Medical Center",2021,"Federal",622532000,18
"Harvard U.",2021,"Federal",616589000,19
"Washington U., Saint Louis",2021,"Federal",606127000,20
"Cornell U.",2021,"Federal",592359000,21
"Vanderbilt U. and Vanderbilt U. Medical Center",2021,"Federal",586880000,22
"U. Southern California",2021,"Federal",574185000,23
"Northwestern U.",2021,"Federal",572975000,24
"U. Minnesota, Twin Cities",2021,"Federal",570946000,25
"Ohio State U.",2021,"Federal",559797000,26
"Icahn School of Medicine at Mount Sinai",2021,"Federal",554582000,27
"New York U.",2021,"Federal",547027000,28
"Texas A&M U., College Station and Health Science Center",2021,"Federal",528057000,29
"Emory U.",2021,"Federal",515940000,30
"U. Texas, Austin",2021,"Federal",489827000,31
"Massachusetts Institute of Technology",2021,"Federal",483526000,32
"U. Colorado Boulder",2021,"Federal",459816000,33
"U. Alabama, Birmingham",2021,"Federal",423290000,34
"U. Florida",2021,"Federal",423154000,35
"U. Illinois, Urbana-Champaign",2021,"Federal",406612000,36
"Boston U.",2021,"Federal",402443000,37
"U. Chicago",2021,"Federal",394275000,38
"U. California, Davis",2021,"Federal",373719000,39
"Baylor C. of Medicine",2021,"Federal",365472000,40
"U. Colorado Anschutz Medical Campusc",2021,"Federal",363999000,41
"U. California, Berkeley",2021,"Federal",354478000,42
"U. Arizona",2021,"Federal",353117000,43
"Michigan State U.",2021,"Federal",349889000,44
"Case Western Reserve U.",2021,"Federal",340438000,45
"U. Utah",2021,"Federal",340434000,46
"Rutgers, State U. New Jersey, New Brunswick",2021,"Federal",339015000,47
"Oregon Health and Science U.",2021,"Federal",329016000,48
"Indiana U., Bloomington",2021,"Federal",326326000,49
"U. Rochester",2021,"Federal",309647000,50
"U. Cincinnati",2021,"Federal",309097000,51
"Colorado State U., Fort Collins",2021,"Federal",303901000,52
"U. Virginia, Charlottesville",2021,"Federal",297273000,53
"Purdue U., West Lafayette",2021,"Federal",295278000,54
"California Institute of Technology",2021,"Federal",293197000,55
"U. Iowa",2021,"Federal",283763000,56
"Uniformed Services U. of the Health Sciences",2021,"Federal",275573000,57
"Arizona State U.",2021,"Federal",274541000,58
"Scripps Research Institute",2021,"Federal",272181000,59
"All other surveyed institutions",2021,"Federal",266913000,60
"Utah State U.",2021,"Federal",264575000,61
"U. Texas Southwestern Medical Center",2021,"Federal",257611000,62
"U. California, Irvine",2021,"Federal",255010000,63
"U. Massachusetts, Medical School",2021,"Federal",248873000,64
"U. New Mexico",2021,"Federal",242212000,65
"North Carolina State U.",2021,"Federal",239115000,66
"U. Illinois, Chicago",2021,"Federal",237949000,67
"Carnegie Mellon U.",2021,"Federal",234993000,68
"U. Miami",2021,"Federal",231001000,69
"Woods Hole Oceanographic Institution",2021,"Federal",222351000,70
"U. Kentucky",2021,"Federal",220703000,71
"U. Texas M. D. Anderson Cancer Center",2021,"Federal",217073000,72
"Virginia Polytechnic Institute and State U.",2021,"Federal",216733000,73
"Albert Einstein C. of Medicine",2021,"Federal",214619000,74
"SUNY, U. Buffalo",2021,"Federal",210257000,75
"Princeton U.",2021,"Federal",2.05e+08,76
"Brown U.",2021,"Federal",198574000,77
"U. Oklahoma, Norman and Health Science Center",2021,"Federal",193639000,78
"Wake Forest U.",2021,"Federal",188887000,79
"U. Georgia",2021,"Federal",188451000,80
"U. Kansas",2021,"Federal",187249000,81
"U. South Floridae",2021,"Federal",185364000,82
"U. Connecticut",2021,"Federal",183362000,83
"U. Dayton",2021,"Federal",181445000,84
"Washington State U.",2021,"Federal",179536000,85
"Oregon State U.",2021,"Federal",179180000,86
"Iowa State U.",2021,"Federal",169177000,87
"Tufts U.",2021,"Federal",166809000,88
"U. Texas Health Science Center, Houston",2021,"Federal",165139000,89
"U. Missouri, Columbia",2021,"Federal",163576000,90
"SUNY, Stony Brook U.",2021,"Federal",162972000,91
"Medical U. South Carolina",2021,"Federal",162394000,92
"George Washington U.",2021,"Federal",161349000,93
"Virginia Commonwealth U.",2021,"Federal",160995000,94
"U. Hawaii, Manoa",2021,"Federal",157772000,95
"U. Delaware",2021,"Federal",157725000,96
"Temple U.",2021,"Federal",153316000,97
"Dartmouth C. and Dartmouth Hitchcock Medical Center",2021,"Federal",152335000,98
"Florida State U.",2021,"Federal",150108000,99
"Northeastern U.",2021,"Federal",143421000,100
"Medical C. Wisconsin",2021,"Federal",136385000,101
"U. Tennessee, Knoxvillef",2021,"Federal",135202000,102
"Georgetown U.",2021,"Federal",130419000,103
"U. Alaska, Fairbanks",2021,"Federal",128229000,104
"U. California, Santa Barbara",2021,"Federal",122168000,105
"Wayne State U.",2021,"Federal",117976000,106
"U. Texas Medical Branch",2021,"Federal",117915000,107
"U. Alabama, Huntsville",2021,"Federal",116971000,108
"Mississippi State U.",2021,"Federal",116713000,109
"U. Massachusetts, Amherst",2021,"Federal",116349000,110
"Tulane U.",2021,"Federal",113819000,111
"Montana State U., Bozeman",2021,"Federal",113257000,112
"U. Notre Dame",2021,"Federal",109891000,113
"Thomas Jefferson U.",2021,"Federal",109448000,114
"U. Central Florida",2021,"Federal",109310000,115
"U. Texas Health Science Center, San Antonio",2021,"Federal",106824000,116
"Florida International U.",2021,"Federal",105309000,117
"George Mason U.",2021,"Federal",103712000,118
"U. Vermont",2021,"Federal",103554000,119
"Louisiana State U., Baton Rouge",2021,"Federal",103178000,120
"U. New Hampshire",2021,"Federal",99323000,121
"U. California, Riverside",2021,"Federal",97182000,122
"U. Louisville",2021,"Federal",97179000,123
"Rockefeller U.",2021,"Federal",96318000,124
"Rice U.",2021,"Federal",95648000,125
"Drexel U.",2021,"Federal",93517000,126
"Auburn U., Auburn",2021,"Federal",91157000,127
"Clemson U.",2021,"Federal",89883000,128
"West Virginia U.",2021,"Federal",89802000,129
"U. South Carolina, Columbia",2021,"Federal",88529000,130
"U. California, Santa Cruz",2021,"Federal",86263000,131
"U. Arkansas for Medical Sciences",2021,"Federal",83387000,132
"U. Oregon",2021,"Federal",82242000,133
"Georgia State U.",2021,"Federal",79834000,134
"U. Rhode Island",2021,"Federal",78923000,135
"Kansas State U.",2021,"Federal",77779000,136
"U. Houston",2021,"Federal",77489000,137
"Wichita State U.",2021,"Federal",77427000,138
"U. Nevada, Reno",2021,"Federal",77246000,139
"New Jersey Institute of Technology",2021,"Federal",77057000,140
"U. Mississippi",2021,"Federal",76886000,141
"Rush U.",2021,"Federal",73279000,142
"U. Montana, Missoula",2021,"Federal",70686000,143
"U. Louisiana, Lafayette",2021,"Federal",65436000,144
"U. Maine",2021,"Federal",65249000,145
"New Mexico State U.",2021,"Federal",64699000,146
"Augusta U.",2021,"Federal",61943000,147
"Colorado School of Mines",2021,"Federal",61421000,148
"U. Maryland, Baltimore County",2021,"Federal",59882000,149
"U. North Dakota",2021,"Federal",58463000,150
"U. Texas, Dallas",2021,"Federal",58249000,151
"Cold Spring Harbor Laboratory",2021,"Federal",56907000,152
"SUNY, U. Albany",2021,"Federal",56425000,153
"U. Tennessee, Health Science Center",2021,"Federal",56021000,154
"Naval Postgraduate School",2021,"Federal",54855000,155
"U. Wyoming",2021,"Federal",54444000,156
"U. Alabama, Tuscaloosa",2021,"Federal",53880000,157
"Rensselaer Polytechnic Institute",2021,"Federal",52465000,158
"U. Idaho",2021,"Federal",51021000,159
"U. Arkansas, Fayetteville",2021,"Federal",48534000,160
"U. Massachusetts, Lowell",2021,"Federal",48179000,161
"Oklahoma State U., Stillwater",2021,"Federal",47428000,162
"Cleveland State U.",2021,"Federal",47402000,163
"U. Texas, Arlington",2021,"Federal",46946000,164
"U. Southern Mississippi",2021,"Federal",44401000,165
"U. Texas, El Paso",2021,"Federal",43930000,166
"San Diego State U.",2021,"Federal",43473000,167
"Brandeis U.",2021,"Federal",43471000,168
"U. Texas, San Antonio",2021,"Federal",42952000,169
"North Dakota State U.",2021,"Federal",42824000,170
"Northern Arizona U.",2021,"Federal",41744000,171
"Michigan Technological U.",2021,"Federal",41505000,172
"Saint Louis U.",2021,"Federal",41411000,173
"Florida A&M U.",2021,"Federal",36761000,174
"Howard U.",2021,"Federal",35443000,175
"Mercer U.",2021,"Federal",34413000,176
"Louisiana State U., Health Sciences Center, New Orleans",2021,"Federal",34272000,177
"Boston C.",2021,"Federal",34257000,178
"CUNY, City C.",2021,"Federal",34218000,179
"Syracuse U.",2021,"Federal",34200000,180
"Stevens Institute of Technology",2021,"Federal",33998000,181
"Texas Tech U.",2021,"Federal",33938000,182
"U. Puerto Rico, Medical Sciences Campus",2021,"Federal",33262000,183
"U. Toledo",2021,"Federal",32601000,184
"U. North Texas, Health Science Center",2021,"Federal",32464000,185
"U.S. Air Force Academy",2021,"Federal",31818000,186
"Boise State U.",2021,"Federal",31357000,187
"Rochester Institute of Technology",2021,"Federal",31187000,188
"Texas State U.",2021,"Federal",31116000,189
"San Jose State U.",2021,"Federal",30877000,190
"Brigham Young U., Provo",2021,"Federal",30439000,191
"Indiana U.-Purdue U., Indianapolis",2021,"Federal",30290000,192
"Worcester Polytechnic Institute",2021,"Federal",30166000,193
"William & Mary",2021,"Federal",29928000,194
"Portland State U.",2021,"Federal",29842000,195
"Lehigh U.",2021,"Federal",29051000,196
"Florida Atlantic U.",2021,"Federal",28510000,197
"SUNY, Downstate Health Sciences U.",2021,"Federal",27620000,198
"U. Nevada, Las Vegas",2021,"Federal",27178000,199
"U. North Carolina, Charlotte",2021,"Federal",27145000,200
"Air Force Institute of Technology",2021,"Federal",27025000,201
"Loyola U., Chicago",2021,"Federal",26793000,202
"Missouri U. of Science and Technology",2021,"Federal",26164000,203
"North Carolina A&T State U.",2021,"Federal",25755000,204
"Old Dominion U.",2021,"Federal",25514000,205
"SUNY, Polytechnic Institute",2021,"Federal",25427000,206
"Morehouse School of Medicine",2021,"Federal",25181000,207
"SUNY, Upstate Medical U.",2021,"Federal",24974000,208
"New Mexico Institute of Mining and Technology",2021,"Federal",24900000,209
"Illinois Institute of Technology",2021,"Federal",24762000,210
"U. North Carolina, Greensboro",2021,"Federal",24423000,211
"U. Wisconsin-Milwaukee",2021,"Federal",24397000,212
"U. South Alabama",2021,"Federal",23758000,213
"U. Massachusetts, Boston",2021,"Federal",23673000,214
"U. Denver",2021,"Federal",23415000,215
"SUNY, Binghamton U.",2021,"Federal",23225000,216
"CUNY, Hunter C.",2021,"Federal",23166000,217
"Catholic U. of America",2021,"Federal",23128000,218
"East Carolina U.",2021,"Federal",22813000,219
"Van Andel Research Institute",2021,"Federal",22231000,220
"U. Memphis",2021,"Federal",21578000,221
"U. Missouri, Kansas City",2021,"Federal",21203000,222
"Wright State U.",2021,"Federal",19617000,223
"Ohio U.",2021,"Federal",19164000,224
"U. North Texas, Denton",2021,"Federal",18702000,225
"U. California, Merced",2021,"Federal",18621000,226
"South Dakota State U.",2021,"Federal",18607000,227
"Southern Methodist U.",2021,"Federal",17886000,228
"Rowan U.",2021,"Federal",17400000,229
"Desert Research Institute",2021,"Federal",16641000,230
"Delaware State U.",2021,"Federal",16460000,231
"Morgan State U.",2021,"Federal",16319000,232
"Rutgers, State U. New Jersey, Newark",2021,"Federal",16281000,233
"San Francisco State U.",2021,"Federal",15993000,234
"Tuskegee U.",2021,"Federal",15424000,235
"Kent State U.",2021,"Federal",15179000,236
"U. Puerto Rico, Rio Piedras",2021,"Federal",15108000,237
"U. Alaska, Anchorage",2021,"Federal",15079000,238
"Tennessee State U.",2021,"Federal",15066000,239
"Embry-Riddle Aeronautical U.",2021,"Federal",14859000,240
"Eastern Virginia Medical School",2021,"Federal",14774000,241
"U. Guam",2021,"Federal",14316000,242
"U. Maryland Center for Environmental Science",2021,"Federal",14072000,243
"Jackson State U.",2021,"Federal",14038000,244
"California State U., Northridge",2021,"Federal",13989000,245
"Western Michigan U. and Homer Stryker M.D. School of Medicine",2021,"Federal",13944000,246
"Marquette U.",2021,"Federal",13918000,247
"Meharry Medical C.",2021,"Federal",13784000,248
"U.S. Military Academy",2021,"Federal",13708000,249
"U. Nebraska, Omaha",2021,"Federal",13503000,250
"U. West Florida",2021,"Federal",13313000,251
"Albany Medical C.",2021,"Federal",13166000,252
"U. of the Virgin Islands",2021,"Federal",13099000,253
"U. Puerto Rico, Mayaguez",2021,"Federal",13073000,254
"Florida Institute of Technology",2021,"Federal",13049000,255
"U. Texas Rio Grande Valley",2021,"Federal",13018000,256
"Marshall U.",2021,"Federal",12854000,257
"U. Hawaii, system office",2021,"Federal",12688000,258
"Southern Illinois U., Carbondale",2021,"Federal",12655000,259
"CUNY, Queens C.",2021,"Federal",12386000,260
"Louisiana State U., Health Sciences Center, Shreveport",2021,"Federal",12359000,261
"CUNY, Graduate School of Public Health and Health Policy",2021,"Federal",12254000,262
"Texas Tech U., Health Sciences Center",2021,"Federal",12148000,263
"American U.",2021,"Federal",12076000,264
"U. Texas Health Science Center, Tyler",2021,"Federal",12007000,265
"U. Colorado Denverc",2021,"Federal",11866000,266
"CUNY, Advanced Science Research Center",2021,"Federal",11840000,267
"U. Baltimore",2021,"Federal",11692000,268
"U. South Dakota",2021,"Federal",11664000,269
"South Dakota School of Mines and Technology",2021,"Federal",11587000,270
"Hampton U.",2021,"Federal",11517000,271
"Xavier U. Louisiana",2021,"Federal",11213000,272
"California State U., Long Beach",2021,"Federal",11178000,273
"California Polytechnic State U., San Luis Obispo",2021,"Federal",11163000,274
"Baylor U.",2021,"Federal",11025000,275
"Texas A&M U.-Corpus Christi",2021,"Federal",10967000,276
"New York Medical C.",2021,"Federal",10739000,277
"North Carolina Central U.",2021,"Federal",10676000,278
"Nova Southeastern U.",2021,"Federal",10386000,279
"U.S. Naval Academy",2021,"Federal",10247000,280
"Loma Linda U.",2021,"Federal",10116000,281
"Northeast Ohio Medical U.",2021,"Federal",9999000,282
"Charles R. Drew U. of Medicine and Science",2021,"Federal",9945000,283
"Illinois State U.",2021,"Federal",9787000,284
"Prairie View A&M U.",2021,"Federal",9566000,285
"Miami U.",2021,"Federal",9412000,286
"Rosalind Franklin U. of Medicine and Science",2021,"Federal",9357000,287
"Texas A&M U.-Kingsville",2021,"Federal",9265000,288
"Northern Illinois U.",2021,"Federal",9080000,289
"U. Akron",2021,"Federal",9024000,290
"Missouri State U.",2021,"Federal",8931000,291
"California State U., San Marcos",2021,"Federal",8831000,292
"Creighton U.",2021,"Federal",8585000,293
"Chapman U.",2021,"Federal",8574000,294
"Teachers C., Columbia U.",2021,"Federal",8521000,295
"East Tennessee State U.",2021,"Federal",8358000,296
"U. Maryland, Eastern Shore",2021,"Federal",8346000,297
"U. Massachusetts, Dartmouth",2021,"Federal",8223000,298
"Tennessee Technological U.",2021,"Federal",7625000,299
"St. Edward's U.",2021,"Federal",7600000,300
"Alcorn State U.",2021,"Federal",7593000,301
"Alabama A&M U.",2021,"Federal",7432000,302
"Oakland U.",2021,"Federal",7426000,303
"California State U., Los Angeles",2021,"Federal",7342000,304
"U. North Florida",2021,"Federal",7267000,305
"Bowling Green State U.",2021,"Federal",7263000,306
"Clarkson U.",2021,"Federal",7246000,307
"Idaho State U.",2021,"Federal",7216000,308
"SUNY, C. of Environmental Science and Forestry",2021,"Federal",6979000,309
"U. Arkansas, Little Rock",2021,"Federal",6939000,310
"Central Michigan U.",2021,"Federal",6919000,311
"U. North Carolina, Wilmington",2021,"Federal",6852000,312
"U. of the District of Columbia",2021,"Federal",6851000,313
"Louisiana Tech U.",2021,"Federal",6428000,314
"Montana Technological U.",2021,"Federal",6133000,315
"U. Tulsa",2021,"Federal",5876000,316
"California State U., San Bernardino",2021,"Federal",5867000,317
"Villanova U.",2021,"Federal",5826000,318
"U. Missouri, Saint Louis",2021,"Federal",5812000,319
"Sam Houston State U.",2021,"Federal",5632000,320
"Lincoln U., Jefferson City",2021,"Federal",5621000,321
"Western U. of Health Sciences",2021,"Federal",5620000,322
"California State U., Sacramento",2021,"Federal",5582000,323
"Texas Southern U.",2021,"Federal",5562000,324
"Naval War C.",2021,"Federal",5542000,325
"U. Hawaii, Hilo",2021,"Federal",5510000,326
"Clark Atlanta U.",2021,"Federal",5355000,327
"U. Minnesota, Duluth",2021,"Federal",5325000,328
"Duquesne U.",2021,"Federal",5020000,329
"Rhode Island C.",2021,"Federal",4894000,330
"Virginia State U.",2021,"Federal",4846000,331
"Winston-Salem State U.",2021,"Federal",4841000,332
"U.S. Army War C.",2021,"Federal",4662000,333
"Tarleton State U.",2021,"Federal",4620000,334
"California State U., Fullerton",2021,"Federal",4551000,335
"Morehouse C.",2021,"Federal",4533000,336
"DePaul U.",2021,"Federal",4518000,337
"U. Tennessee, Chattanooga",2021,"Federal",4507000,338
"CUNY, Brooklyn C.",2021,"Federal",4505000,339
"South Carolina State U.",2021,"Federal",4493000,340
"Florida Gulf Coast U.",2021,"Federal",4467000,341
"Texas Christian U.",2021,"Federal",4448000,342
"Fort Valley State U.",2021,"Federal",4429000,343
"California State Polytechnic U., Pomona",2021,"Federal",4396000,344
"Western Washington U.",2021,"Federal",4290000,345
"Arkansas State U., Jonesboro",2021,"Federal",4249000,346
"Central State U.",2021,"Federal",4165000,347
"Middle Tennessee State U.",2021,"Federal",4150000,348
"Montclair State U.",2021,"Federal",4146000,349
"C. Charleston",2021,"Federal",4126000,350
"West Virginia State U.",2021,"Federal",4119000,351
"California State U., Fresno",2021,"Federal",4101000,352
"Fordham U.",2021,"Federal",4076000,353
"U. of Health Sciences and Pharmacy in St. Louis",2021,"Federal",4063000,354
"Wesleyan U.",2021,"Federal",4032000,355
"Norfolk State U.",2021,"Federal",3976000,356
"U. Arkansas, Pine Bluff",2021,"Federal",3960000,357
"U. Colorado Colorado Springs",2021,"Federal",3942000,358
"Fisk U.",2021,"Federal",3940000,359
"U. Detroit Mercy",2021,"Federal",3917000,360
"U. New England",2021,"Federal",3864000,361
"Southern Illinois U., Edwardsville",2021,"Federal",3844000,362
"California State U., Bakersfield",2021,"Federal",3827000,363
"California State U., Monterey Bay",2021,"Federal",3813000,364
"National Defense U.",2021,"Federal",3786000,365
"Southern U. and A&M C., Baton Rouge",2021,"Federal",3770000,366
"Colorado C.",2021,"Federal",3725000,367
"Kentucky State U.",2021,"Federal",3716000,368
"Northwest Indian C.",2021,"Federal",3704000,369
"U. New Orleans",2021,"Federal",3674000,370
"Southern U. and A&M C., Agricultural Research and Extension Center",2021,"Federal",3588000,371
"Barnard C.",2021,"Federal",3527000,372
"CUNY, John Jay C. of Criminal Justice",2021,"Federal",3519000,373
"Wellesley C.",2021,"Federal",3469000,374
"U. Washington, Tacoma",2021,"Federal",3459000,375
"CUNY, Lehman C.",2021,"Federal",3382000,376
"Georgia Southern U.",2021,"Federal",3373000,377
"California State U., East Bay",2021,"Federal",3289000,378
"Salisbury U.",2021,"Federal",3271000,379
"Western Illinois U.",2021,"Federal",3163000,380
"Kennesaw State U.",2021,"Federal",3104000,381
"Toyota Technological Institute, Chicago",2021,"Federal",3090000,382
"Langston U.",2021,"Federal",3089000,383
"U. Washington, Bothell",2021,"Federal",2956000,384
"Rutgers, State U. New Jersey, Camden",2021,"Federal",2905000,385
"Clark U.",2021,"Federal",2754000,386
"Murray State U.",2021,"Federal",2721000,387
"Long Island U.",2021,"Federal",2686000,388
"Middlebury C.",2021,"Federal",2639000,389
"Dakota State U.",2021,"Federal",2603000,390
"U. San Diego",2021,"Federal",2554000,391
"Pace U.",2021,"Federal",2536000,392
"MGH Institute of Health Professions",2021,"Federal",2500000,393
"CUNY, Graduate Center",2021,"Federal",2496000,394
"U. Central del Caribe",2021,"Federal",2492000,395
"Ball State U.",2021,"Federal",2469000,396
"Haverford C.",2021,"Federal",2455000,397
"Smith C.",2021,"Federal",2433000,398
"James Madison U.",2021,"Federal",2379000,399
"U. Michigan, Dearborn",2021,"Federal",2366000,400
"Occidental C.",2021,"Federal",2348000,401
"Western Kentucky U.",2021,"Federal",2348000,401
"Alabama State U.",2021,"Federal",2338000,403
"U. North Carolina, Asheville",2021,"Federal",2322000,404
"Oklahoma State U., Center for Health Sciences",2021,"Federal",2304000,405
"Pennsylvania State U., Behrend",2021,"Federal",2286000,406
"Purdue U., Northwest",2021,"Federal",2280000,407
"California State U., Chico",2021,"Federal",2258000,408
"Eastern Michigan U.",2021,"Federal",2237000,409
"CUNY, C. Staten Island",2021,"Federal",2234000,410
"Sonoma State U.",2021,"Federal",2212000,411
"Youngstown State U.",2021,"Federal",2198000,412
"West Texas A&M U.",2021,"Federal",2195000,413
"Loyola Marymount U.",2021,"Federal",2170000,414
"Northern Kentucky U.",2021,"Federal",2156000,415
"Gallaudet U.",2021,"Federal",2140000,416
"Seton Hall U.",2021,"Federal",2137000,417
"SUNY, C. of Optometry",2021,"Federal",2105000,418
"Tougaloo C.",2021,"Federal",2092000,419
"Bates C.",2021,"Federal",2079000,420
"Pacific U.",2021,"Federal",2072000,421
"U. New Haven",2021,"Federal",2069000,422
"Johnson C. Smith U.",2021,"Federal",2049000,423
"U. Southern Maine",2021,"Federal",2020000,424
"California State U., Dominguez Hills",2021,"Federal",2001000,425
"U. Northern Iowa",2021,"Federal",1995000,426
"Hope C.",2021,"Federal",1992000,427
"Fayetteville State U.",2021,"Federal",1988000,428
"New York Institute of Technology",2021,"Federal",1988000,428
"California State Polytechnic U., Humboldt",2021,"Federal",1975000,430
"St. John's U., New York",2021,"Federal",1950000,431
"U. Northern Colorado",2021,"Federal",1942000,432
"Santa Clara U.",2021,"Federal",1930000,433
"Reed C.",2021,"Federal",1916000,434
"Northeastern Illinois U.",2021,"Federal",1913000,435
"Albany C. of Pharmacy and Health Sciences",2021,"Federal",1900000,436
"Saginaw Valley State U.",2021,"Federal",1899000,437
"William Paterson U.",2021,"Federal",1893000,438
"Spelman C.",2021,"Federal",1886000,439
"U. South Carolina, Aiken",2021,"Federal",1884000,440
"Lamar U.",2021,"Federal",1873000,441
"U. Wisconsin-Superior",2021,"Federal",1843000,442
"Bowdoin C.",2021,"Federal",1836000,443
"Texas Tech U., Health Sciences Center, El Paso",2021,"Federal",1831000,444
"New Mexico Highlands U.",2021,"Federal",1828000,445
"Savannah State U.",2021,"Federal",1804000,446
"Central Washington U.",2021,"Federal",1778000,447
"U. Wisconsin-Stevens Point",2021,"Federal",1776000,448
"U. Texas of the Permian Basin",2021,"Federal",1762000,449
"Towson U.",2021,"Federal",1758000,450
"Fort Lewis C.",2021,"Federal",1746000,451
"Hawaii Pacific U.",2021,"Federal",1741000,452
"Skidmore C.",2021,"Federal",1739000,453
"Palmer C. of Chiropractic, Davenport",2021,"Federal",1733000,454
"Morehead State U.",2021,"Federal",1727000,455
"Citadel Military C. South Carolina",2021,"Federal",1714000,456
"Western Carolina U.",2021,"Federal",1697000,457
"Bucknell U.",2021,"Federal",1696000,458
"Appalachian State U.",2021,"Federal",1694000,459
"CUNY, Baruch C.",2021,"Federal",1691000,460
"U. Central Arkansas",2021,"Federal",1640000,461
"New England C. of Optometry",2021,"Federal",1623000,462
"Pennsylvania State U., Harrisburg",2021,"Federal",1616000,463
"Elizabeth City State U.",2021,"Federal",1603000,464
"Mount Holyoke C.",2021,"Federal",1539000,465
"U. Richmond",2021,"Federal",1534000,466
"U. Central Oklahoma",2021,"Federal",1516000,467
"Texas Woman's U.",2021,"Federal",1514000,468
"Yeshiva U.",2021,"Federal",1509000,469
"Colorado State U., Pueblo",2021,"Federal",1508000,470
"Midwestern U.",2021,"Federal",1506000,471
"Indiana U. Pennsylvania",2021,"Federal",1503000,472
"Carleton C.",2021,"Federal",1499000,473
"Christopher Newport U.",2021,"Federal",1497000,474
"Winthrop U.",2021,"Federal",1495000,475
"Troy U.",2021,"Federal",1488000,476
"U. Louisiana, Monroe",2021,"Federal",1465000,477
"Harvey Mudd C.",2021,"Federal",1443000,478
"Colgate U.",2021,"Federal",1440000,479
"Bryn Mawr C.",2021,"Federal",1429000,480
"Grand Valley State U.",2021,"Federal",1415000,481
"Swarthmore C.",2021,"Federal",1414000,482
"Bowie State U.",2021,"Federal",1398000,483
"Touro U., California",2021,"Federal",1377000,484
"Amherst C.",2021,"Federal",1375000,485
"Franklin and Marshall C.",2021,"Federal",1363000,486
"California State U., Stanislaus",2021,"Federal",1354000,487
"Trinity C., Hartford",2021,"Federal",1348000,488
"U. Nebraska, Kearney",2021,"Federal",1327000,489
"New School",2021,"Federal",1324000,490
"U. of St. Thomas (MN)",2021,"Federal",1321000,491
"U. Virginia's C. Wise",2021,"Federal",1307000,492
"Texas A&M U.-Commerce",2021,"Federal",1283000,493
"SUNY, Geneseo",2021,"Federal",1273000,494
"U. Oklahoma, Tulsa",2021,"Federal",1267000,495
"Hofstra U.",2021,"Federal",1266000,496
"Dillard U.",2021,"Federal",1257000,497
"Texas A&M International U.",2021,"Federal",1243000,498
"Roger Williams U.",2021,"Federal",1202000,499
"U. Puerto Rico, Cayey",2021,"Federal",1202000,499
"CUNY, New York City C. of Technology",2021,"Federal",1197000,501
"U. Houston-Downtown",2021,"Federal",1169000,502
"Saint Joseph's U.",2021,"Federal",1158000,503
"Claremont Graduate U.",2021,"Federal",1152000,504
"Williams C.",2021,"Federal",1152000,504
"Davidson C.",2021,"Federal",1151000,506
"U. Puerto Rico, Humacao",2021,"Federal",1137000,507
"Black Hills State U.",2021,"Federal",1124000,508
"U. of the Pacific",2021,"Federal",1106000,509
"Seattle U.",2021,"Federal",1102000,510
"U. Wisconsin-Oshkosh",2021,"Federal",1083000,511
"C. New Jersey",2021,"Federal",1079000,512
"Trinity U.",2021,"Federal",1078000,513
"U. of the Incarnate Word",2021,"Federal",1076000,514
"U. Illinois, Springfield",2021,"Federal",1071000,515
"U. Alaska, Southeast",2021,"Federal",1046000,516
"Stephen F. Austin State U.",2021,"Federal",1029000,517
"Furman U.",2021,"Federal",1028000,518
"Des Moines U.",2021,"Federal",1019000,519
"Drake U.",2021,"Federal",1016000,520
"Claflin U.",2021,"Federal",1005000,521
"California State U., Channel Islands",2021,"Federal",993000,522
"SUNY, Buffalo State U.",2021,"Federal",977000,523
"Union C., Schenectady",2021,"Federal",976000,524
"U. Hawaii, Maui C.",2021,"Federal",951000,525
"Coastal Carolina U.",2021,"Federal",948000,526
"Alfred U.",2021,"Federal",939000,527
"Pomona C.",2021,"Federal",930000,528
"Calvin U.",2021,"Federal",929000,529
"U. Texas, Tyler",2021,"Federal",929000,529
"U. Ana G. Mendez, Gurabo",2021,"Federal",926000,531
"CUNY, York C.",2021,"Federal",922000,532
"Vassar C.",2021,"Federal",918000,533
"U. Wisconsin-Eau Claire",2021,"Federal",909000,534
"Willamette U.",2021,"Federal",896000,535
"U. Wisconsin-La Crosse",2021,"Federal",895000,536
"U. Wisconsin-Green Bay",2021,"Federal",876000,537
"U. Houston-Clear Lake",2021,"Federal",865000,538
"Sul Ross State U.",2021,"Federal",843000,539
"Pepperdine U.",2021,"Federal",835000,540
"Abilene Christian U.",2021,"Federal",827000,541
"SUNY, C. Plattsburgh",2021,"Federal",824000,542
"La Sierra U.",2021,"Federal",812000,543
"Southeastern Louisiana U.",2021,"Federal",795000,544
"Eastern Washington U.",2021,"Federal",775000,545
"Erikson Institute",2021,"Federal",772000,546
"CUNY, system office",2021,"Federal",768000,547
"U. Hartford",2021,"Federal",766000,548
"Pittsburg State U.",2021,"Federal",759000,549
"Hobart and William Smith Colleges",2021,"Federal",758000,550
"Milwaukee School of Engineering",2021,"Federal",751000,551
"Colby C.",2021,"Federal",750000,552
"Northwestern State U. Louisiana",2021,"Federal",738000,553
"Grambling State U.",2021,"Federal",731000,554
"Southern Connecticut State U.",2021,"Federal",713000,555
"Lewis and Clark C.",2021,"Federal",702000,556
"Northland C.",2021,"Federal",697000,557
"Ithaca C.",2021,"Federal",685000,558
"Keck Graduate Institute",2021,"Federal",685000,558
"Sacred Heart U.",2021,"Federal",675000,560
"Central Connecticut State U.",2021,"Federal",663000,561
"U. California, Office of the President",2021,"Federal",653000,562
"Claremont McKenna C.",2021,"Federal",637000,563
"Franklin W. Olin C. of Engineering",2021,"Federal",636000,564
"Suffolk U.",2021,"Federal",634000,565
"Macalester C.",2021,"Federal",617000,566
"West Chester U. Pennsylvania",2021,"Federal",608000,567
"Austin Peay State U.",2021,"Federal",597000,568
"Canisius U.",2021,"Federal",597000,568
"Indiana State U.",2021,"Federal",582000,570
"St. Cloud State U.",2021,"Federal",577000,571
"Minnesota State U., Mankato",2021,"Federal",575000,572
"Providence C.",2021,"Federal",574000,573
"Albany State U.",2021,"Federal",552000,574
"Edward Via C. of Osteopathic Medicine",2021,"Federal",537000,575
"Eastern Kentucky U.",2021,"Federal",530000,576
"National U. of Natural Medicine",2021,"Federal",523000,577
"C. Wooster",2021,"Federal",510000,578
"Lafayette C.",2021,"Federal",508000,579
"Oberlin C.",2021,"Federal",505000,580
"SUNY, C. Brockport",2021,"Federal",5e+05,581
"U. North Georgia",2021,"Federal",497000,582
"Stockton U.",2021,"Federal",486000,583
"U. of Mary Washington",2021,"Federal",485000,584
"Florida Polytechnic U.",2021,"Federal",459000,585
"Connecticut C.",2021,"Federal",439000,586
"West Virginia School of Osteopathic Medicine",2021,"Federal",423000,587
"SUNY, Oswego",2021,"Federal",415000,588
"Purdue U., Fort Wayne",2021,"Federal",401000,589
"Manhattan C.",2021,"Federal",397000,590
"Memorial Sloan Kettering Cancer Center, Louis V. Gerstner Jr. Graduate S. of Biomedical Sciences",2021,"Federal",376000,591
"Arcadia U.",2021,"Federal",371000,592
"Northern Michigan U.",2021,"Federal",366000,593
"Kean U.",2021,"Federal",362000,594
"U. Wisconsin-Platteville",2021,"Federal",353000,595
"Framingham State U.",2021,"Federal",352000,596
"Grinnell C.",2021,"Federal",344000,597
"Marshall B. Ketchum U.",2021,"Federal",343000,598
"Indiana U., South Bend",2021,"Federal",337000,599
"Marymount U.",2021,"Federal",337000,599
"Philadelphia C. of Osteopathic Medicine",2021,"Federal",318000,601
"Heidelberg U.",2021,"Federal",308000,602
"Pratt Institute",2021,"Federal",294000,603
"Hamilton C.",2021,"Federal",286000,604
"Lawrence Technological U.",2021,"Federal",284000,605
"St. Olaf C.",2021,"Federal",271000,606
"Albion C.",2021,"Federal",257000,607
"Andrews U.",2021,"Federal",256000,608
"U. San Francisco",2021,"Federal",255000,609
"Oregon Institute of Technology",2021,"Federal",252000,610
"Lipscomb U.",2021,"Federal",222000,611
"Azusa Pacific U.",2021,"Federal",212000,612
"U. Wisconsin-River Falls",2021,"Federal",212000,612
"Alaska Pacific U.",2021,"Federal",189000,614
"Monmouth U.",2021,"Federal",174000,615
"Wheaton C., Wheaton",2021,"Federal",148000,616
"Fairfield U.",2021,"Federal",147000,617
"Elon U.",2021,"Federal",138000,618
"Liberty U.",2021,"Federal",120000,619
"Eastern Connecticut State U.",2021,"Federal",108000,620
"Roseman U. of Health Sciences",2021,"Federal",53000,621
"C. of Saint Benedict",2021,"Federal",46000,622
"Babson C.",2021,"Federal",0,623
"Benedict C.",2021,"Federal",NA,NA
"Bentley U.",2021,"Federal",NA,NA
"Bryant U.",2021,"Federal",NA,NA
"Butler U.",2021,"Federal",NA,NA
"Chicago State U.",2021,"Federal",NA,NA
"Dine C.",2021,"Federal",NA,NA
"East Stroudsburg U. Pennsylvania",2021,"Federal",NA,NA
"Ferris State U.",2021,"Federal",NA,NA
"Gettysburg C.",2021,"Federal",NA,NA
"Gustavus Adolphus C.",2021,"Federal",NA,NA
"Kenyon C.",2021,"Federal",NA,NA
"Lake Superior State U.",2021,"Federal",NA,NA
"Lincoln Memorial U.",2021,"Federal",NA,NA
"Lincoln U.",2021,"Federal",NA,NA
"Marian U., Indianapolis",2021,"Federal",NA,NA
"Merrimack C.",2021,"Federal",NA,NA
"Nevada State C.",2021,"Federal",NA,NA
"New C. Florida",2021,"Federal",NA,NA
"Norwich U.",2021,"Federal",NA,NA
"Pennsylvania State U., Altoona",2021,"Federal",NA,NA
"Radford U.",2021,"Federal",NA,NA
"Robert Morris U.",2021,"Federal",NA,NA
"SUNY, Cobleskill",2021,"Federal",NA,NA
"Southern U., New Orleans",2021,"Federal",NA,NA
"St. Mary's C. Maryland",2021,"Federal",NA,NA
"Texas A&M U.-San Antonio",2021,"Federal",NA,NA
"Touro U., New Yorkg",2021,"Federal",NA,NA
"U. Nebraska, Lincoln and Medical Centerd",2021,"Federal",NA,NA
"U. Puerto Rico, Ponce",2021,"Federal",NA,NA
"U. Puget Sound",2021,"Federal",NA,NA
"U. Scranton",2021,"Federal",NA,NA
"U. South Carolina, Beaufort",2021,"Federal",NA,NA
"U.S. Coast Guard Academy",2021,"Federal",NA,NA
"United Tribes Technical C.",2021,"Federal",NA,NA
"Ursinus C.",2021,"Federal",NA,NA
"Utah Valley U.",2021,"Federal",NA,NA
"Virginia Military Institute",2021,"Federal",NA,NA
"Western New England U.",2021,"Federal",NA,NA
"Whitman C.",2021,"Federal",NA,NA
"All institutions",2022,"Federal",53974897000,1
"Johns Hopkins U",2022,"Federal",2971816000,2
"U. Washington, Seattle",2022,"Federal",1083090000,3
"U. California, San Diego",2022,"Federal",970696000,4
"U. Michigan, Ann Arbor",2022,"Federal",970636000,5
"Georgia Institute of Technology",2022,"Federal",940488000,6
"Columbia U. in the City of New York",2022,"Federal",904346000,7
"Duke U.",2022,"Federal",901807000,8
"U. Pennsylvania",2022,"Federal",873318000,9
"Stanford U.",2022,"Federal",860125000,10
"U. California, Los Angeles",2022,"Federal",848138000,11
"U. North Carolina, Chapel Hill",2022,"Federal",827158000,12
"U. Pittsburgh, Pittsburgh",2022,"Federal",814647000,13
"U. California, San Francisco",2022,"Federal",780318000,14
"U. Marylandb",2022,"Federal",750447000,15
"U. Wisconsin-Madison",2022,"Federal",740854000,16
"Yale U.",2022,"Federal",689270000,17
"Washington U., Saint Louis",2022,"Federal",681353000,18
"Pennsylvania State U., University Park and Hershey Medical Center",2022,"Federal",681159000,19
"New York U.",2022,"Federal",668381000,20
"Vanderbilt U. and Vanderbilt U. Medical Center",2022,"Federal",666282000,21
"U. Minnesota, Twin Cities",2022,"Federal",652384000,22
"Ohio State U.",2022,"Federal",636902000,23
"Cornell U.",2022,"Federal",636481000,24
"Harvard U.",2022,"Federal",628683000,25
"Northwestern U.",2022,"Federal",618771000,26
"Icahn School of Medicine at Mount Sinai",2022,"Federal",610646000,27
"U. Southern California",2022,"Federal",601747000,28
"Emory U.",2022,"Federal",568149000,29
"U. Texas, Austin",2022,"Federal",536296000,30
"Massachusetts Institute of Technology",2022,"Federal",531056000,31
"U. Colorado Boulder",2022,"Federal",507892000,32
"Texas A&M U., College Station and Health Science Center",2022,"Federal",505355000,33
"U. California, Berkeley",2022,"Federal",468542000,34
"U. California, Davis",2022,"Federal",468468000,35
"U. Florida",2022,"Federal",467739000,36
"U. Chicago",2022,"Federal",456806000,37
"U. Colorado Anschutz Medical Campusc",2022,"Federal",429949000,38
"U. Alabama, Birmingham",2022,"Federal",421223000,39
"U. Illinois, Urbana-Champaign",2022,"Federal",420953000,40
"Baylor C. of Medicine",2022,"Federal",420054000,41
"Boston U.",2022,"Federal",413102000,42
"Michigan State U.",2022,"Federal",381504000,43
"Case Western Reserve U.",2022,"Federal",380423000,44
"U. Arizona",2022,"Federal",374936000,45
"U. Utah",2022,"Federal",367040000,46
"Indiana U., Bloomington",2022,"Federal",360300000,47
"Purdue U., West Lafayette",2022,"Federal",352890000,48
"Rutgers, State U. New Jersey, New Brunswick",2022,"Federal",351660000,49
"U. Cincinnati",2022,"Federal",350392000,50
"Oregon Health and Science U.",2022,"Federal",346724000,51
"U. Rochester",2022,"Federal",334503000,52
"U. Virginia, Charlottesville",2022,"Federal",332993000,53
"California Institute of Technology",2022,"Federal",326401000,54
"Colorado State U., Fort Collins",2022,"Federal",316727000,55
"U. Iowa",2022,"Federal",314346000,56
"Arizona State U.",2022,"Federal",309094000,57
"U. Texas Southwestern Medical Center",2022,"Federal",298154000,58
"U. California, Irvine",2022,"Federal",291393000,59
"Utah State U.",2022,"Federal",280866000,60
"U. Miami",2022,"Federal",265212000,61
"Carnegie Mellon U.",2022,"Federal",259160000,62
"U. Massachusetts, Medical School",2022,"Federal",258147000,63
"All other surveyed institutions",2022,"Federal",254840000,64
"U. Kentucky",2022,"Federal",253852000,65
"U. Illinois, Chicago",2022,"Federal",251328000,66
"North Carolina State U.",2022,"Federal",250582000,67
"Scripps Research Institute",2022,"Federal",242135000,68
"Virginia Polytechnic Institute and State U.",2022,"Federal",240305000,69
"U. New Mexico",2022,"Federal",232774000,70
"U. Connecticut",2022,"Federal",230752000,71
"U. Texas M. D. Anderson Cancer Center",2022,"Federal",225659000,72
"Albert Einstein C. of Medicine",2022,"Federal",220780000,73
"U. Georgia",2022,"Federal",220343000,74
"Princeton U.",2022,"Federal",218390000,75
"SUNY, U. Buffalo",2022,"Federal",218231000,76
"Brown U.",2022,"Federal",215067000,77
"Woods Hole Oceanographic Institution",2022,"Federal",211550000,78
"U. Oklahoma, Norman and Health Science Center",2022,"Federal",210994000,79
"U. South Floridae",2022,"Federal",206552000,80
"U. Dayton",2022,"Federal",203206000,81
"U. Kansas",2022,"Federal",200117000,82
"U. Delaware",2022,"Federal",194775000,83
"Uniformed Services U. of the Health Sciences",2022,"Federal",194187000,84
"Oregon State U.",2022,"Federal",192621000,85
"Washington State U.",2022,"Federal",187580000,86
"Iowa State U.",2022,"Federal",187156000,87
"U. Texas Health Science Center, Houston",2022,"Federal",184205000,88
"SUNY, Stony Brook U.",2022,"Federal",184154000,89
"U. Missouri, Columbia",2022,"Federal",182432000,90
"Wake Forest U.",2022,"Federal",180754000,91
"U. Hawaii, Manoa",2022,"Federal",169762000,92
"Virginia Commonwealth U.",2022,"Federal",169450000,93
"Florida State U.",2022,"Federal",163744000,94
"Medical U. South Carolina",2022,"Federal",163395000,95
"George Washington U.",2022,"Federal",161867000,96
"U. California, Santa Barbara",2022,"Federal",161241000,97
"Dartmouth C. and Dartmouth Hitchcock Medical Center",2022,"Federal",155445000,98
"U. Alaska, Fairbanks",2022,"Federal",154742000,99
"Medical C. Wisconsin",2022,"Federal",152301000,100
"Northeastern U.",2022,"Federal",150093000,101
"Tufts U.",2022,"Federal",150081000,102
"U. Tennessee, Knoxvillef",2022,"Federal",149260000,103
"Temple U.",2022,"Federal",143580000,104
"Mississippi State U.",2022,"Federal",138207000,105
"U. Alabama, Huntsville",2022,"Federal",132060000,106
"U. New Hampshire",2022,"Federal",129721000,107
"Florida International U.",2022,"Federal",129683000,108
"U. Massachusetts, Amherst",2022,"Federal",129044000,109
"Tulane U.",2022,"Federal",127544000,110
"Georgetown U.",2022,"Federal",127213000,111
"Wayne State U.",2022,"Federal",126814000,112
"U. Notre Dame",2022,"Federal",124411000,113
"U. Texas Medical Branch",2022,"Federal",123467000,114
"Clemson U.",2022,"Federal",119512000,115
"George Mason U.",2022,"Federal",119406000,116
"U. Texas Health Science Center, San Antonio",2022,"Federal",119071000,117
"Montana State U., Bozeman",2022,"Federal",118974000,118
"U. Louisville",2022,"Federal",117363000,119
"U. Vermont",2022,"Federal",117163000,120
"Thomas Jefferson U.",2022,"Federal",114452000,121
"U. California, Riverside",2022,"Federal",114257000,122
"Louisiana State U., Baton Rouge",2022,"Federal",111886000,123
"U. Central Florida",2022,"Federal",110131000,124
"U. California, Santa Cruz",2022,"Federal",107082000,125
"U. South Carolina, Columbia",2022,"Federal",106752000,126
"Rice U.",2022,"Federal",105345000,127
"Auburn U., Auburn",2022,"Federal",104883000,128
"Drexel U.",2022,"Federal",99399000,129
"West Virginia U.",2022,"Federal",97327000,130
"U. Oregon",2022,"Federal",97238000,131
"U. Arkansas for Medical Sciences",2022,"Federal",95080000,132
"Rockefeller U.",2022,"Federal",94693000,133
"Wichita State U.",2022,"Federal",93367000,134
"U. Rhode Island",2022,"Federal",93190000,135
"U. Houston",2022,"Federal",84295000,136
"U. Mississippi",2022,"Federal",84270000,137
"U. Maine",2022,"Federal",84072000,138
"U. Nevada, Reno",2022,"Federal",83631000,139
"Kansas State U.",2022,"Federal",81820000,140
"Georgia State U.",2022,"Federal",81641000,141
"Rush U.",2022,"Federal",79647000,142
"U. Louisiana, Lafayette",2022,"Federal",77110000,143
"U. Montana, Missoula",2022,"Federal",73507000,144
"New Mexico Institute of Mining and Technology",2022,"Federal",72594000,145
"New Mexico State U.",2022,"Federal",71718000,146
"New Jersey Institute of Technology",2022,"Federal",71326000,147
"U. Wyoming",2022,"Federal",68772000,148
"U. Alabama, Tuscaloosa",2022,"Federal",67986000,149
"Colorado School of Mines",2022,"Federal",66200000,150
"U. Maryland, Baltimore County",2022,"Federal",65368000,151
"Augusta U.",2022,"Federal",64609000,152
"U. Arkansas, Fayetteville",2022,"Federal",64252000,153
"U. North Dakota",2022,"Federal",62737000,154
"U. Massachusetts, Lowell",2022,"Federal",62195000,155
"U. Texas, Dallas",2022,"Federal",60706000,156
"U. Texas, El Paso",2022,"Federal",60387000,157
"U. Tennessee, Health Science Center",2022,"Federal",60221000,158
"Cold Spring Harbor Laboratory",2022,"Federal",59163000,159
"U. Idaho",2022,"Federal",56160000,160
"U. Texas, Arlington",2022,"Federal",56025000,161
"San Diego State U.",2022,"Federal",55671000,162
"U. North Texas, Health Science Center",2022,"Federal",55062000,163
"U. Texas, San Antonio",2022,"Federal",54384000,164
"Oklahoma State U., Stillwater",2022,"Federal",53885000,165
"Cleveland State U.",2022,"Federal",53395000,166
"SUNY, U. Albany",2022,"Federal",51492000,167
"Rensselaer Polytechnic Institute",2022,"Federal",50605000,168
"Michigan Technological U.",2022,"Federal",48766000,169
"U. Southern Mississippi",2022,"Federal",48368000,170
"North Dakota State U.",2022,"Federal",45343000,171
"Texas Tech U.",2022,"Federal",45136000,172
"Naval Postgraduate School",2022,"Federal",44852000,173
"Brandeis U.",2022,"Federal",44205000,174
"Northern Arizona U.",2022,"Federal",43453000,175
"Saint Louis U.",2022,"Federal",42170000,176
"Florida A&M U.",2022,"Federal",41943000,177
"Stevens Institute of Technology",2022,"Federal",41836000,178
"Texas State U.",2022,"Federal",38936000,179
"CUNY, City C.",2022,"Federal",38596000,180
"Howard U.",2022,"Federal",37331000,181
"U. Toledo",2022,"Federal",36694000,182
"Boston C.",2022,"Federal",36560000,183
"Lehigh U.",2022,"Federal",36535000,184
"U.S. Air Force Academy",2022,"Federal",35826000,185
"U. Puerto Rico, Medical Sciences Campus",2022,"Federal",35050000,186
"Worcester Polytechnic Institute",2022,"Federal",34004000,187
"Syracuse U.",2022,"Federal",33976000,188
"William & Mary",2022,"Federal",33730000,189
"Rochester Institute of Technology",2022,"Federal",33373000,190
"Louisiana State U., Health Sciences Center, New Orleans",2022,"Federal",33087000,191
"Mercer U.",2022,"Federal",32504000,192
"Air Force Institute of Technology",2022,"Federal",32479000,193
"SUNY, Polytechnic Institute",2022,"Federal",32396000,194
"Boise State U.",2022,"Federal",32015000,195
"Brigham Young U., Provo",2022,"Federal",31636000,196
"Morehouse School of Medicine",2022,"Federal",31339000,197
"U. Missouri, Kansas City",2022,"Federal",31134000,198
"San Jose State U.",2022,"Federal",30984000,199
"Portland State U.",2022,"Federal",30922000,200
"U. North Carolina, Greensboro",2022,"Federal",29822000,201
"East Carolina U.",2022,"Federal",29648000,202
"Van Andel Research Institute",2022,"Federal",29424000,203
"Indiana U.-Purdue U., Indianapolis",2022,"Federal",29353000,204
"North Carolina A&T State U.",2022,"Federal",29094000,205
"U. Nevada, Las Vegas",2022,"Federal",28867000,206
"Missouri U. of Science and Technology",2022,"Federal",28792000,207
"Florida Atlantic U.",2022,"Federal",28641000,208
"Old Dominion U.",2022,"Federal",27804000,209
"SUNY, Upstate Medical U.",2022,"Federal",27737000,210
"Loyola U., Chicago",2022,"Federal",26972000,211
"U. North Carolina, Charlotte",2022,"Federal",26871000,212
"Catholic U. of America",2022,"Federal",26285000,213
"U. Denver",2022,"Federal",26040000,214
"Illinois Institute of Technology",2022,"Federal",25963000,215
"SUNY, Downstate Health Sciences U.",2022,"Federal",25081000,216
"SUNY, Binghamton U.",2022,"Federal",24888000,217
"U. Memphis",2022,"Federal",24686000,218
"Morgan State U.",2022,"Federal",24670000,219
"Delaware State U.",2022,"Federal",24361000,220
"U. Wisconsin-Milwaukee",2022,"Federal",24036000,221
"Embry-Riddle Aeronautical U.",2022,"Federal",23863000,222
"U. South Alabama",2022,"Federal",23762000,223
"U. California, Merced",2022,"Federal",23421000,224
"U. Massachusetts, Boston",2022,"Federal",23131000,225
"U. North Texas, Denton",2022,"Federal",23056000,226
"South Dakota State U.",2022,"Federal",22991000,227
"CUNY, Hunter C.",2022,"Federal",21142000,228
"Ohio U.",2022,"Federal",20587000,229
"Wright State U.",2022,"Federal",20529000,230
"U.S. Military Academy",2022,"Federal",19708000,231
"U. of the Virgin Islands",2022,"Federal",19127000,232
"Rowan U.",2022,"Federal",18613000,233
"U. Texas Rio Grande Valley",2022,"Federal",18317000,234
"Southern Methodist U.",2022,"Federal",17680000,235
"Eastern Virginia Medical School",2022,"Federal",17616000,236
"Desert Research Institute",2022,"Federal",17341000,237
"U. Nebraska, Omaha",2022,"Federal",17301000,238
"U. West Florida",2022,"Federal",17114000,239
"U. Guam",2022,"Federal",17066000,240
"U. Puerto Rico, Rio Piedras",2022,"Federal",16905000,241
"Marshall U.",2022,"Federal",16369000,242
"U. Puerto Rico, Mayaguez",2022,"Federal",16223000,243
"Kent State U.",2022,"Federal",16195000,244
"Rutgers, State U. New Jersey, Newark",2022,"Federal",16099000,245
"Baylor U.",2022,"Federal",15856000,246
"California State U., Northridge",2022,"Federal",15546000,247
"Louisiana State U., Health Sciences Center, Shreveport",2022,"Federal",15503000,248
"Marquette U.",2022,"Federal",15316000,249
"San Francisco State U.",2022,"Federal",15276000,250
"U. Alaska, Anchorage",2022,"Federal",15249000,251
"Texas A&M U.-Corpus Christi",2022,"Federal",15229000,252
"U. Maryland Center for Environmental Science",2022,"Federal",15109000,253
"South Dakota School of Mines and Technology",2022,"Federal",15100000,254
"California Polytechnic State U., San Luis Obispo",2022,"Federal",15084000,255
"Meharry Medical C.",2022,"Federal",15048000,256
"Jackson State U.",2022,"Federal",15045000,257
"Tuskegee U.",2022,"Federal",14911000,258
"CUNY, Queens C.",2022,"Federal",14756000,259
"American U.",2022,"Federal",14752000,260
"Texas Tech U., Health Sciences Center",2022,"Federal",14620000,261
"U. Texas Health Science Center, Tyler",2022,"Federal",14362000,262
"North Carolina Central U.",2022,"Federal",13709000,263
"U. South Dakota",2022,"Federal",13702000,264
"Southern Illinois U., Carbondale",2022,"Federal",13582000,265
"Albany Medical C.",2022,"Federal",13384000,266
"Western Michigan U. and Homer Stryker M.D. School of Medicine",2022,"Federal",12895000,267
"U. Colorado Denverc",2022,"Federal",12668000,268
"CUNY, Advanced Science Research Center",2022,"Federal",12580000,269
"U. Hawaii, system office",2022,"Federal",12511000,270
"Creighton U.",2022,"Federal",12022000,271
"CUNY, Graduate School of Public Health and Health Policy",2022,"Federal",11880000,272
"California State U., Long Beach",2022,"Federal",11739000,273
"Xavier U. Louisiana",2022,"Federal",11733000,274
"Prairie View A&M U.",2022,"Federal",11665000,275
"Hampton U.",2022,"Federal",11274000,276
"U. Massachusetts, Dartmouth",2022,"Federal",11162000,277
"Chapman U.",2022,"Federal",11098000,278
"U. Akron",2022,"Federal",11036000,279
"Florida Institute of Technology",2022,"Federal",10970000,280
"Tennessee State U.",2022,"Federal",10859000,281
"Charles R. Drew U. of Medicine and Science",2022,"Federal",10656000,282
"Miami U.",2022,"Federal",10277000,283
"Teachers C., Columbia U.",2022,"Federal",10177000,284
"U.S. Naval Academy",2022,"Federal",10147000,285
"Missouri State U.",2022,"Federal",10084000,286
"U. of the District of Columbia",2022,"Federal",9859000,287
"Northern Illinois U.",2022,"Federal",9840000,288
"Central Michigan U.",2022,"Federal",9773000,289
"East Tennessee State U.",2022,"Federal",9715000,290
"Oakland U.",2022,"Federal",9533000,291
"Northeast Ohio Medical U.",2022,"Federal",9400000,292
"Nova Southeastern U.",2022,"Federal",9314000,293
"Alcorn State U.",2022,"Federal",9294000,294
"Alabama A&M U.",2022,"Federal",9221000,295
"Loma Linda U.",2022,"Federal",9134000,296
"Idaho State U.",2022,"Federal",9080000,297
"New York Medical C.",2022,"Federal",9070000,298
"U. Maryland, Eastern Shore",2022,"Federal",9062000,299
"California State U., East Bay",2022,"Federal",8997000,300
"Lincoln U., Jefferson City",2022,"Federal",8988000,301
"Winston-Salem State U.",2022,"Federal",8903000,302
"Clarkson U.",2022,"Federal",8834000,303
"Illinois State U.",2022,"Federal",8673000,304
"California State U., Los Angeles",2022,"Federal",8605000,305
"U. New Orleans",2022,"Federal",8270000,306
"Texas A&M U.-Kingsville",2022,"Federal",8225000,307
"Tennessee Technological U.",2022,"Federal",8156000,308
"California State U., San Marcos",2022,"Federal",7986000,309
"Bowling Green State U.",2022,"Federal",7918000,310
"SUNY, C. of Environmental Science and Forestry",2022,"Federal",7766000,311
"U. North Florida",2022,"Federal",7758000,312
"Texas Southern U.",2022,"Federal",7550000,313
"Rosalind Franklin U. of Medicine and Science",2022,"Federal",7292000,314
"Fort Valley State U.",2022,"Federal",7265000,315
"U. North Carolina, Wilmington",2022,"Federal",7178000,316
"Western U. of Health Sciences",2022,"Federal",7131000,317
"Virginia State U.",2022,"Federal",7115000,318
"California State U., San Bernardino",2022,"Federal",6693000,319
"U. Arkansas, Little Rock",2022,"Federal",6675000,320
"California State U., Sacramento",2022,"Federal",6646000,321
"Florida Gulf Coast U.",2022,"Federal",6482000,322
"Villanova U.",2022,"Federal",6476000,323
"Western Washington U.",2022,"Federal",6347000,324
"Duquesne U.",2022,"Federal",6309000,325
"California State U., Fullerton",2022,"Federal",6136000,326
"U. Minnesota, Duluth",2022,"Federal",6122000,327
"California State U., Fresno",2022,"Federal",5928000,328
"Clark Atlanta U.",2022,"Federal",5895000,329
"U. Tulsa",2022,"Federal",5893000,330
"CUNY, John Jay C. of Criminal Justice",2022,"Federal",5777000,331
"Louisiana Tech U.",2022,"Federal",5734000,332
"Texas Christian U.",2022,"Federal",5670000,333
"Morehouse C.",2022,"Federal",5664000,334
"Montana Technological U.",2022,"Federal",5600000,335
"Central State U.",2022,"Federal",5576000,336
"Naval War C.",2022,"Federal",5529000,337
"U.S. Army War C.",2022,"Federal",5496000,338
"California State Polytechnic U., Pomona",2022,"Federal",5407000,339
"Rhode Island C.",2022,"Federal",5372000,340
"U. Colorado Colorado Springs",2022,"Federal",5345000,341
"Ball State U.",2022,"Federal",5302000,342
"U. Hawaii, Hilo",2022,"Federal",5292000,343
"Wesleyan U.",2022,"Federal",5267000,344
"U. Tennessee, Chattanooga",2022,"Federal",5214000,345
"Montclair State U.",2022,"Federal",5189000,346
"Tarleton State U.",2022,"Federal",5055000,347
"California State U., Monterey Bay",2022,"Federal",5051000,348
"Sam Houston State U.",2022,"Federal",4936000,349
"South Carolina State U.",2022,"Federal",4910000,350
"Fordham U.",2022,"Federal",4856000,351
"U. Baltimore",2022,"Federal",4853000,352
"Kentucky State U.",2022,"Federal",4743000,353
"U. Detroit Mercy",2022,"Federal",4663000,354
"MGH Institute of Health Professions",2022,"Federal",4628000,355
"CUNY, Brooklyn C.",2022,"Federal",4623000,356
"U. Missouri, Saint Louis",2022,"Federal",4573000,357
"U. Washington, Tacoma",2022,"Federal",4553000,358
"C. Charleston",2022,"Federal",4485000,359
"Citadel Military C. South Carolina",2022,"Federal",4360000,360
"Middle Tennessee State U.",2022,"Federal",4347000,361
"Northwest Indian C.",2022,"Federal",4298000,362
"West Virginia State U.",2022,"Federal",4278000,363
"Southern U. and A&M C., Agricultural Research and Extension Center",2022,"Federal",4261000,364
"Western Illinois U.",2022,"Federal",4032000,365
"U. Washington, Bothell",2022,"Federal",4009000,366
"Dakota State U.",2022,"Federal",3976000,367
"Arkansas State U., Jonesboro",2022,"Federal",3932000,368
"National Defense U.",2022,"Federal",3920000,369
"Barnard C.",2022,"Federal",3758000,370
"DePaul U.",2022,"Federal",3757000,371
"Salisbury U.",2022,"Federal",3734000,372
"Chicago State U.",2022,"Federal",3699000,373
"Hope C.",2022,"Federal",3691000,374
"U. New England",2022,"Federal",3660000,375
"CUNY, Lehman C.",2022,"Federal",3652000,376
"U. Wisconsin-Superior",2022,"Federal",3635000,377
"Langston U.",2022,"Federal",3616000,378
"Southern U. and A&M C., Baton Rouge",2022,"Federal",3595000,379
"Youngstown State U.",2022,"Federal",3533000,380
"Fisk U.",2022,"Federal",3486000,381
"Norfolk State U.",2022,"Federal",3398000,382
"Oklahoma State U., Center for Health Sciences",2022,"Federal",3366000,383
"Bowie State U.",2022,"Federal",3351000,384
"Rutgers, State U. New Jersey, Camden",2022,"Federal",3349000,385
"U. Arkansas, Pine Bluff",2022,"Federal",3306000,386
"Kennesaw State U.",2022,"Federal",3290000,387
"Gallaudet U.",2022,"Federal",3287000,388
"Pennsylvania State U., Behrend",2022,"Federal",3262000,389
"Southern Illinois U., Edwardsville",2022,"Federal",3250000,390
"Purdue U., Northwest",2022,"Federal",3171000,391
"California State U., Dominguez Hills",2022,"Federal",3156000,392
"Western Kentucky U.",2022,"Federal",3127000,393
"New York Institute of Technology",2022,"Federal",2988000,394
"Alabama State U.",2022,"Federal",2930000,395
"CUNY, C. Staten Island",2022,"Federal",2916000,396
"Wellesley C.",2022,"Federal",2915000,397
"U. San Diego",2022,"Federal",2911000,398
"Sonoma State U.",2022,"Federal",2889000,399
"James Madison U.",2022,"Federal",2884000,400
"Amherst C.",2022,"Federal",2862000,401
"Towson U.",2022,"Federal",2844000,402
"Loyola Marymount U.",2022,"Federal",2824000,403
"U. Central del Caribe",2022,"Federal",2807000,404
"Haverford C.",2022,"Federal",2722000,405
"Pacific U.",2022,"Federal",2672000,406
"Hawaii Pacific U.",2022,"Federal",2667000,407
"California State U., Bakersfield",2022,"Federal",2665000,408
"Santa Clara U.",2022,"Federal",2660000,409
"Long Island U.",2022,"Federal",2652000,410
"New Mexico Highlands U.",2022,"Federal",2622000,411
"Occidental C.",2022,"Federal",2622000,411
"Georgia Southern U.",2022,"Federal",2605000,413
"U. North Carolina, Asheville",2022,"Federal",2600000,414
"Northern Kentucky U.",2022,"Federal",2596000,415
"Fort Lewis C.",2022,"Federal",2590000,416
"Appalachian State U.",2022,"Federal",2567000,417
"Winthrop U.",2022,"Federal",2542000,418
"Bucknell U.",2022,"Federal",2539000,419
"Spelman C.",2022,"Federal",2539000,419
"U. Michigan, Dearborn",2022,"Federal",2537000,421
"CUNY, Graduate Center",2022,"Federal",2535000,422
"Pace U.",2022,"Federal",2534000,423
"U. of Health Sciences and Pharmacy in St. Louis",2022,"Federal",2523000,424
"Saint Joseph's U.",2022,"Federal",2520000,425
"Clark U.",2022,"Federal",2500000,426
"St. John's U., New York",2022,"Federal",2456000,427
"U. New Haven",2022,"Federal",2447000,428
"Central Washington U.",2022,"Federal",2429000,429
"California State Polytechnic U., Humboldt",2022,"Federal",2421000,430
"Smith C.",2022,"Federal",2403000,431
"Eastern Michigan U.",2022,"Federal",2346000,432
"Saginaw Valley State U.",2022,"Federal",2341000,433
"Texas Tech U., Health Sciences Center, El Paso",2022,"Federal",2339000,434
"Tougaloo C.",2022,"Federal",2336000,435
"California State U., Chico",2022,"Federal",2312000,436
"Troy U.",2022,"Federal",2296000,437
"Middlebury C.",2022,"Federal",2281000,438
"Northeastern Illinois U.",2022,"Federal",2224000,439
"U. Southern Maine",2022,"Federal",2201000,440
"Toyota Technological Institute, Chicago",2022,"Federal",2199000,441
"Murray State U.",2022,"Federal",2176000,442
"Reed C.",2022,"Federal",2139000,443
"U. Northern Iowa",2022,"Federal",2132000,444
"West Texas A&M U.",2022,"Federal",2123000,445
"Hofstra U.",2022,"Federal",2118000,446
"Seton Hall U.",2022,"Federal",2092000,447
"Dine C.",2022,"Federal",2091000,448
"Texas Woman's U.",2022,"Federal",2091000,448
"Morehead State U.",2022,"Federal",2086000,450
"SUNY, C. of Optometry",2022,"Federal",2080000,451
"U. Louisiana, Monroe",2022,"Federal",1993000,452
"C. New Jersey",2022,"Federal",1984000,453
"Harvey Mudd C.",2022,"Federal",1956000,454
"St. Edward's U.",2022,"Federal",1940000,455
"Carleton C.",2022,"Federal",1914000,456
"Pennsylvania State U., Harrisburg",2022,"Federal",1911000,457
"U. Nebraska, Kearney",2022,"Federal",1900000,458
"William Paterson U.",2022,"Federal",1896000,459
"CUNY, Baruch C.",2022,"Federal",1894000,460
"Savannah State U.",2022,"Federal",1881000,461
"U. Central Oklahoma",2022,"Federal",1869000,462
"Johnson C. Smith U.",2022,"Federal",1868000,463
"Bowdoin C.",2022,"Federal",1867000,464
"Grand Valley State U.",2022,"Federal",1819000,465
"U. Oklahoma, Tulsa",2022,"Federal",1804000,466
"Indiana U. Pennsylvania",2022,"Federal",1797000,467
"Bates C.",2022,"Federal",1785000,468
"Texas A&M U.-Commerce",2022,"Federal",1776000,469
"CUNY, New York City C. of Technology",2022,"Federal",1769000,470
"Swarthmore C.",2022,"Federal",1733000,471
"U. Central Arkansas",2022,"Federal",1731000,472
"Western Carolina U.",2022,"Federal",1727000,473
"Christopher Newport U.",2022,"Federal",1701000,474
"Yeshiva U.",2022,"Federal",1695000,475
"U. Northern Colorado",2022,"Federal",1692000,476
"Franklin and Marshall C.",2022,"Federal",1680000,477
"Black Hills State U.",2022,"Federal",1676000,478
"Elizabeth City State U.",2022,"Federal",1667000,479
"Fayetteville State U.",2022,"Federal",1667000,479
"CUNY, York C.",2022,"Federal",1659000,481
"California State U., Channel Islands",2022,"Federal",1638000,482
"Texas A&M International U.",2022,"Federal",1624000,483
"U. Richmond",2022,"Federal",1624000,483
"Claremont Graduate U.",2022,"Federal",1610000,485
"Midwestern U.",2022,"Federal",1609000,486
"New England C. of Optometry",2022,"Federal",1609000,486
"Des Moines U.",2022,"Federal",1589000,488
"U. Texas, Tyler",2022,"Federal",1585000,489
"Colgate U.",2022,"Federal",1570000,490
"SUNY, Geneseo",2022,"Federal",1564000,491
"Palmer C. of Chiropractic, Davenport",2022,"Federal",1550000,492
"U. Texas of the Permian Basin",2022,"Federal",1538000,493
"Mount Holyoke C.",2022,"Federal",1511000,494
"Colby C.",2022,"Federal",1466000,495
"Dillard U.",2022,"Federal",1422000,496
"U. Ana G. Mendez, Gurabo",2022,"Federal",1407000,497
"U. Alaska, Southeast",2022,"Federal",1392000,498
"Colorado C.",2022,"Federal",1371000,499
"Davidson C.",2022,"Federal",1370000,500
"Roger Williams U.",2022,"Federal",1351000,501
"U. of the Pacific",2022,"Federal",1351000,501
"Trinity U.",2022,"Federal",1345000,503
"U. Wisconsin-Oshkosh",2022,"Federal",1336000,504
"Lafayette C.",2022,"Federal",1300000,505
"SUNY, Buffalo State U.",2022,"Federal",1299000,506
"Williams C.",2022,"Federal",1286000,507
"Southeastern Louisiana U.",2022,"Federal",1285000,508
"Furman U.",2022,"Federal",1280000,509
"Utah Valley U.",2022,"Federal",1280000,509
"Colorado State U., Pueblo",2022,"Federal",1278000,511
"Hobart and William Smith Colleges",2022,"Federal",1264000,512
"New School",2022,"Federal",1261000,513
"Bryn Mawr C.",2022,"Federal",1257000,514
"U. Wisconsin-Stevens Point",2022,"Federal",1235000,515
"Butler U.",2022,"Federal",1227000,516
"Pomona C.",2022,"Federal",1217000,517
"Drake U.",2022,"Federal",1211000,518
"U. Illinois, Springfield",2022,"Federal",1210000,519
"Sul Ross State U.",2022,"Federal",1205000,520
"Lake Superior State U.",2022,"Federal",1184000,521
"Lamar U.",2022,"Federal",1180000,522
"Claflin U.",2022,"Federal",1179000,523
"Nevada State C.",2022,"Federal",1167000,524
"Pittsburg State U.",2022,"Federal",1167000,524
"U. Puerto Rico, Humacao",2022,"Federal",1160000,526
"Seattle U.",2022,"Federal",1143000,527
"Virginia Military Institute",2022,"Federal",1137000,528
"Coastal Carolina U.",2022,"Federal",1130000,529
"Albany C. of Pharmacy and Health Sciences",2022,"Federal",1110000,530
"Lawrence Technological U.",2022,"Federal",1109000,531
"U. of the Incarnate Word",2022,"Federal",1078000,532
"Claremont McKenna C.",2022,"Federal",1070000,533
"California State U., Stanislaus",2022,"Federal",1056000,534
"Vassar C.",2022,"Federal",1052000,535
"Trinity C., Hartford",2022,"Federal",1049000,536
"U. Wisconsin-Green Bay",2022,"Federal",1046000,537
"Abilene Christian U.",2022,"Federal",1032000,538
"Kenyon C.",2022,"Federal",1021000,539
"Alfred U.",2022,"Federal",1008000,540
"La Sierra U.",2022,"Federal",972000,541
"Milwaukee School of Engineering",2022,"Federal",969000,542
"U. Wisconsin-La Crosse",2022,"Federal",968000,543
"Touro U., California",2022,"Federal",964000,544
"Macalester C.",2022,"Federal",943000,545
"Calvin U.",2022,"Federal",931000,546
"U. Houston-Downtown",2022,"Federal",903000,547
"Indiana State U.",2022,"Federal",894000,548
"U. Hartford",2022,"Federal",886000,549
"Pepperdine U.",2022,"Federal",883000,550
"Stephen F. Austin State U.",2022,"Federal",879000,551
"Austin Peay State U.",2022,"Federal",870000,552
"Skidmore C.",2022,"Federal",861000,553
"Memorial Sloan Kettering Cancer Center, Louis V. Gerstner Jr. Graduate S. of Biomedical Sciences",2022,"Federal",858000,554
"U. South Carolina, Aiken",2022,"Federal",857000,555
"Eastern Washington U.",2022,"Federal",855000,556
"West Chester U. Pennsylvania",2022,"Federal",854000,557
"Southern Connecticut State U.",2022,"Federal",848000,558
"U. Houston-Clear Lake",2022,"Federal",841000,559
"Erikson Institute",2022,"Federal",815000,560
"Franklin W. Olin C. of Engineering",2022,"Federal",809000,561
"CUNY, system office",2022,"Federal",798000,562
"Willamette U.",2022,"Federal",791000,563
"U. Virginia's C. Wise",2022,"Federal",786000,564
"U. Puget Sound",2022,"Federal",780000,565
"Northland C.",2022,"Federal",778000,566
"U. Puerto Rico, Cayey",2022,"Federal",757000,567
"SUNY, C. Brockport",2022,"Federal",751000,568
"Union C., Schenectady",2022,"Federal",750000,569
"Lewis and Clark C.",2022,"Federal",746000,570
"Northwestern State U. Louisiana",2022,"Federal",742000,571
"C. Wooster",2022,"Federal",737000,572
"U. North Georgia",2022,"Federal",734000,573
"Stockton U.",2022,"Federal",728000,574
"Kean U.",2022,"Federal",715000,575
"Florida Polytechnic U.",2022,"Federal",706000,576
"Ithaca C.",2022,"Federal",703000,577
"U. Wisconsin-Eau Claire",2022,"Federal",681000,578
"Western New England U.",2022,"Federal",648000,579
"Keck Graduate Institute",2022,"Federal",643000,580
"Connecticut C.",2022,"Federal",620000,581
"Robert Morris U.",2022,"Federal",605000,582
"East Stroudsburg U. Pennsylvania",2022,"Federal",598000,583
"SUNY, C. Plattsburgh",2022,"Federal",584000,584
"Alaska Pacific U.",2022,"Federal",581000,585
"Minnesota State U., Mankato",2022,"Federal",575000,586
"Northern Michigan U.",2022,"Federal",571000,587
"Grambling State U.",2022,"Federal",554000,588
"U. San Francisco",2022,"Federal",547000,589
"SUNY, Oswego",2022,"Federal",544000,590
"Monmouth U.",2022,"Federal",535000,591
"U. of St. Thomas (MN)",2022,"Federal",527000,592
"Framingham State U.",2022,"Federal",525000,593
"Central Connecticut State U.",2022,"Federal",511000,594
"Bentley U.",2022,"Federal",509000,595
"U. of Mary Washington",2022,"Federal",501000,596
"Edward Via C. of Osteopathic Medicine",2022,"Federal",482000,597
"West Virginia School of Osteopathic Medicine",2022,"Federal",468000,598
"Canisius U.",2022,"Federal",454000,599
"Manhattan C.",2022,"Federal",440000,600
"U. Wisconsin-Platteville",2022,"Federal",435000,601
"Whitman C.",2022,"Federal",434000,602
"Elon U.",2022,"Federal",428000,603
"St. Cloud State U.",2022,"Federal",401000,604
"Texas A&M U.-San Antonio",2022,"Federal",394000,605
"Marshall B. Ketchum U.",2022,"Federal",383000,606
"SUNY, Cobleskill",2022,"Federal",379000,607
"Oregon Institute of Technology",2022,"Federal",340000,608
"Suffolk U.",2022,"Federal",340000,608
"Hamilton C.",2022,"Federal",338000,610
"Purdue U., Fort Wayne",2022,"Federal",313000,611
"Azusa Pacific U.",2022,"Federal",282000,612
"Heidelberg U.",2022,"Federal",262000,613
"Albion C.",2022,"Federal",242000,614
"Grinnell C.",2022,"Federal",242000,614
"Pratt Institute",2022,"Federal",228000,616
"Marymount U.",2022,"Federal",178000,617
"U. California, Office of the President",2022,"Federal",158000,618
"Eastern Connecticut State U.",2022,"Federal",126000,619
"C. of Saint Benedict",2022,"Federal",51000,620
"Babson C.",2022,"Federal",45000,621
"Philadelphia C. of Osteopathic Medicine",2022,"Federal",40000,622
"Roseman U. of Health Sciences",2022,"Federal",30000,623
"Albany State U.",2022,"Federal",NA,NA
"Andrews U.",2022,"Federal",NA,NA
"Arcadia U.",2022,"Federal",NA,NA
"Benedict C.",2022,"Federal",NA,NA
"Bryant U.",2022,"Federal",NA,NA
"Eastern Kentucky U.",2022,"Federal",NA,NA
"Fairfield U.",2022,"Federal",NA,NA
"Ferris State U.",2022,"Federal",NA,NA
"Gettysburg C.",2022,"Federal",NA,NA
"Gustavus Adolphus C.",2022,"Federal",NA,NA
"Indiana U., South Bend",2022,"Federal",NA,NA
"Liberty U.",2022,"Federal",NA,NA
"Lincoln Memorial U.",2022,"Federal",NA,NA
"Lincoln U.",2022,"Federal",NA,NA
"Lipscomb U.",2022,"Federal",NA,NA
"Marian U., Indianapolis",2022,"Federal",NA,NA
"Merrimack C.",2022,"Federal",NA,NA
"National U. of Natural Medicine",2022,"Federal",NA,NA
"New C. Florida",2022,"Federal",NA,NA
"Norwich U.",2022,"Federal",NA,NA
"Oberlin C.",2022,"Federal",NA,NA
"Pennsylvania State U., Altoona",2022,"Federal",NA,NA
"Providence C.",2022,"Federal",NA,NA
"Radford U.",2022,"Federal",NA,NA
"Sacred Heart U.",2022,"Federal",NA,NA
"Southern U., New Orleans",2022,"Federal",NA,NA
"St. Mary's C. Maryland",2022,"Federal",NA,NA
"St. Olaf C.",2022,"Federal",NA,NA
"Touro U., New Yorkg",2022,"Federal",NA,NA
"U. Hawaii, Maui C.",2022,"Federal",NA,NA
"U. Nebraska, Lincoln and Medical Centerd",2022,"Federal",NA,NA
"U. Puerto Rico, Ponce",2022,"Federal",NA,NA
"U. Scranton",2022,"Federal",NA,NA
"U. South Carolina, Beaufort",2022,"Federal",NA,NA
"U. Wisconsin-River Falls",2022,"Federal",NA,NA
"U.S. Coast Guard Academy",2022,"Federal",NA,NA
"United Tribes Technical C.",2022,"Federal",NA,NA
"Ursinus C.",2022,"Federal",NA,NA
"Wheaton C., Wheaton",2022,"Federal",NA,NA
"All institutions",2023,"Federal",59603993000,1
"Johns Hopkins U",2023,"Federal",3324551000,2
"U. Washington, Seattle",2023,"Federal",1188836000,3
"Georgia Institute of Technology",2023,"Federal",1083903000,4
"U. California, San Diego",2023,"Federal",1083790000,5
"U. Michigan, Ann Arbor",2023,"Federal",1041430000,6
"Columbia U. in the City of New York",2023,"Federal",988670000,7
"Duke U.",2023,"Federal",974202000,8
"Stanford U.",2023,"Federal",943669000,9
"U. Pennsylvania",2023,"Federal",936469000,10
"U. Pittsburgh, Pittsburgh",2023,"Federal",916735000,11
"U. North Carolina, Chapel Hill",2023,"Federal",907710000,12
"U. California, Los Angeles",2023,"Federal",878571000,13
"U. California, San Francisco",2023,"Federal",858066000,14
"U. Marylandb",2023,"Federal",825546000,15
"U. Wisconsin-Madison",2023,"Federal",816814000,16
"New York U.",2023,"Federal",787204000,17
"Pennsylvania State U., University Park and Hershey Medical Center",2023,"Federal",781303000,18
"Washington U., Saint Louis",2023,"Federal",758464000,19
"Vanderbilt U. and Vanderbilt U. Medical Center",2023,"Federal",751019000,20
"Yale U.",2023,"Federal",741198000,21
"Cornell U.",2023,"Federal",705132000,22
"U. Minnesota, Twin Cities",2023,"Federal",702483000,23
"Ohio State U.",2023,"Federal",694647000,24
"U. Southern California",2023,"Federal",683819000,25
"Northwestern U.",2023,"Federal",678062000,26
"Emory U.",2023,"Federal",664370000,27
"Icahn School of Medicine at Mount Sinai",2023,"Federal",658916000,28
"Harvard U.",2023,"Federal",639953000,29
"U. Texas, Austin",2023,"Federal",621223000,30
"Massachusetts Institute of Technology",2023,"Federal",559766000,31
"Texas A&M U., College Station and Health Science Center",2023,"Federal",546481000,32
"U. Colorado Boulder",2023,"Federal",538715000,33
"U. Florida",2023,"Federal",529391000,34
"U. California, Berkeley",2023,"Federal",496298000,35
"U. California, Davis",2023,"Federal",494847000,36
"U. Chicago",2023,"Federal",476689000,37
"U. Colorado Anschutz Medical Campusc",2023,"Federal",474523000,38
"U. Illinois, Urbana-Champaign",2023,"Federal",460491000,39
"U. Alabama, Birmingham",2023,"Federal",451880000,40
"Baylor C. of Medicine",2023,"Federal",440345000,41
"Michigan State U.",2023,"Federal",435564000,42
"U. Arizona",2023,"Federal",434700000,43
"Indiana U., Bloomington",2023,"Federal",432223000,44
"Case Western Reserve U.",2023,"Federal",431736000,45
"U. Utah",2023,"Federal",416079000,46
"Boston U.",2023,"Federal",409551000,47
"Uniformed Services U. of the Health Sciences",2023,"Federal",403671000,48
"Rutgers, State U. New Jersey, New Brunswick",2023,"Federal",400930000,49
"U. Cincinnati",2023,"Federal",391943000,50
"Purdue U., West Lafayette",2023,"Federal",385738000,51
"Oregon Health and Science U.",2023,"Federal",374043000,52
"U. Rochester",2023,"Federal",368190000,53
"U. Virginia, Charlottesville",2023,"Federal",354748000,54
"Colorado State U., Fort Collins",2023,"Federal",354401000,55
"Arizona State U.",2023,"Federal",340880000,56
"U. Texas Southwestern Medical Center",2023,"Federal",336126000,57
"U. California, Irvine",2023,"Federal",335393000,58
"U. Iowa",2023,"Federal",331824000,59
"Utah State U.",2023,"Federal",322336000,60
"California Institute of Technology",2023,"Federal",310519000,61
"U. Miami",2023,"Federal",291783000,62
"Virginia Polytechnic Institute and State U.",2023,"Federal",282152000,63
"U. Nebraska, Lincoln and Medical Centerd",2023,"Federal",280120000,64
"Carnegie Mellon U.",2023,"Federal",279954000,65
"North Carolina State U.",2023,"Federal",279179000,66
"Scripps Research Institute",2023,"Federal",278099000,67
"U. Illinois, Chicago",2023,"Federal",274424000,68
"U. Kentucky",2023,"Federal",265543000,69
"U. Texas M. D. Anderson Cancer Center",2023,"Federal",259285000,70
"SUNY, U. Buffalo",2023,"Federal",257857000,71
"U. South Floridae",2023,"Federal",242224000,72
"Brown U.",2023,"Federal",239744000,73
"U. Connecticut",2023,"Federal",238701000,74
"Woods Hole Oceanographic Institution",2023,"Federal",238554000,75
"Albert Einstein C. of Medicine",2023,"Federal",230151000,76
"U. Massachusetts, Medical School",2023,"Federal",223490000,77
"Oregon State U.",2023,"Federal",222169000,78
"U. Georgia",2023,"Federal",221804000,79
"U. Oklahoma, Norman and Health Science Center",2023,"Federal",219964000,80
"Princeton U.",2023,"Federal",219600000,81
"U. Missouri, Columbia",2023,"Federal",217091000,82
"U. Dayton",2023,"Federal",216729000,83
"U. Kansas",2023,"Federal",211111000,84
"Washington State U.",2023,"Federal",207086000,85
"U. New Mexico",2023,"Federal",205351000,86
"Wake Forest U.",2023,"Federal",204713000,87
"U. Delaware",2023,"Federal",202469000,88
"U. Texas Health Science Center, Houston",2023,"Federal",197759000,89
"Iowa State U.",2023,"Federal",195394000,90
"Florida State U.",2023,"Federal",195323000,91
"SUNY, Stony Brook U.",2023,"Federal",192448000,92
"U. Hawaii, Manoa",2023,"Federal",192205000,93
"Northeastern U.",2023,"Federal",186013000,94
"Virginia Commonwealth U.",2023,"Federal",184852000,95
"U. California, Santa Barbara",2023,"Federal",179896000,96
"Medical U. South Carolina",2023,"Federal",168957000,97
"Dartmouth C. and Dartmouth Hitchcock Medical Center",2023,"Federal",168740000,98
"George Washington U.",2023,"Federal",162892000,99
"U. Alaska, Fairbanks",2023,"Federal",156702000,100
"Florida International U.",2023,"Federal",156381000,101
"Medical C. Wisconsin",2023,"Federal",155403000,102
"Temple U.",2023,"Federal",154516000,103
"Tufts U.",2023,"Federal",154458000,104
"U. Tennessee, Knoxvillef",2023,"Federal",153637000,105
"Tulane U.",2023,"Federal",152468000,106
"U. New Hampshire",2023,"Federal",152377000,107
"Mississippi State U.",2023,"Federal",150804000,108
"U. Texas Medical Branch",2023,"Federal",150272000,109
"U. Notre Dame",2023,"Federal",147985000,110
"U. Texas Health Science Center, San Antonio",2023,"Federal",143730000,111
"Montana State U., Bozeman",2023,"Federal",142965000,112
"Wichita State U.",2023,"Federal",142371000,113
"U. Massachusetts, Amherst",2023,"Federal",138849000,114
"Clemson U.",2023,"Federal",129955000,115
"U. Vermont",2023,"Federal",128645000,116
"Wayne State U.",2023,"Federal",128521000,117
"Georgetown U.",2023,"Federal",127370000,118
"Louisiana State U., Baton Rouge",2023,"Federal",127243000,119
"U. Alabama, Huntsville",2023,"Federal",126040000,120
"Auburn U., Auburn",2023,"Federal",125783000,121
"George Mason U.",2023,"Federal",125437000,122
"U. South Carolina, Columbia",2023,"Federal",124330000,123
"U. Central Florida",2023,"Federal",124256000,124
"U. California, Riverside",2023,"Federal",120524000,125
"Rice U.",2023,"Federal",119853000,126
"West Virginia U.",2023,"Federal",114708000,127
"U. California, Santa Cruz",2023,"Federal",112847000,128
"Thomas Jefferson U.",2023,"Federal",110366000,129
"Drexel U.",2023,"Federal",108724000,130
"U. Rhode Island",2023,"Federal",102056000,131
"Rockefeller U.",2023,"Federal",101422000,132
"U. Louisville",2023,"Federal",100890000,133
"New Mexico Institute of Mining and Technology",2023,"Federal",100873000,134
"U. Oregon",2023,"Federal",100265000,135
"U. Houston",2023,"Federal",99450000,136
"U. Arkansas for Medical Sciences",2023,"Federal",94483000,137
"Rush U.",2023,"Federal",93180000,138
"U. Maine",2023,"Federal",92870000,139
"Georgia State U.",2023,"Federal",91331000,140
"U. Maryland, Baltimore County",2023,"Federal",86573000,141
"U. Alabama, Tuscaloosa",2023,"Federal",86244000,142
"U. Mississippi",2023,"Federal",85186000,143
"U. Louisiana, Lafayette",2023,"Federal",84898000,144
"U. Nevada, Reno",2023,"Federal",83603000,145
"Kansas State U.",2023,"Federal",82610000,146
"U. Arkansas, Fayetteville",2023,"Federal",82164000,147
"U. North Texas, Health Science Center",2023,"Federal",77660000,148
"U. Montana, Missoula",2023,"Federal",75490000,149
"New Mexico State U.",2023,"Federal",71764000,150
"U. Texas, El Paso",2023,"Federal",70873000,151
"U. Tennessee, Health Science Center",2023,"Federal",70676000,152
"New Jersey Institute of Technology",2023,"Federal",70080000,153
"Colorado School of Mines",2023,"Federal",68795000,154
"U. Wyoming",2023,"Federal",68467000,155
"San Diego State U.",2023,"Federal",68045000,156
"U. Texas, Dallas",2023,"Federal",66127000,157
"U. North Dakota",2023,"Federal",65890000,158
"Augusta U.",2023,"Federal",64410000,159
"Oklahoma State U., Stillwater",2023,"Federal",64098000,160
"SUNY, U. Albany",2023,"Federal",62935000,161
"Naval Postgraduate School",2023,"Federal",62715000,162
"U. Idaho",2023,"Federal",61531000,163
"U. Massachusetts, Lowell",2023,"Federal",61413000,164
"Texas Tech U.",2023,"Federal",58922000,165
"U. Texas, San Antonio",2023,"Federal",58171000,166
"Cleveland State U.",2023,"Federal",56550000,167
"Rensselaer Polytechnic Institute",2023,"Federal",56445000,168
"U. Texas, Arlington",2023,"Federal",56337000,169
"Florida A&M U.",2023,"Federal",54363000,170
"Cold Spring Harbor Laboratory",2023,"Federal",54123000,171
"North Dakota State U.",2023,"Federal",53339000,172
"Michigan Technological U.",2023,"Federal",52102000,173
"Northern Arizona U.",2023,"Federal",50491000,174
"U. Southern Mississippi",2023,"Federal",48374000,175
"Howard U.",2023,"Federal",47662000,176
"U. Puerto Rico, Medical Sciences Campus",2023,"Federal",46789000,177
"Brandeis U.",2023,"Federal",46654000,178
"Syracuse U.",2023,"Federal",46595000,179
"Air Force Institute of Technology",2023,"Federal",45087000,180
"Texas State U.",2023,"Federal",44297000,181
"Saint Louis U.",2023,"Federal",44157000,182
"U.S. Air Force Academy",2023,"Federal",44056000,183
"Stevens Institute of Technology",2023,"Federal",44036000,184
"Morehouse School of Medicine",2023,"Federal",41069000,185
"Touro U., New Yorkg",2023,"Federal",40008000,186
"Lehigh U.",2023,"Federal",39909000,187
"Indiana U.-Purdue U., Indianapolis",2023,"Federal",39869000,188
"Boston C.",2023,"Federal",39356000,189
"U. Nevada, Las Vegas",2023,"Federal",38815000,190
"CUNY, City C.",2023,"Federal",38669000,191
"U. Toledo",2023,"Federal",37872000,192
"Worcester Polytechnic Institute",2023,"Federal",37736000,193
"Rochester Institute of Technology",2023,"Federal",37334000,194
"North Carolina A&T State U.",2023,"Federal",37152000,195
"Louisiana State U., Health Sciences Center, New Orleans",2023,"Federal",35933000,196
"Boise State U.",2023,"Federal",35801000,197
"Catholic U. of America",2023,"Federal",35502000,198
"Florida Atlantic U.",2023,"Federal",35108000,199
"SUNY, Polytechnic Institute",2023,"Federal",34393000,200
"U. North Carolina, Charlotte",2023,"Federal",33784000,201
"U. Denver",2023,"Federal",33148000,202
"William & Mary",2023,"Federal",32631000,203
"Missouri U. of Science and Technology",2023,"Federal",32457000,204
"San Jose State U.",2023,"Federal",31780000,205
"Portland State U.",2023,"Federal",31731000,206
"SUNY, Binghamton U.",2023,"Federal",31601000,207
"U. North Carolina, Greensboro",2023,"Federal",31581000,208
"Brigham Young U., Provo",2023,"Federal",31216000,209
"Old Dominion U.",2023,"Federal",31104000,210
"Van Andel Research Institute",2023,"Federal",30934000,211
"East Carolina U.",2023,"Federal",30851000,212
"Morgan State U.",2023,"Federal",30451000,213
"SUNY, Upstate Medical U.",2023,"Federal",30069000,214
"U. North Texas, Denton",2023,"Federal",30017000,215
"Mercer U.",2023,"Federal",29944000,216
"Loyola U., Chicago",2023,"Federal",29712000,217
"South Dakota State U.",2023,"Federal",28897000,218
"U. South Alabama",2023,"Federal",28637000,219
"U. California, Merced",2023,"Federal",28576000,220
"SUNY, Downstate Health Sciences U.",2023,"Federal",28543000,221
"U. Missouri, Kansas City",2023,"Federal",28115000,222
"Illinois Institute of Technology",2023,"Federal",28027000,223
"U. Massachusetts, Boston",2023,"Federal",27098000,224
"U. Memphis",2023,"Federal",26913000,225
"U. Wisconsin-Milwaukee",2023,"Federal",25612000,226
"U. Texas Rio Grande Valley",2023,"Federal",25068000,227
"Delaware State U.",2023,"Federal",24167000,228
"Embry-Riddle Aeronautical U.",2023,"Federal",23733000,229
"CUNY, Hunter C.",2023,"Federal",22124000,230
"U. Nebraska, Omaha",2023,"Federal",22096000,231
"Ohio U.",2023,"Federal",21919000,232
"Desert Research Institute",2023,"Federal",20061000,233
"Marquette U.",2023,"Federal",20055000,234
"Southern Methodist U.",2023,"Federal",19986000,235
"Marshall U.",2023,"Federal",19797000,236
"U.S. Military Academy",2023,"Federal",19390000,237
"California State U., Northridge",2023,"Federal",19169000,238
"U. of the Virgin Islands",2023,"Federal",19127000,239
"Wright State U.",2023,"Federal",19081000,240
"U. Guam",2023,"Federal",18992000,241
"Louisiana State U., Health Sciences Center, Shreveport",2023,"Federal",18742000,242
"Rowan U.",2023,"Federal",18454000,243
"Meharry Medical C.",2023,"Federal",18398000,244
"Kent State U.",2023,"Federal",17959000,245
"U. West Florida",2023,"Federal",17954000,246
"Eastern Virginia Medical School",2023,"Federal",17947000,247
"CUNY, Queens C.",2023,"Federal",17811000,248
"Texas A&M U.-Corpus Christi",2023,"Federal",17742000,249
"American U.",2023,"Federal",17462000,250
"Southern Illinois U., Carbondale",2023,"Federal",17209000,251
"U. Colorado Denverc",2023,"Federal",17181000,252
"Baylor U.",2023,"Federal",17147000,253
"San Francisco State U.",2023,"Federal",16507000,254
"Jackson State U.",2023,"Federal",16443000,255
"Rutgers, State U. New Jersey, Newark",2023,"Federal",16315000,256
"U. Puerto Rico, Rio Piedras",2023,"Federal",16053000,257
"Tuskegee U.",2023,"Federal",16023000,258
"Tennessee State U.",2023,"Federal",15983000,259
"U. Maryland Center for Environmental Science",2023,"Federal",15378000,260
"North Carolina Central U.",2023,"Federal",15188000,261
"California Polytechnic State U., San Luis Obispo",2023,"Federal",14810000,262
"Texas Tech U., Health Sciences Center",2023,"Federal",14732000,263
"South Dakota School of Mines and Technology",2023,"Federal",14640000,264
"Albany Medical C.",2023,"Federal",14193000,265
"U. Hawaii, system office",2023,"Federal",14150000,266
"U. South Dakota",2023,"Federal",14101000,267
"California State U., Long Beach",2023,"Federal",13758000,268
"U. Massachusetts, Dartmouth",2023,"Federal",13742000,269
"Illinois State U.",2023,"Federal",13612000,270
"CUNY, Graduate School of Public Health and Health Policy",2023,"Federal",13413000,271
"Charles R. Drew U. of Medicine and Science",2023,"Federal",13297000,272
"Missouri State U.",2023,"Federal",12973000,273
"Xavier U. Louisiana",2023,"Federal",12833000,274
"Creighton U.",2023,"Federal",12681000,275
"U. Alaska, Anchorage",2023,"Federal",12646000,276
"Western Michigan U. and Homer Stryker M.D. School of Medicine",2023,"Federal",12631000,277
"U. Texas Health Science Center, Tyler",2023,"Federal",12555000,278
"Loma Linda U.",2023,"Federal",12485000,279
"Prairie View A&M U.",2023,"Federal",12354000,280
"U. Puerto Rico, Mayaguez",2023,"Federal",12260000,281
"Alabama A&M U.",2023,"Federal",12197000,282
"CUNY, Advanced Science Research Center",2023,"Federal",11916000,283
"Teachers C., Columbia U.",2023,"Federal",11871000,284
"Nova Southeastern U.",2023,"Federal",11637000,285
"Florida Institute of Technology",2023,"Federal",11520000,286
"California State U., Sacramento",2023,"Federal",11284000,287
"Alcorn State U.",2023,"Federal",10996000,288
"Texas Southern U.",2023,"Federal",10969000,289
"Northern Illinois U.",2023,"Federal",10849000,290
"East Tennessee State U.",2023,"Federal",10776000,291
"Miami U.",2023,"Federal",10724000,292
"U. Akron",2023,"Federal",10709000,293
"Clarkson U.",2023,"Federal",10611000,294
"U.S. Naval Academy",2023,"Federal",10260000,295
"U. Maryland, Eastern Shore",2023,"Federal",10201000,296
"Chapman U.",2023,"Federal",10015000,297
"Tennessee Technological U.",2023,"Federal",9975000,298
"Florida Gulf Coast U.",2023,"Federal",9858000,299
"California State U., San Marcos",2023,"Federal",9845000,300
"Oakland U.",2023,"Federal",9600000,301
"Central Michigan U.",2023,"Federal",9591000,302
"Montana Technological U.",2023,"Federal",9585000,303
"Texas A&M U.-Kingsville",2023,"Federal",9584000,304
"Hampton U.",2023,"Federal",9445000,305
"SUNY, C. of Environmental Science and Forestry",2023,"Federal",9231000,306
"Idaho State U.",2023,"Federal",9230000,307
"California State U., Los Angeles",2023,"Federal",8973000,308
"Northeast Ohio Medical U.",2023,"Federal",8873000,309
"Villanova U.",2023,"Federal",8741000,310
"U. Tulsa",2023,"Federal",8545000,311
"California State U., East Bay",2023,"Federal",8508000,312
"New York Medical C.",2023,"Federal",8226000,313
"Bowling Green State U.",2023,"Federal",8208000,314
"California State Polytechnic U., Pomona",2023,"Federal",8162000,315
"Louisiana Tech U.",2023,"Federal",8118000,316
"U. North Carolina, Wilmington",2023,"Federal",8116000,317
"U. North Florida",2023,"Federal",8113000,318
"Winston-Salem State U.",2023,"Federal",7901000,319
"Clark Atlanta U.",2023,"Federal",7687000,320
"Texas Christian U.",2023,"Federal",7627000,321
"California State U., San Bernardino",2023,"Federal",7606000,322
"Kentucky State U.",2023,"Federal",7605000,323
"U. Arkansas, Little Rock",2023,"Federal",7544000,324
"U. Minnesota, Duluth",2023,"Federal",7533000,325
"Fort Valley State U.",2023,"Federal",7505000,326
"CUNY, John Jay C. of Criminal Justice",2023,"Federal",7452000,327
"U. of the District of Columbia",2023,"Federal",7367000,328
"Virginia State U.",2023,"Federal",7166000,329
"Pacific U.",2023,"Federal",7133000,330
"Rosalind Franklin U. of Medicine and Science",2023,"Federal",7124000,331
"Western Washington U.",2023,"Federal",6598000,332
"Duquesne U.",2023,"Federal",6555000,333
"Ball State U.",2023,"Federal",6355000,334
"MGH Institute of Health Professions",2023,"Federal",6200000,335
"Western U. of Health Sciences",2023,"Federal",6099000,336
"U. Hawaii, Hilo",2023,"Federal",6068000,337
"California State U., Fullerton",2023,"Federal",6049000,338
"U.S. Army War C.",2023,"Federal",6035000,339
"U. Tennessee, Chattanooga",2023,"Federal",6003000,340
"Wesleyan U.",2023,"Federal",5955000,341
"Montclair State U.",2023,"Federal",5916000,342
"Kennesaw State U.",2023,"Federal",5908000,343
"Naval War C.",2023,"Federal",5819000,344
"Morehouse C.",2023,"Federal",5750000,345
"California State U., Monterey Bay",2023,"Federal",5639000,346
"DePaul U.",2023,"Federal",5592000,347
"Central State U.",2023,"Federal",5523000,348
"Gallaudet U.",2023,"Federal",5523000,348
"CUNY, Brooklyn C.",2023,"Federal",5518000,350
"Tarleton State U.",2023,"Federal",5478000,351
"Langston U.",2023,"Federal",5473000,352
"South Carolina State U.",2023,"Federal",5330000,353
"U. New Orleans",2023,"Federal",5283000,354
"U. Colorado Colorado Springs",2023,"Federal",5205000,355
"Salisbury U.",2023,"Federal",5049000,356
"C. Charleston",2023,"Federal",5036000,357
"California State U., Fresno",2023,"Federal",4864000,358
"U. New England",2023,"Federal",4777000,359
"Oklahoma State U., Center for Health Sciences",2023,"Federal",4773000,360
"Southern U. and A&M C., Agricultural Research and Extension Center",2023,"Federal",4688000,361
"Fordham U.",2023,"Federal",4687000,362
"Providence C.",2023,"Federal",4648000,363
"Lincoln U., Jefferson City",2023,"Federal",4610000,364
"Northwest Indian C.",2023,"Federal",4595000,365
"U. Missouri, Saint Louis",2023,"Federal",4569000,366
"Spelman C.",2023,"Federal",4567000,367
"CUNY, Lehman C.",2023,"Federal",4487000,368
"Southern U. and A&M C., Baton Rouge",2023,"Federal",4444000,369
"U. Detroit Mercy",2023,"Federal",4434000,370
"Norfolk State U.",2023,"Federal",4381000,371
"Pennsylvania State U., Behrend",2023,"Federal",4378000,372
"U. Baltimore",2023,"Federal",4250000,373
"Barnard C.",2023,"Federal",4235000,374
"U. Arkansas, Pine Bluff",2023,"Federal",4204000,375
"U. Washington, Tacoma",2023,"Federal",3875000,376
"Middle Tennessee State U.",2023,"Federal",3822000,377
"Fisk U.",2023,"Federal",3819000,378
"U. Washington, Bothell",2023,"Federal",3787000,379
"Chicago State U.",2023,"Federal",3756000,380
"Towson U.",2023,"Federal",3653000,381
"Hope C.",2023,"Federal",3639000,382
"Southern Illinois U., Edwardsville",2023,"Federal",3621000,383
"Georgia Southern U.",2023,"Federal",3562000,384
"U. Wisconsin-Superior",2023,"Federal",3559000,385
"California State U., Bakersfield",2023,"Federal",3525000,386
"U. San Diego",2023,"Federal",3501000,387
"Appalachian State U.",2023,"Federal",3497000,388
"Sonoma State U.",2023,"Federal",3483000,389
"James Madison U.",2023,"Federal",3475000,390
"U. Michigan, Dearborn",2023,"Federal",3464000,391
"Santa Clara U.",2023,"Federal",3448000,392
"New Mexico Highlands U.",2023,"Federal",3416000,393
"Purdue U., Northwest",2023,"Federal",3409000,394
"Western Kentucky U.",2023,"Federal",3401000,395
"U. North Carolina, Asheville",2023,"Federal",3323000,396
"Sam Houston State U.",2023,"Federal",3307000,397
"CUNY, C. Staten Island",2023,"Federal",3296000,398
"Citadel Military C. South Carolina",2023,"Federal",3287000,399
"Western Illinois U.",2023,"Federal",3283000,400
"California State Polytechnic U., Humboldt",2023,"Federal",3280000,401
"New York Institute of Technology",2023,"Federal",3252000,402
"California State U., Chico",2023,"Federal",3152000,403
"U. of Health Sciences and Pharmacy in St. Louis",2023,"Federal",3110000,404
"Arkansas State U., Jonesboro",2023,"Federal",3083000,405
"Troy U.",2023,"Federal",3069000,406
"Pennsylvania State U., Harrisburg",2023,"Federal",3045000,407
"Rutgers, State U. New Jersey, Camden",2023,"Federal",3042000,408
"Smith C.",2023,"Federal",3013000,409
"Colby C.",2023,"Federal",3011000,410
"U. Northern Iowa",2023,"Federal",2975000,411
"Occidental C.",2023,"Federal",2967000,412
"U. Central del Caribe",2023,"Federal",2929000,413
"Loyola Marymount U.",2023,"Federal",2921000,414
"Wellesley C.",2023,"Federal",2921000,414
"CUNY, system office",2023,"Federal",2901000,416
"Amherst C.",2023,"Federal",2869000,417
"Midwestern U.",2023,"Federal",2862000,418
"Alabama State U.",2023,"Federal",2848000,419
"Fort Lewis C.",2023,"Federal",2816000,420
"Carleton C.",2023,"Federal",2800000,421
"West Virginia State U.",2023,"Federal",2800000,421
"CUNY, Graduate Center",2023,"Federal",2792000,423
"St. John's U., New York",2023,"Federal",2792000,423
"Seton Hall U.",2023,"Federal",2778000,425
"Pace U.",2023,"Federal",2698000,426
"Youngstown State U.",2023,"Federal",2691000,427
"Saint Joseph's U.",2023,"Federal",2680000,428
"Tougaloo C.",2023,"Federal",2643000,429
"U. Southern Maine",2023,"Federal",2598000,430
"Middlebury C.",2023,"Federal",2564000,431
"Eastern Michigan U.",2023,"Federal",2521000,432
"Saginaw Valley State U.",2023,"Federal",2503000,433
"Central Washington U.",2023,"Federal",2499000,434
"CUNY, New York City C. of Technology",2023,"Federal",2498000,435
"National Defense U.",2023,"Federal",2494000,436
"Bowie State U.",2023,"Federal",2469000,437
"SUNY, C. of Optometry",2023,"Federal",2469000,437
"California State U., Dominguez Hills",2023,"Federal",2457000,439
"Texas Woman's U.",2023,"Federal",2439000,440
"Dakota State U.",2023,"Federal",2437000,441
"Reed C.",2023,"Federal",2420000,442
"Texas Tech U., Health Sciences Center, El Paso",2023,"Federal",2415000,443
"Northern Kentucky U.",2023,"Federal",2413000,444
"Bucknell U.",2023,"Federal",2359000,445
"Winthrop U.",2023,"Federal",2358000,446
"Haverford C.",2023,"Federal",2344000,447
"Keck Graduate Institute",2023,"Federal",2338000,448
"Swarthmore C.",2023,"Federal",2315000,449
"Northeastern Illinois U.",2023,"Federal",2262000,450
"Lamar U.",2023,"Federal",2259000,451
"Dine C.",2023,"Federal",2255000,452
"Clark U.",2023,"Federal",2235000,453
"U. New Haven",2023,"Federal",2227000,454
"Trinity U.",2023,"Federal",2203000,455
"Bowdoin C.",2023,"Federal",2186000,456
"U. Ana G. Mendez, Gurabo",2023,"Federal",2132000,457
"Toyota Technological Institute, Chicago",2023,"Federal",2127000,458
"West Texas A&M U.",2023,"Federal",2118000,459
"U. Wisconsin-Stevens Point",2023,"Federal",2079000,460
"U. Central Oklahoma",2023,"Federal",2071000,461
"Murray State U.",2023,"Federal",2058000,462
"Christopher Newport U.",2023,"Federal",2055000,463
"Hofstra U.",2023,"Federal",1995000,464
"Long Island U.",2023,"Federal",1993000,465
"Roger Williams U.",2023,"Federal",1973000,466
"Harvey Mudd C.",2023,"Federal",1968000,467
"Texas A&M International U.",2023,"Federal",1966000,468
"Alfred U.",2023,"Federal",1958000,469
"New England C. of Optometry",2023,"Federal",1946000,470
"Hawaii Pacific U.",2023,"Federal",1942000,471
"Texas A&M U.-Commerce",2023,"Federal",1936000,472
"Black Hills State U.",2023,"Federal",1918000,473
"CUNY, Baruch C.",2023,"Federal",1879000,474
"Kean U.",2023,"Federal",1870000,475
"Coastal Carolina U.",2023,"Federal",1847000,476
"Fayetteville State U.",2023,"Federal",1847000,476
"U. Central Arkansas",2023,"Federal",1824000,478
"U. Puerto Rico, Humacao",2023,"Federal",1822000,479
"Grand Valley State U.",2023,"Federal",1808000,480
"Lawrence Technological U.",2023,"Federal",1786000,481
"California State U., Channel Islands",2023,"Federal",1773000,482
"C. New Jersey",2023,"Federal",1755000,483
"U. Nebraska, Kearney",2023,"Federal",1739000,484
"Morehead State U.",2023,"Federal",1718000,485
"Nevada State C.",2023,"Federal",1711000,486
"U. Northern Colorado",2023,"Federal",1705000,487
"Indiana U. Pennsylvania",2023,"Federal",1702000,488
"Albany State U.",2023,"Federal",1681000,489
"Savannah State U.",2023,"Federal",1675000,490
"Utah Valley U.",2023,"Federal",1671000,491
"Benedict C.",2023,"Federal",1665000,492
"U. Louisiana, Monroe",2023,"Federal",1655000,493
"U. Texas, Tyler",2023,"Federal",1652000,494
"SUNY, Buffalo State U.",2023,"Federal",1615000,495
"Mount Holyoke C.",2023,"Federal",1612000,496
"Western Carolina U.",2023,"Federal",1600000,497
"Pittsburg State U.",2023,"Federal",1591000,498
"Sul Ross State U.",2023,"Federal",1568000,499
"Johnson C. Smith U.",2023,"Federal",1554000,500
"Virginia Military Institute",2023,"Federal",1534000,501
"Colgate U.",2023,"Federal",1521000,502
"CUNY, York C.",2023,"Federal",1504000,503
"Palmer C. of Chiropractic, Davenport",2023,"Federal",1500000,504
"U. Houston-Downtown",2023,"Federal",1495000,505
"Lake Superior State U.",2023,"Federal",1475000,506
"Franklin and Marshall C.",2023,"Federal",1469000,507
"U. Alaska, Southeast",2023,"Federal",1463000,508
"Bates C.",2023,"Federal",1455000,509
"Williams C.",2023,"Federal",1455000,509
"Southern Connecticut State U.",2023,"Federal",1433000,511
"Ferris State U.",2023,"Federal",1430000,512
"Claremont Graduate U.",2023,"Federal",1422000,513
"Claflin U.",2023,"Federal",1418000,514
"Austin Peay State U.",2023,"Federal",1401000,515
"West Chester U. Pennsylvania",2023,"Federal",1386000,516
"U. Richmond",2023,"Federal",1379000,517
"Oregon Institute of Technology",2023,"Federal",1375000,518
"Norwich U.",2023,"Federal",1366000,519
"Southeastern Louisiana U.",2023,"Federal",1366000,519
"Davidson C.",2023,"Federal",1340000,521
"New School",2023,"Federal",1337000,522
"United Tribes Technical C.",2023,"Federal",1337000,522
"U. Oklahoma, Tulsa",2023,"Federal",1328000,524
"Furman U.",2023,"Federal",1300000,525
"U. Puget Sound",2023,"Federal",1300000,525
"U. of the Pacific",2023,"Federal",1300000,525
"SUNY, Geneseo",2023,"Federal",1292000,528
"Bryn Mawr C.",2023,"Federal",1289000,529
"Skidmore C.",2023,"Federal",1288000,530
"Touro U., California",2023,"Federal",1279000,531
"U. Houston-Clear Lake",2023,"Federal",1273000,532
"U. Hartford",2023,"Federal",1269000,533
"Albany C. of Pharmacy and Health Sciences",2023,"Federal",1256000,534
"U. Wisconsin-Oshkosh",2023,"Federal",1249000,535
"Erikson Institute",2023,"Federal",1245000,536
"U. Hawaii, Maui C.",2023,"Federal",1234000,537
"Texas A&M U.-San Antonio",2023,"Federal",1233000,538
"Yeshiva U.",2023,"Federal",1229000,539
"Dillard U.",2023,"Federal",1228000,540
"U. Wisconsin-Green Bay",2023,"Federal",1222000,541
"Pomona C.",2023,"Federal",1205000,542
"Vassar C.",2023,"Federal",1204000,543
"Florida Polytechnic U.",2023,"Federal",1172000,544
"Seattle U.",2023,"Federal",1165000,545
"California State U., Stanislaus",2023,"Federal",1150000,546
"Lafayette C.",2023,"Federal",1141000,547
"SUNY, C. Plattsburgh",2023,"Federal",1121000,548
"Stephen F. Austin State U.",2023,"Federal",1098000,549
"Macalester C.",2023,"Federal",1094000,550
"Elizabeth City State U.",2023,"Federal",1093000,551
"Kenyon C.",2023,"Federal",1092000,552
"U. of the Incarnate Word",2023,"Federal",1086000,553
"Grinnell C.",2023,"Federal",1082000,554
"Butler U.",2023,"Federal",1077000,555
"La Sierra U.",2023,"Federal",1066000,556
"U. Illinois, Springfield",2023,"Federal",1057000,557
"Claremont McKenna C.",2023,"Federal",1035000,558
"U. Wisconsin-Eau Claire",2023,"Federal",1027000,559
"Hobart and William Smith Colleges",2023,"Federal",1019000,560
"Eastern Washington U.",2023,"Federal",1015000,561
"U. San Francisco",2023,"Federal",1015000,561
"U. Texas of the Permian Basin",2023,"Federal",1013000,563
"Indiana State U.",2023,"Federal",980000,564
"Drake U.",2023,"Federal",954000,565
"Colorado State U., Pueblo",2023,"Federal",952000,566
"Abilene Christian U.",2023,"Federal",946000,567
"Ursinus C.",2023,"Federal",942000,568
"St. Olaf C.",2023,"Federal",933000,569
"Marian U., Indianapolis",2023,"Federal",918000,570
"East Stroudsburg U. Pennsylvania",2023,"Federal",909000,571
"Minnesota State U., Mankato",2023,"Federal",905000,572
"SUNY, Oswego",2023,"Federal",894000,573
"Suffolk U.",2023,"Federal",893000,574
"Merrimack C.",2023,"Federal",892000,575
"U. South Carolina, Beaufort",2023,"Federal",889000,576
"Northland C.",2023,"Federal",880000,577
"Oberlin C.",2023,"Federal",880000,577
"U. Scranton",2023,"Federal",866000,579
"National U. of Natural Medicine",2023,"Federal",862000,580
"Calvin U.",2023,"Federal",854000,581
"Northwestern State U. Louisiana",2023,"Federal",822000,582
"SUNY, C. Brockport",2023,"Federal",813000,583
"Bentley U.",2023,"Federal",802000,584
"Eastern Kentucky U.",2023,"Federal",798000,585
"Rhode Island C.",2023,"Federal",786000,586
"U. South Carolina, Aiken",2023,"Federal",782000,587
"Lewis and Clark C.",2023,"Federal",776000,588
"Arcadia U.",2023,"Federal",772000,589
"Monmouth U.",2023,"Federal",762000,590
"U. Puerto Rico, Cayey",2023,"Federal",733000,591
"SUNY, Cobleskill",2023,"Federal",730000,592
"Union C., Schenectady",2023,"Federal",729000,593
"Milwaukee School of Engineering",2023,"Federal",722000,594
"U. Wisconsin-La Crosse",2023,"Federal",714000,595
"Framingham State U.",2023,"Federal",7e+05,596
"St. Cloud State U.",2023,"Federal",689000,597
"Stockton U.",2023,"Federal",688000,598
"Trinity C., Hartford",2023,"Federal",687000,599
"Edward Via C. of Osteopathic Medicine",2023,"Federal",678000,600
"Pepperdine U.",2023,"Federal",674000,601
"Robert Morris U.",2023,"Federal",664000,602
"Connecticut C.",2023,"Federal",648000,603
"Franklin W. Olin C. of Engineering",2023,"Federal",641000,604
"Sacred Heart U.",2023,"Federal",639000,605
"Alaska Pacific U.",2023,"Federal",627000,606
"Colorado C.",2023,"Federal",611000,607
"C. Wooster",2023,"Federal",594000,608
"Northern Michigan U.",2023,"Federal",560000,609
"Des Moines U.",2023,"Federal",556000,610
"U. Wisconsin-River Falls",2023,"Federal",551000,611
"Western New England U.",2023,"Federal",538000,612
"Southern U., New Orleans",2023,"Federal",536000,613
"Liberty U.",2023,"Federal",532000,614
"U. of St. Thomas (MN)",2023,"Federal",531000,615
"Gettysburg C.",2023,"Federal",517000,616
"U. Puerto Rico, Ponce",2023,"Federal",510000,617
"West Virginia School of Osteopathic Medicine",2023,"Federal",5e+05,618
"Willamette U.",2023,"Federal",490000,619
"Elon U.",2023,"Federal",479000,620
"U. North Georgia",2023,"Federal",477000,621
"Gustavus Adolphus C.",2023,"Federal",467000,622
"U. Wisconsin-Platteville",2023,"Federal",465000,623
"Ithaca C.",2023,"Federal",453000,624
"Whitman C.",2023,"Federal",449000,625
"U. Virginia's C. Wise",2023,"Federal",447000,626
"Andrews U.",2023,"Federal",445000,627
"Philadelphia C. of Osteopathic Medicine",2023,"Federal",442000,628
"Bryant U.",2023,"Federal",436000,629
"Marshall B. Ketchum U.",2023,"Federal",433000,630
"Lincoln U.",2023,"Federal",430000,631
"Wheaton C., Wheaton",2023,"Federal",428000,632
"Manhattan C.",2023,"Federal",422000,633
"Indiana U., South Bend",2023,"Federal",420000,634
"Hamilton C.",2023,"Federal",413000,635
"Canisius U.",2023,"Federal",411000,636
"U. of Mary Washington",2023,"Federal",406000,637
"Marymount U.",2023,"Federal",396000,638
"Central Connecticut State U.",2023,"Federal",393000,639
"Grambling State U.",2023,"Federal",377000,640
"St. Edward's U.",2023,"Federal",315000,641
"Lipscomb U.",2023,"Federal",309000,642
"Pennsylvania State U., Altoona",2023,"Federal",297000,643
"U.S. Coast Guard Academy",2023,"Federal",278000,644
"Memorial Sloan Kettering Cancer Center, Louis V. Gerstner Jr. Graduate S. of Biomedical Sciences",2023,"Federal",273000,645
"Albion C.",2023,"Federal",226000,646
"Purdue U., Fort Wayne",2023,"Federal",226000,646
"Babson C.",2023,"Federal",224000,648
"Eastern Connecticut State U.",2023,"Federal",210000,649
"Heidelberg U.",2023,"Federal",197000,650
"Fairfield U.",2023,"Federal",180000,651
"William Paterson U.",2023,"Federal",168000,652
"St. Mary's C. Maryland",2023,"Federal",152000,653
"New C. Florida",2023,"Federal",146000,654
"Azusa Pacific U.",2023,"Federal",140000,655
"Radford U.",2023,"Federal",109000,656
"C. of Saint Benedict",2023,"Federal",58000,657
"Pratt Institute",2023,"Federal",50000,658
"Roseman U. of Health Sciences",2023,"Federal",38000,659
"U. California, Office of the President",2023,"Federal",25000,660
"Lincoln Memorial U.",2023,"Federal",2000,661
"All other surveyed institutions",2023,"Federal",0,662
"All institutions",2010,"Total",61286610000,1
"All other surveyed institutions",2010,"Total",2221768000,2
"Johns Hopkins U",2010,"Total",2004482000,3
"U. Michigan, Ann Arbor",2010,"Total",1184445000,4
"U. Wisconsin-Madison",2010,"Total",1029295000,5
"U. Washington, Seattle",2010,"Total",1022740000,6
"Duke U.",2010,"Total",983289000,7
"U. California, San Diego",2010,"Total",943219000,8
"U. California, Los Angeles",2010,"Total",936995000,9
"U. California, San Francisco",2010,"Total",935509000,10
"Stanford U.",2010,"Total",839839000,11
"U. Pennsylvania",2010,"Total",836322000,12
"U. Pittsburgh, Pittsburgh",2010,"Total",822491000,13
"Columbia U. in the City of New York",2010,"Total",807235000,14
"U. Minnesota, Twin Cities",2010,"Total",786074000,15
"Pennsylvania State U., University Park and Hershey Medical Center",2010,"Total",770449000,16
"U. North Carolina, Chapel Hill",2010,"Total",755284000,17
"Ohio State U.",2010,"Total",755194000,18
"Cornell U.",2010,"Total",749721000,19
"Washington U., Saint Louis",2010,"Total",695974000,20
"U. California, Berkeley",2010,"Total",694049000,21
"Texas A&M U., College Station and Health Science Center",2010,"Total",689624000,22
"U. Florida",2010,"Total",681548000,23
"U. California, Davis",2010,"Total",679915000,24
"Massachusetts Institute of Technology",2010,"Total",677138000,25
"Yale U.",2010,"Total",623510000,26
"Georgia Institute of Technology",2010,"Total",615833000,27
"U. Texas M. D. Anderson Cancer Center",2010,"Total",599529000,28
"U. Southern California",2010,"Total",592791000,29
"U. Texas, Austin",2010,"Total",589502000,30
"U. Arizona",2010,"Total",586647000,31
"Harvard U.",2010,"Total",583361000,32
"Northwestern U.",2010,"Total",575078000,33
"Purdue U., West Lafayette",2010,"Total",548980000,34
"Emory U.",2010,"Total",529453000,35
"U. Illinois, Urbana-Champaign",2010,"Total",515133000,36
"Vanderbilt U. and Vanderbilt U. Medical Center",2010,"Total",504959000,37
"U. Alabama, Birmingham",2010,"Total",489845000,38
"Baylor C. of Medicine",2010,"Total",447874000,39
"U. Iowa",2010,"Total",444034000,40
"U. Chicago",2010,"Total",437721000,41
"Michigan State U.",2010,"Total",431373000,42
"Rutgers, State U. New Jersey, New Brunswick",2010,"Total",428432000,43
"U. Texas Southwestern Medical Center",2010,"Total",419220000,44
"Case Western Reserve U.",2010,"Total",418164000,45
"U. Rochester",2010,"Total",414655000,46
"U. Cincinnati",2010,"Total",411269000,47
"Virginia Polytechnic Institute and State U.",2010,"Total",398169000,48
"Scripps Research Institute",2010,"Total",387298000,49
"U. South Floridae",2010,"Total",385029000,50
"U. Utah",2010,"Total",379200000,51
"Icahn School of Medicine at Mount Sinai",2010,"Total",370666000,52
"New York U.",2010,"Total",365944000,53
"U. Illinois, Chicago",2010,"Total",362939000,54
"California Institute of Technology",2010,"Total",362172000,55
"North Carolina State U.",2010,"Total",360795000,56
"U. Kentucky",2010,"Total",359944000,57
"SUNY, U. Albany",2010,"Total",359364000,58
"Boston U.",2010,"Total",352817000,59
"SUNY, U. Buffalo",2010,"Total",349670000,60
"U. Colorado Boulder",2010,"Total",349449000,61
"Brown U.",2010,"Total",335838000,62
"Arizona State U.",2010,"Total",329345000,63
"U. California, Irvine",2010,"Total",327594000,64
"Oregon Health and Science U.",2010,"Total",314990000,65
"Yeshiva U.",2010,"Total",314240000,66
"Washington State U.",2010,"Total",304352000,67
"U. Hawaii, Manoa",2010,"Total",303085000,68
"Colorado State U., Fort Collins",2010,"Total",302896000,69
"Indiana U.-Purdue U., Indianapolis",2010,"Total",296194000,70
"U. Georgia",2010,"Total",295339000,71
"Louisiana State U., Baton Rouge",2010,"Total",289872000,72
"U. Miami",2010,"Total",280671000,73
"U. Virginia, Charlottesville",2010,"Total",276308000,74
"U. Kansas",2010,"Total",267961000,75
"Rockefeller U.",2010,"Total",265750000,76
"Wayne State U.",2010,"Total",254492000,77
"Iowa State U.",2010,"Total",250120000,78
"Princeton U.",2010,"Total",242570000,79
"U. Texas Health Science Center, Houston",2010,"Total",240772000,80
"U. Missouri, Columbia",2010,"Total",238500000,81
"U. Connecticut",2010,"Total",237908000,82
"U. Massachusetts, Medical School",2010,"Total",232039000,83
"Mississippi State U.",2010,"Total",231675000,84
"U. South Carolina, Columbia",2010,"Total",229145000,85
"Florida State U.",2010,"Total",227329000,86
"U. California, Santa Barbara",2010,"Total",225730000,87
"Medical U. South Carolina",2010,"Total",224632000,88
"Carnegie Mellon U.",2010,"Total",222790000,89
"U. Oklahoma, Norman and Health Science Center",2010,"Total",218089000,90
"Oregon State U.",2010,"Total",216595000,91
"U. New Mexico",2010,"Total",211771000,92
"U. Texas Health Science Center, San Antonio",2010,"Total",207115000,93
"SUNY, Stony Brook U.",2010,"Total",204728000,94
"Virginia Commonwealth U.",2010,"Total",197709000,95
"George Washington U.",2010,"Total",196917000,96
"Dartmouth C. and Dartmouth Hitchcock Medical Center",2010,"Total",194141000,97
"Wake Forest U.",2010,"Total",192034000,98
"Medical C. Wisconsin",2010,"Total",191816000,99
"U. Louisville",2010,"Total",189090000,100
"U. Texas Medical Branch",2010,"Total",188399000,101
"Woods Hole Oceanographic Institution",2010,"Total",181746000,102
"Indiana U., Bloomington",2010,"Total",177520000,103
"Clemson U.",2010,"Total",174693000,104
"U. Massachusetts, Amherst",2010,"Total",169141000,105
"Tulane U.",2010,"Total",165513000,106
"U. Alaska, Fairbanks",2010,"Total",161986000,107
"Kansas State U.",2010,"Total",160679000,108
"Georgetown U.",2010,"Total",159355000,109
"New Mexico State U.",2010,"Total",157872000,110
"Tufts U.",2010,"Total",156106000,111
"West Virginia U.",2010,"Total",154926000,112
"U. Delaware",2010,"Total",153311000,113
"U. Tennessee, Knoxvillef",2010,"Total",150671000,114
"Utah State U.",2010,"Total",149169000,115
"Oklahoma State U., Stillwater",2010,"Total",147094000,116
"Auburn U., Auburn",2010,"Total",145115000,117
"U. California, Santa Cruz",2010,"Total",143919000,118
"Montana State U., Bozeman",2010,"Total",135084000,119
"Uniformed Services U. of the Health Sciences",2010,"Total",134126000,120
"Texas Tech U.",2010,"Total",133360000,121
"U. California, Riverside",2010,"Total",130288000,122
"U. Vermont",2010,"Total",129856000,123
"North Dakota State U.",2010,"Total",126419000,124
"Temple U.",2010,"Total",124528000,125
"U. Houston",2010,"Total",119811000,126
"U. Arkansas for Medical Sciences",2010,"Total",119518000,127
"Drexel U.",2010,"Total",118349000,128
"U. Central Florida",2010,"Total",117985000,129
"U. New Hampshire",2010,"Total",115562000,130
"U. Arkansas, Fayetteville",2010,"Total",113909000,131
"U. Maine",2010,"Total",111282000,132
"U. Notre Dame",2010,"Total",110369000,133
"Florida International U.",2010,"Total",110271000,134
"U. Mississippi",2010,"Total",110020000,135
"Syracuse U.",2010,"Total",107024000,136
"Naval Postgraduate School",2010,"Total",103510000,137
"Thomas Jefferson U.",2010,"Total",103064000,138
"San Diego State U.",2010,"Total",99137000,139
"Rice U.",2010,"Total",97903000,140
"Old Dominion U.",2010,"Total",97176000,141
"U. Nevada, Reno",2010,"Total",95423000,142
"U. Oregon",2010,"Total",94107000,143
"U. Dayton",2010,"Total",93309000,144
"New Jersey Institute of Technology",2010,"Total",92318000,145
"U. Rhode Island",2010,"Total",90016000,146
"U. Idaho",2010,"Total",87207000,147
"U. Maryland, Baltimore County",2010,"Total",87156000,148
"George Mason U.",2010,"Total",84120000,149
"Rensselaer Polytechnic Institute",2010,"Total",83952000,150
"U. Texas, Dallas",2010,"Total",82044000,151
"U. Tennessee, Health Science Center",2010,"Total",81904000,152
"Georgia State U.",2010,"Total",81015000,153
"Northeastern U.",2010,"Total",79949000,154
"U. North Dakota",2010,"Total",76560000,155
"U. Alabama, Huntsville",2010,"Total",75683000,156
"Rush U.",2010,"Total",73398000,157
"U. California, Office of the President",2010,"Total",72542000,158
"SUNY, Binghamton U.",2010,"Total",72057000,159
"U. Texas, Arlington",2010,"Total",71414000,160
"U. Wisconsin-Milwaukee",2010,"Total",71181000,161
"Brandeis U.",2010,"Total",71006000,162
"U. Toledo",2010,"Total",70399000,163
"Southern Illinois U., Carbondale",2010,"Total",69924000,164
"U. Louisiana, Lafayette",2010,"Total",69412000,165
"U. Texas, El Paso",2010,"Total",68870000,166
"South Dakota State U.",2010,"Total",67552000,167
"U. Montana, Missoula",2010,"Total",63540000,168
"Michigan Technological U.",2010,"Total",63471000,169
"U.S. Air Force Academy",2010,"Total",62097000,170
"Louisiana State U., Health Sciences Center, New Orleans",2010,"Total",59776000,171
"U. Massachusetts, Lowell",2010,"Total",59345000,172
"William & Mary",2010,"Total",57461000,173
"Portland State U.",2010,"Total",56533000,174
"Florida Atlantic U.",2010,"Total",56472000,175
"U. Massachusetts, Boston",2010,"Total",56416000,176
"U. Texas, San Antonio",2010,"Total",56279000,177
"U. Wyoming",2010,"Total",55319000,178
"Florida A&M U.",2010,"Total",53474000,179
"U. Akron",2010,"Total",52884000,180
"New Mexico Institute of Mining and Technology",2010,"Total",51696000,181
"Wichita State U.",2010,"Total",51524000,182
"Texas Tech U., Health Sciences Center",2010,"Total",51282000,183
"Boston C.",2010,"Total",50537000,184
"Ohio U.",2010,"Total",50440000,185
"U. Memphis",2010,"Total",49517000,186
"Wright State U.",2010,"Total",48575000,187
"Saint Louis U.",2010,"Total",46839000,188
"CUNY, City C.",2010,"Total",46699000,189
"Colorado School of Mines",2010,"Total",44879000,190
"Jackson State U.",2010,"Total",44862000,191
"U. Nevada, Las Vegas",2010,"Total",44457000,192
"Eastern Virginia Medical School",2010,"Total",44420000,193
"Loyola U., Chicago",2010,"Total",43903000,194
"SUNY, Upstate Medical U.",2010,"Total",43824000,195
"U. Maryland Center for Environmental Science",2010,"Total",42670000,196
"Missouri U. of Science and Technology",2010,"Total",42263000,197
"U. Southern Mississippi",2010,"Total",42059000,198
"U. Alabama, Tuscaloosa",2010,"Total",40762000,199
"Howard U.",2010,"Total",40080000,200
"American U.",2010,"Total",39747000,201
"U. Puerto Rico, Medical Sciences Campus",2010,"Total",39134000,202
"CUNY, Hunter C.",2010,"Total",38900000,203
"U. North Texas, Health Science Center",2010,"Total",38862000,204
"Rochester Institute of Technology",2010,"Total",38663000,205
"San Jose State U.",2010,"Total",38241000,206
"Lehigh U.",2010,"Total",37332000,207
"Illinois Institute of Technology",2010,"Total",36554000,208
"Loma Linda U.",2010,"Total",35990000,209
"Stevens Institute of Technology",2010,"Total",35544000,210
"U. South Alabama",2010,"Total",35500000,211
"North Carolina A&T State U.",2010,"Total",35297000,212
"U. New Orleans",2010,"Total",35021000,213
"Desert Research Institute",2010,"Total",34367000,214
"Cleveland State U.",2010,"Total",34235000,215
"Brigham Young U., Provo",2010,"Total",32997000,216
"SUNY, Downstate Health Sciences U.",2010,"Total",32512000,217
"U. of the Virgin Islands",2010,"Total",32350000,218
"U. North Carolina, Charlotte",2010,"Total",31814000,219
"Southern Illinois U., Edwardsville",2010,"Total",31781000,220
"U. North Texas, Denton",2010,"Total",31496000,221
"Air Force Institute of Technology",2010,"Total",31259000,222
"Louisiana State U., Health Sciences Center, Shreveport",2010,"Total",30817000,223
"Morehouse School of Medicine",2010,"Total",30669000,224
"U. South Dakota",2010,"Total",30616000,225
"Texas State U.",2010,"Total",30560000,226
"U. Puerto Rico, Rio Piedras",2010,"Total",30515000,227
"Alabama A&M U.",2010,"Total",30497000,228
"U. Missouri, Kansas City",2010,"Total",30163000,229
"California State U., Northridge",2010,"Total",29469000,230
"Northern Arizona U.",2010,"Total",28803000,231
"South Dakota School of Mines and Technology",2010,"Total",28572000,232
"New York Medical C.",2010,"Total",28400000,233
"Rutgers, State U. New Jersey, Newark",2010,"Total",27745000,234
"Creighton U.",2010,"Total",27700000,235
"Mercer U.",2010,"Total",27298000,236
"Northern Illinois U.",2010,"Total",27036000,237
"Meharry Medical C.",2010,"Total",27001000,238
"SUNY, C. of Environmental Science and Forestry",2010,"Total",26916000,239
"Miami U.",2010,"Total",26521000,240
"U. Puerto Rico, Mayaguez",2010,"Total",26475000,241
"Western Michigan U. and Homer Stryker M.D. School of Medicine",2010,"Total",26391000,242
"Kent State U.",2010,"Total",26331000,243
"Louisiana Tech U.",2010,"Total",26020000,244
"U. Massachusetts, Dartmouth",2010,"Total",25725000,245
"San Francisco State U.",2010,"Total",25615000,246
"Marshall U.",2010,"Total",24501000,247
"East Carolina U.",2010,"Total",23995000,248
"U. Tulsa",2010,"Total",23387000,249
"U. North Carolina, Wilmington",2010,"Total",23143000,250
"Albany Medical C.",2010,"Total",22953000,251
"U. North Carolina, Greensboro",2010,"Total",22436000,252
"U.S. Military Academy",2010,"Total",22171000,253
"Charles R. Drew U. of Medicine and Science",2010,"Total",22152000,254
"California State U., Fullerton",2010,"Total",21776000,255
"U. California, Merced",2010,"Total",21591000,256
"Catholic U. of America",2010,"Total",21454000,257
"U. Minnesota, Duluth",2010,"Total",21150000,258
"Idaho State U.",2010,"Total",20495000,259
"Ball State U.",2010,"Total",20477000,260
"California Polytechnic State U., San Luis Obispo",2010,"Total",19732000,261
"Fordham U.",2010,"Total",19289000,262
"Southern Methodist U.",2010,"Total",18742000,263
"Boise State U.",2010,"Total",18731000,264
"Worcester Polytechnic Institute",2010,"Total",18613000,265
"Clarkson U.",2010,"Total",18584000,266
"Illinois State U.",2010,"Total",18417000,267
"U. West Florida",2010,"Total",17757000,268
"Texas A&M U.-Kingsville",2010,"Total",17378000,269
"Texas A&M U.-Corpus Christi",2010,"Total",17266000,270
"Teachers C., Columbia U.",2010,"Total",17167000,271
"CUNY, Queens C.",2010,"Total",16845000,272
"Tennessee Technological U.",2010,"Total",16754000,273
"U. Alaska, Anchorage",2010,"Total",16709000,274
"U. Southern Maine",2010,"Total",16358000,275
"Duquesne U.",2010,"Total",15804000,276
"U. Denver",2010,"Total",15748000,277
"Tuskegee U.",2010,"Total",15581000,278
"California State U., Long Beach",2010,"Total",15494000,279
"California State U., Sacramento",2010,"Total",15207000,280
"Delaware State U.",2010,"Total",15200000,281
"U. Hawaii, Hilo",2010,"Total",14857000,282
"U. Missouri, Saint Louis",2010,"Total",14628000,283
"Hampton U.",2010,"Total",14455000,284
"Marquette U.",2010,"Total",14310000,285
"C. Charleston",2010,"Total",14218000,286
"Eastern Michigan U.",2010,"Total",14133000,287
"Florida Gulf Coast U.",2010,"Total",13906000,288
"Alabama State U.",2010,"Total",13340000,289
"Oakland U.",2010,"Total",12856000,290
"Morgan State U.",2010,"Total",12804000,291
"Prairie View A&M U.",2010,"Total",12565000,292
"Tennessee State U.",2010,"Total",12432000,293
"Rosalind Franklin U. of Medicine and Science",2010,"Total",12426000,294
"Embry-Riddle Aeronautical U.",2010,"Total",12189000,295
"Florida Institute of Technology",2010,"Total",12054000,296
"Fayetteville State U.",2010,"Total",11865000,297
"CUNY, Graduate Center",2010,"Total",11562000,298
"Arkansas State U., Jonesboro",2010,"Total",11115000,299
"U.S. Naval Academy",2010,"Total",11093000,300
"U. Arkansas, Little Rock",2010,"Total",11007000,301
"Baylor U.",2010,"Total",10925000,302
"Northeast Ohio Medical U.",2010,"Total",10819000,303
"Tarleton State U.",2010,"Total",10763000,304
"U. Tennessee, Chattanooga",2010,"Total",10749000,305
"Western Washington U.",2010,"Total",10571000,306
"Alcorn State U.",2010,"Total",10280000,307
"Nova Southeastern U.",2010,"Total",10116000,308
"Villanova U.",2010,"Total",10066000,309
"Western Kentucky U.",2010,"Total",9943000,310
"East Tennessee State U.",2010,"Total",9869000,311
"California State Polytechnic U., Humboldt",2010,"Total",9845000,312
"Fairfield U.",2010,"Total",9294000,313
"Stephen F. Austin State U.",2010,"Total",9127000,314
"U. Colorado Colorado Springs",2010,"Total",9088000,315
"U. Nebraska, Omaha",2010,"Total",8951000,316
"California State U., Fresno",2010,"Total",8698000,317
"U. Maryland, Eastern Shore",2010,"Total",8692000,318
"Purdue U., Fort Wayne",2010,"Total",8523000,319
"Clark Atlanta U.",2010,"Total",8515000,320
"Lincoln U., Jefferson City",2010,"Total",8475000,321
"Dillard U.",2010,"Total",8425000,322
"Wellesley C.",2010,"Total",8422000,323
"Wesleyan U.",2010,"Total",8397000,324
"U. Arkansas, Pine Bluff",2010,"Total",8343000,325
"Bowling Green State U.",2010,"Total",8124000,326
"U. North Florida",2010,"Total",8041000,327
"Xavier U. Louisiana",2010,"Total",8029000,328
"Morehouse C.",2010,"Total",7857000,329
"Missouri State U.",2010,"Total",7770000,330
"California State U., Los Angeles",2010,"Total",7714000,331
"Fisk U.",2010,"Total",7700000,332
"Gallaudet U.",2010,"Total",7652000,333
"Sam Houston State U.",2010,"Total",7555000,334
"Central Michigan U.",2010,"Total",7483000,335
"Bryn Mawr C.",2010,"Total",7476000,336
"Virginia State U.",2010,"Total",7466000,337
"Montana Technological U.",2010,"Total",7424000,338
"West Texas A&M U.",2010,"Total",7346000,339
"South Carolina State U.",2010,"Total",7167000,340
"U. Central del Caribe",2010,"Total",7122000,341
"Claremont Graduate U.",2010,"Total",7116000,342
"Clark U.",2010,"Total",7111000,343
"James Madison U.",2010,"Total",7038000,344
"Texas Southern U.",2010,"Total",7003000,345
"North Carolina Central U.",2010,"Total",6870000,346
"Southern U. and A&M C., Baton Rouge",2010,"Total",6865000,347
"CUNY, Brooklyn C.",2010,"Total",6846000,348
"U. Michigan, Dearborn",2010,"Total",6779000,349
"U. Wisconsin-Stevens Point",2010,"Total",6766000,350
"U. Ana G. Mendez, Gurabo",2010,"Total",6620000,351
"California State Polytechnic U., Pomona",2010,"Total",6493000,352
"U. of the Pacific",2010,"Total",6120000,353
"Norfolk State U.",2010,"Total",5944000,354
"CUNY, John Jay C. of Criminal Justice",2010,"Total",5916000,355
"U. Wisconsin-Superior",2010,"Total",5890000,356
"Lamar U.",2010,"Total",5829000,357
"California State U., San Marcos",2010,"Total",5788000,358
"Claremont McKenna C.",2010,"Total",5725000,359
"U. Texas, Tyler",2010,"Total",5679000,360
"West Chester U. Pennsylvania",2010,"Total",5584000,361
"Elizabeth City State U.",2010,"Total",5576000,362
"U. Guam",2010,"Total",5555000,363
"Bucknell U.",2010,"Total",5456000,364
"Fort Valley State U.",2010,"Total",5310000,365
"Texas Christian U.",2010,"Total",5306000,366
"California State U., Monterey Bay",2010,"Total",5305000,367
"New School",2010,"Total",5178000,368
"Central Washington U.",2010,"Total",5159000,369
"Grand Valley State U.",2010,"Total",5044000,370
"U. of the District of Columbia",2010,"Total",5012000,371
"Calvin U.",2010,"Total",5010000,372
"Kentucky State U.",2010,"Total",4912000,373
"DePaul U.",2010,"Total",4889000,374
"Middle Tennessee State U.",2010,"Total",4793000,375
"Palmer C. of Chiropractic, Davenport",2010,"Total",4693000,376
"Williams C.",2010,"Total",4691000,377
"Smith C.",2010,"Total",4613000,378
"Carleton C.",2010,"Total",4575000,379
"Loyola Marymount U.",2010,"Total",4557000,380
"Alfred U.",2010,"Total",4524000,381
"Youngstown State U.",2010,"Total",4523000,382
"Langston U.",2010,"Total",4492000,383
"Oklahoma State U., Center for Health Sciences",2010,"Total",4398000,384
"Macalester C.",2010,"Total",4389000,385
"U. Baltimore",2010,"Total",4229000,386
"California State U., San Bernardino",2010,"Total",4188000,387
"St. Cloud State U.",2010,"Total",4184000,388
"U. Wisconsin-La Crosse",2010,"Total",4141000,389
"U. Richmond",2010,"Total",4052000,390
"Seton Hall U.",2010,"Total",4003000,391
"Lawrence Technological U.",2010,"Total",3952000,392
"Milwaukee School of Engineering",2010,"Total",3944000,393
"Southern Connecticut State U.",2010,"Total",3840000,394
"Minnesota State U., Mankato",2010,"Total",3837000,395
"Chapman U.",2010,"Total",3830000,396
"Santa Clara U.",2010,"Total",3816000,397
"Franklin and Marshall C.",2010,"Total",3770000,398
"West Virginia State U.",2010,"Total",3770000,398
"Georgia Southern U.",2010,"Total",3704000,400
"Amherst C.",2010,"Total",3628000,401
"Midwestern U.",2010,"Total",3626000,402
"Haverford C.",2010,"Total",3620000,403
"Hope C.",2010,"Total",3596000,404
"CUNY, Lehman C.",2010,"Total",3593000,405
"Rutgers, State U. New Jersey, Camden",2010,"Total",3574000,406
"U. New England",2010,"Total",3560000,407
"Eastern Kentucky U.",2010,"Total",3531000,408
"SUNY, C. of Optometry",2010,"Total",3529000,409
"Salisbury U.",2010,"Total",3503000,410
"Murray State U.",2010,"Total",3396000,411
"Barnard C.",2010,"Total",3353000,412
"CUNY, C. Staten Island",2010,"Total",3290000,413
"Eastern Washington U.",2010,"Total",3266000,414
"Pennsylvania State U., Behrend",2010,"Total",3265000,415
"Claflin U.",2010,"Total",3252000,416
"Central State U.",2010,"Total",3233000,417
"Harvey Mudd C.",2010,"Total",3214000,418
"Hamilton C.",2010,"Total",3192000,419
"Spelman C.",2010,"Total",3181000,420
"Pace U.",2010,"Total",3085000,421
"Albany C. of Pharmacy and Health Sciences",2010,"Total",3074000,422
"U. Northern Iowa",2010,"Total",3064000,423
"Towson U.",2010,"Total",3052000,424
"Sul Ross State U.",2010,"Total",3039000,425
"Rowan U.",2010,"Total",2987000,426
"Swarthmore C.",2010,"Total",2984000,427
"Tougaloo C.",2010,"Total",2978000,428
"U. San Diego",2010,"Total",2934000,429
"Pomona C.",2010,"Total",2924000,430
"Saint Joseph's U.",2010,"Total",2918000,431
"Appalachian State U.",2010,"Total",2898000,432
"U. Louisiana, Monroe",2010,"Total",2884000,433
"Black Hills State U.",2010,"Total",2883000,434
"California State U., Chico",2010,"Total",2881000,435
"Colgate U.",2010,"Total",2851000,436
"Skidmore C.",2010,"Total",2850000,437
"Mount Holyoke C.",2010,"Total",2788000,438
"Lewis and Clark C.",2010,"Total",2753000,439
"California State U., Dominguez Hills",2010,"Total",2743000,440
"Pennsylvania State U., Harrisburg",2010,"Total",2734000,441
"Texas A&M U.-Commerce",2010,"Total",2679000,442
"Pepperdine U.",2010,"Total",2672000,443
"U. North Carolina, Asheville",2010,"Total",2671000,444
"U. Central Arkansas",2010,"Total",2670000,445
"Bowdoin C.",2010,"Total",2627000,446
"CUNY, Baruch C.",2010,"Total",2616000,447
"U. Northern Colorado",2010,"Total",2607000,448
"Southeastern Louisiana U.",2010,"Total",2561000,449
"Hofstra U.",2010,"Total",2552000,450
"Texas A&M International U.",2010,"Total",2428000,451
"Northwest Indian C.",2010,"Total",2426000,452
"Coastal Carolina U.",2010,"Total",2404000,453
"Western Carolina U.",2010,"Total",2376000,454
"Northern Kentucky U.",2010,"Total",2316000,455
"Furman U.",2010,"Total",2311000,456
"Middlebury C.",2010,"Total",2292000,457
"Occidental C.",2010,"Total",2289000,458
"Texas Woman's U.",2010,"Total",2271000,459
"Montclair State U.",2010,"Total",2255000,460
"Monmouth U.",2010,"Total",2195000,461
"Morehead State U.",2010,"Total",2145000,462
"U. San Francisco",2010,"Total",2124000,463
"U. Illinois, Springfield",2010,"Total",2096000,464
"Lafayette C.",2010,"Total",2089000,465
"California State U., Bakersfield",2010,"Total",2083000,466
"Grinnell C.",2010,"Total",2069000,467
"Willamette U.",2010,"Total",2059000,468
"Oberlin C.",2010,"Total",1985000,469
"Union C., Schenectady",2010,"Total",1984000,470
"U. Puerto Rico, Humacao",2010,"Total",1971000,471
"Roger Williams U.",2010,"Total",1967000,472
"U. Wisconsin-Eau Claire",2010,"Total",1950000,473
"SUNY, Buffalo State U.",2010,"Total",1935000,474
"Reed C.",2010,"Total",1904000,475
"Trinity C., Hartford",2010,"Total",1875000,476
"Savannah State U.",2010,"Total",1874000,477
"Kennesaw State U.",2010,"Total",1854000,478
"Pacific U.",2010,"Total",1849000,479
"U. Central Oklahoma",2010,"Total",1786000,480
"Western U. of Health Sciences",2010,"Total",1786000,480
"New York Institute of Technology",2010,"Total",1785000,482
"Colby C.",2010,"Total",1782000,483
"Pittsburg State U.",2010,"Total",1759000,484
"U. Alaska, Southeast",2010,"Total",1759000,484
"SUNY, C. Plattsburgh",2010,"Total",1664000,486
"U. Nebraska, Kearney",2010,"Total",1655000,487
"Arcadia U.",2010,"Total",1649000,488
"St. John's U., New York",2010,"Total",1643000,489
"Chicago State U.",2010,"Total",1598000,490
"Bates C.",2010,"Total",1590000,491
"St. Olaf C.",2010,"Total",1574000,492
"U. Wisconsin-Oshkosh",2010,"Total",1556000,493
"Indiana State U.",2010,"Total",1541000,494
"Benedict C.",2010,"Total",1533000,495
"Connecticut C.",2010,"Total",1532000,496
"New Mexico Highlands U.",2010,"Total",1529000,497
"Davidson C.",2010,"Total",1493000,498
"Northwestern State U. Louisiana",2010,"Total",1464000,499
"New England C. of Optometry",2010,"Total",1457000,500
"Trinity U.",2010,"Total",1446000,501
"Hobart and William Smith Colleges",2010,"Total",1434000,502
"Lincoln U.",2010,"Total",1425000,503
"U. Texas of the Permian Basin",2010,"Total",1417000,504
"Whitman C.",2010,"Total",1415000,505
"SUNY, Cobleskill",2010,"Total",1414000,506
"Indiana U. Pennsylvania",2010,"Total",1376000,507
"SUNY, Geneseo",2010,"Total",1373000,508
"Seattle U.",2010,"Total",1337000,509
"U. of St. Thomas (MN)",2010,"Total",1330000,510
"California State U., East Bay",2010,"Total",1312000,511
"Vassar C.",2010,"Total",1280000,512
"U. Houston-Clear Lake",2010,"Total",1279000,513
"Philadelphia C. of Osteopathic Medicine",2010,"Total",1278000,514
"Touro U., California",2010,"Total",1221000,515
"Western Illinois U.",2010,"Total",1221000,515
"U. Wisconsin-Green Bay",2010,"Total",1219000,517
"Andrews U.",2010,"Total",1195000,518
"U. Detroit Mercy",2010,"Total",1148000,519
"U. Hartford",2010,"Total",1137000,520
"Christopher Newport U.",2010,"Total",1110000,521
"Ithaca C.",2010,"Total",1077000,522
"Indiana U., South Bend",2010,"Total",1070000,523
"William Paterson U.",2010,"Total",1051000,524
"Drake U.",2010,"Total",1033000,525
"U. Houston-Downtown",2010,"Total",1013000,526
"Grambling State U.",2010,"Total",993000,527
"C. Wooster",2010,"Total",988000,528
"U. Puerto Rico, Cayey",2010,"Total",927000,529
"Providence C.",2010,"Total",917000,530
"Northern Michigan U.",2010,"Total",910000,531
"Saginaw Valley State U.",2010,"Total",873000,532
"U. Washington, Tacoma",2010,"Total",872000,533
"Sonoma State U.",2010,"Total",858000,534
"Des Moines U.",2010,"Total",855000,535
"C. New Jersey",2010,"Total",850000,536
"Virginia Military Institute",2010,"Total",849000,537
"Long Island U.",2010,"Total",832000,538
"SUNY, C. Brockport",2010,"Total",831000,539
"Gettysburg C.",2010,"Total",814000,540
"SUNY, Oswego",2010,"Total",783000,541
"Central Connecticut State U.",2010,"Total",776000,542
"Albany State U.",2010,"Total",740000,543
"Northeastern Illinois U.",2010,"Total",711000,544
"U. Wisconsin-Platteville",2010,"Total",681000,545
"Radford U.",2010,"Total",680000,546
"U.S. Coast Guard Academy",2010,"Total",680000,546
"Colorado C.",2010,"Total",671000,548
"Pennsylvania State U., Altoona",2010,"Total",671000,548
"Abilene Christian U.",2010,"Total",662000,550
"New C. Florida",2010,"Total",660000,551
"Saint John's U.",2010,"Total",640000,552
"U. Washington, Bothell",2010,"Total",630000,553
"West Virginia School of Osteopathic Medicine",2010,"Total",594000,554
"Ursinus C.",2010,"Total",540000,555
"Manhattan C.",2010,"Total",498000,556
"U. Virginia's C. Wise",2010,"Total",481000,557
"U. South Carolina, Beaufort",2010,"Total",462000,558
"U. Puget Sound",2010,"Total",461000,559
"U. Wisconsin-River Falls",2010,"Total",441000,560
"Alaska Pacific U.",2010,"Total",434000,561
"Kenyon C.",2010,"Total",428000,562
"Colorado State U., Pueblo",2010,"Total",413000,563
"Southern U., New Orleans",2010,"Total",402000,564
"Fort Lewis C.",2010,"Total",392000,565
"St. Mary's C. Maryland",2010,"Total",342000,566
"U. South Carolina, Aiken",2010,"Total",337000,567
"Gustavus Adolphus C.",2010,"Total",310000,568
"U. Scranton",2010,"Total",240000,569
"CUNY, New York City C. of Technology",2010,"Total",231000,570
"Canisius U.",2010,"Total",221000,571
"Albert Einstein C. of Medicine",2010,"Total",NA,NA
"Albion C.",2010,"Total",NA,NA
"Augusta U.",2010,"Total",NA,NA
"Austin Peay State U.",2010,"Total",NA,NA
"Azusa Pacific U.",2010,"Total",NA,NA
"Babson C.",2010,"Total",NA,NA
"Bentley U.",2010,"Total",NA,NA
"Biola U.",2010,"Total",NA,NA
"Bowie State U.",2010,"Total",NA,NA
"Bryant U.",2010,"Total",NA,NA
"Butler U.",2010,"Total",NA,NA
"C. of Saint Benedict",2010,"Total",NA,NA
"CUNY, Advanced Science Research Center",2010,"Total",NA,NA
"CUNY, Graduate School of Public Health and Health Policy",2010,"Total",NA,NA
"CUNY, York C.",2010,"Total",NA,NA
"CUNY, system office",2010,"Total",NA,NA
"California State U., Channel Islands",2010,"Total",NA,NA
"California State U., Stanislaus",2010,"Total",NA,NA
"Citadel Military C. South Carolina",2010,"Total",NA,NA
"Cold Spring Harbor Laboratory",2010,"Total",NA,NA
"Dakota State U.",2010,"Total",NA,NA
"Dine C.",2010,"Total",NA,NA
"East Stroudsburg U. Pennsylvania",2010,"Total",NA,NA
"Eastern Connecticut State U.",2010,"Total",NA,NA
"Edward Via C. of Osteopathic Medicine",2010,"Total",NA,NA
"Elon U.",2010,"Total",NA,NA
"Erikson Institute",2010,"Total",NA,NA
"Ferris State U.",2010,"Total",NA,NA
"Florida Polytechnic U.",2010,"Total",NA,NA
"Framingham State U.",2010,"Total",NA,NA
"Franklin W. Olin C. of Engineering",2010,"Total",NA,NA
"Hartford International U. for Religion and Peace",2010,"Total",NA,NA
"Hawaii Pacific U.",2010,"Total",NA,NA
"Heidelberg U.",2010,"Total",NA,NA
"High Tech High Graduate School of Ed.",2010,"Total",NA,NA
"Johnson C. Smith U.",2010,"Total",NA,NA
"Kean U.",2010,"Total",NA,NA
"Keck Graduate Institute",2010,"Total",NA,NA
"La Sierra U.",2010,"Total",NA,NA
"Lake Superior State U.",2010,"Total",NA,NA
"Liberty U.",2010,"Total",NA,NA
"Lincoln Memorial U.",2010,"Total",NA,NA
"Lipscomb U.",2010,"Total",NA,NA
"MGH Institute of Health Professions",2010,"Total",NA,NA
"Marian U., Indianapolis",2010,"Total",NA,NA
"Marshall B. Ketchum U.",2010,"Total",NA,NA
"Marymount U.",2010,"Total",NA,NA
"Memorial Sloan Kettering Cancer Center, Louis V. Gerstner Jr. Graduate S. of Biomedical Sciences",2010,"Total",NA,NA
"Merrimack C.",2010,"Total",NA,NA
"National Defense U.",2010,"Total",NA,NA
"National U. of Natural Medicine",2010,"Total",NA,NA
"Naval War C.",2010,"Total",NA,NA
"Nevada State C.",2010,"Total",NA,NA
"Northland C.",2010,"Total",NA,NA
"Norwich U.",2010,"Total",NA,NA
"Oregon Institute of Technology",2010,"Total",NA,NA
"Pratt Institute",2010,"Total",NA,NA
"Purdue U., Northwest",2010,"Total",NA,NA
"Rhode Island C.",2010,"Total",NA,NA
"Robert Morris U.",2010,"Total",NA,NA
"Roseman U. of Health Sciences",2010,"Total",NA,NA
"SUNY, Polytechnic Institute",2010,"Total",NA,NA
"Sacred Heart U.",2010,"Total",NA,NA
"Southern U. and A&M C., Agricultural Research and Extension Center",2010,"Total",NA,NA
"St. Edward's U.",2010,"Total",NA,NA
"Stockton U.",2010,"Total",NA,NA
"Suffolk U.",2010,"Total",NA,NA
"Texas A&M U.-San Antonio",2010,"Total",NA,NA
"Texas Tech U., Health Sciences Center, El Paso",2010,"Total",NA,NA
"Touro U., New Yorkg",2010,"Total",NA,NA
"Toyota Technological Institute, Chicago",2010,"Total",NA,NA
"Troy U.",2010,"Total",NA,NA
"U. Colorado Anschutz Medical Campusc",2010,"Total",NA,NA
"U. Colorado Denverc",2010,"Total",NA,NA
"U. Hawaii, Maui C.",2010,"Total",NA,NA
"U. Hawaii, system office",2010,"Total",NA,NA
"U. Marylandb",2010,"Total",NA,NA
"U. Nebraska, Lincoln and Medical Centerd",2010,"Total",NA,NA
"U. New Haven",2010,"Total",NA,NA
"U. North Georgia",2010,"Total",NA,NA
"U. Oklahoma, Tulsa",2010,"Total",NA,NA
"U. Puerto Rico, Ponce",2010,"Total",NA,NA
"U. Texas Health Science Center, Tyler",2010,"Total",NA,NA
"U. Texas Rio Grande Valley",2010,"Total",NA,NA
"U. of Health Sciences and Pharmacy in St. Louis",2010,"Total",NA,NA
"U. of Mary Washington",2010,"Total",NA,NA
"U. of the Incarnate Word",2010,"Total",NA,NA
"U.S. Army War C.",2010,"Total",NA,NA
"United Tribes Technical C.",2010,"Total",NA,NA
"Utah Valley U.",2010,"Total",NA,NA
"Van Andel Research Institute",2010,"Total",NA,NA
"Western New England U.",2010,"Total",NA,NA
"Wheaton C., Wheaton",2010,"Total",NA,NA
"Winston-Salem State U.",2010,"Total",NA,NA
"Winthrop U.",2010,"Total",NA,NA
"All institutions",2011,"Total",65274393000,1
"All other surveyed institutions",2011,"Total",2667289000,2
"Johns Hopkins U",2011,"Total",2145308000,3
"U. Michigan, Ann Arbor",2011,"Total",1279123000,4
"U. Washington, Seattle",2011,"Total",1148533000,5
"U. Wisconsin-Madison",2011,"Total",1111642000,6
"Duke U.",2011,"Total",1022207000,7
"U. California, San Diego",2011,"Total",1009378000,8
"U. California, San Francisco",2011,"Total",995226000,9
"U. California, Los Angeles",2011,"Total",982357000,10
"Stanford U.",2011,"Total",907971000,11
"U. Pittsburgh, Pittsburgh",2011,"Total",899386000,12
"U. Pennsylvania",2011,"Total",886036000,13
"Columbia U. in the City of New York",2011,"Total",878900000,14
"U. North Carolina, Chapel Hill",2011,"Total",869174000,15
"U. Minnesota, Twin Cities",2011,"Total",847419000,16
"Ohio State U.",2011,"Total",832126000,17
"Pennsylvania State U., University Park and Hershey Medical Center",2011,"Total",794846000,18
"Cornell U.",2011,"Total",781651000,19
"U. Florida",2011,"Total",739931000,20
"Washington U., Saint Louis",2011,"Total",725039000,21
"Massachusetts Institute of Technology",2011,"Total",723610000,22
"U. California, Berkeley",2011,"Total",707945000,23
"U. California, Davis",2011,"Total",707896000,24
"Texas A&M U., College Station and Health Science Center",2011,"Total",705720000,25
"U. Texas M. D. Anderson Cancer Center",2011,"Total",663279000,26
"Yale U.",2011,"Total",656967000,27
"Georgia Institute of Technology",2011,"Total",655375000,28
"Harvard U.",2011,"Total",649774000,29
"U. Texas, Austin",2011,"Total",632171000,30
"Northwestern U.",2011,"Total",618980000,31
"U. Arizona",2011,"Total",610565000,32
"U. Southern California",2011,"Total",603294000,33
"Purdue U., West Lafayette",2011,"Total",578231000,34
"Vanderbilt U. and Vanderbilt U. Medical Center",2011,"Total",566031000,35
"Emory U.",2011,"Total",547316000,36
"U. Illinois, Urbana-Champaign",2011,"Total",545669000,37
"U. Alabama, Birmingham",2011,"Total",503698000,38
"Baylor C. of Medicine",2011,"Total",466061000,39
"Michigan State U.",2011,"Total",454248000,40
"U. Chicago",2011,"Total",453562000,41
"Virginia Polytechnic Institute and State U.",2011,"Total",450058000,42
"U. Cincinnati",2011,"Total",448936000,43
"U. Iowa",2011,"Total",443893000,44
"Rutgers, State U. New Jersey, New Brunswick",2011,"Total",432306000,45
"U. Texas Southwestern Medical Center",2011,"Total",431883000,46
"New York U.",2011,"Total",430752000,47
"Case Western Reserve U.",2011,"Total",429206000,48
"U. Rochester",2011,"Total",429034000,49
"U. Utah",2011,"Total",414316000,50
"Icahn School of Medicine at Mount Sinai",2011,"Total",405527000,51
"Scripps Research Institute",2011,"Total",400768000,52
"U. Virginia, Charlottesville",2011,"Total",398096000,53
"U. South Floridae",2011,"Total",394963000,54
"U. Colorado Boulder",2011,"Total",390677000,55
"U. Illinois, Chicago",2011,"Total",380828000,56
"North Carolina State U.",2011,"Total",378154000,57
"California Institute of Technology",2011,"Total",377514000,58
"U. Kentucky",2011,"Total",372932000,59
"Boston U.",2011,"Total",355916000,60
"Arizona State U.",2011,"Total",355215000,61
"SUNY, U. Buffalo",2011,"Total",353172000,62
"U. California, Irvine",2011,"Total",344678000,63
"Brown U.",2011,"Total",344090000,64
"U. Georgia",2011,"Total",335901000,65
"Oregon Health and Science U.",2011,"Total",334324000,66
"Colorado State U., Fort Collins",2011,"Total",330784000,67
"U. Miami",2011,"Total",323486000,68
"Indiana U.-Purdue U., Indianapolis",2011,"Total",322617000,69
"Washington State U.",2011,"Total",320510000,70
"U. Hawaii, Manoa",2011,"Total",318316000,71
"Louisiana State U., Baton Rouge",2011,"Total",287841000,72
"Yeshiva U.",2011,"Total",281334000,73
"U. Kansas",2011,"Total",274727000,74
"Rockefeller U.",2011,"Total",272491000,75
"Iowa State U.",2011,"Total",267641000,76
"Princeton U.",2011,"Total",263335000,77
"U. Massachusetts, Medical School",2011,"Total",262714000,78
"U. Texas Health Science Center, Houston",2011,"Total",261172000,79
"Wayne State U.",2011,"Total",259895000,80
"U. Connecticut",2011,"Total",253792000,81
"U. Oklahoma, Norman and Health Science Center",2011,"Total",249297000,82
"Carnegie Mellon U.",2011,"Total",242882000,83
"U. Missouri, Columbia",2011,"Total",230957000,84
"U. California, Santa Barbara",2011,"Total",230435000,85
"Florida State U.",2011,"Total",230411000,86
"Oregon State U.",2011,"Total",228814000,87
"Mississippi State U.",2011,"Total",226070000,88
"U. New Mexico",2011,"Total",220565000,89
"Medical C. Wisconsin",2011,"Total",215358000,90
"Medical U. South Carolina",2011,"Total",213346000,91
"SUNY, Stony Brook U.",2011,"Total",211356000,92
"Dartmouth C. and Dartmouth Hitchcock Medical Center",2011,"Total",210631000,93
"Wake Forest U.",2011,"Total",209134000,94
"Virginia Commonwealth U.",2011,"Total",207756000,95
"U. South Carolina, Columbia",2011,"Total",201592000,96
"Woods Hole Oceanographic Institution",2011,"Total",198775000,97
"U. Texas Health Science Center, San Antonio",2011,"Total",198655000,98
"George Washington U.",2011,"Total",197621000,99
"U. Louisville",2011,"Total",197438000,100
"U. Texas Medical Branch",2011,"Total",193555000,101
"Indiana U., Bloomington",2011,"Total",184096000,102
"U. Massachusetts, Amherst",2011,"Total",181297000,103
"Uniformed Services U. of the Health Sciences",2011,"Total",175365000,104
"Utah State U.",2011,"Total",174167000,105
"Tulane U.",2011,"Total",171703000,106
"Georgetown U.",2011,"Total",169916000,107
"U. Delaware",2011,"Total",169746000,108
"Kansas State U.",2011,"Total",169167000,109
"U. Tennessee, Knoxvillef",2011,"Total",167456000,110
"West Virginia U.",2011,"Total",166420000,111
"Clemson U.",2011,"Total",166350000,112
"U. Alaska, Fairbanks",2011,"Total",165530000,113
"Auburn U., Auburn",2011,"Total",163335000,114
"Oklahoma State U., Stillwater",2011,"Total",162786000,115
"Tufts U.",2011,"Total",156395000,116
"U. California, Santa Cruz",2011,"Total",155617000,117
"Texas Tech U.",2011,"Total",149399000,118
"SUNY, U. Albany",2011,"Total",148625000,119
"U. New Hampshire",2011,"Total",143002000,120
"New Mexico State U.",2011,"Total",139062000,121
"Temple U.",2011,"Total",134533000,122
"U. Notre Dame",2011,"Total",134410000,123
"North Dakota State U.",2011,"Total",134064000,124
"U. Vermont",2011,"Total",132356000,125
"U. California, Riverside",2011,"Total",132238000,126
"Montana State U., Bozeman",2011,"Total",125966000,127
"U. Mississippi",2011,"Total",122765000,128
"U. Arkansas for Medical Sciences",2011,"Total",122066000,129
"U. Arkansas, Fayetteville",2011,"Total",120007000,130
"Drexel U.",2011,"Total",115020000,131
"U. Houston",2011,"Total",113709000,132
"U. Maine",2011,"Total",111600000,133
"Rice U.",2011,"Total",110235000,134
"Florida International U.",2011,"Total",110006000,135
"U. Central Florida",2011,"Total",109190000,136
"San Diego State U.",2011,"Total",106591000,137
"Thomas Jefferson U.",2011,"Total",104923000,138
"U. Oregon",2011,"Total",103019000,139
"U. Rhode Island",2011,"Total",102630000,140
"Old Dominion U.",2011,"Total",102192000,141
"Naval Postgraduate School",2011,"Total",101363000,142
"New Jersey Institute of Technology",2011,"Total",100491000,143
"U. Idaho",2011,"Total",96229000,144
"U. Texas, Dallas",2011,"Total",93230000,145
"Georgia State U.",2011,"Total",92725000,146
"U. Maryland, Baltimore County",2011,"Total",91657000,147
"U. Dayton",2011,"Total",90557000,148
"Cold Spring Harbor Laboratory",2011,"Total",89913000,149
"U. Nevada, Reno",2011,"Total",89740000,150
"George Mason U.",2011,"Total",88089000,151
"Northeastern U.",2011,"Total",86783000,152
"Rensselaer Polytechnic Institute",2011,"Total",84834000,153
"Syracuse U.",2011,"Total",83686000,154
"U. Tennessee, Health Science Center",2011,"Total",81220000,155
"Rush U.",2011,"Total",79212000,156
"U. Alabama, Huntsville",2011,"Total",75724000,157
"Brandeis U.",2011,"Total",74889000,158
"U. North Dakota",2011,"Total",74882000,159
"U. Toledo",2011,"Total",74149000,160
"U. Texas, El Paso",2011,"Total",74069000,161
"U.S. Air Force Academy",2011,"Total",73607000,162
"SUNY, Binghamton U.",2011,"Total",72539000,163
"U. Texas, Arlington",2011,"Total",72483000,164
"Southern Illinois U., Carbondale",2011,"Total",71130000,165
"Michigan Technological U.",2011,"Total",70089000,166
"U. Louisiana, Lafayette",2011,"Total",69978000,167
"South Dakota State U.",2011,"Total",69680000,168
"U. Wisconsin-Milwaukee",2011,"Total",65648000,169
"U. Puerto Rico, Medical Sciences Campus",2011,"Total",64017000,170
"Wichita State U.",2011,"Total",63538000,171
"U. California, Office of the President",2011,"Total",63420000,172
"Florida Atlantic U.",2011,"Total",62024000,173
"CUNY, City C.",2011,"Total",60648000,174
"U. Akron",2011,"Total",60352000,175
"U. Montana, Missoula",2011,"Total",60159000,176
"U. Massachusetts, Lowell",2011,"Total",60013000,177
"Portland State U.",2011,"Total",58975000,178
"William & Mary",2011,"Total",58919000,179
"Texas Tech U., Health Sciences Center",2011,"Total",58774000,180
"U. Texas, San Antonio",2011,"Total",58667000,181
"Ohio U.",2011,"Total",57643000,182
"U. Wyoming",2011,"Total",57549000,183
"U. Massachusetts, Boston",2011,"Total",57040000,184
"Louisiana State U., Health Sciences Center, New Orleans",2011,"Total",57007000,185
"Cleveland State U.",2011,"Total",55502000,186
"U. Alabama, Tuscaloosa",2011,"Total",53633000,187
"Florida A&M U.",2011,"Total",53326000,188
"Saint Louis U.",2011,"Total",53179000,189
"Boston C.",2011,"Total",52253000,190
"U. Maryland Center for Environmental Science",2011,"Total",50007000,191
"Jackson State U.",2011,"Total",49998000,192
"Colorado School of Mines",2011,"Total",48704000,193
"Wright State U.",2011,"Total",48501000,194
"U. Memphis",2011,"Total",48321000,195
"American U.",2011,"Total",46611000,196
"U. Southern Mississippi",2011,"Total",46591000,197
"U. North Texas, Health Science Center",2011,"Total",45943000,198
"Illinois Institute of Technology",2011,"Total",44463000,199
"New Mexico Institute of Mining and Technology",2011,"Total",43857000,200
"Loyola U., Chicago",2011,"Total",42708000,201
"U. North Texas, Denton",2011,"Total",42475000,202
"Howard U.",2011,"Total",42341000,203
"U. South Alabama",2011,"Total",42233000,204
"SUNY, Downstate Health Sciences U.",2011,"Total",41993000,205
"Stevens Institute of Technology",2011,"Total",41622000,206
"Missouri U. of Science and Technology",2011,"Total",41581000,207
"San Jose State U.",2011,"Total",40149000,208
"SUNY, Upstate Medical U.",2011,"Total",39988000,209
"CUNY, Hunter C.",2011,"Total",39772000,210
"U. Nevada, Las Vegas",2011,"Total",39526000,211
"Loma Linda U.",2011,"Total",39409000,212
"Brigham Young U., Provo",2011,"Total",37142000,213
"Eastern Virginia Medical School",2011,"Total",36569000,214
"Rutgers, State U. New Jersey, Newark",2011,"Total",35774000,215
"U. New Orleans",2011,"Total",35359000,216
"Desert Research Institute",2011,"Total",35331000,217
"North Carolina A&T State U.",2011,"Total",34930000,218
"Rochester Institute of Technology",2011,"Total",34889000,219
"U. Puerto Rico, Mayaguez",2011,"Total",34424000,220
"Morehouse School of Medicine",2011,"Total",33946000,221
"Southern Illinois U., Edwardsville",2011,"Total",33736000,222
"Texas State U.",2011,"Total",33487000,223
"U. Missouri, Kansas City",2011,"Total",32769000,224
"U. Puerto Rico, Rio Piedras",2011,"Total",32582000,225
"Lehigh U.",2011,"Total",32086000,226
"South Dakota School of Mines and Technology",2011,"Total",32070000,227
"Air Force Institute of Technology",2011,"Total",31879000,228
"Creighton U.",2011,"Total",31443000,229
"Louisiana State U., Health Sciences Center, Shreveport",2011,"Total",31021000,230
"Northern Arizona U.",2011,"Total",30785000,231
"Alabama A&M U.",2011,"Total",30238000,232
"Meharry Medical C.",2011,"Total",29055000,233
"Mercer U.",2011,"Total",29039000,234
"U. South Dakota",2011,"Total",28959000,235
"California State U., Fullerton",2011,"Total",28186000,236
"East Carolina U.",2011,"Total",28114000,237
"Louisiana Tech U.",2011,"Total",27583000,238
"U. North Carolina, Charlotte",2011,"Total",27533000,239
"Kent State U.",2011,"Total",27455000,240
"New York Medical C.",2011,"Total",27316000,241
"Marshall U.",2011,"Total",26723000,242
"San Francisco State U.",2011,"Total",26198000,243
"U. North Carolina, Greensboro",2011,"Total",26121000,244
"Miami U.",2011,"Total",26093000,245
"California State U., Northridge",2011,"Total",25654000,246
"U. Massachusetts, Dartmouth",2011,"Total",25644000,247
"Catholic U. of America",2011,"Total",25397000,248
"Western Michigan U. and Homer Stryker M.D. School of Medicine",2011,"Total",25051000,249
"SUNY, C. of Environmental Science and Forestry",2011,"Total",25024000,250
"Southern Methodist U.",2011,"Total",24453000,251
"Boise State U.",2011,"Total",24204000,252
"U. Minnesota, Duluth",2011,"Total",23400000,253
"CUNY, Queens C.",2011,"Total",23219000,254
"U. North Carolina, Wilmington",2011,"Total",22593000,255
"Charles R. Drew U. of Medicine and Science",2011,"Total",22150000,256
"Worcester Polytechnic Institute",2011,"Total",22137000,257
"U. of the Virgin Islands",2011,"Total",21994000,258
"Northern Illinois U.",2011,"Total",21748000,259
"U. West Florida",2011,"Total",21710000,260
"Idaho State U.",2011,"Total",21450000,261
"U. California, Merced",2011,"Total",21328000,262
"Albany Medical C.",2011,"Total",20876000,263
"Marquette U.",2011,"Total",19876000,264
"U. Tulsa",2011,"Total",19489000,265
"Delaware State U.",2011,"Total",19019000,266
"Ball State U.",2011,"Total",18765000,267
"U. Alaska, Anchorage",2011,"Total",18620000,268
"U. Missouri, Saint Louis",2011,"Total",18461000,269
"Teachers C., Columbia U.",2011,"Total",18406000,270
"Fordham U.",2011,"Total",18350000,271
"Clarkson U.",2011,"Total",17951000,272
"Illinois State U.",2011,"Total",17833000,273
"Texas A&M U.-Corpus Christi",2011,"Total",17509000,274
"Texas A&M U.-Kingsville",2011,"Total",17114000,275
"Florida Gulf Coast U.",2011,"Total",17051000,276
"U. Denver",2011,"Total",17004000,277
"U. Southern Maine",2011,"Total",16938000,278
"Duquesne U.",2011,"Total",16814000,279
"California Polytechnic State U., San Luis Obispo",2011,"Total",16532000,280
"California State U., Sacramento",2011,"Total",16344000,281
"Embry-Riddle Aeronautical U.",2011,"Total",16289000,282
"Oakland U.",2011,"Total",15868000,283
"Tuskegee U.",2011,"Total",15685000,284
"Prairie View A&M U.",2011,"Total",15243000,285
"Fayetteville State U.",2011,"Total",14618000,286
"California State U., Long Beach",2011,"Total",14595000,287
"Florida Institute of Technology",2011,"Total",14523000,288
"Rosalind Franklin U. of Medicine and Science",2011,"Total",14261000,289
"U.S. Military Academy",2011,"Total",13799000,290
"Northeast Ohio Medical U.",2011,"Total",13581000,291
"Tennessee State U.",2011,"Total",13468000,292
"Arkansas State U., Jonesboro",2011,"Total",13435000,293
"Tennessee Technological U.",2011,"Total",13247000,294
"Morgan State U.",2011,"Total",12803000,295
"Hampton U.",2011,"Total",12414000,296
"Baylor U.",2011,"Total",12343000,297
"Alabama State U.",2011,"Total",12340000,298
"Nova Southeastern U.",2011,"Total",12322000,299
"U. Arkansas, Little Rock",2011,"Total",12039000,300
"CUNY, Graduate Center",2011,"Total",11974000,301
"Eastern Michigan U.",2011,"Total",11643000,302
"California State U., San Bernardino",2011,"Total",11591000,303
"Alcorn State U.",2011,"Total",11397000,304
"U.S. Naval Academy",2011,"Total",10543000,305
"Elizabeth City State U.",2011,"Total",10455000,306
"Tarleton State U.",2011,"Total",10426000,307
"Wesleyan U.",2011,"Total",10367000,308
"East Tennessee State U.",2011,"Total",10249000,309
"Villanova U.",2011,"Total",10044000,310
"South Carolina State U.",2011,"Total",10037000,311
"U. Hawaii, Hilo",2011,"Total",9934000,312
"Fairfield U.",2011,"Total",9892000,313
"Xavier U. Louisiana",2011,"Total",9849000,314
"California State Polytechnic U., Humboldt",2011,"Total",9570000,315
"U. Nebraska, Omaha",2011,"Total",9509000,316
"Western Washington U.",2011,"Total",9498000,317
"North Carolina Central U.",2011,"Total",9496000,318
"U. Arkansas, Pine Bluff",2011,"Total",9415000,319
"U. North Florida",2011,"Total",9379000,320
"CUNY, Brooklyn C.",2011,"Total",9306000,321
"U. Tennessee, Chattanooga",2011,"Total",9251000,322
"Bowling Green State U.",2011,"Total",8999000,323
"Purdue U., Fort Wayne",2011,"Total",8864000,324
"California State U., Los Angeles",2011,"Total",8823000,325
"Central Michigan U.",2011,"Total",8671000,326
"U. Maryland, Eastern Shore",2011,"Total",8664000,327
"California State U., Fresno",2011,"Total",8597000,328
"Virginia State U.",2011,"Total",8562000,329
"Lincoln U., Jefferson City",2011,"Total",8518000,330
"Morehouse C.",2011,"Total",8485000,331
"Bryn Mawr C.",2011,"Total",8388000,332
"Western Kentucky U.",2011,"Total",8344000,333
"C. Charleston",2011,"Total",8320000,334
"Clark Atlanta U.",2011,"Total",8245000,335
"West Chester U. Pennsylvania",2011,"Total",8103000,336
"Rhode Island C.",2011,"Total",8027000,337
"Dillard U.",2011,"Total",7936000,338
"Seton Hall U.",2011,"Total",7701000,339
"U. Michigan, Dearborn",2011,"Total",7554000,340
"U. Central del Caribe",2011,"Total",7515000,341
"U. Colorado Colorado Springs",2011,"Total",7425000,342
"James Madison U.",2011,"Total",7303000,343
"Wellesley C.",2011,"Total",7242000,344
"California State Polytechnic U., Pomona",2011,"Total",7198000,345
"Gallaudet U.",2011,"Total",7161000,346
"St. Edward's U.",2011,"Total",7160000,347
"Norfolk State U.",2011,"Total",7140000,348
"U. Ana G. Mendez, Gurabo",2011,"Total",7098000,349
"California State U., Monterey Bay",2011,"Total",6959000,350
"Clark U.",2011,"Total",6861000,351
"Southern U. and A&M C., Baton Rouge",2011,"Total",6819000,352
"California State U., San Marcos",2011,"Total",6795000,353
"Montana Technological U.",2011,"Total",6705000,354
"Claremont Graduate U.",2011,"Total",6589000,355
"Loyola Marymount U.",2011,"Total",6455000,356
"Grand Valley State U.",2011,"Total",6429000,357
"New School",2011,"Total",6420000,358
"Texas Southern U.",2011,"Total",6318000,359
"CUNY, John Jay C. of Criminal Justice",2011,"Total",6205000,360
"U. Wisconsin-Superior",2011,"Total",6187000,361
"U. Wisconsin-Stevens Point",2011,"Total",6171000,362
"Southern U. and A&M C., Agricultural Research and Extension Center",2011,"Total",6143000,363
"Alfred U.",2011,"Total",6084000,364
"Stephen F. Austin State U.",2011,"Total",6046000,365
"U. Baltimore",2011,"Total",5944000,366
"West Texas A&M U.",2011,"Total",5847000,367
"Sam Houston State U.",2011,"Total",5816000,368
"DePaul U.",2011,"Total",5798000,369
"U. Guam",2011,"Total",5626000,370
"Texas Christian U.",2011,"Total",5595000,371
"Missouri State U.",2011,"Total",5584000,372
"Claflin U.",2011,"Total",5439000,373
"Carleton C.",2011,"Total",5382000,374
"Claremont McKenna C.",2011,"Total",5316000,375
"Langston U.",2011,"Total",5206000,376
"Winthrop U.",2011,"Total",5089000,377
"Rutgers, State U. New Jersey, Camden",2011,"Total",5079000,378
"Bucknell U.",2011,"Total",5043000,379
"Middle Tennessee State U.",2011,"Total",4969000,380
"Palmer C. of Chiropractic, Davenport",2011,"Total",4861000,381
"Fisk U.",2011,"Total",4849000,382
"Lamar U.",2011,"Total",4762000,383
"Youngstown State U.",2011,"Total",4732000,384
"U. of the Pacific",2011,"Total",4704000,385
"Macalester C.",2011,"Total",4653000,386
"Amherst C.",2011,"Total",4623000,387
"Kentucky State U.",2011,"Total",4562000,388
"Smith C.",2011,"Total",4529000,389
"Williams C.",2011,"Total",4513000,390
"Milwaukee School of Engineering",2011,"Total",4472000,391
"U. of the District of Columbia",2011,"Total",4422000,392
"U. Northern Iowa",2011,"Total",4248000,393
"CUNY, C. Staten Island",2011,"Total",4188000,394
"Hope C.",2011,"Total",4185000,395
"West Virginia State U.",2011,"Total",4176000,396
"Southern Connecticut State U.",2011,"Total",4083000,397
"U. Richmond",2011,"Total",4064000,398
"Barnard C.",2011,"Total",4046000,399
"Midwestern U.",2011,"Total",4022000,400
"U. New England",2011,"Total",4016000,401
"Georgia Southern U.",2011,"Total",3912000,402
"Eastern Washington U.",2011,"Total",3910000,403
"U. Wisconsin-La Crosse",2011,"Total",3862000,404
"Harvey Mudd C.",2011,"Total",3861000,405
"Fort Valley State U.",2011,"Total",3850000,406
"Appalachian State U.",2011,"Total",3835000,407
"Central State U.",2011,"Total",3821000,408
"Eastern Kentucky U.",2011,"Total",3782000,409
"CUNY, Lehman C.",2011,"Total",3762000,410
"SUNY, C. of Optometry",2011,"Total",3738000,411
"Pace U.",2011,"Total",3732000,412
"Murray State U.",2011,"Total",3718000,413
"Pomona C.",2011,"Total",3640000,414
"Montclair State U.",2011,"Total",3621000,415
"Azusa Pacific U.",2011,"Total",3620000,416
"Towson U.",2011,"Total",3574000,417
"Chapman U.",2011,"Total",3547000,418
"Albany C. of Pharmacy and Health Sciences",2011,"Total",3496000,419
"U. San Diego",2011,"Total",3483000,420
"Pennsylvania State U., Harrisburg",2011,"Total",3460000,421
"Franklin and Marshall C.",2011,"Total",3439000,422
"St. Cloud State U.",2011,"Total",3404000,423
"Lawrence Technological U.",2011,"Total",3348000,424
"Mount Holyoke C.",2011,"Total",3317000,425
"Rowan U.",2011,"Total",3247000,426
"Pennsylvania State U., Behrend",2011,"Total",3183000,427
"Sul Ross State U.",2011,"Total",3183000,427
"California State U., Bakersfield",2011,"Total",3162000,429
"U. North Carolina, Asheville",2011,"Total",3157000,430
"Texas A&M International U.",2011,"Total",3121000,431
"Calvin U.",2011,"Total",3113000,432
"Hamilton C.",2011,"Total",3109000,433
"Saint Joseph's U.",2011,"Total",3073000,434
"Benedict C.",2011,"Total",3009000,435
"Swarthmore C.",2011,"Total",2994000,436
"Texas Woman's U.",2011,"Total",2919000,437
"Bowdoin C.",2011,"Total",2877000,438
"Central Washington U.",2011,"Total",2858000,439
"U. Washington, Bothell",2011,"Total",2857000,440
"U. Central Arkansas",2011,"Total",2821000,441
"Oklahoma State U., Center for Health Sciences",2011,"Total",2815000,442
"U. Louisiana, Monroe",2011,"Total",2812000,443
"California State U., Dominguez Hills",2011,"Total",2780000,444
"Lewis and Clark C.",2011,"Total",2778000,445
"U. Texas, Tyler",2011,"Total",2766000,446
"Haverford C.",2011,"Total",2765000,447
"Tougaloo C.",2011,"Total",2753000,448
"Northwest Indian C.",2011,"Total",2744000,449
"Savannah State U.",2011,"Total",2700000,450
"California State U., Chico",2011,"Total",2684000,451
"SUNY, Geneseo",2011,"Total",2677000,452
"U. San Francisco",2011,"Total",2668000,453
"Minnesota State U., Mankato",2011,"Total",2654000,454
"CUNY, Baruch C.",2011,"Total",2645000,455
"Roger Williams U.",2011,"Total",2627000,456
"SUNY, Buffalo State U.",2011,"Total",2539000,457
"Hofstra U.",2011,"Total",2472000,458
"Edward Via C. of Osteopathic Medicine",2011,"Total",2453000,459
"Lafayette C.",2011,"Total",2426000,460
"U. Hartford",2011,"Total",2419000,461
"Middlebury C.",2011,"Total",2408000,462
"Santa Clara U.",2011,"Total",2407000,463
"Philadelphia C. of Osteopathic Medicine",2011,"Total",2401000,464
"Northern Kentucky U.",2011,"Total",2397000,465
"U. Wisconsin-Oshkosh",2011,"Total",2384000,466
"Memorial Sloan Kettering Cancer Center, Louis V. Gerstner Jr. Graduate S. of Biomedical Sciences",2011,"Total",2342000,467
"Keck Graduate Institute",2011,"Total",2313000,468
"Colgate U.",2011,"Total",2291000,469
"Spelman C.",2011,"Total",2273000,470
"Texas A&M U.-Commerce",2011,"Total",2242000,471
"U. Nebraska, Kearney",2011,"Total",2199000,472
"Furman U.",2011,"Total",2184000,473
"Austin Peay State U.",2011,"Total",2180000,474
"CUNY, York C.",2011,"Total",2180000,474
"Coastal Carolina U.",2011,"Total",2162000,476
"Grambling State U.",2011,"Total",2135000,477
"Skidmore C.",2011,"Total",2113000,478
"U. Northern Colorado",2011,"Total",2078000,479
"New York Institute of Technology",2011,"Total",2059000,480
"Morehead State U.",2011,"Total",2018000,481
"Chicago State U.",2011,"Total",2014000,482
"U. New Haven",2011,"Total",2009000,483
"U. Illinois, Springfield",2011,"Total",2002000,484
"Indiana State U.",2011,"Total",1980000,485
"Davidson C.",2011,"Total",1977000,486
"U. Puerto Rico, Humacao",2011,"Total",1976000,487
"Kennesaw State U.",2011,"Total",1961000,488
"Monmouth U.",2011,"Total",1956000,489
"Southeastern Louisiana U.",2011,"Total",1952000,490
"Willamette U.",2011,"Total",1940000,491
"Trinity C., Hartford",2011,"Total",1934000,492
"Pepperdine U.",2011,"Total",1924000,493
"Bowie State U.",2011,"Total",1910000,494
"Bates C.",2011,"Total",1897000,495
"Arcadia U.",2011,"Total",1888000,496
"Salisbury U.",2011,"Total",1852000,497
"Reed C.",2011,"Total",1839000,498
"Vassar C.",2011,"Total",1838000,499
"Occidental C.",2011,"Total",1809000,500
"Connecticut C.",2011,"Total",1801000,501
"St. John's U., New York",2011,"Total",1786000,502
"Touro U., California",2011,"Total",1779000,503
"Colby C.",2011,"Total",1772000,504
"Western U. of Health Sciences",2011,"Total",1768000,505
"New England C. of Optometry",2011,"Total",1751000,506
"U. Houston-Clear Lake",2011,"Total",1746000,507
"Indiana U. Pennsylvania",2011,"Total",1736000,508
"Oberlin C.",2011,"Total",1710000,509
"Pittsburg State U.",2011,"Total",1687000,510
"Christopher Newport U.",2011,"Total",1669000,511
"California State U., East Bay",2011,"Total",1644000,512
"Black Hills State U.",2011,"Total",1643000,513
"Suffolk U.",2011,"Total",1624000,514
"Union C., Schenectady",2011,"Total",1615000,515
"Norwich U.",2011,"Total",1583000,516
"Hobart and William Smith Colleges",2011,"Total",1566000,517
"U. Central Oklahoma",2011,"Total",1548000,518
"Western Illinois U.",2011,"Total",1528000,519
"Elon U.",2011,"Total",1523000,520
"New Mexico Highlands U.",2011,"Total",1498000,521
"Kean U.",2011,"Total",1497000,522
"California State U., Stanislaus",2011,"Total",1487000,523
"U. Puerto Rico, Cayey",2011,"Total",1474000,524
"U. Detroit Mercy",2011,"Total",1462000,525
"Stockton U.",2011,"Total",1455000,526
"William Paterson U.",2011,"Total",1452000,527
"Central Connecticut State U.",2011,"Total",1451000,528
"Western Carolina U.",2011,"Total",1451000,528
"Hawaii Pacific U.",2011,"Total",1436000,530
"Albany State U.",2011,"Total",1416000,531
"U. Wisconsin-Eau Claire",2011,"Total",1406000,532
"U. of Mary Washington",2011,"Total",1374000,533
"U. Washington, Tacoma",2011,"Total",1359000,534
"Trinity U.",2011,"Total",1355000,535
"U. Houston-Downtown",2011,"Total",1351000,536
"Grinnell C.",2011,"Total",1340000,537
"Lincoln U.",2011,"Total",1336000,538
"U. of St. Thomas (MN)",2011,"Total",1316000,539
"Seattle U.",2011,"Total",1274000,540
"U. Alaska, Southeast",2011,"Total",1274000,540
"Saginaw Valley State U.",2011,"Total",1249000,542
"SUNY, C. Brockport",2011,"Total",1248000,543
"Touro U., New Yorkg",2011,"Total",1247000,544
"U. Wisconsin-Green Bay",2011,"Total",1239000,545
"U. Texas of the Permian Basin",2011,"Total",1232000,546
"C. Wooster",2011,"Total",1225000,547
"Heidelberg U.",2011,"Total",1219000,548
"Erikson Institute",2011,"Total",1212000,549
"Colorado C.",2011,"Total",1198000,550
"Northwestern State U. Louisiana",2011,"Total",1189000,551
"Wheaton C., Wheaton",2011,"Total",1187000,552
"Winston-Salem State U.",2011,"Total",1179000,553
"Whitman C.",2011,"Total",1142000,554
"St. Olaf C.",2011,"Total",1130000,555
"Pacific U.",2011,"Total",1129000,556
"Western New England U.",2011,"Total",1111000,557
"Indiana U., South Bend",2011,"Total",1099000,558
"SUNY, C. Plattsburgh",2011,"Total",1098000,559
"New C. Florida",2011,"Total",1046000,560
"Ithaca C.",2011,"Total",1025000,561
"Franklin W. Olin C. of Engineering",2011,"Total",1016000,562
"Dakota State U.",2011,"Total",1015000,563
"SUNY, Oswego",2011,"Total",977000,564
"Drake U.",2011,"Total",966000,565
"Dine C.",2011,"Total",959000,566
"SUNY, Cobleskill",2011,"Total",938000,567
"Des Moines U.",2011,"Total",924000,568
"Saint John's U.",2011,"Total",891000,569
"U. South Carolina, Beaufort",2011,"Total",882000,570
"Long Island U.",2011,"Total",877000,571
"C. of Saint Benedict",2011,"Total",867000,572
"Andrews U.",2011,"Total",854000,573
"Northern Michigan U.",2011,"Total",841000,574
"Roseman U. of Health Sciences",2011,"Total",840000,575
"Sonoma State U.",2011,"Total",825000,576
"Albion C.",2011,"Total",799000,577
"National U. of Natural Medicine",2011,"Total",791000,578
"Radford U.",2011,"Total",784000,579
"Pennsylvania State U., Altoona",2011,"Total",773000,580
"Providence C.",2011,"Total",758000,581
"Lake Superior State U.",2011,"Total",752000,582
"U. South Carolina, Aiken",2011,"Total",750000,583
"Toyota Technological Institute, Chicago",2011,"Total",746000,584
"La Sierra U.",2011,"Total",732000,585
"U. Wisconsin-Platteville",2011,"Total",715000,586
"Southern U., New Orleans",2011,"Total",706000,587
"Babson C.",2011,"Total",696000,588
"Gettysburg C.",2011,"Total",669000,589
"U. of the Incarnate Word",2011,"Total",667000,590
"Manhattan C.",2011,"Total",638000,591
"Butler U.",2011,"Total",610000,592
"MGH Institute of Health Professions",2011,"Total",607000,593
"Fort Lewis C.",2011,"Total",606000,594
"Ursinus C.",2011,"Total",594000,595
"U. Wisconsin-River Falls",2011,"Total",551000,596
"Northeastern Illinois U.",2011,"Total",533000,597
"U. Puget Sound",2011,"Total",530000,598
"West Virginia School of Osteopathic Medicine",2011,"Total",528000,599
"California State U., Channel Islands",2011,"Total",524000,600
"Alaska Pacific U.",2011,"Total",518000,601
"U.S. Coast Guard Academy",2011,"Total",490000,602
"Abilene Christian U.",2011,"Total",487000,603
"C. New Jersey",2011,"Total",486000,604
"Kenyon C.",2011,"Total",433000,605
"St. Mary's C. Maryland",2011,"Total",427000,606
"Citadel Military C. South Carolina",2011,"Total",415000,607
"Virginia Military Institute",2011,"Total",374000,608
"Colorado State U., Pueblo",2011,"Total",364000,609
"CUNY, New York City C. of Technology",2011,"Total",343000,610
"U. Virginia's C. Wise",2011,"Total",336000,611
"Gustavus Adolphus C.",2011,"Total",330000,612
"Bryant U.",2011,"Total",316000,613
"Oregon Institute of Technology",2011,"Total",258000,614
"East Stroudsburg U. Pennsylvania",2011,"Total",250000,615
"U. Scranton",2011,"Total",221000,616
"Eastern Connecticut State U.",2011,"Total",216000,617
"Canisius U.",2011,"Total",205000,618
"U. Puerto Rico, Ponce",2011,"Total",160000,619
"Albert Einstein C. of Medicine",2011,"Total",NA,NA
"Augusta U.",2011,"Total",NA,NA
"Bentley U.",2011,"Total",NA,NA
"Biola U.",2011,"Total",NA,NA
"CUNY, Advanced Science Research Center",2011,"Total",NA,NA
"CUNY, Graduate School of Public Health and Health Policy",2011,"Total",NA,NA
"CUNY, system office",2011,"Total",NA,NA
"Ferris State U.",2011,"Total",NA,NA
"Florida Polytechnic U.",2011,"Total",NA,NA
"Framingham State U.",2011,"Total",NA,NA
"Hartford International U. for Religion and Peace",2011,"Total",NA,NA
"High Tech High Graduate School of Ed.",2011,"Total",NA,NA
"Johnson C. Smith U.",2011,"Total",NA,NA
"Liberty U.",2011,"Total",NA,NA
"Lincoln Memorial U.",2011,"Total",NA,NA
"Lipscomb U.",2011,"Total",NA,NA
"Marian U., Indianapolis",2011,"Total",NA,NA
"Marshall B. Ketchum U.",2011,"Total",NA,NA
"Marymount U.",2011,"Total",NA,NA
"Merrimack C.",2011,"Total",NA,NA
"National Defense U.",2011,"Total",NA,NA
"Naval War C.",2011,"Total",NA,NA
"Nevada State C.",2011,"Total",NA,NA
"Northland C.",2011,"Total",NA,NA
"Pratt Institute",2011,"Total",NA,NA
"Purdue U., Northwest",2011,"Total",NA,NA
"Robert Morris U.",2011,"Total",NA,NA
"SUNY, Polytechnic Institute",2011,"Total",NA,NA
"Sacred Heart U.",2011,"Total",NA,NA
"Texas A&M U.-San Antonio",2011,"Total",NA,NA
"Texas Tech U., Health Sciences Center, El Paso",2011,"Total",NA,NA
"Troy U.",2011,"Total",NA,NA
"U. Colorado Anschutz Medical Campusc",2011,"Total",NA,NA
"U. Colorado Denverc",2011,"Total",NA,NA
"U. Hawaii, Maui C.",2011,"Total",NA,NA
"U. Hawaii, system office",2011,"Total",NA,NA
"U. Marylandb",2011,"Total",NA,NA
"U. Nebraska, Lincoln and Medical Centerd",2011,"Total",NA,NA
"U. North Georgia",2011,"Total",NA,NA
"U. Oklahoma, Tulsa",2011,"Total",NA,NA
"U. Texas Health Science Center, Tyler",2011,"Total",NA,NA
"U. Texas Rio Grande Valley",2011,"Total",NA,NA
"U. of Health Sciences and Pharmacy in St. Louis",2011,"Total",NA,NA
"U.S. Army War C.",2011,"Total",NA,NA
"United Tribes Technical C.",2011,"Total",NA,NA
"Utah Valley U.",2011,"Total",NA,NA
"Van Andel Research Institute",2011,"Total",NA,NA
"All institutions",2012,"Total",65729007000,1
"All other surveyed institutions",2012,"Total",2667570000,2
"Johns Hopkins U",2012,"Total",2106185000,3
"U. Michigan, Ann Arbor",2012,"Total",1322711000,4
"U. Wisconsin-Madison",2012,"Total",1169779000,5
"U. Washington, Seattle",2012,"Total",1109008000,6
"U. California, San Diego",2012,"Total",1073864000,7
"U. California, San Francisco",2012,"Total",1032673000,8
"Duke U.",2012,"Total",1009911000,9
"U. California, Los Angeles",2012,"Total",1003375000,10
"Stanford U.",2012,"Total",903238000,11
"Columbia U. in the City of New York",2012,"Total",889487000,12
"U. North Carolina, Chapel Hill",2012,"Total",884791000,13
"U. Pittsburgh, Pittsburgh",2012,"Total",866638000,14
"U. Pennsylvania",2012,"Total",847077000,15
"U. Minnesota, Twin Cities",2012,"Total",826173000,16
"Massachusetts Institute of Technology",2012,"Total",824130000,17
"Cornell U.",2012,"Total",802387000,18
"Harvard U.",2012,"Total",799432000,19
"Pennsylvania State U., University Park and Hershey Medical Center",2012,"Total",797679000,20
"Ohio State U.",2012,"Total",766513000,21
"U. California, Berkeley",2012,"Total",730348000,22
"U. California, Davis",2012,"Total",713292000,23
"Washington U., Saint Louis",2012,"Total",706410000,24
"U. Florida",2012,"Total",696985000,25
"Texas A&M U., College Station and Health Science Center",2012,"Total",693421000,26
"Georgia Institute of Technology",2012,"Total",688905000,27
"U. Texas M. D. Anderson Cancer Center",2012,"Total",685814000,28
"Yale U.",2012,"Total",656555000,29
"Northwestern U.",2012,"Total",631078000,30
"U. Arizona",2012,"Total",625365000,31
"U. Southern California",2012,"Total",623544000,32
"U. Texas, Austin",2012,"Total",621538000,33
"Purdue U., West Lafayette",2012,"Total",602501000,34
"U. Illinois, Urbana-Champaign",2012,"Total",583754000,35
"Emory U.",2012,"Total",565766000,36
"Vanderbilt U. and Vanderbilt U. Medical Center",2012,"Total",560466000,37
"Michigan State U.",2012,"Total",507061000,38
"Baylor C. of Medicine",2012,"Total",474700000,39
"New York U.",2012,"Total",458645000,40
"Virginia Polytechnic Institute and State U.",2012,"Total",454417000,41
"U. Alabama, Birmingham",2012,"Total",453779000,42
"U. Iowa",2012,"Total",446429000,43
"U. South Floridae",2012,"Total",443206000,44
"U. Texas Southwestern Medical Center",2012,"Total",435085000,45
"Rutgers, State U. New Jersey, New Brunswick",2012,"Total",434901000,46
"U. Cincinnati",2012,"Total",433668000,47
"Case Western Reserve U.",2012,"Total",431090000,48
"U. Utah",2012,"Total",430056000,49
"U. Chicago",2012,"Total",419631000,50
"North Carolina State U.",2012,"Total",404225000,51
"Icahn School of Medicine at Mount Sinai",2012,"Total",400680000,52
"Scripps Research Institute",2012,"Total",398673000,53
"U. Colorado Boulder",2012,"Total",392004000,54
"U. Rochester",2012,"Total",389612000,55
"U. Illinois, Chicago",2012,"Total",388625000,56
"Arizona State U.",2012,"Total",385959000,57
"U. Virginia, Charlottesville",2012,"Total",383359000,58
"California Institute of Technology",2012,"Total",379713000,59
"Colorado State U., Fort Collins",2012,"Total",375919000,60
"U. Miami",2012,"Total",365301000,61
"Brown U.",2012,"Total",365120000,62
"U. Kentucky",2012,"Total",360776000,63
"SUNY, U. Buffalo",2012,"Total",360226000,64
"U. Georgia",2012,"Total",351395000,65
"U. California, Irvine",2012,"Total",350030000,66
"Washington State U.",2012,"Total",335930000,67
"Boston U.",2012,"Total",334496000,68
"Indiana U.-Purdue U., Indianapolis",2012,"Total",316914000,69
"U. Hawaii, Manoa",2012,"Total",312311000,70
"Oregon Health and Science U.",2012,"Total",305530000,71
"Rockefeller U.",2012,"Total",292896000,72
"Yeshiva U.",2012,"Total",289027000,73
"U. Kansas",2012,"Total",286262000,74
"Louisiana State U., Baton Rouge",2012,"Total",285395000,75
"Princeton U.",2012,"Total",275666000,76
"Iowa State U.",2012,"Total",260995000,77
"U. Connecticut",2012,"Total",256854000,78
"U. Massachusetts, Medical School",2012,"Total",256090000,79
"Carnegie Mellon U.",2012,"Total",255933000,80
"U. Oklahoma, Norman and Health Science Center",2012,"Total",240974000,81
"Oregon State U.",2012,"Total",240507000,82
"U. Missouri, Columbia",2012,"Total",239810000,83
"Medical U. South Carolina",2012,"Total",236586000,84
"U. Texas Health Science Center, Houston",2012,"Total",236250000,85
"U. California, Santa Barbara",2012,"Total",233883000,86
"Mississippi State U.",2012,"Total",233197000,87
"Wayne State U.",2012,"Total",227070000,88
"Florida State U.",2012,"Total",225378000,89
"U. New Mexico",2012,"Total",220360000,90
"SUNY, Stony Brook U.",2012,"Total",219744000,91
"U. South Carolina, Columbia",2012,"Total",214901000,92
"Medical C. Wisconsin",2012,"Total",209040000,93
"Woods Hole Oceanographic Institution",2012,"Total",204352000,94
"Wake Forest U.",2012,"Total",204328000,95
"Virginia Commonwealth U.",2012,"Total",201366000,96
"U. Louisville",2012,"Total",196842000,97
"George Washington U.",2012,"Total",196448000,98
"Dartmouth C. and Dartmouth Hitchcock Medical Center",2012,"Total",195930000,99
"U. Massachusetts, Amherst",2012,"Total",194775000,100
"Indiana U., Bloomington",2012,"Total",184486000,101
"U. Texas Health Science Center, San Antonio",2012,"Total",184298000,102
"U. Texas Medical Branch",2012,"Total",180888000,103
"Georgetown U.",2012,"Total",180308000,104
"U. Tennessee, Knoxvillef",2012,"Total",179252000,105
"Kansas State U.",2012,"Total",176141000,106
"U. Delaware",2012,"Total",170174000,107
"West Virginia U.",2012,"Total",169303000,108
"Oklahoma State U., Stillwater",2012,"Total",166523000,109
"U. New Hampshire",2012,"Total",165156000,110
"Tulane U.",2012,"Total",164373000,111
"Tufts U.",2012,"Total",160922000,112
"U. Alaska, Fairbanks",2012,"Total",160407000,113
"U. Notre Dame",2012,"Total",157691000,114
"Utah State U.",2012,"Total",157355000,115
"U. California, Santa Cruz",2012,"Total",155516000,116
"Uniformed Services U. of the Health Sciences",2012,"Total",143250000,117
"Clemson U.",2012,"Total",142096000,118
"New Mexico State U.",2012,"Total",141151000,119
"Temple U.",2012,"Total",138318000,120
"Texas Tech U.",2012,"Total",138026000,121
"SUNY, U. Albany",2012,"Total",137758000,122
"U. California, Riverside",2012,"Total",135494000,123
"North Dakota State U.",2012,"Total",135493000,124
"Auburn U., Auburn",2012,"Total",133013000,125
"Naval Postgraduate School",2012,"Total",132450000,126
"U. Arkansas for Medical Sciences",2012,"Total",129056000,127
"Montana State U., Bozeman",2012,"Total",124228000,128
"U. Arkansas, Fayetteville",2012,"Total",123199000,129
"U. Mississippi",2012,"Total",121731000,130
"Florida International U.",2012,"Total",118058000,131
"Rice U.",2012,"Total",117223000,132
"U. Central Florida",2012,"Total",116891000,133
"Drexel U.",2012,"Total",116768000,134
"U. Houston",2012,"Total",116288000,135
"U. Vermont",2012,"Total",115697000,136
"U. Rhode Island",2012,"Total",114323000,137
"Northeastern U.",2012,"Total",107862000,138
"U. Oregon",2012,"Total",105030000,139
"Old Dominion U.",2012,"Total",104579000,140
"New Jersey Institute of Technology",2012,"Total",102851000,141
"Thomas Jefferson U.",2012,"Total",100506000,142
"U. Idaho",2012,"Total",97227000,143
"San Diego State U.",2012,"Total",92867000,144
"Rensselaer Polytechnic Institute",2012,"Total",92720000,145
"U. Maine",2012,"Total",92135000,146
"Georgia State U.",2012,"Total",91148000,147
"U. Texas, Dallas",2012,"Total",90700000,148
"George Mason U.",2012,"Total",90198000,149
"U. Alabama, Huntsville",2012,"Total",87388000,150
"U. Nevada, Reno",2012,"Total",85726000,151
"Syracuse U.",2012,"Total",85649000,152
"Cold Spring Harbor Laboratory",2012,"Total",84072000,153
"U. Dayton",2012,"Total",81030000,154
"SUNY, Binghamton U.",2012,"Total",8.1e+07,155
"Rush U.",2012,"Total",80300000,156
"U. North Dakota",2012,"Total",80149000,157
"U. Texas, El Paso",2012,"Total",79649000,158
"U. Texas, Arlington",2012,"Total",78556000,159
"U. Tennessee, Health Science Center",2012,"Total",77754000,160
"U. Maryland, Baltimore County",2012,"Total",74993000,161
"Brandeis U.",2012,"Total",74660000,162
"Michigan Technological U.",2012,"Total",71989000,163
"Southern Illinois U., Carbondale",2012,"Total",71097000,164
"South Dakota State U.",2012,"Total",68743000,165
"U. Toledo",2012,"Total",68228000,166
"U. Akron",2012,"Total",66413000,167
"U. California, Office of the President",2012,"Total",65627000,168
"U. Wyoming",2012,"Total",65611000,169
"Florida Atlantic U.",2012,"Total",65377000,170
"U. Louisiana, Lafayette",2012,"Total",65275000,171
"U. Wisconsin-Milwaukee",2012,"Total",61771000,172
"Wichita State U.",2012,"Total",61279000,173
"Texas Tech U., Health Sciences Center",2012,"Total",61219000,174
"Cleveland State U.",2012,"Total",61111000,175
"U. Massachusetts, Lowell",2012,"Total",60624000,176
"U. Massachusetts, Boston",2012,"Total",60086000,177
"U. Southern Mississippi",2012,"Total",60079000,178
"U. Montana, Missoula",2012,"Total",59313000,179
"Colorado School of Mines",2012,"Total",58836000,180
"Portland State U.",2012,"Total",58489000,181
"CUNY, City C.",2012,"Total",57982000,182
"U. Texas, San Antonio",2012,"Total",57233000,183
"Ohio U.",2012,"Total",57203000,184
"U.S. Air Force Academy",2012,"Total",56044000,185
"U. Alabama, Tuscaloosa",2012,"Total",55885000,186
"William & Mary",2012,"Total",55805000,187
"Louisiana State U., Health Sciences Center, New Orleans",2012,"Total",53712000,188
"Florida A&M U.",2012,"Total",52263000,189
"Boston C.",2012,"Total",51442000,190
"U. Memphis",2012,"Total",51194000,191
"Saint Louis U.",2012,"Total",49086000,192
"U. Maryland Center for Environmental Science",2012,"Total",48224000,193
"Jackson State U.",2012,"Total",46943000,194
"U. North Texas, Denton",2012,"Total",46943000,194
"U. North Texas, Health Science Center",2012,"Total",46865000,196
"Wright State U.",2012,"Total",46213000,197
"Loyola U., Chicago",2012,"Total",45903000,198
"U. Puerto Rico, Medical Sciences Campus",2012,"Total",45649000,199
"Howard U.",2012,"Total",45486000,200
"American U.",2012,"Total",43526000,201
"SUNY, Downstate Health Sciences U.",2012,"Total",43257000,202
"CUNY, Hunter C.",2012,"Total",41022000,203
"U. South Alabama",2012,"Total",40172000,204
"Missouri U. of Science and Technology",2012,"Total",38588000,205
"New Mexico Institute of Mining and Technology",2012,"Total",37875000,206
"Eastern Virginia Medical School",2012,"Total",37745000,207
"Morehouse School of Medicine",2012,"Total",37586000,208
"Rochester Institute of Technology",2012,"Total",36935000,209
"Texas State U.",2012,"Total",36664000,210
"SUNY, Upstate Medical U.",2012,"Total",35897000,211
"North Carolina A&T State U.",2012,"Total",35103000,212
"Rutgers, State U. New Jersey, Newark",2012,"Total",34797000,213
"San Jose State U.",2012,"Total",34727000,214
"U. Nevada, Las Vegas",2012,"Total",34543000,215
"Brigham Young U., Provo",2012,"Total",33843000,216
"U. Puerto Rico, Rio Piedras",2012,"Total",33099000,217
"Desert Research Institute",2012,"Total",33056000,218
"Air Force Institute of Technology",2012,"Total",32746000,219
"Creighton U.",2012,"Total",32594000,220
"Illinois Institute of Technology",2012,"Total",32576000,221
"U. Puerto Rico, Mayaguez",2012,"Total",32115000,222
"Lehigh U.",2012,"Total",31992000,223
"East Carolina U.",2012,"Total",31990000,224
"U. South Dakota",2012,"Total",31982000,225
"Stevens Institute of Technology",2012,"Total",31929000,226
"Loma Linda U.",2012,"Total",31772000,227
"Mercer U.",2012,"Total",31376000,228
"San Francisco State U.",2012,"Total",30291000,229
"Alabama A&M U.",2012,"Total",29979000,230
"California State U., Northridge",2012,"Total",29491000,231
"Louisiana State U., Health Sciences Center, Shreveport",2012,"Total",29365000,232
"U. Missouri, Kansas City",2012,"Total",29227000,233
"U. New Orleans",2012,"Total",28450000,234
"Northern Arizona U.",2012,"Total",28100000,235
"Boise State U.",2012,"Total",27920000,236
"Southern Illinois U., Edwardsville",2012,"Total",26992000,237
"Louisiana Tech U.",2012,"Total",26546000,238
"Kent State U.",2012,"Total",26507000,239
"Miami U.",2012,"Total",26311000,240
"U. of the Virgin Islands",2012,"Total",25719000,241
"Meharry Medical C.",2012,"Total",25559000,242
"U. North Carolina, Charlotte",2012,"Total",25141000,243
"Catholic U. of America",2012,"Total",24971000,244
"Southern Methodist U.",2012,"Total",24397000,245
"New York Medical C.",2012,"Total",23277000,246
"SUNY, C. of Environmental Science and Forestry",2012,"Total",23132000,247
"U. Massachusetts, Dartmouth",2012,"Total",22732000,248
"U. California, Merced",2012,"Total",22656000,249
"CUNY, Queens C.",2012,"Total",22399000,250
"California State U., Fullerton",2012,"Total",22222000,251
"U. Hawaii, Hilo",2012,"Total",22003000,252
"Northern Illinois U.",2012,"Total",21823000,253
"U. Minnesota, Duluth",2012,"Total",21530000,254
"Idaho State U.",2012,"Total",21179000,255
"Western Michigan U. and Homer Stryker M.D. School of Medicine",2012,"Total",21073000,256
"Teachers C., Columbia U.",2012,"Total",20805000,257
"Charles R. Drew U. of Medicine and Science",2012,"Total",20580000,258
"U. Tulsa",2012,"Total",20270000,259
"Worcester Polytechnic Institute",2012,"Total",20232000,260
"U. Alaska, Anchorage",2012,"Total",20194000,261
"U. North Carolina, Wilmington",2012,"Total",19722000,262
"Embry-Riddle Aeronautical U.",2012,"Total",19376000,263
"U. Missouri, Saint Louis",2012,"Total",19356000,264
"Fordham U.",2012,"Total",19311000,265
"South Dakota School of Mines and Technology",2012,"Total",19140000,266
"U. North Carolina, Greensboro",2012,"Total",19080000,267
"Marshall U.",2012,"Total",18998000,268
"Marquette U.",2012,"Total",18606000,269
"Oakland U.",2012,"Total",18194000,270
"Illinois State U.",2012,"Total",17760000,271
"Morgan State U.",2012,"Total",17751000,272
"Albany Medical C.",2012,"Total",17735000,273
"Texas A&M U.-Kingsville",2012,"Total",17419000,274
"California Polytechnic State U., San Luis Obispo",2012,"Total",17412000,275
"Florida Institute of Technology",2012,"Total",17100000,276
"U. West Florida",2012,"Total",16221000,277
"Tuskegee U.",2012,"Total",15991000,278
"Texas A&M U.-Corpus Christi",2012,"Total",15776000,279
"Fayetteville State U.",2012,"Total",15719000,280
"Delaware State U.",2012,"Total",15668000,281
"Rosalind Franklin U. of Medicine and Science",2012,"Total",15587000,282
"Duquesne U.",2012,"Total",15547000,283
"Tennessee State U.",2012,"Total",15439000,284
"Hampton U.",2012,"Total",15356000,285
"U. Denver",2012,"Total",15237000,286
"Clarkson U.",2012,"Total",14809000,287
"Prairie View A&M U.",2012,"Total",14552000,288
"Florida Gulf Coast U.",2012,"Total",14393000,289
"Arkansas State U., Jonesboro",2012,"Total",14250000,290
"California State U., Sacramento",2012,"Total",14053000,291
"U. Southern Maine",2012,"Total",13915000,292
"California State U., Long Beach",2012,"Total",13696000,293
"Alabama State U.",2012,"Total",13607000,294
"Northeast Ohio Medical U.",2012,"Total",13358000,295
"South Carolina State U.",2012,"Total",12909000,296
"Nova Southeastern U.",2012,"Total",12908000,297
"Eastern Michigan U.",2012,"Total",12437000,298
"U.S. Military Academy",2012,"Total",12227000,299
"Montana Technological U.",2012,"Total",11765000,300
"Ball State U.",2012,"Total",11740000,301
"Alcorn State U.",2012,"Total",11515000,302
"East Tennessee State U.",2012,"Total",11213000,303
"North Carolina Central U.",2012,"Total",11076000,304
"Central Michigan U.",2012,"Total",10907000,305
"U. Tennessee, Chattanooga",2012,"Total",10896000,306
"Western Kentucky U.",2012,"Total",10639000,307
"Xavier U. Louisiana",2012,"Total",10606000,308
"U. Arkansas, Little Rock",2012,"Total",10500000,309
"Clark Atlanta U.",2012,"Total",10406000,310
"Rhode Island C.",2012,"Total",10389000,311
"Claremont Graduate U.",2012,"Total",10350000,312
"Virginia State U.",2012,"Total",10296000,313
"Tennessee Technological U.",2012,"Total",10233000,314
"Baylor U.",2012,"Total",10161000,315
"Bryn Mawr C.",2012,"Total",9837000,316
"U.S. Naval Academy",2012,"Total",9610000,317
"C. Charleston",2012,"Total",9579000,318
"California State Polytechnic U., Humboldt",2012,"Total",9510000,319
"Tarleton State U.",2012,"Total",9393000,320
"Fairfield U.",2012,"Total",9331000,321
"CUNY, John Jay C. of Criminal Justice",2012,"Total",9319000,322
"California State U., San Bernardino",2012,"Total",9303000,323
"CUNY, Brooklyn C.",2012,"Total",9216000,324
"CUNY, Graduate Center",2012,"Total",9173000,325
"Morehouse C.",2012,"Total",9113000,326
"U. Arkansas, Pine Bluff",2012,"Total",9082000,327
"Wesleyan U.",2012,"Total",8945000,328
"James Madison U.",2012,"Total",8891000,329
"Purdue U., Fort Wayne",2012,"Total",8570000,330
"Bowling Green State U.",2012,"Total",8566000,331
"Villanova U.",2012,"Total",8547000,332
"U. Texas, Tyler",2012,"Total",8520000,333
"Wellesley C.",2012,"Total",8439000,334
"U. Nebraska, Omaha",2012,"Total",8376000,335
"California State U., Fresno",2012,"Total",8359000,336
"Norfolk State U.",2012,"Total",8336000,337
"Southern U. and A&M C., Agricultural Research and Extension Center",2012,"Total",8122000,338
"Winthrop U.",2012,"Total",7993000,339
"Lincoln U., Jefferson City",2012,"Total",7899000,340
"Grand Valley State U.",2012,"Total",7814000,341
"California State U., San Marcos",2012,"Total",7802000,342
"Texas Christian U.",2012,"Total",7775000,343
"Western Washington U.",2012,"Total",7597000,344
"New School",2012,"Total",7568000,345
"Dillard U.",2012,"Total",7448000,346
"U. Central del Caribe",2012,"Total",7313000,347
"U. Maryland, Eastern Shore",2012,"Total",7309000,348
"Clark U.",2012,"Total",7260000,349
"California State U., Los Angeles",2012,"Total",7192000,350
"Middle Tennessee State U.",2012,"Total",7108000,351
"U. North Florida",2012,"Total",7031000,352
"U. Ana G. Mendez, Gurabo",2012,"Total",6953000,353
"West Texas A&M U.",2012,"Total",6937000,354
"Salisbury U.",2012,"Total",6891000,355
"Kentucky State U.",2012,"Total",6859000,356
"Southern U. and A&M C., Baton Rouge",2012,"Total",6773000,357
"Gallaudet U.",2012,"Total",6765000,358
"California State Polytechnic U., Pomona",2012,"Total",6597000,359
"California State U., Monterey Bay",2012,"Total",6567000,360
"Seton Hall U.",2012,"Total",6398000,361
"Texas Southern U.",2012,"Total",6380000,362
"U. Guam",2012,"Total",6131000,363
"U. Wisconsin-Superior",2012,"Total",6041000,364
"U. Michigan, Dearborn",2012,"Total",6015000,365
"St. Edward's U.",2012,"Total",5906000,366
"Loyola Marymount U.",2012,"Total",5746000,367
"Georgia Southern U.",2012,"Total",5719000,368
"Dakota State U.",2012,"Total",5709000,369
"DePaul U.",2012,"Total",5706000,370
"U. Wisconsin-Stevens Point",2012,"Total",5576000,371
"U. Baltimore",2012,"Total",5556000,372
"Stephen F. Austin State U.",2012,"Total",5495000,373
"Alfred U.",2012,"Total",5451000,374
"Amherst C.",2012,"Total",5448000,375
"Claremont McKenna C.",2012,"Total",5365000,376
"Langston U.",2012,"Total",5326000,377
"U. of the Pacific",2012,"Total",5291000,378
"Claflin U.",2012,"Total",5255000,379
"U. New England",2012,"Total",5224000,380
"Midwestern U.",2012,"Total",5200000,381
"Montclair State U.",2012,"Total",5123000,382
"West Virginia State U.",2012,"Total",5087000,383
"Carleton C.",2012,"Total",4957000,384
"CUNY, C. Staten Island",2012,"Total",4955000,385
"Bowdoin C.",2012,"Total",4732000,386
"U. Colorado Colorado Springs",2012,"Total",4727000,387
"Milwaukee School of Engineering",2012,"Total",4635000,388
"West Chester U. Pennsylvania",2012,"Total",4591000,389
"Williams C.",2012,"Total",4518000,390
"Western Illinois U.",2012,"Total",4514000,391
"Palmer C. of Chiropractic, Davenport",2012,"Total",4507000,392
"Elizabeth City State U.",2012,"Total",4455000,393
"Appalachian State U.",2012,"Total",4438000,394
"Sam Houston State U.",2012,"Total",4349000,395
"Missouri State U.",2012,"Total",4340000,396
"U. San Francisco",2012,"Total",4301000,397
"U. Washington, Bothell",2012,"Total",4285000,398
"U. Richmond",2012,"Total",4282000,399
"U. San Diego",2012,"Total",4275000,400
"Smith C.",2012,"Total",4246000,401
"Pace U.",2012,"Total",4214000,402
"Texas Woman's U.",2012,"Total",4129000,403
"Fisk U.",2012,"Total",4058000,404
"U. of the District of Columbia",2012,"Total",4030000,405
"Bucknell U.",2012,"Total",4009000,406
"Rutgers, State U. New Jersey, Camden",2012,"Total",3810000,407
"Rowan U.",2012,"Total",3783000,408
"Barnard C.",2012,"Total",3684000,409
"Fort Valley State U.",2012,"Total",3665000,410
"U. Northern Iowa",2012,"Total",3615000,411
"CUNY, Baruch C.",2012,"Total",3605000,412
"Youngstown State U.",2012,"Total",3598000,413
"Central State U.",2012,"Total",3591000,414
"Lamar U.",2012,"Total",3589000,415
"U. Wisconsin-La Crosse",2012,"Total",3583000,416
"Southern Connecticut State U.",2012,"Total",3526000,417
"Harvey Mudd C.",2012,"Total",3512000,418
"Kennesaw State U.",2012,"Total",3511000,419
"SUNY, C. of Optometry",2012,"Total",3466000,420
"Eastern Kentucky U.",2012,"Total",3404000,421
"Hope C.",2012,"Total",3376000,422
"Pennsylvania State U., Behrend",2012,"Total",3374000,423
"Murray State U.",2012,"Total",3345000,424
"Texas A&M International U.",2012,"Total",3344000,425
"Santa Clara U.",2012,"Total",3329000,426
"Mount Holyoke C.",2012,"Total",3323000,427
"Chapman U.",2012,"Total",3314000,428
"Swarthmore C.",2012,"Total",3281000,429
"U. Central Arkansas",2012,"Total",3277000,430
"Colgate U.",2012,"Total",3268000,431
"Pomona C.",2012,"Total",3259000,432
"Calvin U.",2012,"Total",3252000,433
"Hofstra U.",2012,"Total",3237000,434
"CUNY, Lehman C.",2012,"Total",3228000,435
"Hamilton C.",2012,"Total",3069000,436
"U. North Carolina, Asheville",2012,"Total",3068000,437
"Middlebury C.",2012,"Total",3031000,438
"New York Institute of Technology",2012,"Total",3013000,439
"Western U. of Health Sciences",2012,"Total",3005000,440
"Franklin and Marshall C.",2012,"Total",2997000,441
"SUNY, Buffalo State U.",2012,"Total",2970000,442
"Saint Joseph's U.",2012,"Total",2955000,443
"Naval War C.",2012,"Total",2938000,444
"St. Cloud State U.",2012,"Total",2932000,445
"Pennsylvania State U., Harrisburg",2012,"Total",2903000,446
"U. Northern Colorado",2012,"Total",2896000,447
"California State U., Dominguez Hills",2012,"Total",2894000,448
"Northwest Indian C.",2012,"Total",2847000,449
"Benedict C.",2012,"Total",2754000,450
"Central Washington U.",2012,"Total",2753000,451
"Grinnell C.",2012,"Total",2735000,452
"U. New Haven",2012,"Total",2723000,453
"Eastern Washington U.",2012,"Total",2700000,454
"Willamette U.",2012,"Total",2652000,455
"Albany C. of Pharmacy and Health Sciences",2012,"Total",2639000,456
"Tougaloo C.",2012,"Total",2613000,457
"Towson U.",2012,"Total",2599000,458
"Roger Williams U.",2012,"Total",2596000,459
"Haverford C.",2012,"Total",2588000,460
"Edward Via C. of Osteopathic Medicine",2012,"Total",2576000,461
"Pepperdine U.",2012,"Total",2571000,462
"Memorial Sloan Kettering Cancer Center, Louis V. Gerstner Jr. Graduate S. of Biomedical Sciences",2012,"Total",2562000,463
"Erikson Institute",2012,"Total",2511000,464
"California State U., Chico",2012,"Total",2492000,465
"U. Louisiana, Monroe",2012,"Total",2469000,466
"Black Hills State U.",2012,"Total",2466000,467
"Coastal Carolina U.",2012,"Total",2412000,468
"Sul Ross State U.",2012,"Total",2375000,469
"U. Illinois, Springfield",2012,"Total",2370000,470
"U. Wisconsin-Oshkosh",2012,"Total",2331000,471
"Texas A&M U.-Commerce",2012,"Total",2279000,472
"U. Houston-Downtown",2012,"Total",2267000,473
"Lewis and Clark C.",2012,"Total",2246000,474
"New England C. of Optometry",2012,"Total",2237000,475
"Touro U., California",2012,"Total",2237000,475
"Albany State U.",2012,"Total",2225000,477
"Northern Kentucky U.",2012,"Total",2201000,478
"Grambling State U.",2012,"Total",2179000,479
"Morehead State U.",2012,"Total",2174000,480
"St. John's U., New York",2012,"Total",2161000,481
"Spelman C.",2012,"Total",2148000,482
"SUNY, Geneseo",2012,"Total",2132000,483
"Austin Peay State U.",2012,"Total",2124000,484
"Oklahoma State U., Center for Health Sciences",2012,"Total",2122000,485
"Southeastern Louisiana U.",2012,"Total",2121000,486
"Pacific U.",2012,"Total",2110000,487
"Trinity C., Hartford",2012,"Total",2102000,488
"Minnesota State U., Mankato",2012,"Total",2082000,489
"Bates C.",2012,"Total",2070000,490
"Azusa Pacific U.",2012,"Total",2056000,491
"Furman U.",2012,"Total",2049000,492
"Kean U.",2012,"Total",2029000,493
"U. Hartford",2012,"Total",2007000,494
"Colby C.",2012,"Total",1996000,495
"Savannah State U.",2012,"Total",1996000,495
"Winston-Salem State U.",2012,"Total",1977000,497
"U. Puerto Rico, Humacao",2012,"Total",1949000,498
"Keck Graduate Institute",2012,"Total",1920000,499
"U. Puerto Rico, Cayey",2012,"Total",1916000,500
"Philadelphia C. of Osteopathic Medicine",2012,"Total",1898000,501
"Skidmore C.",2012,"Total",1885000,502
"California State U., Stanislaus",2012,"Total",1881000,503
"Lafayette C.",2012,"Total",1864000,504
"Indiana State U.",2012,"Total",1857000,505
"Oberlin C.",2012,"Total",1856000,506
"U. Washington, Tacoma",2012,"Total",1845000,507
"Reed C.",2012,"Total",1837000,508
"CUNY, system office",2012,"Total",1817000,509
"Western Carolina U.",2012,"Total",1811000,510
"Indiana U. Pennsylvania",2012,"Total",1809000,511
"Franklin W. Olin C. of Engineering",2012,"Total",1777000,512
"U. Houston-Clear Lake",2012,"Total",1769000,513
"Connecticut C.",2012,"Total",1740000,514
"Bowie State U.",2012,"Total",1739000,515
"Macalester C.",2012,"Total",1721000,516
"U. Nebraska, Kearney",2012,"Total",1715000,517
"U. Texas of the Permian Basin",2012,"Total",1707000,518
"Elon U.",2012,"Total",1658000,519
"Lincoln U.",2012,"Total",1622000,520
"Trinity U.",2012,"Total",1611000,521
"Occidental C.",2012,"Total",1592000,522
"New Mexico Highlands U.",2012,"Total",1566000,523
"CUNY, York C.",2012,"Total",1544000,524
"St. Olaf C.",2012,"Total",1518000,525
"Hobart and William Smith Colleges",2012,"Total",1516000,526
"Union C., Schenectady",2012,"Total",1516000,526
"Central Connecticut State U.",2012,"Total",1506000,528
"Norwich U.",2012,"Total",1498000,529
"SUNY, C. Brockport",2012,"Total",1487000,530
"Lawrence Technological U.",2012,"Total",1483000,531
"Pittsburg State U.",2012,"Total",1479000,532
"Davidson C.",2012,"Total",1400000,533
"Hawaii Pacific U.",2012,"Total",1390000,534
"U. Alaska, Southeast",2012,"Total",1382000,535
"U. Wisconsin-Eau Claire",2012,"Total",1362000,536
"Christopher Newport U.",2012,"Total",1327000,537
"Suffolk U.",2012,"Total",1303000,538
"U. Wisconsin-Green Bay",2012,"Total",1259000,539
"Vassar C.",2012,"Total",1258000,540
"Colorado C.",2012,"Total",1248000,541
"California State U., Bakersfield",2012,"Total",1241000,542
"Indiana U., South Bend",2012,"Total",1219000,543
"Ithaca C.",2012,"Total",1132000,544
"Northwestern State U. Louisiana",2012,"Total",1102000,545
"Saginaw Valley State U.",2012,"Total",1094000,546
"California State U., East Bay",2012,"Total",1039000,547
"U. of St. Thomas (MN)",2012,"Total",1030000,548
"U. Central Oklahoma",2012,"Total",1028000,549
"U. Detroit Mercy",2012,"Total",970000,550
"C. Wooster",2012,"Total",966000,551
"Arcadia U.",2012,"Total",956000,552
"New C. Florida",2012,"Total",945000,553
"Stockton U.",2012,"Total",927000,554
"SUNY, C. Plattsburgh",2012,"Total",913000,555
"U. of Mary Washington",2012,"Total",907000,556
"Monmouth U.",2012,"Total",904000,557
"Long Island U.",2012,"Total",890000,558
"Touro U., New Yorkg",2012,"Total",889000,559
"Whitman C.",2012,"Total",849000,560
"Wheaton C., Wheaton",2012,"Total",844000,561
"Seattle U.",2012,"Total",642000,562
"Chicago State U.",2012,"Total",565000,563
"Western New England U.",2012,"Total",483000,564
"Abilene Christian U.",2012,"Total",NA,NA
"Alaska Pacific U.",2012,"Total",NA,NA
"Albert Einstein C. of Medicine",2012,"Total",NA,NA
"Albion C.",2012,"Total",NA,NA
"Andrews U.",2012,"Total",NA,NA
"Augusta U.",2012,"Total",NA,NA
"Babson C.",2012,"Total",NA,NA
"Bentley U.",2012,"Total",NA,NA
"Biola U.",2012,"Total",NA,NA
"Bryant U.",2012,"Total",NA,NA
"Butler U.",2012,"Total",NA,NA
"C. New Jersey",2012,"Total",NA,NA
"C. of Saint Benedict",2012,"Total",NA,NA
"CUNY, Advanced Science Research Center",2012,"Total",NA,NA
"CUNY, Graduate School of Public Health and Health Policy",2012,"Total",NA,NA
"CUNY, New York City C. of Technology",2012,"Total",NA,NA
"California State U., Channel Islands",2012,"Total",NA,NA
"Canisius U.",2012,"Total",NA,NA
"Citadel Military C. South Carolina",2012,"Total",NA,NA
"Colorado State U., Pueblo",2012,"Total",NA,NA
"Des Moines U.",2012,"Total",NA,NA
"Dine C.",2012,"Total",NA,NA
"Drake U.",2012,"Total",NA,NA
"East Stroudsburg U. Pennsylvania",2012,"Total",NA,NA
"Eastern Connecticut State U.",2012,"Total",NA,NA
"Ferris State U.",2012,"Total",NA,NA
"Florida Polytechnic U.",2012,"Total",NA,NA
"Fort Lewis C.",2012,"Total",NA,NA
"Framingham State U.",2012,"Total",NA,NA
"Gettysburg C.",2012,"Total",NA,NA
"Gustavus Adolphus C.",2012,"Total",NA,NA
"Hartford International U. for Religion and Peace",2012,"Total",NA,NA
"Heidelberg U.",2012,"Total",NA,NA
"High Tech High Graduate School of Ed.",2012,"Total",NA,NA
"Johnson C. Smith U.",2012,"Total",NA,NA
"Kenyon C.",2012,"Total",NA,NA
"La Sierra U.",2012,"Total",NA,NA
"Lake Superior State U.",2012,"Total",NA,NA
"Liberty U.",2012,"Total",NA,NA
"Lincoln Memorial U.",2012,"Total",NA,NA
"Lipscomb U.",2012,"Total",NA,NA
"MGH Institute of Health Professions",2012,"Total",NA,NA
"Manhattan C.",2012,"Total",NA,NA
"Marian U., Indianapolis",2012,"Total",NA,NA
"Marshall B. Ketchum U.",2012,"Total",NA,NA
"Marymount U.",2012,"Total",NA,NA
"Merrimack C.",2012,"Total",NA,NA
"National Defense U.",2012,"Total",NA,NA
"National U. of Natural Medicine",2012,"Total",NA,NA
"Nevada State C.",2012,"Total",NA,NA
"Northeastern Illinois U.",2012,"Total",NA,NA
"Northern Michigan U.",2012,"Total",NA,NA
"Northland C.",2012,"Total",NA,NA
"Oregon Institute of Technology",2012,"Total",NA,NA
"Pennsylvania State U., Altoona",2012,"Total",NA,NA
"Pratt Institute",2012,"Total",NA,NA
"Providence C.",2012,"Total",NA,NA
"Purdue U., Northwest",2012,"Total",NA,NA
"Radford U.",2012,"Total",NA,NA
"Robert Morris U.",2012,"Total",NA,NA
"Roseman U. of Health Sciences",2012,"Total",NA,NA
"SUNY, Cobleskill",2012,"Total",NA,NA
"SUNY, Oswego",2012,"Total",NA,NA
"SUNY, Polytechnic Institute",2012,"Total",NA,NA
"Sacred Heart U.",2012,"Total",NA,NA
"Saint John's U.",2012,"Total",NA,NA
"Sonoma State U.",2012,"Total",NA,NA
"Southern U., New Orleans",2012,"Total",NA,NA
"St. Mary's C. Maryland",2012,"Total",NA,NA
"Texas A&M U.-San Antonio",2012,"Total",NA,NA
"Texas Tech U., Health Sciences Center, El Paso",2012,"Total",NA,NA
"Toyota Technological Institute, Chicago",2012,"Total",NA,NA
"Troy U.",2012,"Total",NA,NA
"U. Colorado Anschutz Medical Campusc",2012,"Total",NA,NA
"U. Colorado Denverc",2012,"Total",NA,NA
"U. Hawaii, Maui C.",2012,"Total",NA,NA
"U. Hawaii, system office",2012,"Total",NA,NA
"U. Marylandb",2012,"Total",NA,NA
"U. Nebraska, Lincoln and Medical Centerd",2012,"Total",NA,NA
"U. North Georgia",2012,"Total",NA,NA
"U. Oklahoma, Tulsa",2012,"Total",NA,NA
"U. Puerto Rico, Ponce",2012,"Total",NA,NA
"U. Puget Sound",2012,"Total",NA,NA
"U. Scranton",2012,"Total",NA,NA
"U. South Carolina, Aiken",2012,"Total",NA,NA
"U. South Carolina, Beaufort",2012,"Total",NA,NA
"U. Texas Health Science Center, Tyler",2012,"Total",NA,NA
"U. Texas Rio Grande Valley",2012,"Total",NA,NA
"U. Virginia's C. Wise",2012,"Total",NA,NA
"U. Wisconsin-Platteville",2012,"Total",NA,NA
"U. Wisconsin-River Falls",2012,"Total",NA,NA
"U. of Health Sciences and Pharmacy in St. Louis",2012,"Total",NA,NA
"U. of the Incarnate Word",2012,"Total",NA,NA
"U.S. Army War C.",2012,"Total",NA,NA
"U.S. Coast Guard Academy",2012,"Total",NA,NA
"United Tribes Technical C.",2012,"Total",NA,NA
"Ursinus C.",2012,"Total",NA,NA
"Utah Valley U.",2012,"Total",NA,NA
"Van Andel Research Institute",2012,"Total",NA,NA
"Virginia Military Institute",2012,"Total",NA,NA
"West Virginia School of Osteopathic Medicine",2012,"Total",NA,NA
"William Paterson U.",2012,"Total",NA,NA
"All institutions",2013,"Total",66977566000,1
"All other surveyed institutions",2013,"Total",2584683000,2
"Johns Hopkins U",2013,"Total",2168568000,3
"U. Michigan, Ann Arbor",2013,"Total",1375117000,4
"U. Washington, Seattle",2013,"Total",1192513000,5
"U. Wisconsin-Madison",2013,"Total",1123501000,6
"U. California, San Diego",2013,"Total",1075554000,7
"U. California, San Francisco",2013,"Total",1042841000,8
"Harvard U.",2013,"Total",1012766000,9
"Duke U.",2013,"Total",992821000,10
"U. North Carolina, Chapel Hill",2013,"Total",973007000,11
"U. California, Los Angeles",2013,"Total",966659000,12
"Stanford U.",2013,"Total",945450000,13
"Massachusetts Institute of Technology",2013,"Total",900524000,14
"Columbia U. in the City of New York",2013,"Total",889188000,15
"U. Pittsburgh, Pittsburgh",2013,"Total",872736000,16
"U. Minnesota, Twin Cities",2013,"Total",858378000,17
"Cornell U.",2013,"Total",845184000,18
"Pennsylvania State U., University Park and Hershey Medical Center",2013,"Total",837880000,19
"U. Pennsylvania",2013,"Total",828422000,20
"Texas A&M U., College Station and Health Science Center",2013,"Total",820015000,21
"Ohio State U.",2013,"Total",793373000,22
"Yale U.",2013,"Total",788784000,23
"U. Illinois, Urbana-Champaign",2013,"Total",743487000,24
"Georgia Institute of Technology",2013,"Total",730488000,25
"U. California, Berkeley",2013,"Total",727002000,26
"U. California, Davis",2013,"Total",725734000,27
"U. Texas M. D. Anderson Cancer Center",2013,"Total",718096000,28
"U. Florida",2013,"Total",695063000,29
"Washington U., Saint Louis",2013,"Total",684847000,30
"U. Southern California",2013,"Total",645636000,31
"Northwestern U.",2013,"Total",639781000,32
"U. Texas, Austin",2013,"Total",634132000,33
"U. Arizona",2013,"Total",629466000,34
"Purdue U., West Lafayette",2013,"Total",595739000,35
"Emory U.",2013,"Total",575943000,36
"Vanderbilt U. and Vanderbilt U. Medical Center",2013,"Total",571603000,37
"Michigan State U.",2013,"Total",515707000,38
"Baylor C. of Medicine",2013,"Total",508799000,39
"Virginia Polytechnic Institute and State U.",2013,"Total",496169000,40
"U. Utah",2013,"Total",494058000,41
"Rutgers, State U. New Jersey, New Brunswick",2013,"Total",493320000,42
"New York U.",2013,"Total",471909000,43
"U. South Floridae",2013,"Total",459409000,44
"U. Alabama, Birmingham",2013,"Total",440796000,45
"U. Texas Southwestern Medical Center",2013,"Total",440620000,46
"U. Cincinnati",2013,"Total",438642000,47
"U. Iowa",2013,"Total",435377000,48
"Icahn School of Medicine at Mount Sinai",2013,"Total",428654000,49
"Case Western Reserve U.",2013,"Total",425788000,50
"North Carolina State U.",2013,"Total",417468000,51
"Arizona State U.",2013,"Total",405154000,52
"U. Chicago",2013,"Total",402621000,53
"Scripps Research Institute",2013,"Total",399899000,54
"U. Rochester",2013,"Total",389355000,55
"SUNY, U. Buffalo",2013,"Total",387863000,56
"U. Colorado Boulder",2013,"Total",385849000,57
"U. Virginia, Charlottesville",2013,"Total",385828000,58
"Boston U.",2013,"Total",368281000,59
"U. Illinois, Chicago",2013,"Total",367848000,60
"Brown U.",2013,"Total",361010000,61
"U. Georgia",2013,"Total",350225000,62
"U. California, Irvine",2013,"Total",347773000,63
"California Institute of Technology",2013,"Total",347105000,64
"U. Miami",2013,"Total",344757000,65
"U. Kentucky",2013,"Total",339764000,66
"Indiana U.-Purdue U., Indianapolis",2013,"Total",332760000,67
"U. Hawaii, Manoa",2013,"Total",326750000,68
"Colorado State U., Fort Collins",2013,"Total",313238000,69
"Oregon Health and Science U.",2013,"Total",308767000,70
"Washington State U.",2013,"Total",305510000,71
"U. Kansas",2013,"Total",298498000,72
"Rockefeller U.",2013,"Total",298474000,73
"Louisiana State U., Baton Rouge",2013,"Total",283400000,74
"Carnegie Mellon U.",2013,"Total",271277000,75
"Yeshiva U.",2013,"Total",271166000,76
"Princeton U.",2013,"Total",269908000,77
"Iowa State U.",2013,"Total",266596000,78
"U. Oklahoma, Norman and Health Science Center",2013,"Total",255674000,79
"Florida State U.",2013,"Total",250877000,80
"U. Massachusetts, Medical School",2013,"Total",245923000,81
"Medical U. South Carolina",2013,"Total",245451000,82
"U. Connecticut",2013,"Total",242251000,83
"U. California, Santa Barbara",2013,"Total",236497000,84
"U. Missouri, Columbia",2013,"Total",236423000,85
"U. Texas Health Science Center, Houston",2013,"Total",233256000,86
"Oregon State U.",2013,"Total",232677000,87
"U. New Mexico",2013,"Total",227703000,88
"SUNY, Stony Brook U.",2013,"Total",225712000,89
"Wayne State U.",2013,"Total",224331000,90
"Temple U.",2013,"Total",224087000,91
"Mississippi State U.",2013,"Total",206424000,92
"U. South Carolina, Columbia",2013,"Total",203365000,93
"George Washington U.",2013,"Total",202428000,94
"Dartmouth C. and Dartmouth Hitchcock Medical Center",2013,"Total",201591000,95
"Medical C. Wisconsin",2013,"Total",201237000,96
"Woods Hole Oceanographic Institution",2013,"Total",198232000,97
"Indiana U., Bloomington",2013,"Total",197897000,98
"Virginia Commonwealth U.",2013,"Total",196015000,99
"U. Tennessee, Knoxvillef",2013,"Total",193054000,100
"U. Massachusetts, Amherst",2013,"Total",190739000,101
"U. Louisville",2013,"Total",186772000,102
"Kansas State U.",2013,"Total",183096000,103
"Wake Forest U.",2013,"Total",182721000,104
"U. Texas Medical Branch",2013,"Total",180198000,105
"U. Delaware",2013,"Total",179967000,106
"Georgetown U.",2013,"Total",178995000,107
"U. Texas Health Science Center, San Antonio",2013,"Total",175983000,108
"U. Notre Dame",2013,"Total",175220000,109
"West Virginia U.",2013,"Total",167144000,110
"Uniformed Services U. of the Health Sciences",2013,"Total",164232000,111
"U. Alaska, Fairbanks",2013,"Total",162658000,112
"Tulane U.",2013,"Total",160414000,113
"Utah State U.",2013,"Total",158352000,114
"Tufts U.",2013,"Total",156525000,115
"Clemson U.",2013,"Total",152444000,116
"U. California, Santa Cruz",2013,"Total",150777000,117
"North Dakota State U.",2013,"Total",150173000,118
"U. New Hampshire",2013,"Total",147446000,119
"Auburn U., Auburn",2013,"Total",147229000,120
"Texas Tech U.",2013,"Total",142676000,121
"New Mexico State U.",2013,"Total",142365000,122
"SUNY, U. Albany",2013,"Total",137759000,123
"Oklahoma State U., Stillwater",2013,"Total",134500000,124
"U. Arkansas for Medical Sciences",2013,"Total",133677000,125
"U. California, Riverside",2013,"Total",132617000,126
"Rice U.",2013,"Total",131003000,127
"U. Houston",2013,"Total",130844000,128
"Florida International U.",2013,"Total",128070000,129
"U. Central Florida",2013,"Total",126681000,130
"U. Arkansas, Fayetteville",2013,"Total",125501000,131
"Drexel U.",2013,"Total",123813000,132
"Northeastern U.",2013,"Total",116088000,133
"U. Vermont",2013,"Total",115486000,134
"Montana State U., Bozeman",2013,"Total",113136000,135
"Georgia State U.",2013,"Total",111999000,136
"U. Mississippi",2013,"Total",108168000,137
"New Jersey Institute of Technology",2013,"Total",107310000,138
"U. Rhode Island",2013,"Total",101898000,139
"U. Alabama, Huntsville",2013,"Total",101016000,140
"Old Dominion U.",2013,"Total",99138000,141
"U. Texas, Dallas",2013,"Total",98842000,142
"George Mason U.",2013,"Total",95913000,143
"U. Idaho",2013,"Total",95891000,144
"Naval Postgraduate School",2013,"Total",94880000,145
"U. Oregon",2013,"Total",94522000,146
"Rensselaer Polytechnic Institute",2013,"Total",92495000,147
"U. Nevada, Reno",2013,"Total",89797000,148
"Thomas Jefferson U.",2013,"Total",89273000,149
"U. Texas, Arlington",2013,"Total",86735000,150
"San Diego State U.",2013,"Total",86733000,151
"U. Dayton",2013,"Total",84252000,152
"U. Texas, El Paso",2013,"Total",83249000,153
"Rush U.",2013,"Total",81770000,154
"Cold Spring Harbor Laboratory",2013,"Total",78236000,155
"U. Maine",2013,"Total",77583000,156
"Brandeis U.",2013,"Total",76060000,157
"SUNY, Binghamton U.",2013,"Total",76005000,158
"U. Tennessee, Health Science Center",2013,"Total",71902000,159
"U. Maryland, Baltimore County",2013,"Total",71819000,160
"Syracuse U.",2013,"Total",70967000,161
"Southern Illinois U., Carbondale",2013,"Total",70854000,162
"Michigan Technological U.",2013,"Total",70689000,163
"U. Akron",2013,"Total",69640000,164
"U. Toledo",2013,"Total",69072000,165
"U. North Dakota",2013,"Total",68942000,166
"U. California, Office of the President",2013,"Total",67447000,167
"Cleveland State U.",2013,"Total",67378000,168
"U. Wyoming",2013,"Total",65490000,169
"Augusta U.",2013,"Total",64033000,170
"South Dakota State U.",2013,"Total",63843000,171
"U. Massachusetts, Lowell",2013,"Total",63136000,172
"U. Louisiana, Lafayette",2013,"Total",61887000,173
"Texas Tech U., Health Sciences Center",2013,"Total",61412000,174
"Wichita State U.",2013,"Total",61388000,175
"American U.",2013,"Total",61087000,176
"U. Massachusetts, Boston",2013,"Total",60380000,177
"U. Montana, Missoula",2013,"Total",60189000,178
"Ohio U.",2013,"Total",59734000,179
"Colorado School of Mines",2013,"Total",59091000,180
"William & Mary",2013,"Total",57940000,181
"U.S. Air Force Academy",2013,"Total",57164000,182
"U. Wisconsin-Milwaukee",2013,"Total",56587000,183
"U. Alabama, Tuscaloosa",2013,"Total",55443000,184
"Portland State U.",2013,"Total",55435000,185
"CUNY, City C.",2013,"Total",55138000,186
"U. Maryland Center for Environmental Science",2013,"Total",53683000,187
"U. Texas, San Antonio",2013,"Total",53626000,188
"U. Southern Mississippi",2013,"Total",51962000,189
"Loyola U., Chicago",2013,"Total",51676000,190
"Florida A&M U.",2013,"Total",51149000,191
"Boston C.",2013,"Total",50702000,192
"Wright State U.",2013,"Total",50489000,193
"U. North Texas, Denton",2013,"Total",49518000,194
"Louisiana State U., Health Sciences Center, New Orleans",2013,"Total",49443000,195
"Saint Louis U.",2013,"Total",48231000,196
"U. Memphis",2013,"Total",48141000,197
"U. North Texas, Health Science Center",2013,"Total",44904000,198
"Eastern Virginia Medical School",2013,"Total",44183000,199
"U. Puerto Rico, Medical Sciences Campus",2013,"Total",43374000,200
"Howard U.",2013,"Total",42789000,201
"U. South Alabama",2013,"Total",40590000,202
"Missouri U. of Science and Technology",2013,"Total",40397000,203
"CUNY, Hunter C.",2013,"Total",40059000,204
"SUNY, Downstate Health Sciences U.",2013,"Total",39354000,205
"San Jose State U.",2013,"Total",38326000,206
"East Carolina U.",2013,"Total",38271000,207
"Rutgers, State U. New Jersey, Newark",2013,"Total",37134000,208
"Texas State U.",2013,"Total",37053000,209
"Illinois Institute of Technology",2013,"Total",36722000,210
"Morehouse School of Medicine",2013,"Total",36638000,211
"Rochester Institute of Technology",2013,"Total",36613000,212
"Brigham Young U., Provo",2013,"Total",36562000,213
"Jackson State U.",2013,"Total",36264000,214
"U. Nevada, Las Vegas",2013,"Total",35935000,215
"Lehigh U.",2013,"Total",35220000,216
"SUNY, Upstate Medical U.",2013,"Total",34286000,217
"North Carolina A&T State U.",2013,"Total",33994000,218
"San Francisco State U.",2013,"Total",33885000,219
"U. South Dakota",2013,"Total",33187000,220
"New Mexico Institute of Mining and Technology",2013,"Total",32499000,221
"Loma Linda U.",2013,"Total",31715000,222
"Northern Arizona U.",2013,"Total",30516000,223
"Creighton U.",2013,"Total",29983000,224
"Alabama A&M U.",2013,"Total",29720000,225
"U. Puerto Rico, Rio Piedras",2013,"Total",29234000,226
"U. Puerto Rico, Mayaguez",2013,"Total",29225000,227
"Stevens Institute of Technology",2013,"Total",28908000,228
"Mercer U.",2013,"Total",28892000,229
"U. Missouri, Kansas City",2013,"Total",28829000,230
"Louisiana State U., Health Sciences Center, Shreveport",2013,"Total",28266000,231
"Desert Research Institute",2013,"Total",27695000,232
"Air Force Institute of Technology",2013,"Total",27592000,233
"U. Massachusetts, Dartmouth",2013,"Total",27326000,234
"Southern Illinois U., Edwardsville",2013,"Total",25807000,235
"Boise State U.",2013,"Total",25690000,236
"Worcester Polytechnic Institute",2013,"Total",25298000,237
"Louisiana Tech U.",2013,"Total",24949000,238
"U. North Carolina, Charlotte",2013,"Total",24764000,239
"U. New Orleans",2013,"Total",24607000,240
"Florida Atlantic U.",2013,"Total",23967000,241
"Miami U.",2013,"Total",23924000,242
"Catholic U. of America",2013,"Total",23235000,243
"Kent State U.",2013,"Total",23149000,244
"Northern Illinois U.",2013,"Total",23027000,245
"U. California, Merced",2013,"Total",22909000,246
"Southern Methodist U.",2013,"Total",22544000,247
"Meharry Medical C.",2013,"Total",22532000,248
"Idaho State U.",2013,"Total",22147000,249
"U. Tulsa",2013,"Total",21757000,250
"U. Minnesota, Duluth",2013,"Total",21383000,251
"SUNY, C. of Environmental Science and Forestry",2013,"Total",21239000,252
"Tuskegee U.",2013,"Total",21150000,253
"U. Missouri, Saint Louis",2013,"Total",20869000,254
"Marquette U.",2013,"Total",20856000,255
"U. Alaska, Anchorage",2013,"Total",20255000,256
"New York Medical C.",2013,"Total",20243000,257
"U. of the Virgin Islands",2013,"Total",20041000,258
"CUNY, Queens C.",2013,"Total",19762000,259
"Teachers C., Columbia U.",2013,"Total",19649000,260
"Marshall U.",2013,"Total",19617000,261
"U. West Florida",2013,"Total",19332000,262
"U. Denver",2013,"Total",19262000,263
"Western Michigan U. and Homer Stryker M.D. School of Medicine",2013,"Total",18979000,264
"Fordham U.",2013,"Total",18822000,265
"Texas A&M U.-Kingsville",2013,"Total",18653000,266
"Charles R. Drew U. of Medicine and Science",2013,"Total",18547000,267
"California State U., Fullerton",2013,"Total",18478000,268
"U. North Carolina, Wilmington",2013,"Total",18145000,269
"Georgia Southern U.",2013,"Total",18069000,270
"Illinois State U.",2013,"Total",17589000,271
"Texas A&M U.-Corpus Christi",2013,"Total",17418000,272
"Rosalind Franklin U. of Medicine and Science",2013,"Total",17401000,273
"Delaware State U.",2013,"Total",17295000,274
"Oakland U.",2013,"Total",16767000,275
"Fayetteville State U.",2013,"Total",16698000,276
"U. North Carolina, Greensboro",2013,"Total",16590000,277
"Embry-Riddle Aeronautical U.",2013,"Total",16484000,278
"Tennessee State U.",2013,"Total",16177000,279
"California Polytechnic State U., San Luis Obispo",2013,"Total",16067000,280
"U. Hawaii, Hilo",2013,"Total",16009000,281
"Duquesne U.",2013,"Total",15661000,282
"California State U., Sacramento",2013,"Total",15564000,283
"Morgan State U.",2013,"Total",15475000,284
"Albany Medical C.",2013,"Total",15093000,285
"Florida Gulf Coast U.",2013,"Total",14204000,286
"Baylor U.",2013,"Total",13616000,287
"Florida Institute of Technology",2013,"Total",13298000,288
"Prairie View A&M U.",2013,"Total",13198000,289
"Bowling Green State U.",2013,"Total",13157000,290
"U. Arkansas, Little Rock",2013,"Total",13107000,291
"Central Michigan U.",2013,"Total",12879000,292
"South Carolina State U.",2013,"Total",12809000,293
"California State U., Long Beach",2013,"Total",12796000,294
"Northeast Ohio Medical U.",2013,"Total",12722000,295
"Nova Southeastern U.",2013,"Total",12712000,296
"Hampton U.",2013,"Total",12641000,297
"Winthrop U.",2013,"Total",12495000,298
"South Dakota School of Mines and Technology",2013,"Total",12156000,299
"Clarkson U.",2013,"Total",12061000,300
"CUNY, Graduate Center",2013,"Total",11982000,301
"California State U., San Bernardino",2013,"Total",11942000,302
"U. Southern Maine",2013,"Total",11725000,303
"U.S. Military Academy",2013,"Total",11630000,304
"Alcorn State U.",2013,"Total",11315000,305
"Montana Technological U.",2013,"Total",11059000,306
"U.S. Naval Academy",2013,"Total",10816000,307
"Arkansas State U., Jonesboro",2013,"Total",10463000,308
"Rhode Island C.",2013,"Total",10385000,309
"Ball State U.",2013,"Total",10357000,310
"C. Charleston",2013,"Total",10224000,311
"Tarleton State U.",2013,"Total",9722000,312
"Tennessee Technological U.",2013,"Total",9715000,313
"Claremont Graduate U.",2013,"Total",9705000,314
"California State U., Northridge",2013,"Total",9640000,315
"Morehouse C.",2013,"Total",9581000,316
"Virginia State U.",2013,"Total",9535000,317
"Bryn Mawr C.",2013,"Total",9452000,318
"Western Kentucky U.",2013,"Total",9322000,319
"New School",2013,"Total",9219000,320
"Grand Valley State U.",2013,"Total",9202000,321
"U. Nebraska, Omaha",2013,"Total",9181000,322
"Clark Atlanta U.",2013,"Total",9159000,323
"Wellesley C.",2013,"Total",9113000,324
"North Carolina Central U.",2013,"Total",8979000,325
"East Tennessee State U.",2013,"Total",8919000,326
"U. Arkansas, Pine Bluff",2013,"Total",8911000,327
"U. Maryland, Eastern Shore",2013,"Total",8826000,328
"California State U., San Marcos",2013,"Total",8809000,329
"Xavier U. Louisiana",2013,"Total",8789000,330
"Fairfield U.",2013,"Total",8769000,331
"Texas Christian U.",2013,"Total",8574000,332
"Western Washington U.",2013,"Total",8157000,333
"Purdue U., Fort Wayne",2013,"Total",8128000,334
"Wesleyan U.",2013,"Total",8120000,335
"CUNY, Brooklyn C.",2013,"Total",8064000,336
"St. Edward's U.",2013,"Total",8040000,337
"California State Polytechnic U., Humboldt",2013,"Total",8025000,338
"U. Tennessee, Chattanooga",2013,"Total",7844000,339
"Dillard U.",2013,"Total",7741000,340
"California State U., Fresno",2013,"Total",7682000,341
"California State U., Los Angeles",2013,"Total",7659000,342
"CUNY, John Jay C. of Criminal Justice",2013,"Total",7355000,343
"U. Central del Caribe",2013,"Total",7095000,344
"Villanova U.",2013,"Total",7049000,345
"California State Polytechnic U., Pomona",2013,"Total",6988000,346
"Salisbury U.",2013,"Total",6959000,347
"U. Ana G. Mendez, Gurabo",2013,"Total",6916000,348
"U. Michigan, Dearborn",2013,"Total",6846000,349
"Gallaudet U.",2013,"Total",6769000,350
"Loyola Marymount U.",2013,"Total",6766000,351
"Alfred U.",2013,"Total",6731000,352
"U. New England",2013,"Total",6637000,353
"Lincoln U., Jefferson City",2013,"Total",6585000,354
"Fisk U.",2013,"Total",6565000,355
"Texas Southern U.",2013,"Total",6548000,356
"Seton Hall U.",2013,"Total",6489000,357
"Norfolk State U.",2013,"Total",6431000,358
"Midwestern U.",2013,"Total",6292000,359
"Amherst C.",2013,"Total",6275000,360
"California State U., Monterey Bay",2013,"Total",6129000,361
"U. Guam",2013,"Total",6043000,362
"National Defense U.",2013,"Total",5865000,363
"Carleton C.",2013,"Total",5848000,364
"James Madison U.",2013,"Total",5835000,365
"Rutgers, State U. New Jersey, Camden",2013,"Total",5722000,366
"Middle Tennessee State U.",2013,"Total",5718000,367
"Clark U.",2013,"Total",5693000,368
"Kentucky State U.",2013,"Total",5605000,369
"Southern U. and A&M C., Agricultural Research and Extension Center",2013,"Total",5530000,370
"DePaul U.",2013,"Total",5524000,371
"West Texas A&M U.",2013,"Total",5510000,372
"U. Baltimore",2013,"Total",5448000,373
"Claremont McKenna C.",2013,"Total",5414000,374
"U. Texas, Tyler",2013,"Total",5317000,375
"Kennesaw State U.",2013,"Total",5062000,376
"Edward Via C. of Osteopathic Medicine",2013,"Total",4992000,377
"Langston U.",2013,"Total",4932000,378
"Southern U. and A&M C., Baton Rouge",2013,"Total",4920000,379
"U. Colorado Colorado Springs",2013,"Total",4721000,380
"U. Washington, Bothell",2013,"Total",4704000,381
"California State U., Dominguez Hills",2013,"Total",4671000,382
"Stephen F. Austin State U.",2013,"Total",4612000,383
"Sam Houston State U.",2013,"Total",4608000,384
"Montclair State U.",2013,"Total",4568000,385
"U. of the Pacific",2013,"Total",4563000,386
"U. San Diego",2013,"Total",4554000,387
"Elizabeth City State U.",2013,"Total",4515000,388
"West Virginia State U.",2013,"Total",4491000,389
"U. North Florida",2013,"Total",4480000,390
"Chapman U.",2013,"Total",4463000,391
"U. Wisconsin-Stevens Point",2013,"Total",4392000,392
"Milwaukee School of Engineering",2013,"Total",4376000,393
"Bucknell U.",2013,"Total",4297000,394
"Bowdoin C.",2013,"Total",4292000,395
"Smith C.",2013,"Total",4234000,396
"Grinnell C.",2013,"Total",4023000,397
"New York Institute of Technology",2013,"Total",4007000,398
"Missouri State U.",2013,"Total",3882000,399
"Williams C.",2013,"Total",3857000,400
"U. Wisconsin-La Crosse",2013,"Total",3796000,401
"Youngstown State U.",2013,"Total",3785000,402
"Palmer C. of Chiropractic, Davenport",2013,"Total",3774000,403
"Western U. of Health Sciences",2013,"Total",3721000,404
"CUNY, C. Staten Island",2013,"Total",3691000,405
"Fort Valley State U.",2013,"Total",3688000,406
"Pomona C.",2013,"Total",3679000,407
"U. Northern Iowa",2013,"Total",3678000,408
"Texas A&M International U.",2013,"Total",3674000,409
"SUNY, C. of Optometry",2013,"Total",3637000,410
"Lewis and Clark C.",2013,"Total",3628000,411
"Pace U.",2013,"Total",3611000,412
"Harvey Mudd C.",2013,"Total",3595000,413
"Hope C.",2013,"Total",3559000,414
"Franklin and Marshall C.",2013,"Total",3475000,415
"Calvin U.",2013,"Total",3466000,416
"Swarthmore C.",2013,"Total",3415000,417
"Rowan U.",2013,"Total",3407000,418
"U. Richmond",2013,"Total",3351000,419
"Northwest Indian C.",2013,"Total",3247000,420
"Pennsylvania State U., Behrend",2013,"Total",3203000,421
"Eastern Michigan U.",2013,"Total",3128000,422
"Mount Holyoke C.",2013,"Total",3118000,423
"Trinity U.",2013,"Total",3094000,424
"U. of the District of Columbia",2013,"Total",3073000,425
"Black Hills State U.",2013,"Total",3061000,426
"Appalachian State U.",2013,"Total",3051000,427
"U. Northern Colorado",2013,"Total",3034000,428
"Memorial Sloan Kettering Cancer Center, Louis V. Gerstner Jr. Graduate S. of Biomedical Sciences",2013,"Total",2979000,429
"Hamilton C.",2013,"Total",2942000,430
"Barnard C.",2013,"Total",2931000,431
"Saint Joseph's U.",2013,"Total",2921000,432
"U. Central Arkansas",2013,"Total",2913000,433
"St. Cloud State U.",2013,"Total",2912000,434
"CUNY, Lehman C.",2013,"Total",2904000,435
"California State U., Chico",2013,"Total",2868000,436
"Eastern Kentucky U.",2013,"Total",2845000,437
"Towson U.",2013,"Total",2800000,438
"U. Louisiana, Monroe",2013,"Total",2781000,439
"Central State U.",2013,"Total",2771000,440
"Haverford C.",2013,"Total",2769000,441
"Colgate U.",2013,"Total",2704000,442
"Texas Woman's U.",2013,"Total",2704000,442
"Naval War C.",2013,"Total",2700000,444
"Benedict C.",2013,"Total",2664000,445
"U. San Francisco",2013,"Total",2663000,446
"Claflin U.",2013,"Total",2661000,447
"U. North Carolina, Asheville",2013,"Total",2647000,448
"Minnesota State U., Mankato",2013,"Total",2640000,449
"Tougaloo C.",2013,"Total",2639000,450
"Albany C. of Pharmacy and Health Sciences",2013,"Total",2637000,451
"Morehead State U.",2013,"Total",2631000,452
"Philadelphia C. of Osteopathic Medicine",2013,"Total",2614000,453
"Savannah State U.",2013,"Total",2613000,454
"Lamar U.",2013,"Total",2605000,455
"California State U., Bakersfield",2013,"Total",2602000,456
"Texas A&M U.-Commerce",2013,"Total",2541000,457
"Pacific U.",2013,"Total",2535000,458
"Coastal Carolina U.",2013,"Total",2516000,459
"Bates C.",2013,"Total",2514000,460
"Union C., Schenectady",2013,"Total",2402000,461
"St. John's U., New York",2013,"Total",2401000,462
"Pepperdine U.",2013,"Total",2400000,463
"Reed C.",2013,"Total",2395000,464
"Hofstra U.",2013,"Total",2394000,465
"Santa Clara U.",2013,"Total",2376000,466
"Keck Graduate Institute",2013,"Total",2357000,467
"Davidson C.",2013,"Total",2337000,468
"U. Illinois, Springfield",2013,"Total",2276000,469
"CUNY, Baruch C.",2013,"Total",2264000,470
"Hobart and William Smith Colleges",2013,"Total",2238000,471
"Pennsylvania State U., Harrisburg",2013,"Total",2230000,472
"U. Washington, Tacoma",2013,"Total",2203000,473
"Furman U.",2013,"Total",2199000,474
"Murray State U.",2013,"Total",2192000,475
"Roger Williams U.",2013,"Total",2186000,476
"Middlebury C.",2013,"Total",2179000,477
"New England C. of Optometry",2013,"Total",2172000,478
"U. Wisconsin-Oshkosh",2013,"Total",2167000,479
"Sul Ross State U.",2013,"Total",2159000,480
"Touro U., California",2013,"Total",2155000,481
"Oklahoma State U., Center for Health Sciences",2013,"Total",2137000,482
"Central Washington U.",2013,"Total",2122000,483
"Eastern Washington U.",2013,"Total",2115000,484
"SUNY, Buffalo State U.",2013,"Total",2106000,485
"Austin Peay State U.",2013,"Total",2067000,486
"Southeastern Louisiana U.",2013,"Total",2067000,486
"Elon U.",2013,"Total",2043000,488
"Lawrence Technological U.",2013,"Total",2022000,489
"Southern Connecticut State U.",2013,"Total",2012000,490
"Erikson Institute",2013,"Total",2001000,491
"Western Illinois U.",2013,"Total",1983000,492
"Willamette U.",2013,"Total",1960000,493
"Lafayette C.",2013,"Total",1947000,494
"Sonoma State U.",2013,"Total",1938000,495
"Alabama State U.",2013,"Total",1927000,496
"Skidmore C.",2013,"Total",1903000,497
"Connecticut C.",2013,"Total",1842000,498
"Norwich U.",2013,"Total",1825000,499
"Colby C.",2013,"Total",1822000,500
"Northern Kentucky U.",2013,"Total",1810000,501
"U. Hartford",2013,"Total",1807000,502
"Trinity C., Hartford",2013,"Total",1786000,503
"U. Nebraska, Kearney",2013,"Total",1761000,504
"U. Puerto Rico, Cayey",2013,"Total",1726000,505
"Grambling State U.",2013,"Total",1695000,506
"Vassar C.",2013,"Total",1694000,507
"Oberlin C.",2013,"Total",1670000,508
"Albany State U.",2013,"Total",1658000,509
"West Chester U. Pennsylvania",2013,"Total",1635000,510
"Occidental C.",2013,"Total",1634000,511
"Spelman C.",2013,"Total",1602000,512
"Central Connecticut State U.",2013,"Total",1574000,513
"Dakota State U.",2013,"Total",1574000,513
"U. Alaska, Southeast",2013,"Total",1559000,515
"Suffolk U.",2013,"Total",1551000,516
"U. Houston-Clear Lake",2013,"Total",1542000,517
"Pittsburg State U.",2013,"Total",1536000,518
"Macalester C.",2013,"Total",1457000,519
"U. Puerto Rico, Humacao",2013,"Total",1455000,520
"Saint John's U.",2013,"Total",1444000,521
"U. Houston-Downtown",2013,"Total",1444000,521
"U. of St. Thomas (MN)",2013,"Total",1424000,523
"Bowie State U.",2013,"Total",1422000,524
"Indiana U., South Bend",2013,"Total",1410000,525
"U. New Haven",2013,"Total",1400000,526
"C. of Saint Benedict",2013,"Total",1347000,527
"California State U., Stanislaus",2013,"Total",1342000,528
"SUNY, C. Brockport",2013,"Total",1321000,529
"U. South Carolina, Aiken",2013,"Total",1309000,530
"Indiana U. Pennsylvania",2013,"Total",1280000,531
"U. Wisconsin-Green Bay",2013,"Total",1279000,532
"Ithaca C.",2013,"Total",1245000,533
"St. Olaf C.",2013,"Total",1242000,534
"Indiana State U.",2013,"Total",1238000,535
"California State U., Channel Islands",2013,"Total",1236000,536
"U. Wisconsin-Eau Claire",2013,"Total",1235000,537
"Colorado C.",2013,"Total",1229000,538
"CUNY, system office",2013,"Total",1210000,539
"New Mexico Highlands U.",2013,"Total",1209000,540
"SUNY, Geneseo",2013,"Total",1201000,541
"Christopher Newport U.",2013,"Total",1187000,542
"Franklin W. Olin C. of Engineering",2013,"Total",1157000,543
"U. Texas of the Permian Basin",2013,"Total",1146000,544
"Heidelberg U.",2013,"Total",1129000,545
"U. Central Oklahoma",2013,"Total",1067000,546
"Hawaii Pacific U.",2013,"Total",1043000,547
"Western Carolina U.",2013,"Total",1028000,548
"Northwestern State U. Louisiana",2013,"Total",1022000,549
"CUNY, York C.",2013,"Total",999000,550
"Providence C.",2013,"Total",983000,551
"Lincoln U.",2013,"Total",965000,552
"Saginaw Valley State U.",2013,"Total",939000,553
"California State U., East Bay",2013,"Total",934000,554
"Drake U.",2013,"Total",918000,555
"Long Island U.",2013,"Total",915000,556
"SUNY, Cobleskill",2013,"Total",908000,557
"Winston-Salem State U.",2013,"Total",841000,558
"Kean U.",2013,"Total",761000,559
"SUNY, Oswego",2013,"Total",725000,560
"Abilene Christian U.",2013,"Total",NA,NA
"Alaska Pacific U.",2013,"Total",NA,NA
"Albert Einstein C. of Medicine",2013,"Total",NA,NA
"Albion C.",2013,"Total",NA,NA
"Andrews U.",2013,"Total",NA,NA
"Arcadia U.",2013,"Total",NA,NA
"Azusa Pacific U.",2013,"Total",NA,NA
"Babson C.",2013,"Total",NA,NA
"Bentley U.",2013,"Total",NA,NA
"Biola U.",2013,"Total",NA,NA
"Bryant U.",2013,"Total",NA,NA
"Butler U.",2013,"Total",NA,NA
"C. New Jersey",2013,"Total",NA,NA
"C. Wooster",2013,"Total",NA,NA
"CUNY, Advanced Science Research Center",2013,"Total",NA,NA
"CUNY, Graduate School of Public Health and Health Policy",2013,"Total",NA,NA
"CUNY, New York City C. of Technology",2013,"Total",NA,NA
"Canisius U.",2013,"Total",NA,NA
"Chicago State U.",2013,"Total",NA,NA
"Citadel Military C. South Carolina",2013,"Total",NA,NA
"Colorado State U., Pueblo",2013,"Total",NA,NA
"Des Moines U.",2013,"Total",NA,NA
"Dine C.",2013,"Total",NA,NA
"East Stroudsburg U. Pennsylvania",2013,"Total",NA,NA
"Eastern Connecticut State U.",2013,"Total",NA,NA
"Ferris State U.",2013,"Total",NA,NA
"Florida Polytechnic U.",2013,"Total",NA,NA
"Fort Lewis C.",2013,"Total",NA,NA
"Framingham State U.",2013,"Total",NA,NA
"Gettysburg C.",2013,"Total",NA,NA
"Gustavus Adolphus C.",2013,"Total",NA,NA
"Hartford International U. for Religion and Peace",2013,"Total",NA,NA
"High Tech High Graduate School of Ed.",2013,"Total",NA,NA
"Johnson C. Smith U.",2013,"Total",NA,NA
"Kenyon C.",2013,"Total",NA,NA
"La Sierra U.",2013,"Total",NA,NA
"Lake Superior State U.",2013,"Total",NA,NA
"Liberty U.",2013,"Total",NA,NA
"Lincoln Memorial U.",2013,"Total",NA,NA
"Lipscomb U.",2013,"Total",NA,NA
"MGH Institute of Health Professions",2013,"Total",NA,NA
"Manhattan C.",2013,"Total",NA,NA
"Marian U., Indianapolis",2013,"Total",NA,NA
"Marshall B. Ketchum U.",2013,"Total",NA,NA
"Marymount U.",2013,"Total",NA,NA
"Merrimack C.",2013,"Total",NA,NA
"Monmouth U.",2013,"Total",NA,NA
"National U. of Natural Medicine",2013,"Total",NA,NA
"Nevada State C.",2013,"Total",NA,NA
"New C. Florida",2013,"Total",NA,NA
"Northeastern Illinois U.",2013,"Total",NA,NA
"Northern Michigan U.",2013,"Total",NA,NA
"Northland C.",2013,"Total",NA,NA
"Oregon Institute of Technology",2013,"Total",NA,NA
"Pennsylvania State U., Altoona",2013,"Total",NA,NA
"Pratt Institute",2013,"Total",NA,NA
"Purdue U., Northwest",2013,"Total",NA,NA
"Radford U.",2013,"Total",NA,NA
"Robert Morris U.",2013,"Total",NA,NA
"Roseman U. of Health Sciences",2013,"Total",NA,NA
"SUNY, C. Plattsburgh",2013,"Total",NA,NA
"SUNY, Polytechnic Institute",2013,"Total",NA,NA
"Sacred Heart U.",2013,"Total",NA,NA
"Seattle U.",2013,"Total",NA,NA
"Southern U., New Orleans",2013,"Total",NA,NA
"St. Mary's C. Maryland",2013,"Total",NA,NA
"Stockton U.",2013,"Total",NA,NA
"Texas A&M U.-San Antonio",2013,"Total",NA,NA
"Texas Tech U., Health Sciences Center, El Paso",2013,"Total",NA,NA
"Touro U., New Yorkg",2013,"Total",NA,NA
"Toyota Technological Institute, Chicago",2013,"Total",NA,NA
"Troy U.",2013,"Total",NA,NA
"U. Colorado Anschutz Medical Campusc",2013,"Total",NA,NA
"U. Colorado Denverc",2013,"Total",NA,NA
"U. Detroit Mercy",2013,"Total",NA,NA
"U. Hawaii, Maui C.",2013,"Total",NA,NA
"U. Hawaii, system office",2013,"Total",NA,NA
"U. Marylandb",2013,"Total",NA,NA
"U. Nebraska, Lincoln and Medical Centerd",2013,"Total",NA,NA
"U. North Georgia",2013,"Total",NA,NA
"U. Oklahoma, Tulsa",2013,"Total",NA,NA
"U. Puerto Rico, Ponce",2013,"Total",NA,NA
"U. Puget Sound",2013,"Total",NA,NA
"U. Scranton",2013,"Total",NA,NA
"U. South Carolina, Beaufort",2013,"Total",NA,NA
"U. Texas Health Science Center, Tyler",2013,"Total",NA,NA
"U. Texas Rio Grande Valley",2013,"Total",NA,NA
"U. Virginia's C. Wise",2013,"Total",NA,NA
"U. Wisconsin-Platteville",2013,"Total",NA,NA
"U. Wisconsin-River Falls",2013,"Total",NA,NA
"U. Wisconsin-Superior",2013,"Total",NA,NA
"U. of Health Sciences and Pharmacy in St. Louis",2013,"Total",NA,NA
"U. of Mary Washington",2013,"Total",NA,NA
"U. of the Incarnate Word",2013,"Total",NA,NA
"U.S. Army War C.",2013,"Total",NA,NA
"U.S. Coast Guard Academy",2013,"Total",NA,NA
"United Tribes Technical C.",2013,"Total",NA,NA
"Ursinus C.",2013,"Total",NA,NA
"Utah Valley U.",2013,"Total",NA,NA
"Van Andel Research Institute",2013,"Total",NA,NA
"Virginia Military Institute",2013,"Total",NA,NA
"West Virginia School of Osteopathic Medicine",2013,"Total",NA,NA
"Western New England U.",2013,"Total",NA,NA
"Wheaton C., Wheaton",2013,"Total",NA,NA
"Whitman C.",2013,"Total",NA,NA
"William Paterson U.",2013,"Total",NA,NA
"All institutions",2014,"Total",67161428000,1
"Johns Hopkins U",2014,"Total",2242478000,2
"All other surveyed institutions",2014,"Total",1937973000,3
"U. Michigan, Ann Arbor",2014,"Total",1349262000,4
"U. Washington, Seattle",2014,"Total",1176340000,5
"U. Wisconsin-Madison",2014,"Total",1108564000,6
"U. California, San Francisco",2014,"Total",1084031000,7
"U. California, San Diego",2014,"Total",1067388000,8
"Duke U.",2014,"Total",1036813000,9
"U. North Carolina, Chapel Hill",2014,"Total",989766000,10
"Stanford U.",2014,"Total",959247000,11
"U. California, Los Angeles",2014,"Total",948197000,12
"Harvard U.",2014,"Total",933975000,13
"Massachusetts Institute of Technology",2014,"Total",908017000,14
"Columbia U. in the City of New York",2014,"Total",890642000,15
"Cornell U.",2014,"Total",883292000,16
"U. Minnesota, Twin Cities",2014,"Total",876870000,17
"U. Pittsburgh, Pittsburgh",2014,"Total",856806000,18
"Texas A&M U., College Station and Health Science Center",2014,"Total",854214000,19
"U. Pennsylvania",2014,"Total",828350000,20
"Ohio State U.",2014,"Total",815075000,21
"Pennsylvania State U., University Park and Hershey Medical Center",2014,"Total",800773000,22
"U. Texas M. D. Anderson Cancer Center",2014,"Total",794980000,23
"Yale U.",2014,"Total",772840000,24
"U. California, Berkeley",2014,"Total",744343000,25
"Georgia Institute of Technology",2014,"Total",725550000,26
"U. California, Davis",2014,"Total",711721000,27
"U. Florida",2014,"Total",708526000,28
"U. Southern California",2014,"Total",687222000,29
"Vanderbilt U. and Vanderbilt U. Medical Center",2014,"Total",683890000,30
"Washington U., Saint Louis",2014,"Total",664752000,31
"Northwestern U.",2014,"Total",645333000,32
"Rutgers, State U. New Jersey, New Brunswick",2014,"Total",644116000,33
"U. Illinois, Urbana-Champaign",2014,"Total",621733000,34
"U. Arizona",2014,"Total",588088000,35
"U. Texas, Austin",2014,"Total",585251000,36
"Purdue U., West Lafayette",2014,"Total",564923000,37
"Emory U.",2014,"Total",558600000,38
"Michigan State U.",2014,"Total",526906000,39
"New York U.",2014,"Total",523623000,40
"Virginia Polytechnic Institute and State U.",2014,"Total",513149000,41
"Baylor C. of Medicine",2014,"Total",496314000,42
"U. South Floridae",2014,"Total",488641000,43
"U. Utah",2014,"Total",486140000,44
"Icahn School of Medicine at Mount Sinai",2014,"Total",463429000,45
"U. Iowa",2014,"Total",449147000,46
"North Carolina State U.",2014,"Total",446112000,47
"U. Texas Southwestern Medical Center",2014,"Total",434627000,48
"U. Alabama, Birmingham",2014,"Total",428563000,49
"Arizona State U.",2014,"Total",426651000,50
"U. Cincinnati",2014,"Total",422873000,51
"Case Western Reserve U.",2014,"Total",419011000,52
"SUNY, Polytechnic Institute",2014,"Total",412851000,53
"U. Chicago",2014,"Total",390082000,54
"SUNY, U. Buffalo",2014,"Total",386562000,55
"Scripps Research Institute",2014,"Total",386231000,56
"U. Colorado Boulder",2014,"Total",379475000,57
"Boston U.",2014,"Total",367328000,58
"California Institute of Technology",2014,"Total",367182000,59
"U. Virginia, Charlottesville",2014,"Total",358576000,60
"U. Georgia",2014,"Total",355471000,61
"U. Rochester",2014,"Total",353419000,62
"U. Illinois, Chicago",2014,"Total",347888000,63
"U. Miami",2014,"Total",345805000,64
"Brown U.",2014,"Total",341531000,65
"U. California, Irvine",2014,"Total",340056000,66
"U. Kentucky",2014,"Total",328239000,67
"U. Hawaii, Manoa",2014,"Total",324342000,68
"Indiana U.-Purdue U., Indianapolis",2014,"Total",324261000,69
"Rockefeller U.",2014,"Total",316368000,70
"Oregon Health and Science U.",2014,"Total",314802000,71
"Iowa State U.",2014,"Total",313263000,72
"Colorado State U., Fort Collins",2014,"Total",307978000,73
"Yeshiva U.",2014,"Total",306826000,74
"U. Kansas",2014,"Total",301534000,75
"Princeton U.",2014,"Total",293274000,76
"Louisiana State U., Baton Rouge",2014,"Total",290076000,77
"Washington State U.",2014,"Total",288752000,78
"Uniformed Services U. of the Health Sciences",2014,"Total",262489000,79
"U. Connecticut",2014,"Total",258056000,80
"U. Oklahoma, Norman and Health Science Center",2014,"Total",253344000,81
"Florida State U.",2014,"Total",252548000,82
"Carnegie Mellon U.",2014,"Total",251222000,83
"Medical U. South Carolina",2014,"Total",242594000,84
"U. Massachusetts, Medical School",2014,"Total",241869000,85
"U. Missouri, Columbia",2014,"Total",237266000,86
"U. Texas Health Science Center, Houston",2014,"Total",233737000,87
"U. California, Santa Barbara",2014,"Total",231322000,88
"Oregon State U.",2014,"Total",230963000,89
"U. New Mexico",2014,"Total",228849000,90
"George Washington U.",2014,"Total",227995000,91
"Temple U.",2014,"Total",224101000,92
"Woods Hole Oceanographic Institution",2014,"Total",220016000,93
"Wayne State U.",2014,"Total",218435000,94
"Dartmouth C. and Dartmouth Hitchcock Medical Center",2014,"Total",212606000,95
"SUNY, Stony Brook U.",2014,"Total",211631000,96
"Mississippi State U.",2014,"Total",209729000,97
"U. South Carolina, Columbia",2014,"Total",206173000,98
"Indiana U., Bloomington",2014,"Total",206039000,99
"Virginia Commonwealth U.",2014,"Total",201858000,100
"U. Massachusetts, Amherst",2014,"Total",200199000,101
"Medical C. Wisconsin",2014,"Total",199713000,102
"U. Central Florida",2014,"Total",185555000,103
"Kansas State U.",2014,"Total",184945000,104
"U. Louisville",2014,"Total",183376000,105
"U. Notre Dame",2014,"Total",182228000,106
"U. Tennessee, Knoxvillef",2014,"Total",179041000,107
"U. Texas Medical Branch",2014,"Total",178014000,108
"Wake Forest U.",2014,"Total",176380000,109
"U. Delaware",2014,"Total",175563000,110
"Georgetown U.",2014,"Total",172726000,111
"U. Texas Health Science Center, San Antonio",2014,"Total",172716000,112
"Utah State U.",2014,"Total",169605000,113
"West Virginia U.",2014,"Total",164454000,114
"Clemson U.",2014,"Total",161070000,115
"Tufts U.",2014,"Total",160825000,116
"Texas Tech U.",2014,"Total",159308000,117
"Tulane U.",2014,"Total",157825000,118
"U. Alaska, Fairbanks",2014,"Total",155769000,119
"North Dakota State U.",2014,"Total",154437000,120
"U. California, Santa Cruz",2014,"Total",151734000,121
"U. New Hampshire",2014,"Total",147544000,122
"Auburn U., Auburn",2014,"Total",142487000,123
"U. Houston",2014,"Total",140597000,124
"Rice U.",2014,"Total",138536000,125
"New Mexico State U.",2014,"Total",134262000,126
"U. California, Riverside",2014,"Total",133558000,127
"Florida International U.",2014,"Total",132531000,128
"U. Arkansas for Medical Sciences",2014,"Total",131438000,129
"Drexel U.",2014,"Total",131170000,130
"SUNY, U. Albany",2014,"Total",130955000,131
"Oklahoma State U., Stillwater",2014,"Total",126543000,132
"U. Arkansas, Fayetteville",2014,"Total",125824000,133
"Georgia State U.",2014,"Total",123915000,134
"Thomas Jefferson U.",2014,"Total",118378000,135
"Northeastern U.",2014,"Total",116245000,136
"Montana State U., Bozeman",2014,"Total",113348000,137
"U. Mississippi",2014,"Total",109922000,138
"U. Vermont",2014,"Total",109701000,139
"New Jersey Institute of Technology",2014,"Total",106081000,140
"Rensselaer Polytechnic Institute",2014,"Total",105608000,141
"U. Maine",2014,"Total",101247000,142
"U. Texas, Dallas",2014,"Total",99727000,143
"Naval Postgraduate School",2014,"Total",99032000,144
"George Mason U.",2014,"Total",98680000,145
"San Diego State U.",2014,"Total",95674000,146
"U. Idaho",2014,"Total",95594000,147
"U. Rhode Island",2014,"Total",91706000,148
"U. Oregon",2014,"Total",91203000,149
"U. Alabama, Huntsville",2014,"Total",89325000,150
"U. Texas, Arlington",2014,"Total",89175000,151
"U. Nevada, Reno",2014,"Total",87324000,152
"U. Dayton",2014,"Total",86881000,153
"Rush U.",2014,"Total",80551000,154
"U. Texas, El Paso",2014,"Total",79537000,155
"Cold Spring Harbor Laboratory",2014,"Total",76733000,156
"Brandeis U.",2014,"Total",74992000,157
"SUNY, Binghamton U.",2014,"Total",71382000,158
"U. Akron",2014,"Total",69528000,159
"Michigan Technological U.",2014,"Total",68526000,160
"U. Tennessee, Health Science Center",2014,"Total",67841000,161
"U. Maryland, Baltimore County",2014,"Total",67833000,162
"U. North Dakota",2014,"Total",67595000,163
"U. Louisiana, Lafayette",2014,"Total",67580000,164
"Old Dominion U.",2014,"Total",67037000,165
"Syracuse U.",2014,"Total",66321000,166
"Southern Illinois U., Carbondale",2014,"Total",65256000,167
"U. Massachusetts, Lowell",2014,"Total",64591000,168
"Augusta U.",2014,"Total",64118000,169
"American U.",2014,"Total",63628000,170
"U. Toledo",2014,"Total",61900000,171
"Cleveland State U.",2014,"Total",61783000,172
"U. Massachusetts, Boston",2014,"Total",61186000,173
"Ohio U.",2014,"Total",60800000,174
"U. Wisconsin-Milwaukee",2014,"Total",60752000,175
"Colorado School of Mines",2014,"Total",59695000,176
"William & Mary",2014,"Total",59015000,177
"Wichita State U.",2014,"Total",58859000,178
"South Dakota State U.",2014,"Total",58334000,179
"U. Memphis",2014,"Total",55566000,180
"U. Montana, Missoula",2014,"Total",55032000,181
"Wright State U.",2014,"Total",54985000,182
"Portland State U.",2014,"Total",54787000,183
"U. Alabama, Tuscaloosa",2014,"Total",53140000,184
"CUNY, City C.",2014,"Total",52654000,185
"U. Southern Mississippi",2014,"Total",51938000,186
"U. Wyoming",2014,"Total",51422000,187
"U. Maryland Center for Environmental Science",2014,"Total",50814000,188
"Loyola U., Chicago",2014,"Total",50774000,189
"U. California, Office of the President",2014,"Total",50103000,190
"Boston C.",2014,"Total",49724000,191
"New Mexico Institute of Mining and Technology",2014,"Total",48338000,192
"U. Texas, San Antonio",2014,"Total",47061000,193
"U. North Texas, Health Science Center",2014,"Total",47002000,194
"Florida A&M U.",2014,"Total",46367000,195
"Louisiana State U., Health Sciences Center, New Orleans",2014,"Total",45486000,196
"U.S. Air Force Academy",2014,"Total",44663000,197
"Saint Louis U.",2014,"Total",44481000,198
"U. North Texas, Denton",2014,"Total",44180000,199
"Eastern Virginia Medical School",2014,"Total",43917000,200
"San Jose State U.",2014,"Total",43509000,201
"Morehouse School of Medicine",2014,"Total",41858000,202
"U. South Alabama",2014,"Total",41681000,203
"Howard U.",2014,"Total",40771000,204
"U. Puerto Rico, Medical Sciences Campus",2014,"Total",40444000,205
"U. Nevada, Las Vegas",2014,"Total",39448000,206
"Texas State U.",2014,"Total",39265000,207
"Missouri U. of Science and Technology",2014,"Total",39065000,208
"CUNY, Hunter C.",2014,"Total",38879000,209
"Brigham Young U., Provo",2014,"Total",38051000,210
"Texas Tech U., Health Sciences Center",2014,"Total",38015000,211
"Lehigh U.",2014,"Total",37066000,212
"Rochester Institute of Technology",2014,"Total",35945000,213
"North Carolina A&T State U.",2014,"Total",35047000,214
"SUNY, Upstate Medical U.",2014,"Total",33460000,215
"SUNY, Downstate Health Sciences U.",2014,"Total",33331000,216
"Southern Methodist U.",2014,"Total",32401000,217
"Northern Arizona U.",2014,"Total",31590000,218
"Illinois Institute of Technology",2014,"Total",31356000,219
"Stevens Institute of Technology",2014,"Total",30826000,220
"U. South Dakota",2014,"Total",30700000,221
"Mercer U.",2014,"Total",30209000,222
"Worcester Polytechnic Institute",2014,"Total",29929000,223
"East Carolina U.",2014,"Total",29925000,224
"Alabama A&M U.",2014,"Total",29461000,225
"San Francisco State U.",2014,"Total",29457000,226
"U. Missouri, Kansas City",2014,"Total",29164000,227
"U. Puerto Rico, Rio Piedras",2014,"Total",28793000,228
"U. Massachusetts, Dartmouth",2014,"Total",28219000,229
"Rutgers, State U. New Jersey, Newark",2014,"Total",28083000,230
"U. Puerto Rico, Mayaguez",2014,"Total",27152000,231
"U. Tulsa",2014,"Total",27077000,232
"Jackson State U.",2014,"Total",26609000,233
"Boise State U.",2014,"Total",26568000,234
"Kent State U.",2014,"Total",25666000,235
"Creighton U.",2014,"Total",25560000,236
"Louisiana State U., Health Sciences Center, Shreveport",2014,"Total",25004000,237
"Tuskegee U.",2014,"Total",24945000,238
"U. California, Merced",2014,"Total",23916000,239
"Air Force Institute of Technology",2014,"Total",23902000,240
"Desert Research Institute",2014,"Total",23778000,241
"Marquette U.",2014,"Total",23633000,242
"CUNY, Queens C.",2014,"Total",23434000,243
"Loma Linda U.",2014,"Total",23375000,244
"U. North Carolina, Charlotte",2014,"Total",23342000,245
"Texas Tech U., Health Sciences Center, El Paso",2014,"Total",23282000,246
"Florida Atlantic U.",2014,"Total",22997000,247
"Louisiana Tech U.",2014,"Total",22942000,248
"Catholic U. of America",2014,"Total",22331000,249
"U. Minnesota, Duluth",2014,"Total",21904000,250
"Texas A&M U.-Kingsville",2014,"Total",21819000,251
"Texas A&M U.-Corpus Christi",2014,"Total",21321000,252
"Miami U.",2014,"Total",21216000,253
"Baylor U.",2014,"Total",20729000,254
"U. North Carolina, Greensboro",2014,"Total",20723000,255
"Charles R. Drew U. of Medicine and Science",2014,"Total",20686000,256
"U. New Orleans",2014,"Total",20614000,257
"Idaho State U.",2014,"Total",20610000,258
"Teachers C., Columbia U.",2014,"Total",20538000,259
"Marshall U.",2014,"Total",20382000,260
"U. of the Virgin Islands",2014,"Total",20371000,261
"Georgia Southern U.",2014,"Total",20245000,262
"Tennessee State U.",2014,"Total",20068000,263
"U. West Florida",2014,"Total",19579000,264
"Illinois State U.",2014,"Total",19159000,265
"SUNY, C. of Environmental Science and Forestry",2014,"Total",19027000,266
"Meharry Medical C.",2014,"Total",18997000,267
"Western Michigan U. and Homer Stryker M.D. School of Medicine",2014,"Total",18942000,268
"Southern Illinois U., Edwardsville",2014,"Total",18915000,269
"U. Missouri, Saint Louis",2014,"Total",18618000,270
"U. Denver",2014,"Total",18183000,271
"Fordham U.",2014,"Total",17961000,272
"New York Medical C.",2014,"Total",17908000,273
"Rosalind Franklin U. of Medicine and Science",2014,"Total",17794000,274
"Delaware State U.",2014,"Total",17679000,275
"U. Alaska, Anchorage",2014,"Total",17150000,276
"Northern Illinois U.",2014,"Total",16427000,277
"Albany Medical C.",2014,"Total",16093000,278
"Northeast Ohio Medical U.",2014,"Total",15916000,279
"Morgan State U.",2014,"Total",15720000,280
"Embry-Riddle Aeronautical U.",2014,"Total",15393000,281
"Oakland U.",2014,"Total",15196000,282
"California Polytechnic State U., San Luis Obispo",2014,"Total",15096000,283
"Duquesne U.",2014,"Total",15025000,284
"Central Michigan U.",2014,"Total",15015000,285
"U.S. Military Academy",2014,"Total",14819000,286
"Fayetteville State U.",2014,"Total",14732000,287
"U. North Carolina, Wilmington",2014,"Total",14648000,288
"Florida Institute of Technology",2014,"Total",14255000,289
"Winthrop U.",2014,"Total",13981000,290
"Clarkson U.",2014,"Total",13750000,291
"Nova Southeastern U.",2014,"Total",13716000,292
"Villanova U.",2014,"Total",13700000,293
"California State U., San Bernardino",2014,"Total",13582000,294
"California State U., Sacramento",2014,"Total",13136000,295
"California State U., Northridge",2014,"Total",12991000,296
"South Carolina State U.",2014,"Total",12709000,297
"Prairie View A&M U.",2014,"Total",12292000,298
"North Carolina Central U.",2014,"Total",11537000,299
"Montana Technological U.",2014,"Total",11348000,300
"Hampton U.",2014,"Total",11169000,301
"Tarleton State U.",2014,"Total",10996000,302
"U.S. Naval Academy",2014,"Total",10861000,303
"South Dakota School of Mines and Technology",2014,"Total",10524000,304
"Wellesley C.",2014,"Total",10127000,305
"California State U., Long Beach",2014,"Total",10097000,306
"Tennessee Technological U.",2014,"Total",10097000,306
"Alcorn State U.",2014,"Total",10060000,308
"C. Charleston",2014,"Total",10034000,309
"Florida Gulf Coast U.",2014,"Total",9626000,310
"Claremont Graduate U.",2014,"Total",9540000,311
"U. Southern Maine",2014,"Total",9408000,312
"CUNY, Brooklyn C.",2014,"Total",9407000,313
"Xavier U. Louisiana",2014,"Total",9346000,314
"U. Hawaii, Hilo",2014,"Total",9323000,315
"U. Nebraska, Omaha",2014,"Total",9222000,316
"Ball State U.",2014,"Total",9209000,317
"Clark Atlanta U.",2014,"Total",9192000,318
"Fairfield U.",2014,"Total",9155000,319
"Bryn Mawr C.",2014,"Total",9143000,320
"Fisk U.",2014,"Total",9073000,321
"U. Maryland, Eastern Shore",2014,"Total",8982000,322
"Rhode Island C.",2014,"Total",8938000,323
"Bowling Green State U.",2014,"Total",8861000,324
"CUNY, John Jay C. of Criminal Justice",2014,"Total",8633000,325
"Western Washington U.",2014,"Total",8567000,326
"Langston U.",2014,"Total",8512000,327
"Virginia State U.",2014,"Total",8374000,328
"California State Polytechnic U., Humboldt",2014,"Total",8306000,329
"California State U., San Marcos",2014,"Total",8302000,330
"Western Kentucky U.",2014,"Total",8280000,331
"Rowan U.",2014,"Total",8202000,332
"Grand Valley State U.",2014,"Total",8198000,333
"U. Arkansas, Pine Bluff",2014,"Total",8198000,333
"U. Michigan, Dearborn",2014,"Total",8176000,335
"California State U., Fresno",2014,"Total",8109000,336
"Arkansas State U., Jonesboro",2014,"Total",8099000,337
"U. Arkansas, Little Rock",2014,"Total",8068000,338
"Salisbury U.",2014,"Total",7923000,339
"California State U., Fullerton",2014,"Total",7919000,340
"Purdue U., Fort Wayne",2014,"Total",7882000,341
"Texas Christian U.",2014,"Total",7872000,342
"East Tennessee State U.",2014,"Total",7836000,343
"CUNY, Graduate Center",2014,"Total",7797000,344
"National Defense U.",2014,"Total",7682000,345
"U. New England",2014,"Total",7650000,346
"Loyola Marymount U.",2014,"Total",7635000,347
"U. Washington, Bothell",2014,"Total",7550000,348
"Morehouse C.",2014,"Total",7349000,349
"Midwestern U.",2014,"Total",7310000,350
"Wesleyan U.",2014,"Total",7262000,351
"West Virginia State U.",2014,"Total",7221000,352
"U. Central del Caribe",2014,"Total",7181000,353
"New School",2014,"Total",7160000,354
"U. Guam",2014,"Total",7075000,355
"Dillard U.",2014,"Total",6939000,356
"Norfolk State U.",2014,"Total",6936000,357
"U. Texas, Tyler",2014,"Total",6894000,358
"Lincoln U., Jefferson City",2014,"Total",6742000,359
"Seton Hall U.",2014,"Total",6675000,360
"DePaul U.",2014,"Total",6415000,361
"U. Tennessee, Chattanooga",2014,"Total",6239000,362
"Clark U.",2014,"Total",6168000,363
"Texas Southern U.",2014,"Total",6038000,364
"New York Institute of Technology",2014,"Total",5761000,365
"Kentucky State U.",2014,"Total",5694000,366
"Carleton C.",2014,"Total",5657000,367
"Gallaudet U.",2014,"Total",5655000,368
"Southern U. and A&M C., Agricultural Research and Extension Center",2014,"Total",5606000,369
"Western U. of Health Sciences",2014,"Total",5474000,370
"Southern Connecticut State U.",2014,"Total",5465000,371
"Claremont McKenna C.",2014,"Total",5463000,372
"California State Polytechnic U., Pomona",2014,"Total",5455000,373
"West Texas A&M U.",2014,"Total",5407000,374
"U. Colorado Colorado Springs",2014,"Total",5363000,375
"California State U., Los Angeles",2014,"Total",5172000,376
"U. San Diego",2014,"Total",5146000,377
"U. Baltimore",2014,"Total",4990000,378
"Rutgers, State U. New Jersey, Camden",2014,"Total",4919000,379
"Southern U. and A&M C., Baton Rouge",2014,"Total",4812000,380
"Chapman U.",2014,"Total",4794000,381
"California State U., Monterey Bay",2014,"Total",4787000,382
"Lewis and Clark C.",2014,"Total",4713000,383
"Alfred U.",2014,"Total",4655000,384
"James Madison U.",2014,"Total",4628000,385
"Fort Valley State U.",2014,"Total",4547000,386
"Bucknell U.",2014,"Total",4464000,387
"Williams C.",2014,"Total",4440000,388
"Milwaukee School of Engineering",2014,"Total",4410000,389
"Pace U.",2014,"Total",4373000,390
"Middle Tennessee State U.",2014,"Total",4334000,391
"Amherst C.",2014,"Total",4308000,392
"Stephen F. Austin State U.",2014,"Total",4298000,393
"Appalachian State U.",2014,"Total",4289000,394
"Smith C.",2014,"Total",4283000,395
"Pennsylvania State U., Behrend",2014,"Total",4282000,396
"Montclair State U.",2014,"Total",4266000,397
"U. Northern Colorado",2014,"Total",4176000,398
"U. of the Pacific",2014,"Total",4088000,399
"U. Central Arkansas",2014,"Total",4064000,400
"Sam Houston State U.",2014,"Total",3996000,401
"St. Edward's U.",2014,"Total",3975000,402
"Grinnell C.",2014,"Total",3974000,403
"U. Wisconsin-Stevens Point",2014,"Total",3919000,404
"Mount Holyoke C.",2014,"Total",3871000,405
"California State U., Channel Islands",2014,"Total",3862000,406
"Pomona C.",2014,"Total",3818000,407
"Missouri State U.",2014,"Total",3782000,408
"CUNY, C. Staten Island",2014,"Total",3731000,409
"U. Northern Iowa",2014,"Total",3711000,410
"U. North Florida",2014,"Total",3674000,411
"California State U., Dominguez Hills",2014,"Total",3614000,412
"U. Richmond",2014,"Total",3598000,413
"Swarthmore C.",2014,"Total",3528000,414
"SUNY, C. of Optometry",2014,"Total",3481000,415
"Youngstown State U.",2014,"Total",3464000,416
"Texas A&M International U.",2014,"Total",3441000,417
"U. Wisconsin-La Crosse",2014,"Total",3424000,418
"St. Cloud State U.",2014,"Total",3380000,419
"Memorial Sloan Kettering Cancer Center, Louis V. Gerstner Jr. Graduate S. of Biomedical Sciences",2014,"Total",3356000,420
"Minnesota State U., Mankato",2014,"Total",3310000,421
"CUNY, Lehman C.",2014,"Total",3265000,422
"Albany C. of Pharmacy and Health Sciences",2014,"Total",3200000,423
"Harvey Mudd C.",2014,"Total",3127000,424
"Bowdoin C.",2014,"Total",3126000,425
"Reed C.",2014,"Total",3124000,426
"Franklin and Marshall C.",2014,"Total",3105000,427
"Hofstra U.",2014,"Total",3102000,428
"Touro U., California",2014,"Total",3067000,429
"Calvin U.",2014,"Total",3051000,430
"U. Wisconsin-Superior",2014,"Total",3030000,431
"Roseman U. of Health Sciences",2014,"Total",3021000,432
"Hope C.",2014,"Total",3016000,433
"Towson U.",2014,"Total",2997000,434
"Trinity U.",2014,"Total",2992000,435
"Elizabeth City State U.",2014,"Total",2988000,436
"U. Washington, Tacoma",2014,"Total",2938000,437
"Santa Clara U.",2014,"Total",2883000,438
"Hamilton C.",2014,"Total",2846000,439
"Texas A&M U.-Commerce",2014,"Total",2833000,440
"West Chester U. Pennsylvania",2014,"Total",2793000,441
"U. San Francisco",2014,"Total",2764000,442
"Barnard C.",2014,"Total",2738000,443
"Naval War C.",2014,"Total",2736000,444
"Palmer C. of Chiropractic, Davenport",2014,"Total",2736000,444
"U. Ana G. Mendez, Gurabo",2014,"Total",2694000,446
"Seattle U.",2014,"Total",2692000,447
"Texas Woman's U.",2014,"Total",2650000,448
"Edward Via C. of Osteopathic Medicine",2014,"Total",2633000,449
"Northwest Indian C.",2014,"Total",2609000,450
"Roger Williams U.",2014,"Total",2558000,451
"Pennsylvania State U., Harrisburg",2014,"Total",2557000,452
"Haverford C.",2014,"Total",2546000,453
"Sul Ross State U.",2014,"Total",2528000,454
"St. John's U., New York",2014,"Total",2507000,455
"Benedict C.",2014,"Total",2479000,456
"Pittsburg State U.",2014,"Total",2475000,457
"Lamar U.",2014,"Total",2447000,458
"Colgate U.",2014,"Total",2444000,459
"California State U., Bakersfield",2014,"Total",2432000,460
"U. Houston-Downtown",2014,"Total",2414000,461
"Pepperdine U.",2014,"Total",2401000,462
"California State U., Chico",2014,"Total",2384000,463
"Black Hills State U.",2014,"Total",2380000,464
"U. of the District of Columbia",2014,"Total",2361000,465
"Tougaloo C.",2014,"Total",2285000,466
"U. Louisiana, Monroe",2014,"Total",2267000,467
"Alabama State U.",2014,"Total",2236000,468
"Eastern Kentucky U.",2014,"Total",2221000,469
"Savannah State U.",2014,"Total",2210000,470
"Philadelphia C. of Osteopathic Medicine",2014,"Total",2209000,471
"Kennesaw State U.",2014,"Total",2192000,472
"Elon U.",2014,"Total",2184000,473
"CUNY, Baruch C.",2014,"Total",2183000,474
"Occidental C.",2014,"Total",2177000,475
"Coastal Carolina U.",2014,"Total",2166000,476
"U. North Carolina, Asheville",2014,"Total",2150000,477
"Keck Graduate Institute",2014,"Total",2132000,478
"Trinity C., Hartford",2014,"Total",2131000,479
"Central Washington U.",2014,"Total",2124000,480
"Pacific U.",2014,"Total",2122000,481
"Murray State U.",2014,"Total",2080000,482
"Northern Kentucky U.",2014,"Total",2052000,483
"Central State U.",2014,"Total",2025000,484
"Austin Peay State U.",2014,"Total",2002000,485
"SUNY, Buffalo State U.",2014,"Total",1996000,486
"Saint Joseph's U.",2014,"Total",1988000,487
"Connecticut C.",2014,"Total",1966000,488
"U. Wisconsin-Oshkosh",2014,"Total",1935000,489
"Union C., Schenectady",2014,"Total",1924000,490
"U. Illinois, Springfield",2014,"Total",1916000,491
"Lafayette C.",2014,"Total",1915000,492
"Morehead State U.",2014,"Total",1892000,493
"Lawrence Technological U.",2014,"Total",1876000,494
"Eastern Washington U.",2014,"Total",1867000,495
"Norwich U.",2014,"Total",1857000,496
"Colorado C.",2014,"Total",1823000,497
"Oberlin C.",2014,"Total",1819000,498
"Claflin U.",2014,"Total",1818000,499
"Skidmore C.",2014,"Total",1811000,500
"Oklahoma State U., Center for Health Sciences",2014,"Total",1805000,501
"Davidson C.",2014,"Total",1804000,502
"U. Puerto Rico, Cayey",2014,"Total",1795000,503
"Bowie State U.",2014,"Total",1761000,504
"U. Houston-Clear Lake",2014,"Total",1716000,505
"Sonoma State U.",2014,"Total",1714000,506
"Willamette U.",2014,"Total",1698000,507
"Colby C.",2014,"Total",1673000,508
"Saint John's U.",2014,"Total",1623000,509
"U. New Haven",2014,"Total",1616000,510
"U. Hartford",2014,"Total",1606000,511
"Furman U.",2014,"Total",1600000,512
"Spelman C.",2014,"Total",1595000,513
"Bates C.",2014,"Total",1584000,514
"Indiana U., South Bend",2014,"Total",1565000,515
"Franklin W. Olin C. of Engineering",2014,"Total",1561000,516
"Albany State U.",2014,"Total",1549000,517
"Heidelberg U.",2014,"Total",1539000,518
"Suffolk U.",2014,"Total",1534000,519
"U. Texas of the Permian Basin",2014,"Total",1532000,520
"Hawaii Pacific U.",2014,"Total",1524000,521
"U. Alaska, Southeast",2014,"Total",1512000,522
"Christopher Newport U.",2014,"Total",1508000,523
"U. Nebraska, Kearney",2014,"Total",1504000,524
"Southeastern Louisiana U.",2014,"Total",1503000,525
"Grambling State U.",2014,"Total",1469000,526
"Eastern Connecticut State U.",2014,"Total",1459000,527
"Macalester C.",2014,"Total",1455000,528
"C. of Saint Benedict",2014,"Total",1451000,529
"Middlebury C.",2014,"Total",1450000,530
"Dakota State U.",2014,"Total",1446000,531
"Indiana State U.",2014,"Total",1436000,532
"Eastern Michigan U.",2014,"Total",1428000,533
"Stockton U.",2014,"Total",1374000,534
"U. Central Oklahoma",2014,"Total",1362000,535
"St. Olaf C.",2014,"Total",1353000,536
"Western Illinois U.",2014,"Total",1349000,537
"C. Wooster",2014,"Total",1321000,538
"Erikson Institute",2014,"Total",1321000,538
"U. Detroit Mercy",2014,"Total",1320000,540
"Wheaton C., Wheaton",2014,"Total",1302000,541
"U. Wisconsin-Green Bay",2014,"Total",1299000,542
"Ithaca C.",2014,"Total",1248000,543
"New England C. of Optometry",2014,"Total",1234000,544
"Hobart and William Smith Colleges",2014,"Total",1221000,545
"Vassar C.",2014,"Total",1220000,546
"SUNY, C. Brockport",2014,"Total",1192000,547
"Central Connecticut State U.",2014,"Total",1185000,548
"U. Puerto Rico, Humacao",2014,"Total",1145000,549
"California State U., Stanislaus",2014,"Total",1136000,550
"U. South Carolina, Aiken",2014,"Total",1133000,551
"CUNY, system office",2014,"Total",1088000,552
"SUNY, Geneseo",2014,"Total",1084000,553
"La Sierra U.",2014,"Total",1057000,554
"Western Carolina U.",2014,"Total",1048000,555
"Marshall B. Ketchum U.",2014,"Total",1030000,556
"SUNY, C. Plattsburgh",2014,"Total",1008000,557
"U. Wisconsin-Platteville",2014,"Total",1e+06,558
"New Mexico Highlands U.",2014,"Total",979000,559
"Indiana U. Pennsylvania",2014,"Total",938000,560
"Des Moines U.",2014,"Total",929000,561
"U. of St. Thomas (MN)",2014,"Total",916000,562
"U. Wisconsin-Eau Claire",2014,"Total",915000,563
"New C. Florida",2014,"Total",897000,564
"Monmouth U.",2014,"Total",865000,565
"Northwestern State U. Louisiana",2014,"Total",792000,566
"Northeastern Illinois U.",2014,"Total",703000,567
"Abilene Christian U.",2014,"Total",NA,NA
"Alaska Pacific U.",2014,"Total",NA,NA
"Albert Einstein C. of Medicine",2014,"Total",NA,NA
"Albion C.",2014,"Total",NA,NA
"Andrews U.",2014,"Total",NA,NA
"Arcadia U.",2014,"Total",NA,NA
"Azusa Pacific U.",2014,"Total",NA,NA
"Babson C.",2014,"Total",NA,NA
"Bentley U.",2014,"Total",NA,NA
"Biola U.",2014,"Total",NA,NA
"Bryant U.",2014,"Total",NA,NA
"Butler U.",2014,"Total",NA,NA
"C. New Jersey",2014,"Total",NA,NA
"CUNY, Advanced Science Research Center",2014,"Total",NA,NA
"CUNY, Graduate School of Public Health and Health Policy",2014,"Total",NA,NA
"CUNY, New York City C. of Technology",2014,"Total",NA,NA
"CUNY, York C.",2014,"Total",NA,NA
"California State U., East Bay",2014,"Total",NA,NA
"Canisius U.",2014,"Total",NA,NA
"Chicago State U.",2014,"Total",NA,NA
"Citadel Military C. South Carolina",2014,"Total",NA,NA
"Colorado State U., Pueblo",2014,"Total",NA,NA
"Dine C.",2014,"Total",NA,NA
"Drake U.",2014,"Total",NA,NA
"East Stroudsburg U. Pennsylvania",2014,"Total",NA,NA
"Ferris State U.",2014,"Total",NA,NA
"Florida Polytechnic U.",2014,"Total",NA,NA
"Fort Lewis C.",2014,"Total",NA,NA
"Framingham State U.",2014,"Total",NA,NA
"Gettysburg C.",2014,"Total",NA,NA
"Gustavus Adolphus C.",2014,"Total",NA,NA
"Hartford International U. for Religion and Peace",2014,"Total",NA,NA
"High Tech High Graduate School of Ed.",2014,"Total",NA,NA
"Johnson C. Smith U.",2014,"Total",NA,NA
"Kean U.",2014,"Total",NA,NA
"Kenyon C.",2014,"Total",NA,NA
"Lake Superior State U.",2014,"Total",NA,NA
"Liberty U.",2014,"Total",NA,NA
"Lincoln Memorial U.",2014,"Total",NA,NA
"Lincoln U.",2014,"Total",NA,NA
"Lipscomb U.",2014,"Total",NA,NA
"Long Island U.",2014,"Total",NA,NA
"MGH Institute of Health Professions",2014,"Total",NA,NA
"Manhattan C.",2014,"Total",NA,NA
"Marian U., Indianapolis",2014,"Total",NA,NA
"Marymount U.",2014,"Total",NA,NA
"Merrimack C.",2014,"Total",NA,NA
"National U. of Natural Medicine",2014,"Total",NA,NA
"Nevada State C.",2014,"Total",NA,NA
"Northern Michigan U.",2014,"Total",NA,NA
"Northland C.",2014,"Total",NA,NA
"Oregon Institute of Technology",2014,"Total",NA,NA
"Pennsylvania State U., Altoona",2014,"Total",NA,NA
"Pratt Institute",2014,"Total",NA,NA
"Providence C.",2014,"Total",NA,NA
"Purdue U., Northwest",2014,"Total",NA,NA
"Radford U.",2014,"Total",NA,NA
"Robert Morris U.",2014,"Total",NA,NA
"SUNY, Cobleskill",2014,"Total",NA,NA
"SUNY, Oswego",2014,"Total",NA,NA
"Sacred Heart U.",2014,"Total",NA,NA
"Saginaw Valley State U.",2014,"Total",NA,NA
"Southern U., New Orleans",2014,"Total",NA,NA
"St. Mary's C. Maryland",2014,"Total",NA,NA
"Texas A&M U.-San Antonio",2014,"Total",NA,NA
"Touro U., New Yorkg",2014,"Total",NA,NA
"Toyota Technological Institute, Chicago",2014,"Total",NA,NA
"Troy U.",2014,"Total",NA,NA
"U. Colorado Anschutz Medical Campusc",2014,"Total",NA,NA
"U. Colorado Denverc",2014,"Total",NA,NA
"U. Hawaii, Maui C.",2014,"Total",NA,NA
"U. Hawaii, system office",2014,"Total",NA,NA
"U. Marylandb",2014,"Total",NA,NA
"U. Nebraska, Lincoln and Medical Centerd",2014,"Total",NA,NA
"U. North Georgia",2014,"Total",NA,NA
"U. Oklahoma, Tulsa",2014,"Total",NA,NA
"U. Puerto Rico, Ponce",2014,"Total",NA,NA
"U. Puget Sound",2014,"Total",NA,NA
"U. Scranton",2014,"Total",NA,NA
"U. South Carolina, Beaufort",2014,"Total",NA,NA
"U. Texas Health Science Center, Tyler",2014,"Total",NA,NA
"U. Texas Rio Grande Valley",2014,"Total",NA,NA
"U. Virginia's C. Wise",2014,"Total",NA,NA
"U. Wisconsin-River Falls",2014,"Total",NA,NA
"U. of Health Sciences and Pharmacy in St. Louis",2014,"Total",NA,NA
"U. of Mary Washington",2014,"Total",NA,NA
"U. of the Incarnate Word",2014,"Total",NA,NA
"U.S. Army War C.",2014,"Total",NA,NA
"U.S. Coast Guard Academy",2014,"Total",NA,NA
"United Tribes Technical C.",2014,"Total",NA,NA
"Ursinus C.",2014,"Total",NA,NA
"Utah Valley U.",2014,"Total",NA,NA
"Van Andel Research Institute",2014,"Total",NA,NA
"Virginia Military Institute",2014,"Total",NA,NA
"West Virginia School of Osteopathic Medicine",2014,"Total",NA,NA
"Western New England U.",2014,"Total",NA,NA
"Whitman C.",2014,"Total",NA,NA
"William Paterson U.",2014,"Total",NA,NA
"Winston-Salem State U.",2014,"Total",NA,NA
"All institutions",2015,"Total",68519962000,1
"Johns Hopkins U",2015,"Total",2305679000,2
"All other surveyed institutions",2015,"Total",1950750000,3
"U. Michigan, Ann Arbor",2015,"Total",1369278000,4
"U. Washington, Seattle",2015,"Total",1180563000,5
"U. California, San Francisco",2015,"Total",1126620000,6
"U. California, San Diego",2015,"Total",1101466000,7
"U. Wisconsin-Madison",2015,"Total",1069077000,8
"Duke U.",2015,"Total",1036698000,9
"Stanford U.",2015,"Total",1022551000,10
"U. California, Los Angeles",2015,"Total",1021227000,11
"Harvard U.",2015,"Total",1013753000,12
"U. North Carolina, Chapel Hill",2015,"Total",966781000,13
"Cornell U.",2015,"Total",954412000,14
"Massachusetts Institute of Technology",2015,"Total",930719000,15
"U. Minnesota, Twin Cities",2015,"Total",880618000,16
"Columbia U. in the City of New York",2015,"Total",868159000,17
"Texas A&M U., College Station and Health Science Center",2015,"Total",866678000,18
"U. Pennsylvania",2015,"Total",864068000,19
"U. Pittsburgh, Pittsburgh",2015,"Total",861205000,20
"U. Texas M. D. Anderson Cancer Center",2015,"Total",833406000,21
"Ohio State U.",2015,"Total",817881000,22
"Yale U.",2015,"Total",803004000,23
"Pennsylvania State U., University Park and Hershey Medical Center",2015,"Total",791031000,24
"U. California, Berkeley",2015,"Total",788505000,25
"Georgia Institute of Technology",2015,"Total",765370000,26
"U. Florida",2015,"Total",739522000,27
"U. California, Davis",2015,"Total",721077000,28
"Washington U., Saint Louis",2015,"Total",694069000,29
"U. Southern California",2015,"Total",691031000,30
"Northwestern U.",2015,"Total",656167000,31
"Vanderbilt U. and Vanderbilt U. Medical Center",2015,"Total",647816000,32
"U. Illinois, Urbana-Champaign",2015,"Total",639817000,33
"Rutgers, State U. New Jersey, New Brunswick",2015,"Total",628613000,34
"U. Arizona",2015,"Total",606219000,35
"U. Texas, Austin",2015,"Total",604376000,36
"New York U.",2015,"Total",602041000,37
"Emory U.",2015,"Total",585210000,38
"Purdue U., West Lafayette",2015,"Total",558611000,39
"Michigan State U.",2015,"Total",558248000,40
"Baylor C. of Medicine",2015,"Total",520220000,41
"U. Utah",2015,"Total",518928000,42
"U. Alabama, Birmingham",2015,"Total",516229000,43
"Icahn School of Medicine at Mount Sinai",2015,"Total",508353000,44
"Virginia Polytechnic Institute and State U.",2015,"Total",504282000,45
"U. South Floridae",2015,"Total",485354000,46
"Indiana U., Bloomington",2015,"Total",485076000,47
"North Carolina State U.",2015,"Total",468293000,48
"Arizona State U.",2015,"Total",458412000,49
"U. Iowa",2015,"Total",443218000,50
"U. Texas Southwestern Medical Center",2015,"Total",438824000,51
"U. Cincinnati",2015,"Total",436028000,52
"U. Colorado Boulder",2015,"Total",420775000,53
"U. Chicago",2015,"Total",412536000,54
"Case Western Reserve U.",2015,"Total",401527000,55
"Boston U.",2015,"Total",388336000,56
"Scripps Research Institute",2015,"Total",384161000,57
"SUNY, U. Buffalo",2015,"Total",382935000,58
"California Institute of Technology",2015,"Total",374424000,59
"U. Georgia",2015,"Total",374264000,60
"U. Virginia, Charlottesville",2015,"Total",373218000,61
"Uniformed Services U. of the Health Sciences",2015,"Total",361173000,62
"U. Illinois, Chicago",2015,"Total",354560000,63
"U. Rochester",2015,"Total",346932000,64
"Brown U.",2015,"Total",342040000,65
"U. Kentucky",2015,"Total",331705000,66
"U. Miami",2015,"Total",331036000,67
"U. California, Irvine",2015,"Total",329798000,68
"Oregon Health and Science U.",2015,"Total",326915000,69
"Rockefeller U.",2015,"Total",323932000,70
"Colorado State U., Fort Collins",2015,"Total",317219000,71
"U. Hawaii, Manoa",2015,"Total",316497000,72
"U. Kansas",2015,"Total",311383000,73
"Yeshiva U.",2015,"Total",306174000,74
"Iowa State U.",2015,"Total",306125000,75
"Washington State U.",2015,"Total",303214000,76
"SUNY, Polytechnic Institute",2015,"Total",295313000,77
"Louisiana State U., Baton Rouge",2015,"Total",281154000,78
"Princeton U.",2015,"Total",279851000,79
"U. Connecticut",2015,"Total",259397000,80
"Florida State U.",2015,"Total",256449000,81
"U. Massachusetts, Medical School",2015,"Total",250338000,82
"U. Missouri, Columbia",2015,"Total",246684000,83
"Oregon State U.",2015,"Total",245317000,84
"Medical U. South Carolina",2015,"Total",243534000,85
"U. Oklahoma, Norman and Health Science Center",2015,"Total",242367000,86
"Carnegie Mellon U.",2015,"Total",242004000,87
"George Washington U.",2015,"Total",241117000,88
"U. Texas Health Science Center, Houston",2015,"Total",234299000,89
"U. New Mexico",2015,"Total",232271000,90
"Temple U.",2015,"Total",227468000,91
"Mississippi State U.",2015,"Total",226359000,92
"U. California, Santa Barbara",2015,"Total",222870000,93
"SUNY, Stony Brook U.",2015,"Total",220580000,94
"Virginia Commonwealth U.",2015,"Total",218925000,95
"Woods Hole Oceanographic Institution",2015,"Total",216592000,96
"U. Central Florida",2015,"Total",215519000,97
"U. Massachusetts, Amherst",2015,"Total",213902000,98
"Wayne State U.",2015,"Total",213878000,99
"Dartmouth C. and Dartmouth Hitchcock Medical Center",2015,"Total",209646000,100
"U. South Carolina, Columbia",2015,"Total",208736000,101
"Medical C. Wisconsin",2015,"Total",199283000,102
"U. Notre Dame",2015,"Total",190954000,103
"Kansas State U.",2015,"Total",188721000,104
"Georgetown U.",2015,"Total",176131000,105
"U. Delaware",2015,"Total",175724000,106
"Utah State U.",2015,"Total",175353000,107
"U. Tennessee, Knoxvillef",2015,"Total",173533000,108
"U. Texas Medical Branch",2015,"Total",173506000,109
"Wake Forest U.",2015,"Total",171926000,110
"Clemson U.",2015,"Total",171215000,111
"U. Texas Health Science Center, San Antonio",2015,"Total",170277000,112
"West Virginia U.",2015,"Total",170145000,113
"Tufts U.",2015,"Total",168314000,114
"Texas Tech U.",2015,"Total",163897000,115
"U. Louisville",2015,"Total",163262000,116
"Florida International U.",2015,"Total",163033000,117
"North Dakota State U.",2015,"Total",153542000,118
"Tulane U.",2015,"Total",152658000,119
"U. California, Santa Cruz",2015,"Total",151713000,120
"U. Houston",2015,"Total",150628000,121
"U. New Hampshire",2015,"Total",144735000,122
"Rice U.",2015,"Total",144679000,123
"U. California, Riverside",2015,"Total",144511000,124
"U. Alaska, Fairbanks",2015,"Total",142742000,125
"Georgia State U.",2015,"Total",139596000,126
"Auburn U., Auburn",2015,"Total",135899000,127
"U. Arkansas, Fayetteville",2015,"Total",133660000,128
"U. Arkansas for Medical Sciences",2015,"Total",132451000,129
"New Mexico State U.",2015,"Total",132377000,130
"Oklahoma State U., Stillwater",2015,"Total",129968000,131
"Drexel U.",2015,"Total",128027000,132
"Northeastern U.",2015,"Total",122915000,133
"Thomas Jefferson U.",2015,"Total",119631000,134
"U. Vermont",2015,"Total",114547000,135
"SUNY, U. Albany",2015,"Total",111705000,136
"New Jersey Institute of Technology",2015,"Total",110512000,137
"Montana State U., Bozeman",2015,"Total",108414000,138
"George Mason U.",2015,"Total",106410000,139
"Rensselaer Polytechnic Institute",2015,"Total",102841000,140
"U. Texas, Dallas",2015,"Total",98551000,141
"U. Dayton",2015,"Total",98182000,142
"U. Idaho",2015,"Total",97493000,143
"U. Mississippi",2015,"Total",94040000,144
"U. Rhode Island",2015,"Total",93828000,145
"San Diego State U.",2015,"Total",93572000,146
"U. Nevada, Reno",2015,"Total",90138000,147
"U. Texas, El Paso",2015,"Total",89418000,148
"Naval Postgraduate School",2015,"Total",89170000,149
"U. Alabama, Huntsville",2015,"Total",88439000,150
"Cold Spring Harbor Laboratory",2015,"Total",84653000,151
"SUNY, Binghamton U.",2015,"Total",79895000,152
"U. Oregon",2015,"Total",79698000,153
"U. Maine",2015,"Total",79500000,154
"Rush U.",2015,"Total",79048000,155
"U. Texas, Arlington",2015,"Total",77798000,156
"U. Louisiana, Lafayette",2015,"Total",77300000,157
"Brandeis U.",2015,"Total",74700000,158
"U. Massachusetts, Lowell",2015,"Total",70384000,159
"Syracuse U.",2015,"Total",69896000,160
"Michigan Technological U.",2015,"Total",69607000,161
"U. Maryland, Baltimore County",2015,"Total",68688000,162
"Augusta U.",2015,"Total",67737000,163
"U. Tennessee, Health Science Center",2015,"Total",65771000,164
"Old Dominion U.",2015,"Total",65092000,165
"U. North Dakota",2015,"Total",64384000,166
"U. Wisconsin-Milwaukee",2015,"Total",63414000,167
"U. Massachusetts, Boston",2015,"Total",62374000,168
"William & Mary",2015,"Total",61554000,169
"Ohio U.",2015,"Total",61078000,170
"U. Montana, Missoula",2015,"Total",60485000,171
"Wichita State U.",2015,"Total",59940000,172
"U. Akron",2015,"Total",58512000,173
"South Dakota State U.",2015,"Total",58373000,174
"Colorado School of Mines",2015,"Total",58349000,175
"American U.",2015,"Total",58325000,176
"U. Alabama, Tuscaloosa",2015,"Total",58234000,177
"Cleveland State U.",2015,"Total",57662000,178
"Southern Illinois U., Carbondale",2015,"Total",57509000,179
"U. Wyoming",2015,"Total",56996000,180
"Indiana U.-Purdue U., Indianapolis",2015,"Total",55973000,181
"U. Texas, San Antonio",2015,"Total",54949000,182
"Wright State U.",2015,"Total",54289000,183
"Portland State U.",2015,"Total",53872000,184
"CUNY, City C.",2015,"Total",53223000,185
"U. Toledo",2015,"Total",52354000,186
"U. Maryland Center for Environmental Science",2015,"Total",52235000,187
"U. Southern Mississippi",2015,"Total",51840000,188
"Loyola U., Chicago",2015,"Total",48664000,189
"U. California, Office of the President",2015,"Total",48341000,190
"Boston C.",2015,"Total",47761000,191
"Texas State U.",2015,"Total",47694000,192
"Howard U.",2015,"Total",47322000,193
"Louisiana State U., Health Sciences Center, New Orleans",2015,"Total",46840000,194
"U. Memphis",2015,"Total",46675000,195
"Florida A&M U.",2015,"Total",46522000,196
"U. North Texas, Health Science Center",2015,"Total",46335000,197
"San Jose State U.",2015,"Total",45037000,198
"Saint Louis U.",2015,"Total",44457000,199
"U. South Alabama",2015,"Total",43722000,200
"U. North Texas, Denton",2015,"Total",43628000,201
"U. Puerto Rico, Medical Sciences Campus",2015,"Total",43316000,202
"Eastern Virginia Medical School",2015,"Total",42296000,203
"U. Nevada, Las Vegas",2015,"Total",4.2e+07,204
"Van Andel Research Institute",2015,"Total",40502000,205
"Rochester Institute of Technology",2015,"Total",40442000,206
"Texas Tech U., Health Sciences Center",2015,"Total",40438000,207
"Brigham Young U., Provo",2015,"Total",39126000,208
"U.S. Air Force Academy",2015,"Total",38326000,209
"Kent State U.",2015,"Total",38069000,210
"Lehigh U.",2015,"Total",36788000,211
"CUNY, Hunter C.",2015,"Total",36368000,212
"Worcester Polytechnic Institute",2015,"Total",36130000,213
"Missouri U. of Science and Technology",2015,"Total",35842000,214
"Northern Arizona U.",2015,"Total",35206000,215
"North Carolina A&T State U.",2015,"Total",35172000,216
"Illinois Institute of Technology",2015,"Total",34336000,217
"Stevens Institute of Technology",2015,"Total",34082000,218
"Morehouse School of Medicine",2015,"Total",33367000,219
"Mercer U.",2015,"Total",32838000,220
"SUNY, Upstate Medical U.",2015,"Total",32453000,221
"Boise State U.",2015,"Total",31341000,222
"U. West Florida",2015,"Total",31232000,223
"U. California, Merced",2015,"Total",29688000,224
"Southern Methodist U.",2015,"Total",29282000,225
"Alabama A&M U.",2015,"Total",29202000,226
"SUNY, Downstate Health Sciences U.",2015,"Total",28652000,227
"U. Puerto Rico, Rio Piedras",2015,"Total",28579000,228
"U. Puerto Rico, Mayaguez",2015,"Total",28100000,229
"U. Minnesota, Duluth",2015,"Total",27550000,230
"Air Force Institute of Technology",2015,"Total",26866000,231
"U. Massachusetts, Dartmouth",2015,"Total",26776000,232
"U. Missouri, Kansas City",2015,"Total",26595000,233
"East Carolina U.",2015,"Total",26549000,234
"San Francisco State U.",2015,"Total",26345000,235
"New Mexico Institute of Mining and Technology",2015,"Total",26265000,236
"U. South Dakota",2015,"Total",25661000,237
"Loma Linda U.",2015,"Total",25519000,238
"U. Tulsa",2015,"Total",25066000,239
"U. North Carolina, Charlotte",2015,"Total",24870000,240
"Marquette U.",2015,"Total",24816000,241
"Baylor U.",2015,"Total",24642000,242
"Texas A&M U.-Corpus Christi",2015,"Total",24507000,243
"Rutgers, State U. New Jersey, Newark",2015,"Total",24387000,244
"Catholic U. of America",2015,"Total",24265000,245
"Louisiana State U., Health Sciences Center, Shreveport",2015,"Total",24069000,246
"Jackson State U.",2015,"Total",23908000,247
"Louisiana Tech U.",2015,"Total",23827000,248
"Creighton U.",2015,"Total",23825000,249
"Teachers C., Columbia U.",2015,"Total",23269000,250
"U. North Carolina, Greensboro",2015,"Total",23026000,251
"Desert Research Institute",2015,"Total",22103000,252
"SUNY, C. of Environmental Science and Forestry",2015,"Total",22051000,253
"Florida Atlantic U.",2015,"Total",21214000,254
"Fordham U.",2015,"Total",20939000,255
"Texas A&M U.-Kingsville",2015,"Total",20894000,256
"Tuskegee U.",2015,"Total",20740000,257
"U. of the Virgin Islands",2015,"Total",20630000,258
"Tennessee State U.",2015,"Total",19955000,259
"Marshall U.",2015,"Total",19936000,260
"Western Michigan U. and Homer Stryker M.D. School of Medicine",2015,"Total",19679000,261
"CUNY, Queens C.",2015,"Total",19092000,262
"Southern Illinois U., Edwardsville",2015,"Total",19051000,263
"U. New Orleans",2015,"Total",18960000,264
"Texas Tech U., Health Sciences Center, El Paso",2015,"Total",18889000,265
"Illinois State U.",2015,"Total",18742000,266
"Albany Medical C.",2015,"Total",18043000,267
"California State U., Sacramento",2015,"Total",17930000,268
"Idaho State U.",2015,"Total",17866000,269
"Northern Illinois U.",2015,"Total",17722000,270
"New York Medical C.",2015,"Total",17653000,271
"U. Alaska, Anchorage",2015,"Total",17436000,272
"Georgia Southern U.",2015,"Total",17152000,273
"Oakland U.",2015,"Total",17108000,274
"Northeast Ohio Medical U.",2015,"Total",17103000,275
"Rosalind Franklin U. of Medicine and Science",2015,"Total",16604000,276
"California Polytechnic State U., San Luis Obispo",2015,"Total",16312000,277
"Duquesne U.",2015,"Total",16159000,278
"U. Denver",2015,"Total",16116000,279
"Miami U.",2015,"Total",16108000,280
"Delaware State U.",2015,"Total",15980000,281
"U. North Carolina, Wilmington",2015,"Total",15564000,282
"California State U., San Bernardino",2015,"Total",15317000,283
"U.S. Military Academy",2015,"Total",15312000,284
"South Dakota School of Mines and Technology",2015,"Total",14970000,285
"Hampton U.",2015,"Total",14895000,286
"Nova Southeastern U.",2015,"Total",14775000,287
"Villanova U.",2015,"Total",14512000,288
"U. Hawaii, Hilo",2015,"Total",14495000,289
"Florida Institute of Technology",2015,"Total",14282000,290
"Charles R. Drew U. of Medicine and Science",2015,"Total",14128000,291
"Meharry Medical C.",2015,"Total",13998000,292
"Fayetteville State U.",2015,"Total",13746000,293
"Morgan State U.",2015,"Total",13577000,294
"Clarkson U.",2015,"Total",13406000,295
"California State U., Northridge",2015,"Total",13333000,296
"Prairie View A&M U.",2015,"Total",13123000,297
"Central Michigan U.",2015,"Total",12880000,298
"South Carolina State U.",2015,"Total",12607000,299
"North Carolina Central U.",2015,"Total",12448000,300
"U. Texas Health Science Center, Tyler",2015,"Total",12191000,301
"U. Missouri, Saint Louis",2015,"Total",12061000,302
"Embry-Riddle Aeronautical U.",2015,"Total",11942000,303
"Bryn Mawr C.",2015,"Total",11692000,304
"Montana Technological U.",2015,"Total",11595000,305
"California State Polytechnic U., Humboldt",2015,"Total",11218000,306
"Tennessee Technological U.",2015,"Total",11082000,307
"C. Charleston",2015,"Total",10607000,308
"Ball State U.",2015,"Total",10548000,309
"Winthrop U.",2015,"Total",10156000,310
"Rhode Island C.",2015,"Total",10080000,311
"Clark Atlanta U.",2015,"Total",9945000,312
"Western Washington U.",2015,"Total",9921000,313
"Fisk U.",2015,"Total",9854000,314
"Tarleton State U.",2015,"Total",9825000,315
"U. Maryland, Eastern Shore",2015,"Total",9700000,316
"U.S. Naval Academy",2015,"Total",9609000,317
"Wellesley C.",2015,"Total",9595000,318
"Xavier U. Louisiana",2015,"Total",9588000,319
"St. Edward's U.",2015,"Total",9515000,320
"DePaul U.",2015,"Total",9479000,321
"U. Nebraska, Omaha",2015,"Total",9422000,322
"Alcorn State U.",2015,"Total",9396000,323
"Dillard U.",2015,"Total",9387000,324
"Claremont Graduate U.",2015,"Total",9375000,325
"CUNY, Brooklyn C.",2015,"Total",9091000,326
"Florida Gulf Coast U.",2015,"Total",8992000,327
"New School",2015,"Total",8978000,328
"California State U., Long Beach",2015,"Total",8830000,329
"CUNY, John Jay C. of Criminal Justice",2015,"Total",8689000,330
"California State U., Fresno",2015,"Total",8624000,331
"Midwestern U.",2015,"Total",8560000,332
"Arkansas State U., Jonesboro",2015,"Total",8453000,333
"U. Arkansas, Pine Bluff",2015,"Total",8425000,334
"Langston U.",2015,"Total",8126000,335
"Rowan U.",2015,"Total",8044000,336
"Texas Christian U.",2015,"Total",8007000,337
"Bowling Green State U.",2015,"Total",7995000,338
"Salisbury U.",2015,"Total",7960000,339
"Western Kentucky U.",2015,"Total",7854000,340
"Virginia State U.",2015,"Total",7808000,341
"U. Michigan, Dearborn",2015,"Total",7802000,342
"U. Central Oklahoma",2015,"Total",7691000,343
"U. Washington, Bothell",2015,"Total",7657000,344
"Azusa Pacific U.",2015,"Total",7521000,345
"U. New England",2015,"Total",7498000,346
"Grand Valley State U.",2015,"Total",7453000,347
"West Virginia State U.",2015,"Total",7365000,348
"Wesleyan U.",2015,"Total",7223000,349
"U. Southern Maine",2015,"Total",7091000,350
"Seton Hall U.",2015,"Total",7058000,351
"Purdue U., Fort Wayne",2015,"Total",7052000,352
"Clark U.",2015,"Total",7050000,353
"U. Arkansas, Little Rock",2015,"Total",7003000,354
"U. Colorado Colorado Springs",2015,"Total",6988000,355
"U. Central del Caribe",2015,"Total",6964000,356
"East Tennessee State U.",2015,"Total",6930000,357
"U. Tennessee, Chattanooga",2015,"Total",6817000,358
"Carleton C.",2015,"Total",6746000,359
"California State U., San Marcos",2015,"Total",6432000,360
"Loyola Marymount U.",2015,"Total",6389000,361
"Lincoln U., Jefferson City",2015,"Total",6296000,362
"Morehouse C.",2015,"Total",6180000,363
"CUNY, Graduate Center",2015,"Total",6175000,364
"U. Guam",2015,"Total",6062000,365
"Kentucky State U.",2015,"Total",6017000,366
"Fairfield U.",2015,"Total",5750000,367
"Williams C.",2015,"Total",5679000,368
"California State U., Fullerton",2015,"Total",5611000,369
"National Defense U.",2015,"Total",5542000,370
"California State U., Monterey Bay",2015,"Total",5492000,371
"Southern Connecticut State U.",2015,"Total",5482000,372
"Chapman U.",2015,"Total",5353000,373
"Norfolk State U.",2015,"Total",5348000,374
"Smith C.",2015,"Total",5268000,375
"Alfred U.",2015,"Total",5193000,376
"Stephen F. Austin State U.",2015,"Total",5170000,377
"Rutgers, State U. New Jersey, Camden",2015,"Total",5123000,378
"U. Baltimore",2015,"Total",5022000,379
"California State U., Los Angeles",2015,"Total",5010000,380
"West Chester U. Pennsylvania",2015,"Total",5009000,381
"Texas Southern U.",2015,"Total",5005000,382
"Western U. of Health Sciences",2015,"Total",4904000,383
"Southern U. and A&M C., Baton Rouge",2015,"Total",4766000,384
"Kennesaw State U.",2015,"Total",4762000,385
"Southern U. and A&M C., Agricultural Research and Extension Center",2015,"Total",4761000,386
"Pace U.",2015,"Total",4647000,387
"California State Polytechnic U., Pomona",2015,"Total",4611000,388
"U. Texas, Tyler",2015,"Total",4610000,389
"Milwaukee School of Engineering",2015,"Total",4524000,390
"West Texas A&M U.",2015,"Total",4513000,391
"Gallaudet U.",2015,"Total",4477000,392
"U. San Diego",2015,"Total",4476000,393
"Amherst C.",2015,"Total",4412000,394
"Middle Tennessee State U.",2015,"Total",4350000,395
"Fort Valley State U.",2015,"Total",4320000,396
"Montclair State U.",2015,"Total",4274000,397
"St. Cloud State U.",2015,"Total",4192000,398
"New York Institute of Technology",2015,"Total",4169000,399
"Bucknell U.",2015,"Total",4140000,400
"U. Oklahoma, Tulsa",2015,"Total",4104000,401
"U. Northern Iowa",2015,"Total",4032000,402
"MGH Institute of Health Professions",2015,"Total",3931000,403
"SUNY, C. of Optometry",2015,"Total",3906000,404
"Franklin and Marshall C.",2015,"Total",3888000,405
"Appalachian State U.",2015,"Total",3878000,406
"Lewis and Clark C.",2015,"Total",3873000,407
"Mount Holyoke C.",2015,"Total",3826000,408
"Texas A&M U.-Commerce",2015,"Total",3755000,409
"Pennsylvania State U., Behrend",2015,"Total",3737000,410
"Grinnell C.",2015,"Total",3723000,411
"James Madison U.",2015,"Total",3712000,412
"U. North Florida",2015,"Total",3689000,413
"U. Northern Colorado",2015,"Total",3652000,414
"U. Washington, Tacoma",2015,"Total",3618000,415
"U. Wisconsin-La Crosse",2015,"Total",3615000,416
"Missouri State U.",2015,"Total",3540000,417
"Pomona C.",2015,"Total",3538000,418
"U. Central Arkansas",2015,"Total",3502000,419
"U. Wisconsin-Stevens Point",2015,"Total",3446000,420
"Pennsylvania State U., Harrisburg",2015,"Total",3379000,421
"Youngstown State U.",2015,"Total",3348000,422
"Roseman U. of Health Sciences",2015,"Total",3287000,423
"Harvey Mudd C.",2015,"Total",3272000,424
"California State U., Bakersfield",2015,"Total",3192000,425
"Towson U.",2015,"Total",3153000,426
"CUNY, Lehman C.",2015,"Total",3130000,427
"Touro U., California",2015,"Total",3106000,428
"Memorial Sloan Kettering Cancer Center, Louis V. Gerstner Jr. Graduate S. of Biomedical Sciences",2015,"Total",3089000,429
"Sam Houston State U.",2015,"Total",3086000,430
"U. Richmond",2015,"Total",3069000,431
"CUNY, C. Staten Island",2015,"Total",3060000,432
"Reed C.",2015,"Total",3050000,433
"Bowdoin C.",2015,"Total",2991000,434
"Eastern Washington U.",2015,"Total",2973000,435
"Swarthmore C.",2015,"Total",2943000,436
"Hope C.",2015,"Total",2932000,437
"Texas A&M International U.",2015,"Total",2917000,438
"Barnard C.",2015,"Total",2916000,439
"Vassar C.",2015,"Total",2854000,440
"Seattle U.",2015,"Total",2847000,441
"Lamar U.",2015,"Total",2824000,442
"Bates C.",2015,"Total",2791000,443
"U. of the Pacific",2015,"Total",2734000,444
"Colgate U.",2015,"Total",2721000,445
"Pepperdine U.",2015,"Total",2714000,446
"Tougaloo C.",2015,"Total",2689000,447
"Southeastern Louisiana U.",2015,"Total",2670000,448
"Naval War C.",2015,"Total",2653000,449
"Haverford C.",2015,"Total",2633000,450
"Trinity U.",2015,"Total",2633000,450
"Elon U.",2015,"Total",2608000,452
"U. San Francisco",2015,"Total",2599000,453
"Hofstra U.",2015,"Total",2585000,454
"Central Washington U.",2015,"Total",2581000,455
"Philadelphia C. of Osteopathic Medicine",2015,"Total",2561000,456
"St. John's U., New York",2015,"Total",2558000,457
"California State U., Dominguez Hills",2015,"Total",2557000,458
"Toyota Technological Institute, Chicago",2015,"Total",2543000,459
"Albany C. of Pharmacy and Health Sciences",2015,"Total",2533000,460
"Lawrence Technological U.",2015,"Total",2528000,461
"U. Ana G. Mendez, Gurabo",2015,"Total",2473000,462
"U. Houston-Downtown",2015,"Total",2459000,463
"CUNY, Baruch C.",2015,"Total",2451000,464
"Black Hills State U.",2015,"Total",2430000,465
"Calvin U.",2015,"Total",2430000,465
"Erikson Institute",2015,"Total",2397000,467
"U. North Carolina, Asheville",2015,"Total",2384000,468
"Davidson C.",2015,"Total",2377000,469
"Murray State U.",2015,"Total",2371000,470
"SUNY, Buffalo State U.",2015,"Total",2366000,471
"Roger Williams U.",2015,"Total",2348000,472
"Texas Woman's U.",2015,"Total",2310000,473
"Alabama State U.",2015,"Total",2303000,474
"Minnesota State U., Mankato",2015,"Total",2294000,475
"Hamilton C.",2015,"Total",2291000,476
"Elizabeth City State U.",2015,"Total",2277000,477
"Colorado C.",2015,"Total",2247000,478
"Edward Via C. of Osteopathic Medicine",2015,"Total",2237000,479
"Pittsburg State U.",2015,"Total",2210000,480
"Sul Ross State U.",2015,"Total",2204000,481
"Franklin W. Olin C. of Engineering",2015,"Total",2136000,482
"Austin Peay State U.",2015,"Total",2113000,483
"Saint Joseph's U.",2015,"Total",2093000,484
"U. Illinois, Springfield",2015,"Total",2070000,485
"Oregon Institute of Technology",2015,"Total",2056000,486
"U. of the District of Columbia",2015,"Total",2043000,487
"Northern Kentucky U.",2015,"Total",2026000,488
"Pacific U.",2015,"Total",2016000,489
"Willamette U.",2015,"Total",2007000,490
"Norwich U.",2015,"Total",1985000,491
"California State U., Channel Islands",2015,"Total",1949000,492
"Oberlin C.",2015,"Total",1932000,493
"Furman U.",2015,"Total",1928000,494
"Connecticut C.",2015,"Total",1900000,495
"U. Detroit Mercy",2015,"Total",1882000,496
"Grambling State U.",2015,"Total",1863000,497
"Coastal Carolina U.",2015,"Total",1862000,498
"Morehead State U.",2015,"Total",1838000,499
"California State U., Chico",2015,"Total",1837000,500
"U. New Haven",2015,"Total",1832000,501
"Savannah State U.",2015,"Total",1801000,502
"CUNY, system office",2015,"Total",1782000,503
"Skidmore C.",2015,"Total",1772000,504
"Eastern Michigan U.",2015,"Total",1761000,505
"Colby C.",2015,"Total",1748000,506
"U. Texas of the Permian Basin",2015,"Total",1725000,507
"Keck Graduate Institute",2015,"Total",1722000,508
"Trinity C., Hartford",2015,"Total",1717000,509
"U. Wisconsin-Oshkosh",2015,"Total",1703000,510
"U. Hartford",2015,"Total",1701000,511
"Palmer C. of Chiropractic, Davenport",2015,"Total",1698000,512
"Lafayette C.",2015,"Total",1693000,513
"Eastern Kentucky U.",2015,"Total",1681000,514
"U. Louisiana, Monroe",2015,"Total",1672000,515
"Santa Clara U.",2015,"Total",1659000,516
"Northwest Indian C.",2015,"Total",1631000,517
"Oklahoma State U., Center for Health Sciences",2015,"Total",1625000,518
"Indiana U., South Bend",2015,"Total",1619000,519
"Middlebury C.",2015,"Total",1599000,520
"U. Alaska, Southeast",2015,"Total",1588000,521
"Union C., Schenectady",2015,"Total",1560000,522
"Occidental C.",2015,"Total",1544000,523
"Indiana State U.",2015,"Total",1541000,524
"U. Houston-Clear Lake",2015,"Total",1535000,525
"Spelman C.",2015,"Total",1524000,526
"U. Puerto Rico, Cayey",2015,"Total",1521000,527
"Central State U.",2015,"Total",1508000,528
"Bowie State U.",2015,"Total",1497000,529
"U. Nebraska, Kearney",2015,"Total",1496000,530
"Marshall B. Ketchum U.",2015,"Total",1468000,531
"Stockton U.",2015,"Total",1452000,532
"Benedict C.",2015,"Total",1373000,533
"Saint John's U.",2015,"Total",1372000,534
"SUNY, C. Brockport",2015,"Total",1367000,535
"Albany State U.",2015,"Total",1356000,536
"St. Olaf C.",2015,"Total",1346000,537
"Providence C.",2015,"Total",1329000,538
"U. Wisconsin-Green Bay",2015,"Total",1320000,539
"SUNY, Geneseo",2015,"Total",1314000,540
"Suffolk U.",2015,"Total",1305000,541
"Macalester C.",2015,"Total",1286000,542
"Central Connecticut State U.",2015,"Total",1259000,543
"Claflin U.",2015,"Total",1255000,544
"Alaska Pacific U.",2015,"Total",1246000,545
"C. Wooster",2015,"Total",1245000,546
"Hawaii Pacific U.",2015,"Total",1241000,547
"Saginaw Valley State U.",2015,"Total",1220000,548
"Christopher Newport U.",2015,"Total",1208000,549
"C. of Saint Benedict",2015,"Total",1179000,550
"Lake Superior State U.",2015,"Total",1170000,551
"La Sierra U.",2015,"Total",1165000,552
"Sonoma State U.",2015,"Total",1163000,553
"U. South Carolina, Aiken",2015,"Total",1154000,554
"Dakota State U.",2015,"Total",1152000,555
"Eastern Connecticut State U.",2015,"Total",1149000,556
"Western Carolina U.",2015,"Total",1145000,557
"SUNY, C. Plattsburgh",2015,"Total",1135000,558
"Heidelberg U.",2015,"Total",1109000,559
"California State U., Stanislaus",2015,"Total",1080000,560
"New England C. of Optometry",2015,"Total",1077000,561
"Kean U.",2015,"Total",1064000,562
"Ithaca C.",2015,"Total",972000,563
"U. Wisconsin-Platteville",2015,"Total",970000,564
"Hobart and William Smith Colleges",2015,"Total",946000,565
"U. South Carolina, Beaufort",2015,"Total",892000,566
"Western Illinois U.",2015,"Total",860000,567
"U. of the Incarnate Word",2015,"Total",848000,568
"U. Puerto Rico, Humacao",2015,"Total",784000,569
"Wheaton C., Wheaton",2015,"Total",783000,570
"CUNY, York C.",2015,"Total",716000,571
"U. of Mary Washington",2015,"Total",690000,572
"CUNY, Advanced Science Research Center",2015,"Total",569000,573
"Florida Polytechnic U.",2015,"Total",212000,574
"Abilene Christian U.",2015,"Total",NA,NA
"Albert Einstein C. of Medicine",2015,"Total",NA,NA
"Albion C.",2015,"Total",NA,NA
"Andrews U.",2015,"Total",NA,NA
"Arcadia U.",2015,"Total",NA,NA
"Babson C.",2015,"Total",NA,NA
"Bentley U.",2015,"Total",NA,NA
"Biola U.",2015,"Total",NA,NA
"Bryant U.",2015,"Total",NA,NA
"Butler U.",2015,"Total",NA,NA
"C. New Jersey",2015,"Total",NA,NA
"CUNY, Graduate School of Public Health and Health Policy",2015,"Total",NA,NA
"CUNY, New York City C. of Technology",2015,"Total",NA,NA
"California State U., East Bay",2015,"Total",NA,NA
"Canisius U.",2015,"Total",NA,NA
"Chicago State U.",2015,"Total",NA,NA
"Citadel Military C. South Carolina",2015,"Total",NA,NA
"Claremont McKenna C.",2015,"Total",NA,NA
"Colorado State U., Pueblo",2015,"Total",NA,NA
"Des Moines U.",2015,"Total",NA,NA
"Dine C.",2015,"Total",NA,NA
"Drake U.",2015,"Total",NA,NA
"East Stroudsburg U. Pennsylvania",2015,"Total",NA,NA
"Ferris State U.",2015,"Total",NA,NA
"Fort Lewis C.",2015,"Total",NA,NA
"Framingham State U.",2015,"Total",NA,NA
"Gettysburg C.",2015,"Total",NA,NA
"Gustavus Adolphus C.",2015,"Total",NA,NA
"Hartford International U. for Religion and Peace",2015,"Total",NA,NA
"High Tech High Graduate School of Ed.",2015,"Total",NA,NA
"Indiana U. Pennsylvania",2015,"Total",NA,NA
"Johnson C. Smith U.",2015,"Total",NA,NA
"Kenyon C.",2015,"Total",NA,NA
"Liberty U.",2015,"Total",NA,NA
"Lincoln Memorial U.",2015,"Total",NA,NA
"Lincoln U.",2015,"Total",NA,NA
"Lipscomb U.",2015,"Total",NA,NA
"Long Island U.",2015,"Total",NA,NA
"Manhattan C.",2015,"Total",NA,NA
"Marian U., Indianapolis",2015,"Total",NA,NA
"Marymount U.",2015,"Total",NA,NA
"Merrimack C.",2015,"Total",NA,NA
"Monmouth U.",2015,"Total",NA,NA
"National U. of Natural Medicine",2015,"Total",NA,NA
"Nevada State C.",2015,"Total",NA,NA
"New C. Florida",2015,"Total",NA,NA
"New Mexico Highlands U.",2015,"Total",NA,NA
"Northeastern Illinois U.",2015,"Total",NA,NA
"Northern Michigan U.",2015,"Total",NA,NA
"Northland C.",2015,"Total",NA,NA
"Northwestern State U. Louisiana",2015,"Total",NA,NA
"Pennsylvania State U., Altoona",2015,"Total",NA,NA
"Pratt Institute",2015,"Total",NA,NA
"Purdue U., Northwest",2015,"Total",NA,NA
"Radford U.",2015,"Total",NA,NA
"Robert Morris U.",2015,"Total",NA,NA
"SUNY, Cobleskill",2015,"Total",NA,NA
"SUNY, Oswego",2015,"Total",NA,NA
"Sacred Heart U.",2015,"Total",NA,NA
"Southern U., New Orleans",2015,"Total",NA,NA
"St. Mary's C. Maryland",2015,"Total",NA,NA
"Texas A&M U.-San Antonio",2015,"Total",NA,NA
"Touro U., New Yorkg",2015,"Total",NA,NA
"Troy U.",2015,"Total",NA,NA
"U. Colorado Anschutz Medical Campusc",2015,"Total",NA,NA
"U. Colorado Denverc",2015,"Total",NA,NA
"U. Hawaii, Maui C.",2015,"Total",NA,NA
"U. Hawaii, system office",2015,"Total",NA,NA
"U. Marylandb",2015,"Total",NA,NA
"U. Nebraska, Lincoln and Medical Centerd",2015,"Total",NA,NA
"U. North Georgia",2015,"Total",NA,NA
"U. Puerto Rico, Ponce",2015,"Total",NA,NA
"U. Puget Sound",2015,"Total",NA,NA
"U. Scranton",2015,"Total",NA,NA
"U. Texas Rio Grande Valley",2015,"Total",NA,NA
"U. Virginia's C. Wise",2015,"Total",NA,NA
"U. Wisconsin-Eau Claire",2015,"Total",NA,NA
"U. Wisconsin-River Falls",2015,"Total",NA,NA
"U. Wisconsin-Superior",2015,"Total",NA,NA
"U. of Health Sciences and Pharmacy in St. Louis",2015,"Total",NA,NA
"U. of St. Thomas (MN)",2015,"Total",NA,NA
"U.S. Army War C.",2015,"Total",NA,NA
"U.S. Coast Guard Academy",2015,"Total",NA,NA
"United Tribes Technical C.",2015,"Total",NA,NA
"Ursinus C.",2015,"Total",NA,NA
"Utah Valley U.",2015,"Total",NA,NA
"Virginia Military Institute",2015,"Total",NA,NA
"West Virginia School of Osteopathic Medicine",2015,"Total",NA,NA
"Western New England U.",2015,"Total",NA,NA
"Whitman C.",2015,"Total",NA,NA
"William Paterson U.",2015,"Total",NA,NA
"Winston-Salem State U.",2015,"Total",NA,NA
"All institutions",2016,"Total",71737194000,1
"Johns Hopkins U",2016,"Total",2431180000,2
"All other surveyed institutions",2016,"Total",2001304000,3
"U. Michigan, Ann Arbor",2016,"Total",1436448000,4
"U. Pennsylvania",2016,"Total",1296429000,5
"U. California, San Francisco",2016,"Total",1294261000,6
"U. Washington, Seattle",2016,"Total",1277679000,7
"U. Wisconsin-Madison",2016,"Total",1157680000,8
"U. California, San Diego",2016,"Total",1087117000,9
"Harvard U.",2016,"Total",1077253000,10
"Stanford U.",2016,"Total",1066269000,11
"Duke U.",2016,"Total",1055778000,12
"U. North Carolina, Chapel Hill",2016,"Total",1045338000,13
"U. California, Los Angeles",2016,"Total",1037528000,14
"Cornell U.",2016,"Total",974199000,15
"Massachusetts Institute of Technology",2016,"Total",946159000,16
"U. Minnesota, Twin Cities",2016,"Total",910181000,17
"Texas A&M U., College Station and Health Science Center",2016,"Total",892718000,18
"U. Pittsburgh, Pittsburgh",2016,"Total",889793000,19
"Yale U.",2016,"Total",881765000,20
"U. Texas M. D. Anderson Cancer Center",2016,"Total",852095000,21
"Columbia U. in the City of New York",2016,"Total",837312000,22
"Pennsylvania State U., University Park and Hershey Medical Center",2016,"Total",825561000,23
"Ohio State U.",2016,"Total",818464000,24
"New York U.",2016,"Total",809739000,25
"U. Florida",2016,"Total",791294000,26
"Georgia Institute of Technology",2016,"Total",790706000,27
"U. California, Berkeley",2016,"Total",774255000,28
"U. California, Davis",2016,"Total",741892000,29
"Washington U., Saint Louis",2016,"Total",741115000,30
"Northwestern U.",2016,"Total",713491000,31
"U. Southern California",2016,"Total",702866000,32
"Vanderbilt U. and Vanderbilt U. Medical Center",2016,"Total",640842000,33
"Rutgers, State U. New Jersey, New Brunswick",2016,"Total",630212000,34
"U. Illinois, Urbana-Champaign",2016,"Total",625180000,35
"U. Texas, Austin",2016,"Total",621692000,36
"Emory U.",2016,"Total",614527000,37
"Michigan State U.",2016,"Total",613369000,38
"Purdue U., West Lafayette",2016,"Total",606302000,39
"U. Arizona",2016,"Total",604464000,40
"Baylor C. of Medicine",2016,"Total",572527000,41
"Icahn School of Medicine at Mount Sinai",2016,"Total",540296000,42
"U. Alabama, Birmingham",2016,"Total",537825000,43
"Virginia Polytechnic Institute and State U.",2016,"Total",521773000,44
"Arizona State U.",2016,"Total",518239000,45
"Indiana U., Bloomington",2016,"Total",508766000,46
"U. South Floridae",2016,"Total",505965000,47
"North Carolina State U.",2016,"Total",489918000,48
"U. Iowa",2016,"Total",473362000,49
"U. Colorado Boulder",2016,"Total",453123000,50
"U. Texas Southwestern Medical Center",2016,"Total",442666000,51
"U. Cincinnati",2016,"Total",430579000,52
"U. Chicago",2016,"Total",420997000,53
"U. Georgia",2016,"Total",410345000,54
"Case Western Reserve U.",2016,"Total",405655000,55
"U. Virginia, Charlottesville",2016,"Total",397458000,56
"Boston U.",2016,"Total",395921000,57
"SUNY, U. Buffalo",2016,"Total",389569000,58
"California Institute of Technology",2016,"Total",371060000,59
"Scripps Research Institute",2016,"Total",364670000,60
"U. Miami",2016,"Total",358441000,61
"U. Utah",2016,"Total",350212000,62
"U. Kentucky",2016,"Total",349661000,63
"Brown U.",2016,"Total",347016000,64
"U. Rochester",2016,"Total",346165000,65
"U. California, Irvine",2016,"Total",345319000,66
"U. Illinois, Chicago",2016,"Total",337296000,67
"Rockefeller U.",2016,"Total",335136000,68
"Colorado State U., Fort Collins",2016,"Total",331862000,69
"Oregon Health and Science U.",2016,"Total",331524000,70
"Iowa State U.",2016,"Total",328385000,71
"Carnegie Mellon U.",2016,"Total",319168000,72
"SUNY, Polytechnic Institute",2016,"Total",316680000,73
"Princeton U.",2016,"Total",307653000,74
"U. Hawaii, Manoa",2016,"Total",304476000,75
"Washington State U.",2016,"Total",301640000,76
"U. Kansas",2016,"Total",297933000,77
"Louisiana State U., Baton Rouge",2016,"Total",291972000,78
"Albert Einstein C. of Medicine",2016,"Total",289660000,79
"U. Missouri, Columbia",2016,"Total",280051000,80
"Florida State U.",2016,"Total",268288000,81
"U. Connecticut",2016,"Total",265522000,82
"Medical U. South Carolina",2016,"Total",260098000,83
"U. Oklahoma, Norman and Health Science Center",2016,"Total",259998000,84
"Uniformed Services U. of the Health Sciences",2016,"Total",256203000,85
"Oregon State U.",2016,"Total",254275000,86
"U. Massachusetts, Medical School",2016,"Total",253099000,87
"Temple U.",2016,"Total",246392000,88
"U. New Mexico",2016,"Total",239550000,89
"Mississippi State U.",2016,"Total",239446000,90
"U. Texas Health Science Center, Houston",2016,"Total",237016000,91
"Dartmouth C. and Dartmouth Hitchcock Medical Center",2016,"Total",233636000,92
"George Washington U.",2016,"Total",231829000,93
"SUNY, Stony Brook U.",2016,"Total",230621000,94
"U. California, Santa Barbara",2016,"Total",230139000,95
"Virginia Commonwealth U.",2016,"Total",225999000,96
"Wayne State U.",2016,"Total",221537000,97
"U. Massachusetts, Amherst",2016,"Total",214576000,98
"Woods Hole Oceanographic Institution",2016,"Total",212374000,99
"U. South Carolina, Columbia",2016,"Total",209271000,100
"U. Notre Dame",2016,"Total",202216000,101
"Medical C. Wisconsin",2016,"Total",199925000,102
"U. Central Florida",2016,"Total",198211000,103
"U. Texas Health Science Center, San Antonio",2016,"Total",194885000,104
"Kansas State U.",2016,"Total",193254000,105
"Tufts U.",2016,"Total",189085000,106
"Clemson U.",2016,"Total",183965000,107
"Georgetown U.",2016,"Total",183788000,108
"U. Tennessee, Knoxvillef",2016,"Total",183268000,109
"Oklahoma State U., Stillwater",2016,"Total",181617000,110
"Utah State U.",2016,"Total",180590000,111
"U. Texas Medical Branch",2016,"Total",179541000,112
"U. Delaware",2016,"Total",176295000,113
"U. Louisville",2016,"Total",172907000,114
"Texas Tech U.",2016,"Total",172521000,115
"West Virginia U.",2016,"Total",172477000,116
"Florida International U.",2016,"Total",170846000,117
"Wake Forest U.",2016,"Total",170006000,118
"Tulane U.",2016,"Total",165438000,119
"U. Houston",2016,"Total",162049000,120
"Georgia State U.",2016,"Total",161314000,121
"North Dakota State U.",2016,"Total",156297000,122
"Rice U.",2016,"Total",154543000,123
"Auburn U., Auburn",2016,"Total",152381000,124
"U. California, Riverside",2016,"Total",152233000,125
"U. California, Santa Cruz",2016,"Total",151192000,126
"U. Arkansas, Fayetteville",2016,"Total",145020000,127
"U. New Hampshire",2016,"Total",145015000,128
"U. Alaska, Fairbanks",2016,"Total",144259000,129
"New Jersey Institute of Technology",2016,"Total",130812000,130
"Northeastern U.",2016,"Total",129040000,131
"Drexel U.",2016,"Total",127909000,132
"U. Arkansas for Medical Sciences",2016,"Total",125378000,133
"Thomas Jefferson U.",2016,"Total",122396000,134
"U. Mississippi",2016,"Total",121665000,135
"SUNY, U. Albany",2016,"Total",120232000,136
"U. Dayton",2016,"Total",116589000,137
"U. Vermont",2016,"Total",115611000,138
"Montana State U., Bozeman",2016,"Total",112073000,139
"U. Wyoming",2016,"Total",112056000,140
"George Mason U.",2016,"Total",108899000,141
"New Mexico State U.",2016,"Total",106282000,142
"U. Texas, Dallas",2016,"Total",106205000,143
"U. Idaho",2016,"Total",102457000,144
"Rensselaer Polytechnic Institute",2016,"Total",101127000,145
"U. Oregon",2016,"Total",100754000,146
"U. Rhode Island",2016,"Total",97900000,147
"U. Alabama, Huntsville",2016,"Total",96865000,148
"U. Nevada, Reno",2016,"Total",95475000,149
"U. Texas, El Paso",2016,"Total",91330000,150
"San Diego State U.",2016,"Total",90722000,151
"Cold Spring Harbor Laboratory",2016,"Total",88943000,152
"U. Texas, Arlington",2016,"Total",87386000,153
"SUNY, Binghamton U.",2016,"Total",85192000,154
"Syracuse U.",2016,"Total",84651000,155
"U. Louisiana, Lafayette",2016,"Total",80099000,156
"U. Maine",2016,"Total",79222000,157
"Cleveland State U.",2016,"Total",77720000,158
"Brandeis U.",2016,"Total",73435000,159
"Rush U.",2016,"Total",73351000,160
"Michigan Technological U.",2016,"Total",72536000,161
"U. Tennessee, Health Science Center",2016,"Total",71547000,162
"Augusta U.",2016,"Total",71338000,163
"U. North Dakota",2016,"Total",70275000,164
"U. Maryland, Baltimore County",2016,"Total",70166000,165
"U. Montana, Missoula",2016,"Total",70059000,166
"Old Dominion U.",2016,"Total",70054000,167
"U. Massachusetts, Lowell",2016,"Total",68494000,168
"Wichita State U.",2016,"Total",65930000,169
"Naval Postgraduate School",2016,"Total",65529000,170
"U. Massachusetts, Boston",2016,"Total",64223000,171
"William & Mary",2016,"Total",63027000,172
"U. Nevada, Las Vegas",2016,"Total",62825000,173
"U. Alabama, Tuscaloosa",2016,"Total",62549000,174
"CUNY, City C.",2016,"Total",62484000,175
"Colorado School of Mines",2016,"Total",60931000,176
"South Dakota State U.",2016,"Total",60677000,177
"U. Texas, San Antonio",2016,"Total",59831000,178
"U. Wisconsin-Milwaukee",2016,"Total",59813000,179
"U. Southern Mississippi",2016,"Total",59363000,180
"Ohio U.",2016,"Total",59117000,181
"U. Akron",2016,"Total",58817000,182
"Indiana U.-Purdue U., Indianapolis",2016,"Total",57853000,183
"American U.",2016,"Total",57064000,184
"Portland State U.",2016,"Total",56572000,185
"Wright State U.",2016,"Total",55484000,186
"U.S. Air Force Academy",2016,"Total",55358000,187
"U. Maryland Center for Environmental Science",2016,"Total",54974000,188
"Boston C.",2016,"Total",54469000,189
"Texas State U.",2016,"Total",54298000,190
"Southern Illinois U., Carbondale",2016,"Total",53172000,191
"U. North Texas, Health Science Center",2016,"Total",50567000,192
"U. Toledo",2016,"Total",50019000,193
"U. Memphis",2016,"Total",48321000,194
"U. South Alabama",2016,"Total",46670000,195
"U. Puerto Rico, Medical Sciences Campus",2016,"Total",46232000,196
"Yeshiva U.",2016,"Total",46130000,197
"Rochester Institute of Technology",2016,"Total",45518000,198
"Florida A&M U.",2016,"Total",45390000,199
"Louisiana State U., Health Sciences Center, New Orleans",2016,"Total",43067000,200
"Loyola U., Chicago",2016,"Total",42672000,201
"Brigham Young U., Provo",2016,"Total",42304000,202
"Saint Louis U.",2016,"Total",42151000,203
"San Jose State U.",2016,"Total",41662000,204
"Howard U.",2016,"Total",41038000,205
"U. West Florida",2016,"Total",40815000,206
"Texas Tech U., Health Sciences Center",2016,"Total",40235000,207
"Van Andel Research Institute",2016,"Total",40040000,208
"Northern Arizona U.",2016,"Total",39580000,209
"U. California, Office of the President",2016,"Total",39051000,210
"Morehouse School of Medicine",2016,"Total",38774000,211
"Worcester Polytechnic Institute",2016,"Total",37822000,212
"U. North Texas, Denton",2016,"Total",37106000,213
"CUNY, Hunter C.",2016,"Total",37094000,214
"Stevens Institute of Technology",2016,"Total",35765000,215
"Missouri U. of Science and Technology",2016,"Total",35756000,216
"Kent State U.",2016,"Total",34661000,217
"North Carolina A&T State U.",2016,"Total",33759000,218
"SUNY, Downstate Health Sciences U.",2016,"Total",33735000,219
"Lehigh U.",2016,"Total",32941000,220
"Eastern Virginia Medical School",2016,"Total",32550000,221
"Boise State U.",2016,"Total",32085000,222
"SUNY, Upstate Medical U.",2016,"Total",31892000,223
"Southern Methodist U.",2016,"Total",31819000,224
"Mercer U.",2016,"Total",31735000,225
"U. Texas Rio Grande Valley",2016,"Total",31007000,226
"Air Force Institute of Technology",2016,"Total",29998000,227
"Illinois Institute of Technology",2016,"Total",29826000,228
"Desert Research Institute",2016,"Total",29422000,229
"U. California, Merced",2016,"Total",29370000,230
"Marquette U.",2016,"Total",28422000,231
"San Francisco State U.",2016,"Total",28273000,232
"U. North Carolina, Charlotte",2016,"Total",27815000,233
"U. Minnesota, Duluth",2016,"Total",27528000,234
"U. Massachusetts, Dartmouth",2016,"Total",26824000,235
"Baylor U.",2016,"Total",26767000,236
"Florida Atlantic U.",2016,"Total",26750000,237
"U. Missouri, Kansas City",2016,"Total",26292000,238
"U. South Dakota",2016,"Total",25864000,239
"U. Puerto Rico, Mayaguez",2016,"Total",25491000,240
"Fordham U.",2016,"Total",25374000,241
"East Carolina U.",2016,"Total",25273000,242
"Catholic U. of America",2016,"Total",25139000,243
"Alabama A&M U.",2016,"Total",25112000,244
"Texas A&M U.-Corpus Christi",2016,"Total",24786000,245
"SUNY, C. of Environmental Science and Forestry",2016,"Total",24504000,246
"Teachers C., Columbia U.",2016,"Total",24124000,247
"U. North Carolina, Greensboro",2016,"Total",23965000,248
"Jackson State U.",2016,"Total",23832000,249
"Creighton U.",2016,"Total",23510000,250
"U. Puerto Rico, Rio Piedras",2016,"Total",23491000,251
"Louisiana State U., Health Sciences Center, Shreveport",2016,"Total",23353000,252
"Louisiana Tech U.",2016,"Total",23104000,253
"Loma Linda U.",2016,"Total",22977000,254
"U. Tulsa",2016,"Total",22347000,255
"Rutgers, State U. New Jersey, Newark",2016,"Total",21492000,256
"U. Denver",2016,"Total",21326000,257
"Delaware State U.",2016,"Total",21320000,258
"Texas A&M U.-Kingsville",2016,"Total",21309000,259
"Northern Illinois U.",2016,"Total",21225000,260
"U. of the Virgin Islands",2016,"Total",21215000,261
"Marshall U.",2016,"Total",20687000,262
"California State U., Sacramento",2016,"Total",20676000,263
"Idaho State U.",2016,"Total",20447000,264
"Illinois State U.",2016,"Total",20408000,265
"Albany Medical C.",2016,"Total",20166000,266
"U. Alaska, Anchorage",2016,"Total",19883000,267
"New Mexico Institute of Mining and Technology",2016,"Total",19598000,268
"Nova Southeastern U.",2016,"Total",19559000,269
"Tennessee State U.",2016,"Total",19520000,270
"CUNY, Queens C.",2016,"Total",19168000,271
"Western Michigan U. and Homer Stryker M.D. School of Medicine",2016,"Total",18927000,272
"Florida Institute of Technology",2016,"Total",18860000,273
"Northeast Ohio Medical U.",2016,"Total",18823000,274
"Southern Illinois U., Edwardsville",2016,"Total",18780000,275
"California Polytechnic State U., San Luis Obispo",2016,"Total",18081000,276
"New School",2016,"Total",17425000,277
"Georgia Southern U.",2016,"Total",17395000,278
"Texas Tech U., Health Sciences Center, El Paso",2016,"Total",17391000,279
"New York Medical C.",2016,"Total",17311000,280
"Duquesne U.",2016,"Total",17089000,281
"Embry-Riddle Aeronautical U.",2016,"Total",16761000,282
"Rosalind Franklin U. of Medicine and Science",2016,"Total",16760000,283
"Tuskegee U.",2016,"Total",16535000,284
"California State U., Long Beach",2016,"Total",16390000,285
"California State U., Northridge",2016,"Total",16330000,286
"California State Polytechnic U., Humboldt",2016,"Total",16143000,287
"Miami U.",2016,"Total",16057000,288
"Oakland U.",2016,"Total",16001000,289
"Morgan State U.",2016,"Total",15727000,290
"Fayetteville State U.",2016,"Total",15725000,291
"U. New Orleans",2016,"Total",15719000,292
"U. North Carolina, Wilmington",2016,"Total",15715000,293
"South Dakota School of Mines and Technology",2016,"Total",15396000,294
"Villanova U.",2016,"Total",14903000,295
"Meharry Medical C.",2016,"Total",14768000,296
"Bowling Green State U.",2016,"Total",14460000,297
"Hampton U.",2016,"Total",14225000,298
"Central Michigan U.",2016,"Total",14166000,299
"U.S. Military Academy",2016,"Total",13500000,300
"U. Missouri, Saint Louis",2016,"Total",13460000,301
"Charles R. Drew U. of Medicine and Science",2016,"Total",13360000,302
"South Carolina State U.",2016,"Total",13076000,303
"Clarkson U.",2016,"Total",12983000,304
"Prairie View A&M U.",2016,"Total",12616000,305
"North Carolina Central U.",2016,"Total",12463000,306
"Xavier U. Louisiana",2016,"Total",12084000,307
"Montana Technological U.",2016,"Total",11851000,308
"U. Texas Health Science Center, Tyler",2016,"Total",11799000,309
"Ball State U.",2016,"Total",11763000,310
"Wellesley C.",2016,"Total",11664000,311
"Tennessee Technological U.",2016,"Total",11528000,312
"U.S. Naval Academy",2016,"Total",11374000,313
"U. Hawaii, Hilo",2016,"Total",11287000,314
"Langston U.",2016,"Total",11178000,315
"Bryn Mawr C.",2016,"Total",10867000,316
"California State U., San Bernardino",2016,"Total",10771000,317
"Western Washington U.",2016,"Total",10743000,318
"Fisk U.",2016,"Total",10635000,319
"U. Nebraska, Omaha",2016,"Total",10459000,320
"Rowan U.",2016,"Total",10212000,321
"C. Charleston",2016,"Total",10189000,322
"Rhode Island C.",2016,"Total",9943000,323
"CUNY, John Jay C. of Criminal Justice",2016,"Total",9688000,324
"CUNY, Brooklyn C.",2016,"Total",9602000,325
"Dillard U.",2016,"Total",9566000,326
"DePaul U.",2016,"Total",9558000,327
"Tarleton State U.",2016,"Total",9404000,328
"St. Edward's U.",2016,"Total",9325000,329
"Claremont Graduate U.",2016,"Total",9210000,330
"Western Kentucky U.",2016,"Total",8926000,331
"Azusa Pacific U.",2016,"Total",8898000,332
"U. Arkansas, Pine Bluff",2016,"Total",8873000,333
"California State U., Fresno",2016,"Total",8586000,334
"Clark Atlanta U.",2016,"Total",8513000,335
"Salisbury U.",2016,"Total",8473000,336
"U. Washington, Bothell",2016,"Total",8406000,337
"Kennesaw State U.",2016,"Total",8279000,338
"U. Maryland, Eastern Shore",2016,"Total",8250000,339
"Alcorn State U.",2016,"Total",8204000,340
"Arkansas State U., Jonesboro",2016,"Total",8169000,341
"Virginia State U.",2016,"Total",8147000,342
"East Tennessee State U.",2016,"Total",7982000,343
"U. Michigan, Dearborn",2016,"Total",7904000,344
"Wesleyan U.",2016,"Total",7740000,345
"Midwestern U.",2016,"Total",7732000,346
"U. Arkansas, Little Rock",2016,"Total",7604000,347
"Norfolk State U.",2016,"Total",7593000,348
"U. New England",2016,"Total",7566000,349
"Loyola Marymount U.",2016,"Total",7504000,350
"U. Guam",2016,"Total",7402000,351
"Florida Gulf Coast U.",2016,"Total",7335000,352
"Seton Hall U.",2016,"Total",7244000,353
"Kentucky State U.",2016,"Total",7178000,354
"CUNY, Graduate Center",2016,"Total",7093000,355
"U. Central del Caribe",2016,"Total",7090000,356
"Clark U.",2016,"Total",6970000,357
"Gallaudet U.",2016,"Total",6947000,358
"Western U. of Health Sciences",2016,"Total",6895000,359
"U. Colorado Colorado Springs",2016,"Total",6812000,360
"Grand Valley State U.",2016,"Total",6764000,361
"California State U., San Marcos",2016,"Total",6634000,362
"Texas Christian U.",2016,"Total",6589000,363
"Chapman U.",2016,"Total",6554000,364
"National Defense U.",2016,"Total",6447000,365
"Carleton C.",2016,"Total",6385000,366
"U. Central Oklahoma",2016,"Total",6275000,367
"Fairfield U.",2016,"Total",6174000,368
"Middle Tennessee State U.",2016,"Total",6164000,369
"Claremont McKenna C.",2016,"Total",6094000,370
"Purdue U., Fort Wayne",2016,"Total",5952000,371
"West Chester U. Pennsylvania",2016,"Total",5895000,372
"Lincoln U., Jefferson City",2016,"Total",5826000,373
"U. Baltimore",2016,"Total",5798000,374
"California State U., Fullerton",2016,"Total",5755000,375
"Williams C.",2016,"Total",5747000,376
"Edward Via C. of Osteopathic Medicine",2016,"Total",5692000,377
"California State U., Monterey Bay",2016,"Total",5680000,378
"U. Tennessee, Chattanooga",2016,"Total",5600000,379
"Pennsylvania State U., Behrend",2016,"Total",5382000,380
"California State U., Los Angeles",2016,"Total",5371000,381
"Pace U.",2016,"Total",5359000,382
"CUNY, Lehman C.",2016,"Total",5347000,383
"California State Polytechnic U., Pomona",2016,"Total",5254000,384
"West Virginia State U.",2016,"Total",5224000,385
"Montclair State U.",2016,"Total",5207000,386
"U. North Florida",2016,"Total",5141000,387
"Fort Valley State U.",2016,"Total",5138000,388
"U. Oklahoma, Tulsa",2016,"Total",4962000,389
"U. Southern Maine",2016,"Total",4773000,390
"Stephen F. Austin State U.",2016,"Total",4749000,391
"U. San Diego",2016,"Total",4734000,392
"Southern U. and A&M C., Agricultural Research and Extension Center",2016,"Total",4704000,393
"Bucknell U.",2016,"Total",4516000,394
"Texas Southern U.",2016,"Total",4495000,395
"Smith C.",2016,"Total",4466000,396
"Harvey Mudd C.",2016,"Total",4332000,397
"Southern U. and A&M C., Baton Rouge",2016,"Total",4322000,398
"Morehouse C.",2016,"Total",4315000,399
"Amherst C.",2016,"Total",4260000,400
"Rutgers, State U. New Jersey, Camden",2016,"Total",4250000,401
"Grinnell C.",2016,"Total",4183000,402
"SUNY, C. of Optometry",2016,"Total",4169000,403
"New York Institute of Technology",2016,"Total",4114000,404
"West Texas A&M U.",2016,"Total",4048000,405
"Minnesota State U., Mankato",2016,"Total",4034000,406
"U. Northern Colorado",2016,"Total",4028000,407
"Oregon Institute of Technology",2016,"Total",4027000,408
"Alfred U.",2016,"Total",3975000,409
"U. Washington, Tacoma",2016,"Total",3957000,410
"Milwaukee School of Engineering",2016,"Total",3930000,411
"U. New Haven",2016,"Total",3822000,412
"Eastern Michigan U.",2016,"Total",3815000,413
"Franklin and Marshall C.",2016,"Total",3772000,414
"Texas A&M International U.",2016,"Total",3742000,415
"Pomona C.",2016,"Total",3691000,416
"U. Detroit Mercy",2016,"Total",3654000,417
"U. Northern Iowa",2016,"Total",3632000,418
"Barnard C.",2016,"Total",3534000,419
"CUNY, C. Staten Island",2016,"Total",3511000,420
"St. Cloud State U.",2016,"Total",3497000,421
"U. of the District of Columbia",2016,"Total",3469000,422
"Touro U., California",2016,"Total",3466000,423
"U. Central Arkansas",2016,"Total",3453000,424
"Roseman U. of Health Sciences",2016,"Total",3433000,425
"Mount Holyoke C.",2016,"Total",3403000,426
"Eastern Washington U.",2016,"Total",3368000,427
"U. North Carolina, Asheville",2016,"Total",3348000,428
"James Madison U.",2016,"Total",3303000,429
"Lewis and Clark C.",2016,"Total",3267000,430
"Sam Houston State U.",2016,"Total",3266000,431
"Southern Connecticut State U.",2016,"Total",3243000,432
"Colgate U.",2016,"Total",3219000,433
"Reed C.",2016,"Total",3213000,434
"Swarthmore C.",2016,"Total",3211000,435
"U. Wisconsin-La Crosse",2016,"Total",3211000,435
"Naval War C.",2016,"Total",3210000,437
"Bowdoin C.",2016,"Total",3204000,438
"Pepperdine U.",2016,"Total",3178000,439
"Memorial Sloan Kettering Cancer Center, Louis V. Gerstner Jr. Graduate S. of Biomedical Sciences",2016,"Total",3177000,440
"California State U., Bakersfield",2016,"Total",3161000,441
"Appalachian State U.",2016,"Total",3146000,442
"Erikson Institute",2016,"Total",3117000,443
"Missouri State U.",2016,"Total",3069000,444
"U. Richmond",2016,"Total",3047000,445
"Texas Woman's U.",2016,"Total",3014000,446
"U. of the Pacific",2016,"Total",3013000,447
"CUNY, Baruch C.",2016,"Total",2998000,448
"U. Wisconsin-Stevens Point",2016,"Total",2973000,449
"Texas A&M U.-Commerce",2016,"Total",2943000,450
"U. Texas, Tyler",2016,"Total",2844000,451
"Black Hills State U.",2016,"Total",2833000,452
"Hope C.",2016,"Total",2811000,453
"California State U., Dominguez Hills",2016,"Total",2790000,454
"Lamar U.",2016,"Total",2783000,455
"Central Washington U.",2016,"Total",2751000,456
"Toyota Technological Institute, Chicago",2016,"Total",2710000,457
"Hamilton C.",2016,"Total",2662000,458
"Elon U.",2016,"Total",2606000,459
"Pennsylvania State U., Harrisburg",2016,"Total",2558000,460
"MGH Institute of Health Professions",2016,"Total",2548000,461
"U. Ana G. Mendez, Gurabo",2016,"Total",2518000,462
"Pacific U.",2016,"Total",2508000,463
"Tougaloo C.",2016,"Total",2473000,464
"Willamette U.",2016,"Total",2459000,465
"Philadelphia C. of Osteopathic Medicine",2016,"Total",2458000,466
"Roger Williams U.",2016,"Total",2441000,467
"U. Louisiana, Monroe",2016,"Total",2441000,467
"Hofstra U.",2016,"Total",2440000,469
"Biola U.",2016,"Total",2418000,470
"Morehead State U.",2016,"Total",2399000,471
"Trinity U.",2016,"Total",2383000,472
"Alabama State U.",2016,"Total",2372000,473
"Hawaii Pacific U.",2016,"Total",2371000,474
"U. San Francisco",2016,"Total",2365000,475
"California State U., Chico",2016,"Total",2363000,476
"Youngstown State U.",2016,"Total",2342000,477
"St. John's U., New York",2016,"Total",2307000,478
"Towson U.",2016,"Total",2303000,479
"Savannah State U.",2016,"Total",2267000,480
"SUNY, Buffalo State U.",2016,"Total",2221000,481
"Oklahoma State U., Center for Health Sciences",2016,"Total",2182000,482
"Haverford C.",2016,"Total",2173000,483
"Dakota State U.",2016,"Total",2171000,484
"Saint Joseph's U.",2016,"Total",2171000,484
"Pittsburg State U.",2016,"Total",2162000,486
"Union C., Schenectady",2016,"Total",2150000,487
"Southeastern Louisiana U.",2016,"Total",2128000,488
"Murray State U.",2016,"Total",2124000,489
"Babson C.",2016,"Total",2108000,490
"Johnson C. Smith U.",2016,"Total",2094000,491
"Santa Clara U.",2016,"Total",2056000,492
"Seattle U.",2016,"Total",2050000,493
"Sul Ross State U.",2016,"Total",2015000,494
"Occidental C.",2016,"Total",2008000,495
"Winthrop U.",2016,"Total",1993000,496
"Connecticut C.",2016,"Total",1972000,497
"Spelman C.",2016,"Total",1929000,498
"Bowie State U.",2016,"Total",1927000,499
"William Paterson U.",2016,"Total",1919000,500
"Lawrence Technological U.",2016,"Total",1907000,501
"Colby C.",2016,"Total",1903000,502
"Elizabeth City State U.",2016,"Total",1889000,503
"Furman U.",2016,"Total",1869000,504
"U. Nebraska, Kearney",2016,"Total",1864000,505
"Northern Kentucky U.",2016,"Total",1846000,506
"Austin Peay State U.",2016,"Total",1823000,507
"Middlebury C.",2016,"Total",1822000,508
"Calvin U.",2016,"Total",1809000,509
"U. Alaska, Southeast",2016,"Total",1808000,510
"U. Hartford",2016,"Total",1803000,511
"Albany C. of Pharmacy and Health Sciences",2016,"Total",1789000,512
"U. Houston-Downtown",2016,"Total",1784000,513
"Bates C.",2016,"Total",1781000,514
"Coastal Carolina U.",2016,"Total",1779000,515
"Colorado C.",2016,"Total",1775000,516
"Claflin U.",2016,"Total",1772000,517
"Indiana State U.",2016,"Total",1763000,518
"Franklin W. Olin C. of Engineering",2016,"Total",1762000,519
"SUNY, Geneseo",2016,"Total",1750000,520
"U. Illinois, Springfield",2016,"Total",1683000,521
"Keck Graduate Institute",2016,"Total",1660000,522
"CUNY, system office",2016,"Total",1655000,523
"Benedict C.",2016,"Total",1653000,524
"Central State U.",2016,"Total",1643000,525
"Northwestern State U. Louisiana",2016,"Total",1628000,526
"St. Olaf C.",2016,"Total",1605000,527
"U. Wisconsin-Green Bay",2016,"Total",1599000,528
"Trinity C., Hartford",2016,"Total",1598000,529
"U. Houston-Clear Lake",2016,"Total",1578000,530
"Grambling State U.",2016,"Total",1570000,531
"Macalester C.",2016,"Total",1562000,532
"U. Texas of the Permian Basin",2016,"Total",1561000,533
"Drake U.",2016,"Total",1558000,534
"Lafayette C.",2016,"Total",1553000,535
"Davidson C.",2016,"Total",1521000,536
"Palmer C. of Chiropractic, Davenport",2016,"Total",1510000,537
"Albany State U.",2016,"Total",1496000,538
"Vassar C.",2016,"Total",1495000,539
"Suffolk U.",2016,"Total",1492000,540
"Marshall B. Ketchum U.",2016,"Total",1491000,541
"Eastern Kentucky U.",2016,"Total",1486000,542
"Indiana U., South Bend",2016,"Total",1474000,543
"Saint John's U.",2016,"Total",1459000,544
"U. South Carolina, Aiken",2016,"Total",1445000,545
"Long Island U.",2016,"Total",1420000,546
"U. Puerto Rico, Cayey",2016,"Total",1415000,547
"Des Moines U.",2016,"Total",1401000,548
"California State U., Channel Islands",2016,"Total",1383000,549
"Alaska Pacific U.",2016,"Total",1358000,550
"Winston-Salem State U.",2016,"Total",1356000,551
"SUNY, C. Brockport",2016,"Total",1335000,552
"Skidmore C.",2016,"Total",1327000,553
"Central Connecticut State U.",2016,"Total",1322000,554
"C. of Saint Benedict",2016,"Total",1305000,555
"Oberlin C.",2016,"Total",1305000,555
"Western Carolina U.",2016,"Total",1305000,555
"Western New England U.",2016,"Total",1291000,558
"Heidelberg U.",2016,"Total",1286000,559
"U. of St. Thomas (MN)",2016,"Total",1266000,560
"La Sierra U.",2016,"Total",1255000,561
"Norwich U.",2016,"Total",1249000,562
"California State U., Stanislaus",2016,"Total",1248000,563
"Indiana U. Pennsylvania",2016,"Total",1241000,564
"U. Wisconsin-Eau Claire",2016,"Total",1238000,565
"Eastern Connecticut State U.",2016,"Total",1209000,566
"Providence C.",2016,"Total",1196000,567
"Saginaw Valley State U.",2016,"Total",1190000,568
"Christopher Newport U.",2016,"Total",1172000,569
"Northern Michigan U.",2016,"Total",1118000,570
"New Mexico Highlands U.",2016,"Total",1111000,571
"Lake Superior State U.",2016,"Total",1039000,572
"SUNY, C. Plattsburgh",2016,"Total",1020000,573
"New England C. of Optometry",2016,"Total",980000,574
"Chicago State U.",2016,"Total",910000,575
"Kean U.",2016,"Total",908000,576
"Monmouth U.",2016,"Total",9e+05,577
"California State U., East Bay",2016,"Total",837000,578
"Stockton U.",2016,"Total",807000,579
"Sonoma State U.",2016,"Total",693000,580
"Abilene Christian U.",2016,"Total",NA,NA
"Albion C.",2016,"Total",NA,NA
"Andrews U.",2016,"Total",NA,NA
"Arcadia U.",2016,"Total",NA,NA
"Bentley U.",2016,"Total",NA,NA
"Bryant U.",2016,"Total",NA,NA
"Butler U.",2016,"Total",NA,NA
"C. New Jersey",2016,"Total",NA,NA
"C. Wooster",2016,"Total",NA,NA
"CUNY, Advanced Science Research Center",2016,"Total",NA,NA
"CUNY, Graduate School of Public Health and Health Policy",2016,"Total",NA,NA
"CUNY, New York City C. of Technology",2016,"Total",NA,NA
"CUNY, York C.",2016,"Total",NA,NA
"Canisius U.",2016,"Total",NA,NA
"Citadel Military C. South Carolina",2016,"Total",NA,NA
"Colorado State U., Pueblo",2016,"Total",NA,NA
"Dine C.",2016,"Total",NA,NA
"East Stroudsburg U. Pennsylvania",2016,"Total",NA,NA
"Ferris State U.",2016,"Total",NA,NA
"Florida Polytechnic U.",2016,"Total",NA,NA
"Fort Lewis C.",2016,"Total",NA,NA
"Framingham State U.",2016,"Total",NA,NA
"Gettysburg C.",2016,"Total",NA,NA
"Gustavus Adolphus C.",2016,"Total",NA,NA
"Hartford International U. for Religion and Peace",2016,"Total",NA,NA
"High Tech High Graduate School of Ed.",2016,"Total",NA,NA
"Hobart and William Smith Colleges",2016,"Total",NA,NA
"Ithaca C.",2016,"Total",NA,NA
"Kenyon C.",2016,"Total",NA,NA
"Liberty U.",2016,"Total",NA,NA
"Lincoln Memorial U.",2016,"Total",NA,NA
"Lincoln U.",2016,"Total",NA,NA
"Lipscomb U.",2016,"Total",NA,NA
"Manhattan C.",2016,"Total",NA,NA
"Marian U., Indianapolis",2016,"Total",NA,NA
"Marymount U.",2016,"Total",NA,NA
"Merrimack C.",2016,"Total",NA,NA
"National U. of Natural Medicine",2016,"Total",NA,NA
"Nevada State C.",2016,"Total",NA,NA
"New C. Florida",2016,"Total",NA,NA
"Northeastern Illinois U.",2016,"Total",NA,NA
"Northland C.",2016,"Total",NA,NA
"Northwest Indian C.",2016,"Total",NA,NA
"Pennsylvania State U., Altoona",2016,"Total",NA,NA
"Pratt Institute",2016,"Total",NA,NA
"Purdue U., Northwest",2016,"Total",NA,NA
"Radford U.",2016,"Total",NA,NA
"Robert Morris U.",2016,"Total",NA,NA
"SUNY, Cobleskill",2016,"Total",NA,NA
"SUNY, Oswego",2016,"Total",NA,NA
"Sacred Heart U.",2016,"Total",NA,NA
"Southern U., New Orleans",2016,"Total",NA,NA
"St. Mary's C. Maryland",2016,"Total",NA,NA
"Texas A&M U.-San Antonio",2016,"Total",NA,NA
"Touro U., New Yorkg",2016,"Total",NA,NA
"Troy U.",2016,"Total",NA,NA
"U. Colorado Anschutz Medical Campusc",2016,"Total",NA,NA
"U. Colorado Denverc",2016,"Total",NA,NA
"U. Hawaii, Maui C.",2016,"Total",NA,NA
"U. Hawaii, system office",2016,"Total",NA,NA
"U. Marylandb",2016,"Total",NA,NA
"U. Nebraska, Lincoln and Medical Centerd",2016,"Total",NA,NA
"U. North Georgia",2016,"Total",NA,NA
"U. Puerto Rico, Humacao",2016,"Total",NA,NA
"U. Puerto Rico, Ponce",2016,"Total",NA,NA
"U. Puget Sound",2016,"Total",NA,NA
"U. Scranton",2016,"Total",NA,NA
"U. South Carolina, Beaufort",2016,"Total",NA,NA
"U. Virginia's C. Wise",2016,"Total",NA,NA
"U. Wisconsin-Oshkosh",2016,"Total",NA,NA
"U. Wisconsin-Platteville",2016,"Total",NA,NA
"U. Wisconsin-River Falls",2016,"Total",NA,NA
"U. Wisconsin-Superior",2016,"Total",NA,NA
"U. of Health Sciences and Pharmacy in St. Louis",2016,"Total",NA,NA
"U. of Mary Washington",2016,"Total",NA,NA
"U. of the Incarnate Word",2016,"Total",NA,NA
"U.S. Army War C.",2016,"Total",NA,NA
"U.S. Coast Guard Academy",2016,"Total",NA,NA
"United Tribes Technical C.",2016,"Total",NA,NA
"Ursinus C.",2016,"Total",NA,NA
"Utah Valley U.",2016,"Total",NA,NA
"Virginia Military Institute",2016,"Total",NA,NA
"West Virginia School of Osteopathic Medicine",2016,"Total",NA,NA
"Western Illinois U.",2016,"Total",NA,NA
"Wheaton C., Wheaton",2016,"Total",NA,NA
"Whitman C.",2016,"Total",NA,NA
"All institutions",2017,"Total",75149390000,1
"Johns Hopkins U",2017,"Total",2562307000,2
"All other surveyed institutions",2017,"Total",2099138000,3
"U. Michigan, Ann Arbor",2017,"Total",1530139000,4
"U. California, San Francisco",2017,"Total",1409398000,5
"U. Pennsylvania",2017,"Total",1374293000,6
"U. Washington, Seattle",2017,"Total",1348220000,7
"U. Wisconsin-Madison",2017,"Total",1193413000,8
"U. California, San Diego",2017,"Total",1133454000,9
"Duke U.",2017,"Total",1126924000,10
"Harvard U.",2017,"Total",1123160000,11
"Stanford U.",2017,"Total",1109708000,12
"U. North Carolina, Chapel Hill",2017,"Total",1102063000,13
"U. California, Los Angeles",2017,"Total",1076917000,14
"Cornell U.",2017,"Total",984478000,15
"Massachusetts Institute of Technology",2017,"Total",952017000,16
"Yale U.",2017,"Total",951084000,17
"U. Pittsburgh, Pittsburgh",2017,"Total",939706000,18
"U. Minnesota, Twin Cities",2017,"Total",921681000,19
"New York U.",2017,"Total",917744000,20
"Texas A&M U., College Station and Health Science Center",2017,"Total",905474000,21
"Columbia U. in the City of New York",2017,"Total",893062000,22
"U. Texas M. D. Anderson Cancer Center",2017,"Total",888029000,23
"Ohio State U.",2017,"Total",864327000,24
"Pennsylvania State U., University Park and Hershey Medical Center",2017,"Total",854815000,25
"Georgia Institute of Technology",2017,"Total",804301000,26
"U. Florida",2017,"Total",801418000,27
"U. California, Berkeley",2017,"Total",770822000,28
"U. Southern California",2017,"Total",764322000,29
"Washington U., Saint Louis",2017,"Total",754462000,30
"Northwestern U.",2017,"Total",751809000,31
"U. California, Davis",2017,"Total",738347000,32
"Vanderbilt U. and Vanderbilt U. Medical Center",2017,"Total",712036000,33
"Michigan State U.",2017,"Total",694917000,34
"Rutgers, State U. New Jersey, New Brunswick",2017,"Total",681719000,35
"Emory U.",2017,"Total",664888000,36
"U. Texas, Austin",2017,"Total",652187000,37
"U. Illinois, Urbana-Champaign",2017,"Total",642084000,38
"Purdue U., West Lafayette",2017,"Total",622813000,39
"U. Arizona",2017,"Total",622200000,40
"Baylor C. of Medicine",2017,"Total",604952000,41
"Icahn School of Medicine at Mount Sinai",2017,"Total",575448000,42
"U. Alabama, Birmingham",2017,"Total",561851000,43
"U. South Floridae",2017,"Total",557889000,44
"Arizona State U.",2017,"Total",545016000,45
"Indiana U., Bloomington",2017,"Total",540421000,46
"Virginia Polytechnic Institute and State U.",2017,"Total",522425000,47
"North Carolina State U.",2017,"Total",500445000,48
"U. Colorado Boulder",2017,"Total",499389000,49
"U. Iowa",2017,"Total",494280000,50
"U. Virginia, Charlottesville",2017,"Total",469682000,51
"U. Texas Southwestern Medical Center",2017,"Total",461797000,52
"U. Georgia",2017,"Total",455432000,53
"U. Cincinnati",2017,"Total",455250000,54
"U. Chicago",2017,"Total",433328000,55
"Boston U.",2017,"Total",421360000,56
"Case Western Reserve U.",2017,"Total",408609000,57
"SUNY, U. Buffalo",2017,"Total",401591000,58
"California Institute of Technology",2017,"Total",400312000,59
"U. Utah",2017,"Total",380295000,60
"U. Kentucky",2017,"Total",378374000,61
"U. Illinois, Chicago",2017,"Total",372619000,62
"U. Miami",2017,"Total",367877000,63
"U. California, Irvine",2017,"Total",361414000,64
"Scripps Research Institute",2017,"Total",354582000,65
"U. Rochester",2017,"Total",353003000,66
"Rockefeller U.",2017,"Total",348845000,67
"Oregon Health and Science U.",2017,"Total",348449000,68
"Colorado State U., Fort Collins",2017,"Total",338404000,69
"Princeton U.",2017,"Total",334125000,70
"Washington State U.",2017,"Total",331051000,71
"Carnegie Mellon U.",2017,"Total",328100000,72
"Iowa State U.",2017,"Total",323584000,73
"SUNY, Polytechnic Institute",2017,"Total",308861000,74
"Dartmouth C. and Dartmouth Hitchcock Medical Center",2017,"Total",308445000,75
"U. Kansas",2017,"Total",300319000,76
"Uniformed Services U. of the Health Sciences",2017,"Total",298370000,77
"U. Missouri, Columbia",2017,"Total",293006000,78
"U. Hawaii, Manoa",2017,"Total",292021000,79
"Albert Einstein C. of Medicine",2017,"Total",289685000,80
"Florida State U.",2017,"Total",282901000,81
"U. Massachusetts, Medical School",2017,"Total",279884000,82
"U. Oklahoma, Norman and Health Science Center",2017,"Total",272239000,83
"Temple U.",2017,"Total",268385000,84
"U. Connecticut",2017,"Total",267647000,85
"Oregon State U.",2017,"Total",267068000,86
"Louisiana State U., Baton Rouge",2017,"Total",265168000,87
"Medical U. South Carolina",2017,"Total",262267000,88
"U. New Mexico",2017,"Total",246597000,89
"U. Texas Health Science Center, Houston",2017,"Total",246060000,90
"George Washington U.",2017,"Total",245519000,91
"Mississippi State U.",2017,"Total",240972000,92
"SUNY, Stony Brook U.",2017,"Total",238612000,93
"U. California, Santa Barbara",2017,"Total",238246000,94
"Virginia Commonwealth U.",2017,"Total",235464000,95
"Wayne State U.",2017,"Total",227728000,96
"Tufts U.",2017,"Total",223409000,97
"U. Notre Dame",2017,"Total",212823000,98
"Georgetown U.",2017,"Total",212319000,99
"Brown U.",2017,"Total",212290000,100
"U. Massachusetts, Amherst",2017,"Total",210416000,101
"Medical C. Wisconsin",2017,"Total",209618000,102
"U. South Carolina, Columbia",2017,"Total",208670000,103
"U. Tennessee, Knoxvillef",2017,"Total",203800000,104
"U. Central Florida",2017,"Total",200387000,105
"Georgia State U.",2017,"Total",200171000,106
"Kansas State U.",2017,"Total",196478000,107
"Woods Hole Oceanographic Institution",2017,"Total",194088000,108
"Clemson U.",2017,"Total",193268000,109
"Texas Tech U.",2017,"Total",191482000,110
"Auburn U., Auburn",2017,"Total",190340000,111
"Oklahoma State U., Stillwater",2017,"Total",189024000,112
"Utah State U.",2017,"Total",187314000,113
"West Virginia U.",2017,"Total",185606000,114
"U. Texas Medical Branch",2017,"Total",185106000,115
"U. Delaware",2017,"Total",183428000,116
"Wake Forest U.",2017,"Total",182227000,117
"Tulane U.",2017,"Total",180993000,118
"U. Louisville",2017,"Total",177588000,119
"Florida International U.",2017,"Total",177292000,120
"U. Houston",2017,"Total",169431000,121
"U. Texas Health Science Center, San Antonio",2017,"Total",169200000,122
"Rice U.",2017,"Total",167277000,123
"U. California, Riverside",2017,"Total",163632000,124
"U. Arkansas, Fayetteville",2017,"Total",157791000,125
"SUNY, U. Albany",2017,"Total",156386000,126
"North Dakota State U.",2017,"Total",153119000,127
"U. Alaska, Fairbanks",2017,"Total",152694000,128
"Syracuse U.",2017,"Total",145705000,129
"U. New Hampshire",2017,"Total",145375000,130
"Thomas Jefferson U.",2017,"Total",142569000,131
"Northeastern U.",2017,"Total",142349000,132
"New Jersey Institute of Technology",2017,"Total",142164000,133
"Drexel U.",2017,"Total",138577000,134
"U. Dayton",2017,"Total",135214000,135
"U. Mississippi",2017,"Total",134542000,136
"Montana State U., Bozeman",2017,"Total",129622000,137
"U. Arkansas for Medical Sciences",2017,"Total",128508000,138
"U. Wyoming",2017,"Total",125032000,139
"U. California, Santa Cruz",2017,"Total",124344000,140
"U. Vermont",2017,"Total",117667000,141
"U. Texas, Dallas",2017,"Total",113205000,142
"George Mason U.",2017,"Total",112404000,143
"U. Idaho",2017,"Total",109537000,144
"U. Nevada, Reno",2017,"Total",105869000,145
"Rensselaer Polytechnic Institute",2017,"Total",104797000,146
"U. North Dakota",2017,"Total",102823000,147
"New Mexico State U.",2017,"Total",102218000,148
"U. Rhode Island",2017,"Total",101871000,149
"U. Louisiana, Lafayette",2017,"Total",100956000,150
"Augusta U.",2017,"Total",99661000,151
"U. Maine",2017,"Total",99502000,152
"SUNY, Binghamton U.",2017,"Total",98089000,153
"Cold Spring Harbor Laboratory",2017,"Total",97288000,154
"U. Texas, Arlington",2017,"Total",97197000,155
"U. Oregon",2017,"Total",95974000,156
"U. Texas, El Paso",2017,"Total",94565000,157
"U. Alabama, Huntsville",2017,"Total",94376000,158
"San Diego State U.",2017,"Total",89187000,159
"U. Montana, Missoula",2017,"Total",85044000,160
"Cleveland State U.",2017,"Total",83762000,161
"Wichita State U.",2017,"Total",78514000,162
"Rush U.",2017,"Total",74062000,163
"U. Tennessee, Health Science Center",2017,"Total",73393000,164
"Michigan Technological U.",2017,"Total",71629000,165
"U. Maryland, Baltimore County",2017,"Total",70406000,166
"U. Texas, San Antonio",2017,"Total",70163000,167
"U. Massachusetts, Boston",2017,"Total",70019000,168
"U. Massachusetts, Lowell",2017,"Total",69677000,169
"Brandeis U.",2017,"Total",68437000,170
"Old Dominion U.",2017,"Total",67990000,171
"U. Nevada, Las Vegas",2017,"Total",66285000,172
"William & Mary",2017,"Total",64127000,173
"South Dakota State U.",2017,"Total",63412000,174
"U. Alabama, Tuscaloosa",2017,"Total",63282000,175
"U. Southern Mississippi",2017,"Total",61659000,176
"Ohio U.",2017,"Total",61092000,177
"Texas State U.",2017,"Total",60741000,178
"Naval Postgraduate School",2017,"Total",60386000,179
"Colorado School of Mines",2017,"Total",59477000,180
"Wright State U.",2017,"Total",59379000,181
"Boston C.",2017,"Total",58088000,182
"Indiana U.-Purdue U., Indianapolis",2017,"Total",58056000,183
"Saint Louis U.",2017,"Total",56402000,184
"American U.",2017,"Total",56034000,185
"U. Maryland Center for Environmental Science",2017,"Total",55078000,186
"CUNY, City C.",2017,"Total",54627000,187
"U. Wisconsin-Milwaukee",2017,"Total",54181000,188
"Rochester Institute of Technology",2017,"Total",51263000,189
"U. Toledo",2017,"Total",50030000,190
"U. Memphis",2017,"Total",49695000,191
"Portland State U.",2017,"Total",48964000,192
"U. North Texas, Health Science Center",2017,"Total",48476000,193
"Southern Illinois U., Carbondale",2017,"Total",48416000,194
"U.S. Air Force Academy",2017,"Total",48287000,195
"U. California, Office of the President",2017,"Total",46399000,196
"Northern Arizona U.",2017,"Total",46253000,197
"Florida Atlantic U.",2017,"Total",46025000,198
"Howard U.",2017,"Total",45768000,199
"Van Andel Research Institute",2017,"Total",44578000,200
"U. North Texas, Denton",2017,"Total",43789000,201
"Brigham Young U., Provo",2017,"Total",43406000,202
"U. Puerto Rico, Medical Sciences Campus",2017,"Total",42423000,203
"Kent State U.",2017,"Total",42003000,204
"U. South Alabama",2017,"Total",41431000,205
"U. Akron",2017,"Total",41326000,206
"Louisiana State U., Health Sciences Center, New Orleans",2017,"Total",40785000,207
"Texas Tech U., Health Sciences Center",2017,"Total",39767000,208
"Loyola U., Chicago",2017,"Total",39738000,209
"San Jose State U.",2017,"Total",39192000,210
"Missouri U. of Science and Technology",2017,"Total",38243000,211
"Florida A&M U.",2017,"Total",37578000,212
"North Carolina A&T State U.",2017,"Total",37379000,213
"Lehigh U.",2017,"Total",36969000,214
"Morehouse School of Medicine",2017,"Total",36925000,215
"Air Force Institute of Technology",2017,"Total",35733000,216
"SUNY, Upstate Medical U.",2017,"Total",35551000,217
"Stevens Institute of Technology",2017,"Total",35144000,218
"U. California, Merced",2017,"Total",35093000,219
"U. West Florida",2017,"Total",35054000,220
"Boise State U.",2017,"Total",34992000,221
"Worcester Polytechnic Institute",2017,"Total",33368000,222
"Illinois Institute of Technology",2017,"Total",32659000,223
"SUNY, Downstate Health Sciences U.",2017,"Total",31873000,224
"CUNY, Hunter C.",2017,"Total",31273000,225
"Marquette U.",2017,"Total",30034000,226
"San Francisco State U.",2017,"Total",29940000,227
"Southern Methodist U.",2017,"Total",29879000,228
"U. Texas Rio Grande Valley",2017,"Total",29500000,229
"Mercer U.",2017,"Total",29447000,230
"Desert Research Institute",2017,"Total",29440000,231
"Baylor U.",2017,"Total",29400000,232
"Eastern Virginia Medical School",2017,"Total",28671000,233
"U. South Dakota",2017,"Total",28358000,234
"Texas A&M U.-Corpus Christi",2017,"Total",27993000,235
"SUNY, C. of Environmental Science and Forestry",2017,"Total",27923000,236
"U. Puerto Rico, Mayaguez",2017,"Total",26130000,237
"East Carolina U.",2017,"Total",26117000,238
"U. Massachusetts, Dartmouth",2017,"Total",26102000,239
"U. North Carolina, Charlotte",2017,"Total",26097000,240
"Rutgers, State U. New Jersey, Newark",2017,"Total",25898000,241
"U. Missouri, Kansas City",2017,"Total",25123000,242
"U. Minnesota, Duluth",2017,"Total",24956000,243
"Creighton U.",2017,"Total",24315000,244
"Catholic U. of America",2017,"Total",24282000,245
"Teachers C., Columbia U.",2017,"Total",24194000,246
"U. North Carolina, Greensboro",2017,"Total",23231000,247
"Jackson State U.",2017,"Total",22790000,248
"Louisiana Tech U.",2017,"Total",22741000,249
"Texas A&M U.-Kingsville",2017,"Total",22633000,250
"Louisiana State U., Health Sciences Center, Shreveport",2017,"Total",22560000,251
"Nova Southeastern U.",2017,"Total",22508000,252
"Western Michigan U. and Homer Stryker M.D. School of Medicine",2017,"Total",22372000,253
"U. Denver",2017,"Total",22289000,254
"Loma Linda U.",2017,"Total",21846000,255
"U. Puerto Rico, Rio Piedras",2017,"Total",21204000,256
"California State U., Sacramento",2017,"Total",21106000,257
"Alabama A&M U.",2017,"Total",21022000,258
"U. Tulsa",2017,"Total",20879000,259
"U. Alaska, Anchorage",2017,"Total",20861000,260
"Fordham U.",2017,"Total",20807000,261
"Delaware State U.",2017,"Total",20793000,262
"New Mexico Institute of Mining and Technology",2017,"Total",20491000,263
"Albany Medical C.",2017,"Total",20443000,264
"Illinois State U.",2017,"Total",20080000,265
"Northeast Ohio Medical U.",2017,"Total",19216000,266
"Northern Illinois U.",2017,"Total",19150000,267
"Villanova U.",2017,"Total",19037000,268
"California State U., Long Beach",2017,"Total",18805000,269
"Idaho State U.",2017,"Total",18564000,270
"Marshall U.",2017,"Total",18348000,271
"Florida Institute of Technology",2017,"Total",18180000,272
"Tennessee State U.",2017,"Total",18108000,273
"California Polytechnic State U., San Luis Obispo",2017,"Total",17979000,274
"California State U., Northridge",2017,"Total",17979000,274
"Southern Illinois U., Edwardsville",2017,"Total",17393000,276
"Miami U.",2017,"Total",17239000,277
"Duquesne U.",2017,"Total",17197000,278
"Rosalind Franklin U. of Medicine and Science",2017,"Total",17006000,279
"Meharry Medical C.",2017,"Total",16782000,280
"Tuskegee U.",2017,"Total",16535000,281
"Hampton U.",2017,"Total",16482000,282
"Texas Tech U., Health Sciences Center, El Paso",2017,"Total",16479000,283
"U. Texas Health Science Center, Tyler",2017,"Total",16292000,284
"Alcorn State U.",2017,"Total",16129000,285
"Georgia Southern U.",2017,"Total",16084000,286
"U. North Carolina, Wilmington",2017,"Total",16015000,287
"California State Polytechnic U., Humboldt",2017,"Total",15969000,288
"U. New Orleans",2017,"Total",15939000,289
"CUNY, Queens C.",2017,"Total",15936000,290
"Charles R. Drew U. of Medicine and Science",2017,"Total",15652000,291
"New York Medical C.",2017,"Total",15637000,292
"South Dakota School of Mines and Technology",2017,"Total",15541000,293
"Clarkson U.",2017,"Total",15148000,294
"Morgan State U.",2017,"Total",14978000,295
"Central Michigan U.",2017,"Total",14652000,296
"Oakland U.",2017,"Total",14561000,297
"Bowling Green State U.",2017,"Total",14333000,298
"South Carolina State U.",2017,"Total",14300000,299
"North Carolina Central U.",2017,"Total",14119000,300
"Prairie View A&M U.",2017,"Total",13982000,301
"U.S. Military Academy",2017,"Total",13617000,302
"U.S. Naval Academy",2017,"Total",13541000,303
"Embry-Riddle Aeronautical U.",2017,"Total",13335000,304
"Montana Technological U.",2017,"Total",13059000,305
"Western Washington U.",2017,"Total",13014000,306
"California State U., San Bernardino",2017,"Total",12924000,307
"Rowan U.",2017,"Total",12856000,308
"New School",2017,"Total",12740000,309
"Xavier U. Louisiana",2017,"Total",12424000,310
"U. of the Virgin Islands",2017,"Total",12298000,311
"Tennessee Technological U.",2017,"Total",12079000,312
"U. Nebraska, Omaha",2017,"Total",12061000,313
"U. Missouri, Saint Louis",2017,"Total",12042000,314
"CUNY, John Jay C. of Criminal Justice",2017,"Total",11934000,315
"Bryn Mawr C.",2017,"Total",11146000,316
"Langston U.",2017,"Total",11025000,317
"Tarleton State U.",2017,"Total",10893000,318
"Western Kentucky U.",2017,"Total",10814000,319
"Virginia State U.",2017,"Total",10725000,320
"Chapman U.",2017,"Total",10626000,321
"Wellesley C.",2017,"Total",10326000,322
"U. Washington, Bothell",2017,"Total",10219000,323
"St. Edward's U.",2017,"Total",10149000,324
"Kennesaw State U.",2017,"Total",9510000,325
"East Tennessee State U.",2017,"Total",9493000,326
"Midwestern U.",2017,"Total",9207000,327
"Claremont Graduate U.",2017,"Total",9045000,328
"Rhode Island C.",2017,"Total",9030000,329
"Wesleyan U.",2017,"Total",8945000,330
"C. Charleston",2017,"Total",8927000,331
"Purdue U., Northwest",2017,"Total",8924000,332
"U. Guam",2017,"Total",8842000,333
"Ball State U.",2017,"Total",8797000,334
"Fairfield U.",2017,"Total",8749000,335
"DePaul U.",2017,"Total",8561000,336
"Clark U.",2017,"Total",8453000,337
"Azusa Pacific U.",2017,"Total",8430000,338
"U. Michigan, Dearborn",2017,"Total",8315000,339
"California State U., Los Angeles",2017,"Total",8274000,340
"Kentucky State U.",2017,"Total",8151000,341
"U. Arkansas, Pine Bluff",2017,"Total",8136000,342
"Edward Via C. of Osteopathic Medicine",2017,"Total",8119000,343
"California State U., Fresno",2017,"Total",8102000,344
"U. New England",2017,"Total",8064000,345
"CUNY, Graduate Center",2017,"Total",8011000,346
"Clark Atlanta U.",2017,"Total",8007000,347
"Arkansas State U., Jonesboro",2017,"Total",7952000,348
"Pacific U.",2017,"Total",7770000,349
"Salisbury U.",2017,"Total",7731000,350
"Gallaudet U.",2017,"Total",7603000,351
"U. Maryland, Eastern Shore",2017,"Total",7403000,352
"CUNY, Brooklyn C.",2017,"Total",7393000,353
"Norfolk State U.",2017,"Total",7296000,354
"West Chester U. Pennsylvania",2017,"Total",7293000,355
"Seton Hall U.",2017,"Total",7272000,356
"Texas Christian U.",2017,"Total",7255000,357
"U. Southern Maine",2017,"Total",7147000,358
"Dillard U.",2017,"Total",7095000,359
"Loyola Marymount U.",2017,"Total",7071000,360
"U. Hawaii, Hilo",2017,"Total",7008000,361
"Grand Valley State U.",2017,"Total",6917000,362
"Carleton C.",2017,"Total",6888000,363
"U. Baltimore",2017,"Total",6851000,364
"U. Arkansas, Little Rock",2017,"Total",6833000,365
"U. Colorado Colorado Springs",2017,"Total",6680000,366
"California State U., San Marcos",2017,"Total",6549000,367
"U. North Florida",2017,"Total",6476000,368
"U. Tennessee, Chattanooga",2017,"Total",6352000,369
"West Virginia State U.",2017,"Total",6305000,370
"National Defense U.",2017,"Total",6293000,371
"Eastern Michigan U.",2017,"Total",6281000,372
"Western U. of Health Sciences",2017,"Total",6187000,373
"Smith C.",2017,"Total",6055000,374
"Florida Gulf Coast U.",2017,"Total",6025000,375
"Grambling State U.",2017,"Total",5911000,376
"California State Polytechnic U., Pomona",2017,"Total",5863000,377
"U. Central Oklahoma",2017,"Total",5832000,378
"Claremont McKenna C.",2017,"Total",5818000,379
"Montclair State U.",2017,"Total",5796000,380
"U. Central del Caribe",2017,"Total",5634000,381
"California State U., Fullerton",2017,"Total",5510000,382
"California State U., Monterey Bay",2017,"Total",5397000,383
"Fort Valley State U.",2017,"Total",5374000,384
"Purdue U., Fort Wayne",2017,"Total",5254000,385
"Williams C.",2017,"Total",5227000,386
"Lincoln U., Jefferson City",2017,"Total",5164000,387
"Fayetteville State U.",2017,"Total",5105000,388
"Rutgers, State U. New Jersey, Camden",2017,"Total",5103000,389
"U. San Diego",2017,"Total",5089000,390
"Pace U.",2017,"Total",5028000,391
"Fisk U.",2017,"Total",5017000,392
"U. New Haven",2017,"Total",5005000,393
"Southern U. and A&M C., Agricultural Research and Extension Center",2017,"Total",5e+06,394
"CUNY, Lehman C.",2017,"Total",4979000,395
"Grinnell C.",2017,"Total",4953000,396
"West Texas A&M U.",2017,"Total",4943000,397
"Bucknell U.",2017,"Total",4892000,398
"Texas A&M International U.",2017,"Total",4745000,399
"Texas Southern U.",2017,"Total",4722000,400
"Middle Tennessee State U.",2017,"Total",4714000,401
"California State U., Bakersfield",2017,"Total",4652000,402
"U. Northern Colorado",2017,"Total",4538000,403
"U. Oklahoma, Tulsa",2017,"Total",4487000,404
"Appalachian State U.",2017,"Total",4475000,405
"Youngstown State U.",2017,"Total",4439000,406
"Franklin and Marshall C.",2017,"Total",4385000,407
"CUNY, C. Staten Island",2017,"Total",4250000,408
"Naval War C.",2017,"Total",4240000,409
"Texas A&M U.-Commerce",2017,"Total",4227000,410
"Roseman U. of Health Sciences",2017,"Total",4167000,411
"Texas Woman's U.",2017,"Total",4073000,412
"Amherst C.",2017,"Total",4070000,413
"Southern U. and A&M C., Baton Rouge",2017,"Total",4043000,414
"Erikson Institute",2017,"Total",3965000,415
"Lamar U.",2017,"Total",3883000,416
"Pennsylvania State U., Behrend",2017,"Total",3804000,417
"Central Washington U.",2017,"Total",3798000,418
"Harvey Mudd C.",2017,"Total",3748000,419
"U. of the District of Columbia",2017,"Total",3733000,420
"Barnard C.",2017,"Total",3730000,421
"Stephen F. Austin State U.",2017,"Total",3677000,422
"Morehouse C.",2017,"Total",3667000,423
"Sam Houston State U.",2017,"Total",3658000,424
"Mount Holyoke C.",2017,"Total",3635000,425
"Oregon Institute of Technology",2017,"Total",3595000,426
"St. Cloud State U.",2017,"Total",3588000,427
"Swarthmore C.",2017,"Total",3569000,428
"CUNY, Advanced Science Research Center",2017,"Total",3541000,429
"U. Nebraska, Kearney",2017,"Total",3510000,430
"Lewis and Clark C.",2017,"Total",3438000,431
"U. Wisconsin-Stevens Point",2017,"Total",3420000,432
"Colgate U.",2017,"Total",3414000,433
"Milwaukee School of Engineering",2017,"Total",3374000,434
"U. Central Arkansas",2017,"Total",3313000,435
"SUNY, C. of Optometry",2017,"Total",3304000,436
"U. Northern Iowa",2017,"Total",3303000,437
"Memorial Sloan Kettering Cancer Center, Louis V. Gerstner Jr. Graduate S. of Biomedical Sciences",2017,"Total",3285000,438
"Trinity U.",2017,"Total",3274000,439
"Yeshiva U.",2017,"Total",3258000,440
"James Madison U.",2017,"Total",3248000,441
"U. Washington, Tacoma",2017,"Total",3246000,442
"New York Institute of Technology",2017,"Total",3236000,443
"Alfred U.",2017,"Total",3231000,444
"Hope C.",2017,"Total",3225000,445
"Missouri State U.",2017,"Total",3215000,446
"Pomona C.",2017,"Total",3205000,447
"U. Wisconsin-La Crosse",2017,"Total",3187000,448
"Willamette U.",2017,"Total",3147000,449
"Touro U., California",2017,"Total",3122000,450
"U. Richmond",2017,"Total",3106000,451
"Tougaloo C.",2017,"Total",3030000,452
"William Paterson U.",2017,"Total",3012000,453
"Philadelphia C. of Osteopathic Medicine",2017,"Total",2969000,454
"U. South Carolina, Aiken",2017,"Total",2961000,455
"Roger Williams U.",2017,"Total",2952000,456
"U. Illinois, Springfield",2017,"Total",2900000,457
"Toyota Technological Institute, Chicago",2017,"Total",2880000,458
"U. North Carolina, Asheville",2017,"Total",2863000,459
"Morehead State U.",2017,"Total",2860000,460
"Trinity C., Hartford",2017,"Total",2856000,461
"Towson U.",2017,"Total",2834000,462
"U. Detroit Mercy",2017,"Total",2748000,463
"U. San Francisco",2017,"Total",2602000,464
"Albany C. of Pharmacy and Health Sciences",2017,"Total",2567000,465
"CUNY, Baruch C.",2017,"Total",2543000,466
"St. John's U., New York",2017,"Total",2542000,467
"Sul Ross State U.",2017,"Total",2500000,468
"Biola U.",2017,"Total",2499000,469
"Southern Connecticut State U.",2017,"Total",2493000,470
"Minnesota State U., Mankato",2017,"Total",2471000,471
"Murray State U.",2017,"Total",2459000,472
"Oklahoma State U., Center for Health Sciences",2017,"Total",2454000,473
"Haverford C.",2017,"Total",2442000,474
"Saint Joseph's U.",2017,"Total",2409000,475
"Elon U.",2017,"Total",2407000,476
"U. Houston-Downtown",2017,"Total",2397000,477
"Pepperdine U.",2017,"Total",2396000,478
"Hamilton C.",2017,"Total",2354000,479
"Bowdoin C.",2017,"Total",2340000,480
"U. Louisiana, Monroe",2017,"Total",2297000,481
"Indiana U. Pennsylvania",2017,"Total",2291000,482
"Long Island U.",2017,"Total",2290000,483
"Dakota State U.",2017,"Total",2284000,484
"MGH Institute of Health Professions",2017,"Total",2282000,485
"Johnson C. Smith U.",2017,"Total",2255000,486
"Pittsburg State U.",2017,"Total",2255000,486
"Alabama State U.",2017,"Total",2253000,488
"Colorado C.",2017,"Total",2215000,489
"Southeastern Louisiana U.",2017,"Total",2206000,490
"La Sierra U.",2017,"Total",2202000,491
"Hawaii Pacific U.",2017,"Total",2175000,492
"U. of the Pacific",2017,"Total",2155000,493
"Santa Clara U.",2017,"Total",2145000,494
"Austin Peay State U.",2017,"Total",2134000,495
"Black Hills State U.",2017,"Total",2109000,496
"Spelman C.",2017,"Total",2079000,497
"Colby C.",2017,"Total",2071000,498
"U. North Georgia",2017,"Total",2064000,499
"Furman U.",2017,"Total",2051000,500
"Middlebury C.",2017,"Total",2043000,501
"Central State U.",2017,"Total",2008000,502
"Western Illinois U.",2017,"Total",2006000,503
"Eastern Washington U.",2017,"Total",2e+06,504
"Lawrence Technological U.",2017,"Total",1942000,505
"Macalester C.",2017,"Total",1916000,506
"Framingham State U.",2017,"Total",1901000,507
"Coastal Carolina U.",2017,"Total",1893000,508
"Oberlin C.",2017,"Total",1887000,509
"SUNY, Buffalo State U.",2017,"Total",1887000,509
"Connecticut C.",2017,"Total",1875000,511
"Skidmore C.",2017,"Total",1859000,512
"California State U., Dominguez Hills",2017,"Total",1858000,513
"Bates C.",2017,"Total",1853000,514
"Babson C.",2017,"Total",1849000,515
"U. Texas, Tyler",2017,"Total",1837000,516
"Palmer C. of Chiropractic, Davenport",2017,"Total",1836000,517
"Lafayette C.",2017,"Total",1831000,518
"Winthrop U.",2017,"Total",1826000,519
"Bowie State U.",2017,"Total",1813000,520
"U. Hartford",2017,"Total",1801000,521
"U. Houston-Clear Lake",2017,"Total",1779000,522
"U. Ana G. Mendez, Gurabo",2017,"Total",1777000,523
"Occidental C.",2017,"Total",1764000,524
"SUNY, Geneseo",2017,"Total",1758000,525
"Davidson C.",2017,"Total",1736000,526
"Hofstra U.",2017,"Total",1702000,527
"Suffolk U.",2017,"Total",1679000,528
"Benedict C.",2017,"Total",1676000,529
"SUNY, Oswego",2017,"Total",1658000,530
"Pennsylvania State U., Harrisburg",2017,"Total",1654000,531
"Northern Kentucky U.",2017,"Total",1649000,532
"C. Wooster",2017,"Total",1644000,533
"U. Wisconsin-Eau Claire",2017,"Total",1641000,534
"Seattle U.",2017,"Total",1623000,535
"Heidelberg U.",2017,"Total",1621000,536
"U. Alaska, Southeast",2017,"Total",1621000,536
"California State U., Chico",2017,"Total",1600000,538
"Vassar C.",2017,"Total",1600000,538
"Keck Graduate Institute",2017,"Total",1598000,540
"Winston-Salem State U.",2017,"Total",1575000,541
"Franklin W. Olin C. of Engineering",2017,"Total",1553000,542
"Canisius U.",2017,"Total",1546000,543
"St. Olaf C.",2017,"Total",1539000,544
"Marshall B. Ketchum U.",2017,"Total",1512000,545
"U. Wisconsin-Green Bay",2017,"Total",1510000,546
"U. Wisconsin-Oshkosh",2017,"Total",1507000,547
"Western Carolina U.",2017,"Total",1474000,548
"Calvin U.",2017,"Total",1456000,549
"Des Moines U.",2017,"Total",1416000,550
"Reed C.",2017,"Total",1415000,551
"Savannah State U.",2017,"Total",1407000,552
"Saginaw Valley State U.",2017,"Total",1406000,553
"Northeastern Illinois U.",2017,"Total",1403000,554
"Albany State U.",2017,"Total",1393000,555
"Northwestern State U. Louisiana",2017,"Total",1373000,556
"California State U., Stanislaus",2017,"Total",1365000,557
"Claflin U.",2017,"Total",1360000,558
"Elizabeth City State U.",2017,"Total",1340000,559
"Northern Michigan U.",2017,"Total",1339000,560
"Gettysburg C.",2017,"Total",1318000,561
"SUNY, C. Brockport",2017,"Total",1289000,562
"Indiana State U.",2017,"Total",1284000,563
"Wheaton C., Wheaton",2017,"Total",1270000,564
"Saint John's U.",2017,"Total",1267000,565
"Christopher Newport U.",2017,"Total",1264000,566
"Alaska Pacific U.",2017,"Total",1248000,567
"Eastern Kentucky U.",2017,"Total",1248000,567
"U. of St. Thomas (MN)",2017,"Total",1241000,569
"Eastern Connecticut State U.",2017,"Total",1228000,570
"Drake U.",2017,"Total",1215000,571
"Union C., Schenectady",2017,"Total",1189000,572
"U. Texas of the Permian Basin",2017,"Total",1152000,573
"C. of Saint Benedict",2017,"Total",1122000,574
"CUNY, system office",2017,"Total",1114000,575
"U. Puerto Rico, Cayey",2017,"Total",1109000,576
"California State U., Channel Islands",2017,"Total",1096000,577
"C. New Jersey",2017,"Total",1078000,578
"Albion C.",2017,"Total",1074000,579
"U. Wisconsin-River Falls",2017,"Total",1072000,580
"U. Wisconsin-Platteville",2017,"Total",1068000,581
"Lake Superior State U.",2017,"Total",1067000,582
"Indiana U., South Bend",2017,"Total",1039000,583
"New Mexico Highlands U.",2017,"Total",1023000,584
"Providence C.",2017,"Total",1014000,585
"SUNY, C. Plattsburgh",2017,"Total",1003000,586
"New C. Florida",2017,"Total",998000,587
"Central Connecticut State U.",2017,"Total",995000,588
"Hobart and William Smith Colleges",2017,"Total",952000,589
"National U. of Natural Medicine",2017,"Total",921000,590
"U. Puget Sound",2017,"Total",902000,591
"Norwich U.",2017,"Total",878000,592
"Western New England U.",2017,"Total",610000,593
"Bentley U.",2017,"Total",562000,594
"Abilene Christian U.",2017,"Total",NA,NA
"Andrews U.",2017,"Total",NA,NA
"Arcadia U.",2017,"Total",NA,NA
"Bryant U.",2017,"Total",NA,NA
"Butler U.",2017,"Total",NA,NA
"CUNY, Graduate School of Public Health and Health Policy",2017,"Total",NA,NA
"CUNY, New York City C. of Technology",2017,"Total",NA,NA
"CUNY, York C.",2017,"Total",NA,NA
"California State U., East Bay",2017,"Total",NA,NA
"Chicago State U.",2017,"Total",NA,NA
"Citadel Military C. South Carolina",2017,"Total",NA,NA
"Colorado State U., Pueblo",2017,"Total",NA,NA
"Dine C.",2017,"Total",NA,NA
"East Stroudsburg U. Pennsylvania",2017,"Total",NA,NA
"Ferris State U.",2017,"Total",NA,NA
"Florida Polytechnic U.",2017,"Total",NA,NA
"Fort Lewis C.",2017,"Total",NA,NA
"Gustavus Adolphus C.",2017,"Total",NA,NA
"Hartford International U. for Religion and Peace",2017,"Total",NA,NA
"High Tech High Graduate School of Ed.",2017,"Total",NA,NA
"Ithaca C.",2017,"Total",NA,NA
"Kean U.",2017,"Total",NA,NA
"Kenyon C.",2017,"Total",NA,NA
"Liberty U.",2017,"Total",NA,NA
"Lincoln Memorial U.",2017,"Total",NA,NA
"Lincoln U.",2017,"Total",NA,NA
"Lipscomb U.",2017,"Total",NA,NA
"Manhattan C.",2017,"Total",NA,NA
"Marian U., Indianapolis",2017,"Total",NA,NA
"Marymount U.",2017,"Total",NA,NA
"Merrimack C.",2017,"Total",NA,NA
"Monmouth U.",2017,"Total",NA,NA
"Nevada State C.",2017,"Total",NA,NA
"New England C. of Optometry",2017,"Total",NA,NA
"Northland C.",2017,"Total",NA,NA
"Northwest Indian C.",2017,"Total",NA,NA
"Pennsylvania State U., Altoona",2017,"Total",NA,NA
"Pratt Institute",2017,"Total",NA,NA
"Radford U.",2017,"Total",NA,NA
"Robert Morris U.",2017,"Total",NA,NA
"SUNY, Cobleskill",2017,"Total",NA,NA
"Sacred Heart U.",2017,"Total",NA,NA
"Sonoma State U.",2017,"Total",NA,NA
"Southern U., New Orleans",2017,"Total",NA,NA
"St. Mary's C. Maryland",2017,"Total",NA,NA
"Stockton U.",2017,"Total",NA,NA
"Texas A&M U.-San Antonio",2017,"Total",NA,NA
"Touro U., New Yorkg",2017,"Total",NA,NA
"Troy U.",2017,"Total",NA,NA
"U. Colorado Anschutz Medical Campusc",2017,"Total",NA,NA
"U. Colorado Denverc",2017,"Total",NA,NA
"U. Hawaii, Maui C.",2017,"Total",NA,NA
"U. Hawaii, system office",2017,"Total",NA,NA
"U. Marylandb",2017,"Total",NA,NA
"U. Nebraska, Lincoln and Medical Centerd",2017,"Total",NA,NA
"U. Puerto Rico, Humacao",2017,"Total",NA,NA
"U. Puerto Rico, Ponce",2017,"Total",NA,NA
"U. Scranton",2017,"Total",NA,NA
"U. South Carolina, Beaufort",2017,"Total",NA,NA
"U. Virginia's C. Wise",2017,"Total",NA,NA
"U. Wisconsin-Superior",2017,"Total",NA,NA
"U. of Health Sciences and Pharmacy in St. Louis",2017,"Total",NA,NA
"U. of Mary Washington",2017,"Total",NA,NA
"U. of the Incarnate Word",2017,"Total",NA,NA
"U.S. Army War C.",2017,"Total",NA,NA
"U.S. Coast Guard Academy",2017,"Total",NA,NA
"United Tribes Technical C.",2017,"Total",NA,NA
"Ursinus C.",2017,"Total",NA,NA
"Utah Valley U.",2017,"Total",NA,NA
"Virginia Military Institute",2017,"Total",NA,NA
"West Virginia School of Osteopathic Medicine",2017,"Total",NA,NA
"Whitman C.",2017,"Total",NA,NA
"All institutions",2018,"Total",79025976000,1
"Johns Hopkins U",2018,"Total",2661033000,2
"All other surveyed institutions",2018,"Total",2201078000,3
"U. Michigan, Ann Arbor",2018,"Total",1600869000,4
"U. California, San Francisco",2018,"Total",1595732000,5
"U. Pennsylvania",2018,"Total",1441931000,6
"U. Washington, Seattle",2018,"Total",1413902000,7
"U. California, Los Angeles",2018,"Total",1318110000,8
"U. California, San Diego",2018,"Total",1265196000,9
"U. Wisconsin-Madison",2018,"Total",1205518000,10
"Harvard U.",2018,"Total",1173371000,11
"Duke U.",2018,"Total",1167611000,12
"Stanford U.",2018,"Total",1157597000,13
"U. North Carolina, Chapel Hill",2018,"Total",1136158000,14
"Cornell U.",2018,"Total",1071621000,15
"U. Pittsburgh, Pittsburgh",2018,"Total",1006513000,16
"Yale U.",2018,"Total",990399000,17
"Massachusetts Institute of Technology",2018,"Total",964336000,18
"U. Minnesota, Twin Cities",2018,"Total",954683000,19
"Columbia U. in the City of New York",2018,"Total",947504000,20
"U. Texas M. D. Anderson Cancer Center",2018,"Total",929710000,21
"Texas A&M U., College Station and Health Science Center",2018,"Total",922178000,22
"Pennsylvania State U., University Park and Hershey Medical Center",2018,"Total",908708000,23
"Georgia Institute of Technology",2018,"Total",891728000,24
"U. Southern California",2018,"Total",891625000,25
"New York U.",2018,"Total",887558000,26
"Ohio State U.",2018,"Total",875014000,27
"U. Florida",2018,"Total",865093000,28
"Washington U., Saint Louis",2018,"Total",816139000,29
"Northwestern U.",2018,"Total",805672000,30
"U. California, Berkeley",2018,"Total",796505000,31
"U. California, Davis",2018,"Total",788832000,32
"Vanderbilt U. and Vanderbilt U. Medical Center",2018,"Total",738620000,33
"Michigan State U.",2018,"Total",715290000,34
"Emory U.",2018,"Total",712417000,35
"Rutgers, State U. New Jersey, New Brunswick",2018,"Total",706282000,36
"U. Arizona",2018,"Total",687066000,37
"U. Texas, Austin",2018,"Total",679781000,38
"U. Illinois, Urbana-Champaign",2018,"Total",652709000,39
"Icahn School of Medicine at Mount Sinai",2018,"Total",640141000,40
"Purdue U., West Lafayette",2018,"Total",631574000,41
"Baylor C. of Medicine",2018,"Total",623396000,42
"Arizona State U.",2018,"Total",617717000,43
"U. Alabama, Birmingham",2018,"Total",588207000,44
"Indiana U., Bloomington",2018,"Total",566907000,45
"U. Utah",2018,"Total",552306000,46
"U. Virginia, Charlottesville",2018,"Total",551761000,47
"Virginia Polytechnic Institute and State U.",2018,"Total",531636000,48
"U. Colorado Boulder",2018,"Total",514573000,49
"U. Iowa",2018,"Total",511973000,50
"North Carolina State U.",2018,"Total",509841000,51
"Boston U.",2018,"Total",484205000,52
"U. Cincinnati",2018,"Total",480095000,53
"U. Texas Southwestern Medical Center",2018,"Total",474260000,54
"U. Georgia",2018,"Total",453249000,55
"Case Western Reserve U.",2018,"Total",434441000,56
"U. California, Irvine",2018,"Total",426610000,57
"U. Chicago",2018,"Total",423993000,58
"SUNY, U. Buffalo",2018,"Total",410220000,59
"Scripps Research Institute",2018,"Total",396839000,60
"U. Kentucky",2018,"Total",393034000,61
"California Institute of Technology",2018,"Total",391003000,62
"U. South Floridae",2018,"Total",385686000,63
"Colorado State U., Fort Collins",2018,"Total",374955000,64
"Oregon Health and Science U.",2018,"Total",372180000,65
"U. Rochester",2018,"Total",370645000,66
"Princeton U.",2018,"Total",365007000,67
"U. Illinois, Chicago",2018,"Total",361690000,68
"Iowa State U.",2018,"Total",361206000,69
"U. Miami",2018,"Total",357104000,70
"Rockefeller U.",2018,"Total",353142000,71
"U. Kansas",2018,"Total",339046000,72
"Washington State U.",2018,"Total",331424000,73
"Carnegie Mellon U.",2018,"Total",331383000,74
"Dartmouth C. and Dartmouth Hitchcock Medical Center",2018,"Total",323927000,75
"Uniformed Services U. of the Health Sciences",2018,"Total",308326000,76
"Florida State U.",2018,"Total",297661000,77
"Albert Einstein C. of Medicine",2018,"Total",297328000,78
"U. Missouri, Columbia",2018,"Total",294686000,79
"Louisiana State U., Baton Rouge",2018,"Total",286726000,80
"U. Oklahoma, Norman and Health Science Center",2018,"Total",283638000,81
"Medical U. South Carolina",2018,"Total",282253000,82
"U. Hawaii, Manoa",2018,"Total",276388000,83
"Temple U.",2018,"Total",276011000,84
"U. Massachusetts, Medical School",2018,"Total",274211000,85
"Oregon State U.",2018,"Total",272433000,86
"U. Connecticut",2018,"Total",269685000,87
"George Washington U.",2018,"Total",260656000,88
"U. Tennessee, Knoxvillef",2018,"Total",259607000,89
"U. Texas Health Science Center, Houston",2018,"Total",258411000,90
"SUNY, Polytechnic Institute",2018,"Total",257358000,91
"U. New Mexico",2018,"Total",251322000,92
"Virginia Commonwealth U.",2018,"Total",246190000,93
"SUNY, Stony Brook U.",2018,"Total",245016000,94
"Brown U.",2018,"Total",244838000,95
"Mississippi State U.",2018,"Total",244102000,96
"Wayne State U.",2018,"Total",238859000,97
"U. California, Santa Barbara",2018,"Total",235164000,98
"Medical C. Wisconsin",2018,"Total",229436000,99
"Georgetown U.",2018,"Total",221449000,100
"U. Notre Dame",2018,"Total",219993000,101
"Utah State U.",2018,"Total",219397000,102
"Kansas State U.",2018,"Total",218299000,103
"U. Central Florida",2018,"Total",215332000,104
"Clemson U.",2018,"Total",213458000,105
"Tufts U.",2018,"Total",213457000,106
"Auburn U., Auburn",2018,"Total",212925000,107
"U. Massachusetts, Amherst",2018,"Total",211140000,108
"U. South Carolina, Columbia",2018,"Total",206355000,109
"Woods Hole Oceanographic Institution",2018,"Total",204400000,110
"Georgia State U.",2018,"Total",201235000,111
"Florida International U.",2018,"Total",196180000,112
"Tulane U.",2018,"Total",193294000,113
"Wake Forest U.",2018,"Total",191371000,114
"Oklahoma State U., Stillwater",2018,"Total",188756000,115
"U. Delaware",2018,"Total",186192000,116
"Texas Tech U.",2018,"Total",185742000,117
"West Virginia U.",2018,"Total",185110000,118
"U. Texas Medical Branch",2018,"Total",181831000,119
"U. Texas Health Science Center, San Antonio",2018,"Total",179219000,120
"U. Houston",2018,"Total",177484000,121
"U. Louisville",2018,"Total",176655000,122
"U. Arkansas, Fayetteville",2018,"Total",175498000,123
"SUNY, U. Albany",2018,"Total",173031000,124
"U. California, Riverside",2018,"Total",167847000,125
"Northeastern U.",2018,"Total",166711000,126
"New Jersey Institute of Technology",2018,"Total",162349000,127
"Rice U.",2018,"Total",161831000,128
"Drexel U.",2018,"Total",155908000,129
"George Mason U.",2018,"Total",149138000,130
"Thomas Jefferson U.",2018,"Total",148573000,131
"Syracuse U.",2018,"Total",147751000,132
"U. Dayton",2018,"Total",147001000,133
"U. New Hampshire",2018,"Total",146430000,134
"North Dakota State U.",2018,"Total",145669000,135
"U. Nevada, Reno",2018,"Total",144426000,136
"U. Alaska, Fairbanks",2018,"Total",140917000,137
"U. Arkansas for Medical Sciences",2018,"Total",139187000,138
"U. Mississippi",2018,"Total",137521000,139
"U. Vermont",2018,"Total",128293000,140
"U. California, Santa Cruz",2018,"Total",127538000,141
"Montana State U., Bozeman",2018,"Total",125129000,142
"U. Louisiana, Lafayette",2018,"Total",124713000,143
"Cold Spring Harbor Laboratory",2018,"Total",115870000,144
"SUNY, Binghamton U.",2018,"Total",113851000,145
"U. Texas, Dallas",2018,"Total",113315000,146
"U. Wyoming",2018,"Total",113063000,147
"U. Oregon",2018,"Total",111896000,148
"U. Idaho",2018,"Total",111590000,149
"U. North Dakota",2018,"Total",109865000,150
"U. Maine",2018,"Total",106694000,151
"U. Texas, Arlington",2018,"Total",105688000,152
"U. Rhode Island",2018,"Total",104490000,153
"Rensselaer Polytechnic Institute",2018,"Total",100856000,154
"U. Alabama, Huntsville",2018,"Total",99405000,155
"Augusta U.",2018,"Total",99081000,156
"New Mexico State U.",2018,"Total",96270000,157
"U. Texas, El Paso",2018,"Total",91032000,158
"U. Montana, Missoula",2018,"Total",90563000,159
"Rush U.",2018,"Total",89101000,160
"San Diego State U.",2018,"Total",88177000,161
"U. Nevada, Las Vegas",2018,"Total",83800000,162
"Cleveland State U.",2018,"Total",83641000,163
"Wichita State U.",2018,"Total",81137000,164
"U. Tennessee, Health Science Center",2018,"Total",79460000,165
"Michigan Technological U.",2018,"Total",78678000,166
"U. Texas, San Antonio",2018,"Total",72682000,167
"U. Massachusetts, Lowell",2018,"Total",72266000,168
"U. Alabama, Tuscaloosa",2018,"Total",71992000,169
"U. Maryland, Baltimore County",2018,"Total",71481000,170
"Wright State U.",2018,"Total",68035000,171
"William & Mary",2018,"Total",65269000,172
"Texas State U.",2018,"Total",64322000,173
"U. Memphis",2018,"Total",64297000,174
"South Dakota State U.",2018,"Total",63465000,175
"American U.",2018,"Total",61741000,176
"Brandeis U.",2018,"Total",61639000,177
"U. Massachusetts, Boston",2018,"Total",61473000,178
"U. Southern Mississippi",2018,"Total",61336000,179
"Indiana U.-Purdue U., Indianapolis",2018,"Total",60501000,180
"Saint Louis U.",2018,"Total",60380000,181
"Colorado School of Mines",2018,"Total",60372000,182
"Old Dominion U.",2018,"Total",60321000,183
"Naval Postgraduate School",2018,"Total",59213000,184
"Boston C.",2018,"Total",57030000,185
"U. Wisconsin-Milwaukee",2018,"Total",55771000,186
"U. California, Office of the President",2018,"Total",55676000,187
"Van Andel Research Institute",2018,"Total",55171000,188
"U. Maryland Center for Environmental Science",2018,"Total",54136000,189
"CUNY, City C.",2018,"Total",53979000,190
"Ohio U.",2018,"Total",53303000,191
"Northern Arizona U.",2018,"Total",52899000,192
"U. Toledo",2018,"Total",50320000,193
"Southern Illinois U., Carbondale",2018,"Total",49636000,194
"U. North Texas, Health Science Center",2018,"Total",49503000,195
"Rochester Institute of Technology",2018,"Total",49413000,196
"Florida Atlantic U.",2018,"Total",48024000,197
"Portland State U.",2018,"Total",46911000,198
"Howard U.",2018,"Total",45965000,199
"U. North Texas, Denton",2018,"Total",44025000,200
"Missouri U. of Science and Technology",2018,"Total",42986000,201
"Kent State U.",2018,"Total",42792000,202
"Boise State U.",2018,"Total",41382000,203
"San Jose State U.",2018,"Total",41366000,204
"U. Puerto Rico, Medical Sciences Campus",2018,"Total",41216000,205
"U. South Alabama",2018,"Total",41056000,206
"U. West Florida",2018,"Total",41035000,207
"Brigham Young U., Provo",2018,"Total",40755000,208
"U. North Carolina, Charlotte",2018,"Total",39888000,209
"Florida A&M U.",2018,"Total",39682000,210
"Loyola U., Chicago",2018,"Total",39332000,211
"East Carolina U.",2018,"Total",39074000,212
"Louisiana State U., Health Sciences Center, New Orleans",2018,"Total",38989000,213
"Lehigh U.",2018,"Total",38674000,214
"U. California, Merced",2018,"Total",38226000,215
"North Carolina A&T State U.",2018,"Total",38140000,216
"Texas Tech U., Health Sciences Center",2018,"Total",37819000,217
"SUNY, Upstate Medical U.",2018,"Total",36674000,218
"U.S. Air Force Academy",2018,"Total",35925000,219
"SUNY, Downstate Health Sciences U.",2018,"Total",34661000,220
"Mercer U.",2018,"Total",34197000,221
"CUNY, Hunter C.",2018,"Total",33702000,222
"Air Force Institute of Technology",2018,"Total",33360000,223
"Illinois Institute of Technology",2018,"Total",33280000,224
"Morehouse School of Medicine",2018,"Total",33215000,225
"Worcester Polytechnic Institute",2018,"Total",33067000,226
"Stevens Institute of Technology",2018,"Total",33060000,227
"U. Akron",2018,"Total",32582000,228
"Marquette U.",2018,"Total",32471000,229
"Baylor U.",2018,"Total",31936000,230
"Southern Methodist U.",2018,"Total",31140000,231
"U. South Dakota",2018,"Total",30943000,232
"San Francisco State U.",2018,"Total",30903000,233
"Texas A&M U.-Corpus Christi",2018,"Total",30253000,234
"Eastern Virginia Medical School",2018,"Total",30010000,235
"Desert Research Institute",2018,"Total",27875000,236
"U. Denver",2018,"Total",27270000,237
"Rutgers, State U. New Jersey, Newark",2018,"Total",27206000,238
"U. Texas Rio Grande Valley",2018,"Total",27125000,239
"U. Massachusetts, Dartmouth",2018,"Total",26626000,240
"SUNY, C. of Environmental Science and Forestry",2018,"Total",26610000,241
"Catholic U. of America",2018,"Total",25497000,242
"U. Minnesota, Duluth",2018,"Total",25189000,243
"U. Missouri, Kansas City",2018,"Total",25136000,244
"U. Puerto Rico, Mayaguez",2018,"Total",24769000,245
"Louisiana Tech U.",2018,"Total",24655000,246
"Teachers C., Columbia U.",2018,"Total",24477000,247
"Louisiana State U., Health Sciences Center, Shreveport",2018,"Total",24463000,248
"Nova Southeastern U.",2018,"Total",23296000,249
"Northern Illinois U.",2018,"Total",23280000,250
"California State U., Long Beach",2018,"Total",22880000,251
"U. North Carolina, Greensboro",2018,"Total",22743000,252
"California State U., Sacramento",2018,"Total",21429000,253
"New Mexico Institute of Mining and Technology",2018,"Total",21383000,254
"Delaware State U.",2018,"Total",21377000,255
"Albany Medical C.",2018,"Total",21187000,256
"Western Michigan U. and Homer Stryker M.D. School of Medicine",2018,"Total",21184000,257
"Texas A&M U.-Kingsville",2018,"Total",21150000,258
"U. Alaska, Anchorage",2018,"Total",21096000,259
"Illinois State U.",2018,"Total",21055000,260
"Villanova U.",2018,"Total",20730000,261
"Fordham U.",2018,"Total",20644000,262
"Creighton U.",2018,"Total",20587000,263
"U. Tulsa",2018,"Total",20072000,264
"Marshall U.",2018,"Total",20050000,265
"Loma Linda U.",2018,"Total",19892000,266
"Miami U.",2018,"Total",19658000,267
"California State U., Northridge",2018,"Total",19618000,268
"Jackson State U.",2018,"Total",19465000,269
"Southern Illinois U., Edwardsville",2018,"Total",18420000,270
"Northeast Ohio Medical U.",2018,"Total",18231000,271
"Idaho State U.",2018,"Total",18081000,272
"Bowling Green State U.",2018,"Total",17991000,273
"U. Texas Health Science Center, Tyler",2018,"Total",17949000,274
"Tennessee State U.",2018,"Total",17681000,275
"Duquesne U.",2018,"Total",17420000,276
"Florida Institute of Technology",2018,"Total",17378000,277
"Prairie View A&M U.",2018,"Total",17278000,278
"U. Puerto Rico, Rio Piedras",2018,"Total",17085000,279
"Meharry Medical C.",2018,"Total",16980000,280
"U. North Carolina, Wilmington",2018,"Total",16955000,281
"Alabama A&M U.",2018,"Total",16932000,282
"Clarkson U.",2018,"Total",16927000,283
"Embry-Riddle Aeronautical U.",2018,"Total",16767000,284
"Rosalind Franklin U. of Medicine and Science",2018,"Total",16765000,285
"California State U., San Bernardino",2018,"Total",16702000,286
"CUNY, Queens C.",2018,"Total",16676000,287
"Tuskegee U.",2018,"Total",16535000,288
"California Polytechnic State U., San Luis Obispo",2018,"Total",16352000,289
"Rowan U.",2018,"Total",16247000,290
"New York Medical C.",2018,"Total",16226000,291
"Central Michigan U.",2018,"Total",15616000,292
"South Carolina State U.",2018,"Total",15130000,293
"South Dakota School of Mines and Technology",2018,"Total",15092000,294
"California State Polytechnic U., Humboldt",2018,"Total",15044000,295
"North Carolina Central U.",2018,"Total",14942000,296
"U. New Orleans",2018,"Total",14437000,297
"Hampton U.",2018,"Total",14424000,298
"CUNY, John Jay C. of Criminal Justice",2018,"Total",14310000,299
"Chapman U.",2018,"Total",14141000,300
"U.S. Naval Academy",2018,"Total",14057000,301
"East Tennessee State U.",2018,"Total",14043000,302
"Alcorn State U.",2018,"Total",13834000,303
"Oakland U.",2018,"Total",13817000,304
"New School",2018,"Total",13606000,305
"U.S. Military Academy",2018,"Total",13582000,306
"Western Washington U.",2018,"Total",13075000,307
"Morgan State U.",2018,"Total",12993000,308
"Georgia Southern U.",2018,"Total",12978000,309
"U. Nebraska, Omaha",2018,"Total",12943000,310
"Tennessee Technological U.",2018,"Total",12765000,311
"Montana Technological U.",2018,"Total",12666000,312
"Texas Tech U., Health Sciences Center, El Paso",2018,"Total",12556000,313
"Tarleton State U.",2018,"Total",12503000,314
"U. Hawaii, system office",2018,"Total",12340000,315
"U. Missouri, Saint Louis",2018,"Total",12266000,316
"U. of the Virgin Islands",2018,"Total",11957000,317
"Xavier U. Louisiana",2018,"Total",11784000,318
"Wellesley C.",2018,"Total",11530000,319
"Charles R. Drew U. of Medicine and Science",2018,"Total",11490000,320
"U. Guam",2018,"Total",11225000,321
"Kennesaw State U.",2018,"Total",11214000,322
"Ball State U.",2018,"Total",11163000,323
"Langston U.",2018,"Total",10872000,324
"Virginia State U.",2018,"Total",10673000,325
"Wesleyan U.",2018,"Total",10662000,326
"U. Baltimore",2018,"Total",10556000,327
"St. Edward's U.",2018,"Total",10431000,328
"Bryn Mawr C.",2018,"Total",10282000,329
"Midwestern U.",2018,"Total",10173000,330
"U. North Florida",2018,"Total",9994000,331
"CUNY, Graduate School of Public Health and Health Policy",2018,"Total",9751000,332
"Western Kentucky U.",2018,"Total",9617000,333
"California State U., Los Angeles",2018,"Total",9594000,334
"William Paterson U.",2018,"Total",9456000,335
"Rhode Island C.",2018,"Total",9287000,336
"Kentucky State U.",2018,"Total",9125000,337
"Salisbury U.",2018,"Total",9119000,338
"California State U., Fresno",2018,"Total",8988000,339
"Claremont Graduate U.",2018,"Total",8880000,340
"Azusa Pacific U.",2018,"Total",8380000,341
"U. Arkansas, Pine Bluff",2018,"Total",8349000,342
"California State U., San Marcos",2018,"Total",8348000,343
"Clark U.",2018,"Total",8318000,344
"Arkansas State U., Jonesboro",2018,"Total",8245000,345
"U. Arkansas, Little Rock",2018,"Total",8167000,346
"U. Washington, Bothell",2018,"Total",8097000,347
"U. Michigan, Dearborn",2018,"Total",8094000,348
"Purdue U., Northwest",2018,"Total",8062000,349
"California State Polytechnic U., Pomona",2018,"Total",8043000,350
"Montclair State U.",2018,"Total",7980000,351
"Loyola Marymount U.",2018,"Total",7911000,352
"Clark Atlanta U.",2018,"Total",7833000,353
"Gallaudet U.",2018,"Total",7617000,354
"Edward Via C. of Osteopathic Medicine",2018,"Total",7601000,355
"U. Tennessee, Chattanooga",2018,"Total",7585000,356
"U. Southern Maine",2018,"Total",7414000,357
"C. Charleston",2018,"Total",7375000,358
"Sam Houston State U.",2018,"Total",7152000,359
"U. Hawaii, Hilo",2018,"Total",7133000,360
"Middle Tennessee State U.",2018,"Total",7132000,361
"DePaul U.",2018,"Total",7079000,362
"Grand Valley State U.",2018,"Total",6968000,363
"Norfolk State U.",2018,"Total",6914000,364
"U. New England",2018,"Total",6700000,365
"CUNY, Brooklyn C.",2018,"Total",6600000,366
"Eastern Michigan U.",2018,"Total",6600000,366
"Dillard U.",2018,"Total",6573000,368
"Seton Hall U.",2018,"Total",6536000,369
"West Virginia State U.",2018,"Total",6535000,370
"Indiana U. Pennsylvania",2018,"Total",6450000,371
"California State U., Fullerton",2018,"Total",6348000,372
"West Chester U. Pennsylvania",2018,"Total",6340000,373
"Pacific U.",2018,"Total",6264000,374
"U. Oklahoma, Tulsa",2018,"Total",6233000,375
"U. Colorado Colorado Springs",2018,"Total",5976000,376
"Smith C.",2018,"Total",5954000,377
"Texas Christian U.",2018,"Total",5808000,378
"California State U., Monterey Bay",2018,"Total",5799000,379
"Texas A&M International U.",2018,"Total",5735000,380
"Claremont McKenna C.",2018,"Total",5693000,381
"CUNY, Advanced Science Research Center",2018,"Total",5666000,382
"U. San Diego",2018,"Total",5642000,383
"U. New Haven",2018,"Total",5585000,384
"California State U., Bakersfield",2018,"Total",5577000,385
"Grinnell C.",2018,"Total",5573000,386
"CUNY, Lehman C.",2018,"Total",5556000,387
"Carleton C.",2018,"Total",5515000,388
"Williams C.",2018,"Total",5506000,389
"Southern U. and A&M C., Agricultural Research and Extension Center",2018,"Total",5296000,390
"Naval War C.",2018,"Total",5270000,391
"Bucknell U.",2018,"Total",5269000,392
"Western U. of Health Sciences",2018,"Total",5140000,393
"Florida Gulf Coast U.",2018,"Total",5115000,394
"U. Central Oklahoma",2018,"Total",5104000,395
"U. Northern Colorado",2018,"Total",5089000,396
"Fayetteville State U.",2018,"Total",4980000,397
"Purdue U., Fort Wayne",2018,"Total",4945000,398
"U. Maryland, Eastern Shore",2018,"Total",4941000,399
"Amherst C.",2018,"Total",4849000,400
"Texas Woman's U.",2018,"Total",4822000,401
"West Texas A&M U.",2018,"Total",4797000,402
"CUNY, Graduate Center",2018,"Total",4781000,403
"Franklin and Marshall C.",2018,"Total",4769000,404
"U. Detroit Mercy",2018,"Total",4605000,405
"Morehouse C.",2018,"Total",4531000,406
"Youngstown State U.",2018,"Total",4463000,407
"Missouri State U.",2018,"Total",4409000,408
"Pace U.",2018,"Total",4282000,409
"National Defense U.",2018,"Total",4276000,410
"Lincoln U., Jefferson City",2018,"Total",4215000,411
"James Madison U.",2018,"Total",4191000,412
"Vassar C.",2018,"Total",4185000,413
"Southern U. and A&M C., Baton Rouge",2018,"Total",4171000,414
"CUNY, C. Staten Island",2018,"Total",4118000,415
"U. Central del Caribe",2018,"Total",4111000,416
"Roseman U. of Health Sciences",2018,"Total",3973000,417
"Swarthmore C.",2018,"Total",3921000,418
"Fort Valley State U.",2018,"Total",3916000,419
"U. Wisconsin-Stevens Point",2018,"Total",3867000,420
"New York Institute of Technology",2018,"Total",3832000,421
"Colgate U.",2018,"Total",3823000,422
"Harvey Mudd C.",2018,"Total",3790000,423
"Texas Southern U.",2018,"Total",3740000,424
"St. Cloud State U.",2018,"Total",3725000,425
"Alfred U.",2018,"Total",3641000,426
"Appalachian State U.",2018,"Total",3631000,427
"U. Central Arkansas",2018,"Total",3620000,428
"Dakota State U.",2018,"Total",3619000,429
"Central State U.",2018,"Total",3615000,430
"Lamar U.",2018,"Total",3595000,431
"Erikson Institute",2018,"Total",3583000,432
"U. Wisconsin-La Crosse",2018,"Total",3569000,433
"Memorial Sloan Kettering Cancer Center, Louis V. Gerstner Jr. Graduate S. of Biomedical Sciences",2018,"Total",3502000,434
"Barnard C.",2018,"Total",3458000,435
"Texas A&M U.-Commerce",2018,"Total",3431000,436
"U. North Carolina, Asheville",2018,"Total",3414000,437
"Stephen F. Austin State U.",2018,"Total",3336000,438
"MGH Institute of Health Professions",2018,"Total",3328000,439
"Yeshiva U.",2018,"Total",3302000,440
"Rutgers, State U. New Jersey, Camden",2018,"Total",3264000,441
"CUNY, system office",2018,"Total",3253000,442
"Toyota Technological Institute, Chicago",2018,"Total",3251000,443
"Trinity U.",2018,"Total",3244000,444
"Touro U., California",2018,"Total",3233000,445
"Milwaukee School of Engineering",2018,"Total",3232000,446
"Towson U.",2018,"Total",3194000,447
"Hope C.",2018,"Total",3179000,448
"Tougaloo C.",2018,"Total",3173000,449
"Oregon Institute of Technology",2018,"Total",3163000,450
"SUNY, C. of Optometry",2018,"Total",3120000,451
"U. Wisconsin-Superior",2018,"Total",3068000,452
"Central Washington U.",2018,"Total",3066000,453
"Philadelphia C. of Osteopathic Medicine",2018,"Total",3059000,454
"Haverford C.",2018,"Total",3041000,455
"Mount Holyoke C.",2018,"Total",3027000,456
"U. of the Pacific",2018,"Total",3014000,457
"U. Washington, Tacoma",2018,"Total",3006000,458
"Pomona C.",2018,"Total",2983000,459
"U. Northern Iowa",2018,"Total",2983000,459
"Grambling State U.",2018,"Total",2981000,461
"U. of the District of Columbia",2018,"Total",2960000,462
"Minnesota State U., Mankato",2018,"Total",2943000,463
"Sul Ross State U.",2018,"Total",2934000,464
"St. John's U., New York",2018,"Total",2903000,465
"Murray State U.",2018,"Total",2872000,466
"CUNY, Baruch C.",2018,"Total",2817000,467
"Lewis and Clark C.",2018,"Total",2811000,468
"Fisk U.",2018,"Total",2790000,469
"U. Richmond",2018,"Total",2784000,470
"Southern Connecticut State U.",2018,"Total",2763000,471
"Pennsylvania State U., Behrend",2018,"Total",2760000,472
"U. San Francisco",2018,"Total",2741000,473
"Albany C. of Pharmacy and Health Sciences",2018,"Total",2732000,474
"Bowdoin C.",2018,"Total",2724000,475
"Willamette U.",2018,"Total",2723000,476
"Austin Peay State U.",2018,"Total",2644000,477
"U. Nebraska, Kearney",2018,"Total",2639000,478
"Biola U.",2018,"Total",2622000,479
"Oklahoma State U., Center for Health Sciences",2018,"Total",2608000,480
"Reed C.",2018,"Total",2607000,481
"U. South Carolina, Aiken",2018,"Total",2602000,482
"Eastern Washington U.",2018,"Total",2590000,483
"Skidmore C.",2018,"Total",2584000,484
"Colorado C.",2018,"Total",2560000,485
"Stockton U.",2018,"Total",2560000,485
"Seattle U.",2018,"Total",2535000,487
"U. Houston-Downtown",2018,"Total",2508000,488
"Elon U.",2018,"Total",2486000,489
"Johnson C. Smith U.",2018,"Total",2468000,490
"Western Illinois U.",2018,"Total",2466000,491
"U. North Georgia",2018,"Total",2465000,492
"California State U., Chico",2018,"Total",2452000,493
"Northeastern Illinois U.",2018,"Total",2442000,494
"Alabama State U.",2018,"Total",2434000,495
"Morehead State U.",2018,"Total",2434000,495
"CUNY, New York City C. of Technology",2018,"Total",2418000,497
"Long Island U.",2018,"Total",2405000,498
"Spelman C.",2018,"Total",2350000,499
"Santa Clara U.",2018,"Total",2299000,500
"Pittsburg State U.",2018,"Total",2253000,501
"Colby C.",2018,"Total",2240000,502
"La Sierra U.",2018,"Total",2227000,503
"U. Illinois, Springfield",2018,"Total",2164000,504
"Northwest Indian C.",2018,"Total",2154000,505
"Saint Joseph's U.",2018,"Total",2151000,506
"U. Louisiana, Monroe",2018,"Total",2123000,507
"Pennsylvania State U., Harrisburg",2018,"Total",2119000,508
"Hawaii Pacific U.",2018,"Total",2114000,509
"Furman U.",2018,"Total",2064000,510
"California State U., Dominguez Hills",2018,"Total",2043000,511
"Southeastern Louisiana U.",2018,"Total",2039000,512
"Winthrop U.",2018,"Total",2007000,513
"SUNY, Oswego",2018,"Total",1982000,514
"Pepperdine U.",2018,"Total",1954000,515
"SUNY, Geneseo",2018,"Total",1939000,516
"Calvin U.",2018,"Total",1937000,517
"Roger Williams U.",2018,"Total",1937000,517
"Benedict C.",2018,"Total",1934000,519
"SUNY, Buffalo State U.",2018,"Total",1928000,520
"Babson C.",2018,"Total",1917000,521
"Middlebury C.",2018,"Total",1895000,522
"Bowie State U.",2018,"Total",1839000,523
"U. Texas, Tyler",2018,"Total",1828000,524
"Lafayette C.",2018,"Total",1815000,525
"Oberlin C.",2018,"Total",1803000,526
"Hamilton C.",2018,"Total",1796000,527
"Savannah State U.",2018,"Total",1793000,528
"Wheaton C., Wheaton",2018,"Total",1751000,529
"Fairfield U.",2018,"Total",1742000,530
"Christopher Newport U.",2018,"Total",1732000,531
"Northern Michigan U.",2018,"Total",1728000,532
"Trinity C., Hartford",2018,"Total",1672000,533
"Lawrence Technological U.",2018,"Total",1668000,534
"Hofstra U.",2018,"Total",1662000,535
"Northern Kentucky U.",2018,"Total",1653000,536
"U. of St. Thomas (MN)",2018,"Total",1645000,537
"U. Alaska, Southeast",2018,"Total",1641000,538
"Saginaw Valley State U.",2018,"Total",1640000,539
"Davidson C.",2018,"Total",1638000,540
"Bates C.",2018,"Total",1635000,541
"Coastal Carolina U.",2018,"Total",1631000,542
"Winston-Salem State U.",2018,"Total",1629000,543
"Northwestern State U. Louisiana",2018,"Total",1623000,544
"SUNY, C. Plattsburgh",2018,"Total",1604000,545
"Palmer C. of Chiropractic, Davenport",2018,"Total",1600000,546
"U. Ana G. Mendez, Gurabo",2018,"Total",1579000,547
"Black Hills State U.",2018,"Total",1571000,548
"Alaska Pacific U.",2018,"Total",1544000,549
"U. Wisconsin-Oshkosh",2018,"Total",1544000,549
"Union C., Schenectady",2018,"Total",1540000,551
"Gettysburg C.",2018,"Total",1539000,552
"Keck Graduate Institute",2018,"Total",1536000,553
"Claflin U.",2018,"Total",1509000,554
"Western Carolina U.",2018,"Total",1507000,555
"C. Wooster",2018,"Total",1494000,556
"U. Wisconsin-Green Bay",2018,"Total",1454000,557
"Marshall B. Ketchum U.",2018,"Total",1451000,558
"Occidental C.",2018,"Total",1445000,559
"Des Moines U.",2018,"Total",1423000,560
"Macalester C.",2018,"Total",1404000,561
"California State U., Stanislaus",2018,"Total",1394000,562
"U. Puerto Rico, Cayey",2018,"Total",1359000,563
"Connecticut C.",2018,"Total",1349000,564
"U. of the Incarnate Word",2018,"Total",1338000,565
"Indiana State U.",2018,"Total",1323000,566
"Albany State U.",2018,"Total",1301000,567
"SUNY, C. Brockport",2018,"Total",1293000,568
"Heidelberg U.",2018,"Total",1280000,569
"Franklin W. Olin C. of Engineering",2018,"Total",1254000,570
"U. Houston-Clear Lake",2018,"Total",1251000,571
"California State U., Channel Islands",2018,"Total",1248000,572
"U. of Mary Washington",2018,"Total",1242000,573
"Dine C.",2018,"Total",1238000,574
"Kenyon C.",2018,"Total",1227000,575
"U. Wisconsin-Eau Claire",2018,"Total",1227000,575
"Providence C.",2018,"Total",1215000,577
"Saint John's U.",2018,"Total",1208000,578
"U. Puerto Rico, Humacao",2018,"Total",1168000,579
"St. Olaf C.",2018,"Total",1155000,580
"Chicago State U.",2018,"Total",1154000,581
"C. of Saint Benedict",2018,"Total",1142000,582
"Eastern Kentucky U.",2018,"Total",1142000,582
"Drake U.",2018,"Total",1103000,584
"Eastern Connecticut State U.",2018,"Total",1100000,585
"U. Hartford",2018,"Total",1073000,586
"Canisius U.",2018,"Total",1069000,587
"Albion C.",2018,"Total",1055000,588
"New England C. of Optometry",2018,"Total",1026000,589
"Elizabeth City State U.",2018,"Total",978000,590
"Indiana U., South Bend",2018,"Total",958000,591
"New Mexico Highlands U.",2018,"Total",952000,592
"C. New Jersey",2018,"Total",949000,593
"U. Wisconsin-River Falls",2018,"Total",923000,594
"High Tech High Graduate School of Ed.",2018,"Total",861000,595
"Merrimack C.",2018,"Total",796000,596
"U. Texas of the Permian Basin",2018,"Total",668000,597
"Lincoln U.",2018,"Total",645000,598
"Lake Superior State U.",2018,"Total",633000,599
"Framingham State U.",2018,"Total",164000,600
"Abilene Christian U.",2018,"Total",NA,NA
"Andrews U.",2018,"Total",NA,NA
"Arcadia U.",2018,"Total",NA,NA
"Bentley U.",2018,"Total",NA,NA
"Bryant U.",2018,"Total",NA,NA
"Butler U.",2018,"Total",NA,NA
"CUNY, York C.",2018,"Total",NA,NA
"California State U., East Bay",2018,"Total",NA,NA
"Central Connecticut State U.",2018,"Total",NA,NA
"Citadel Military C. South Carolina",2018,"Total",NA,NA
"Colorado State U., Pueblo",2018,"Total",NA,NA
"East Stroudsburg U. Pennsylvania",2018,"Total",NA,NA
"Ferris State U.",2018,"Total",NA,NA
"Florida Polytechnic U.",2018,"Total",NA,NA
"Fort Lewis C.",2018,"Total",NA,NA
"Gustavus Adolphus C.",2018,"Total",NA,NA
"Hartford International U. for Religion and Peace",2018,"Total",NA,NA
"Hobart and William Smith Colleges",2018,"Total",NA,NA
"Ithaca C.",2018,"Total",NA,NA
"Kean U.",2018,"Total",NA,NA
"Liberty U.",2018,"Total",NA,NA
"Lincoln Memorial U.",2018,"Total",NA,NA
"Lipscomb U.",2018,"Total",NA,NA
"Manhattan C.",2018,"Total",NA,NA
"Marian U., Indianapolis",2018,"Total",NA,NA
"Marymount U.",2018,"Total",NA,NA
"Monmouth U.",2018,"Total",NA,NA
"National U. of Natural Medicine",2018,"Total",NA,NA
"Nevada State C.",2018,"Total",NA,NA
"New C. Florida",2018,"Total",NA,NA
"Northland C.",2018,"Total",NA,NA
"Norwich U.",2018,"Total",NA,NA
"Pennsylvania State U., Altoona",2018,"Total",NA,NA
"Pratt Institute",2018,"Total",NA,NA
"Radford U.",2018,"Total",NA,NA
"Robert Morris U.",2018,"Total",NA,NA
"SUNY, Cobleskill",2018,"Total",NA,NA
"Sacred Heart U.",2018,"Total",NA,NA
"Sonoma State U.",2018,"Total",NA,NA
"Southern U., New Orleans",2018,"Total",NA,NA
"St. Mary's C. Maryland",2018,"Total",NA,NA
"Suffolk U.",2018,"Total",NA,NA
"Texas A&M U.-San Antonio",2018,"Total",NA,NA
"Touro U., New Yorkg",2018,"Total",NA,NA
"Troy U.",2018,"Total",NA,NA
"U. Colorado Anschutz Medical Campusc",2018,"Total",NA,NA
"U. Colorado Denverc",2018,"Total",NA,NA
"U. Hawaii, Maui C.",2018,"Total",NA,NA
"U. Marylandb",2018,"Total",NA,NA
"U. Nebraska, Lincoln and Medical Centerd",2018,"Total",NA,NA
"U. Puerto Rico, Ponce",2018,"Total",NA,NA
"U. Puget Sound",2018,"Total",NA,NA
"U. Scranton",2018,"Total",NA,NA
"U. South Carolina, Beaufort",2018,"Total",NA,NA
"U. Virginia's C. Wise",2018,"Total",NA,NA
"U. Wisconsin-Platteville",2018,"Total",NA,NA
"U. of Health Sciences and Pharmacy in St. Louis",2018,"Total",NA,NA
"U.S. Army War C.",2018,"Total",NA,NA
"U.S. Coast Guard Academy",2018,"Total",NA,NA
"United Tribes Technical C.",2018,"Total",NA,NA
"Ursinus C.",2018,"Total",NA,NA
"Utah Valley U.",2018,"Total",NA,NA
"Virginia Military Institute",2018,"Total",NA,NA
"West Virginia School of Osteopathic Medicine",2018,"Total",NA,NA
"Western New England U.",2018,"Total",NA,NA
"Whitman C.",2018,"Total",NA,NA
"All institutions",2019,"Total",83490430000,1
"Johns Hopkins U",2019,"Total",2917436000,2
"U. Michigan, Ann Arbor",2019,"Total",1675805000,3
"U. California, San Francisco",2019,"Total",1595098000,4
"U. Pennsylvania",2019,"Total",1506285000,5
"U. Washington, Seattle",2019,"Total",1425601000,6
"U. California, San Diego",2019,"Total",1353763000,7
"U. California, Los Angeles",2019,"Total",1306376000,8
"U. Wisconsin-Madison",2019,"Total",1297331000,9
"Harvard U.",2019,"Total",1239736000,10
"All other surveyed institutions",2019,"Total",1228601000,11
"Duke U.",2019,"Total",1226517000,12
"Stanford U.",2019,"Total",1204116000,13
"U. North Carolina, Chapel Hill",2019,"Total",1153773000,14
"Cornell U.",2019,"Total",1144534000,15
"U. Marylandb",2019,"Total",1096600000,16
"U. Pittsburgh, Pittsburgh",2019,"Total",1080951000,17
"Yale U.",2019,"Total",1072309000,18
"U. Minnesota, Twin Cities",2019,"Total",1013112000,19
"Massachusetts Institute of Technology",2019,"Total",1009466000,20
"Columbia U. in the City of New York",2019,"Total",1003615000,21
"U. Texas M. D. Anderson Cancer Center",2019,"Total",969496000,22
"Georgia Institute of Technology",2019,"Total",960167000,23
"Texas A&M U., College Station and Health Science Center",2019,"Total",952156000,24
"Pennsylvania State U., University Park and Hershey Medical Center",2019,"Total",949679000,25
"New York U.",2019,"Total",934720000,26
"Ohio State U.",2019,"Total",929250000,27
"U. Florida",2019,"Total",928639000,28
"U. Southern California",2019,"Total",909683000,29
"Washington U., Saint Louis",2019,"Total",887088000,30
"Northwestern U.",2019,"Total",857069000,31
"U. California, Davis",2019,"Total",804282000,32
"U. California, Berkeley",2019,"Total",802931000,33
"Emory U.",2019,"Total",794928000,34
"Vanderbilt U. and Vanderbilt U. Medical Center",2019,"Total",776937000,35
"U. Arizona",2019,"Total",734270000,36
"Michigan State U.",2019,"Total",725708000,37
"Icahn School of Medicine at Mount Sinai",2019,"Total",722241000,38
"U. Texas, Austin",2019,"Total",696111000,39
"U. Illinois, Urbana-Champaign",2019,"Total",677523000,40
"Indiana U., Bloomington",2019,"Total",668157000,41
"Purdue U., West Lafayette",2019,"Total",663927000,42
"Rutgers, State U. New Jersey, New Brunswick",2019,"Total",657249000,43
"Baylor C. of Medicine",2019,"Total",651920000,44
"Arizona State U.",2019,"Total",639637000,45
"U. Virginia, Charlottesville",2019,"Total",613938000,46
"U. Alabama, Birmingham",2019,"Total",607863000,47
"U. Utah",2019,"Total",601133000,48
"Virginia Polytechnic Institute and State U.",2019,"Total",541969000,49
"North Carolina State U.",2019,"Total",541100000,50
"Boston U.",2019,"Total",534205000,51
"U. Cincinnati",2019,"Total",529796000,52
"U. Colorado Boulder",2019,"Total",513822000,53
"U. Iowa",2019,"Total",508353000,54
"U. Texas Southwestern Medical Center",2019,"Total",496697000,55
"U. Georgia",2019,"Total",477536000,56
"U. Chicago",2019,"Total",459171000,57
"U. California, Irvine",2019,"Total",448967000,58
"Case Western Reserve U.",2019,"Total",438994000,59
"Scripps Research Institute",2019,"Total",427734000,60
"Uniformed Services U. of the Health Sciences",2019,"Total",417300000,61
"Oregon Health and Science U.",2019,"Total",415629000,62
"SUNY, U. Buffalo",2019,"Total",413817000,63
"U. Kentucky",2019,"Total",410581000,64
"California Institute of Technology",2019,"Total",399931000,65
"Colorado State U., Fort Collins",2019,"Total",398477000,66
"U. Rochester",2019,"Total",393960000,67
"U. South Floridae",2019,"Total",391325000,68
"Princeton U.",2019,"Total",385739000,69
"U. Illinois, Chicago",2019,"Total",382949000,70
"U. Miami",2019,"Total",360716000,71
"Carnegie Mellon U.",2019,"Total",359720000,72
"Iowa State U.",2019,"Total",358474000,73
"SUNY, Polytechnic Institute",2019,"Total",352889000,74
"U. Kansas",2019,"Total",352643000,75
"Rockefeller U.",2019,"Total",351089000,76
"Washington State U.",2019,"Total",344997000,77
"Florida State U.",2019,"Total",329205000,78
"Dartmouth C. and Dartmouth Hitchcock Medical Center",2019,"Total",323020000,79
"U. Missouri, Columbia",2019,"Total",310421000,80
"U. Oklahoma, Norman and Health Science Center",2019,"Total",302679000,81
"Albert Einstein C. of Medicine",2019,"Total",298824000,82
"Louisiana State U., Baton Rouge",2019,"Total",296497000,83
"Medical U. South Carolina",2019,"Total",295600000,84
"U. Connecticut",2019,"Total",285764000,85
"Temple U.",2019,"Total",284301000,86
"Utah State U.",2019,"Total",283917000,87
"U. Massachusetts, Medical School",2019,"Total",281507000,88
"U. Hawaii, Manoa",2019,"Total",280416000,89
"U. Texas Health Science Center, Houston",2019,"Total",271525000,90
"George Washington U.",2019,"Total",269799000,91
"Mississippi State U.",2019,"Total",264526000,92
"Oregon State U.",2019,"Total",263830000,93
"SUNY, Stony Brook U.",2019,"Total",260813000,94
"Brown U.",2019,"Total",256954000,95
"Virginia Commonwealth U.",2019,"Total",255648000,96
"Medical C. Wisconsin",2019,"Total",251300000,97
"U. Tennessee, Knoxvillef",2019,"Total",247693000,98
"Wayne State U.",2019,"Total",244217000,99
"U. California, Santa Barbara",2019,"Total",243778000,100
"Georgetown U.",2019,"Total",240960000,101
"U. Notre Dame",2019,"Total",240078000,102
"U. New Mexico",2019,"Total",239696000,103
"Wake Forest U.",2019,"Total",238933000,104
"Auburn U., Auburn",2019,"Total",231619000,105
"Woods Hole Oceanographic Institution",2019,"Total",229143000,106
"Florida International U.",2019,"Total",225864000,107
"U. Central Florida",2019,"Total",225085000,108
"U. Massachusetts, Amherst",2019,"Total",223177000,109
"Clemson U.",2019,"Total",218760000,110
"Kansas State U.",2019,"Total",218622000,111
"Tufts U.",2019,"Total",213285000,112
"U. Delaware",2019,"Total",206270000,113
"U. South Carolina, Columbia",2019,"Total",205940000,114
"Tulane U.",2019,"Total",196933000,115
"Georgia State U.",2019,"Total",195572000,116
"U. Houston",2019,"Total",195398000,117
"Texas Tech U.",2019,"Total",193923000,118
"U. Texas Health Science Center, San Antonio",2019,"Total",188483000,119
"West Virginia U.",2019,"Total",187512000,120
"George Mason U.",2019,"Total",186267000,121
"Oklahoma State U., Stillwater",2019,"Total",184276000,122
"Northeastern U.",2019,"Total",183998000,123
"Rice U.",2019,"Total",182564000,124
"SUNY, U. Albany",2019,"Total",181531000,125
"U. Arkansas, Fayetteville",2019,"Total",180225000,126
"U. Louisville",2019,"Total",177862000,127
"U. California, Riverside",2019,"Total",177655000,128
"U. Texas Medical Branch",2019,"Total",175372000,129
"Thomas Jefferson U.",2019,"Total",170458000,130
"U. Dayton",2019,"Total",165343000,131
"New Jersey Institute of Technology",2019,"Total",161232000,132
"U. Mississippi",2019,"Total",158809000,133
"Montana State U., Bozeman",2019,"Total",154811000,134
"Syracuse U.",2019,"Total",154366000,135
"U. Arkansas for Medical Sciences",2019,"Total",153135000,136
"North Dakota State U.",2019,"Total",152381000,137
"U. Nevada, Reno",2019,"Total",152128000,138
"Drexel U.",2019,"Total",149481000,139
"U. New Hampshire",2019,"Total",148980000,140
"U. Alaska, Fairbanks",2019,"Total",144457000,141
"U. Louisiana, Lafayette",2019,"Total",144187000,142
"U. California, Santa Cruz",2019,"Total",142958000,143
"U. Vermont",2019,"Total",135859000,144
"U. Maine",2019,"Total",129913000,145
"Wichita State U.",2019,"Total",128795000,146
"Cold Spring Harbor Laboratory",2019,"Total",126773000,147
"U. Texas, Dallas",2019,"Total",126661000,148
"U. Texas, Arlington",2019,"Total",123858000,149
"U. Rhode Island",2019,"Total",115160000,150
"U. Idaho",2019,"Total",113107000,151
"U. North Dakota",2019,"Total",110836000,152
"U. Oregon",2019,"Total",110664000,153
"U. Alabama, Huntsville",2019,"Total",109744000,154
"U. Texas, El Paso",2019,"Total",106809000,155
"U. Montana, Missoula",2019,"Total",104665000,156
"SUNY, Binghamton U.",2019,"Total",104297000,157
"Rensselaer Polytechnic Institute",2019,"Total",103739000,158
"New Mexico State U.",2019,"Total",101457000,159
"U. Nevada, Las Vegas",2019,"Total",99445000,160
"U. Tennessee, Health Science Center",2019,"Total",96979000,161
"Augusta U.",2019,"Total",96502000,162
"Rush U.",2019,"Total",96267000,163
"San Diego State U.",2019,"Total",92964000,164
"U. Texas, San Antonio",2019,"Total",84326000,165
"U. Massachusetts, Lowell",2019,"Total",83996000,166
"U. Alabama, Tuscaloosa",2019,"Total",83317000,167
"U. Maryland, Baltimore County",2019,"Total",80632000,168
"Michigan Technological U.",2019,"Total",80443000,169
"U. Wyoming",2019,"Total",80353000,170
"Cleveland State U.",2019,"Total",80077000,171
"U. North Texas, Denton",2019,"Total",78691000,172
"U. Southern Mississippi",2019,"Total",76464000,173
"American U.",2019,"Total",71053000,174
"Colorado School of Mines",2019,"Total",70397000,175
"U. California, Office of the President",2019,"Total",67702000,176
"Indiana U.-Purdue U., Indianapolis",2019,"Total",67635000,177
"Old Dominion U.",2019,"Total",67425000,178
"Naval Postgraduate School",2019,"Total",67323000,179
"South Dakota State U.",2019,"Total",66794000,180
"Saint Louis U.",2019,"Total",66103000,181
"William & Mary",2019,"Total",64835000,182
"Texas State U.",2019,"Total",64554000,183
"Wright State U.",2019,"Total",64208000,184
"U. Massachusetts, Boston",2019,"Total",62018000,185
"Boston C.",2019,"Total",61956000,186
"Van Andel Research Institute",2019,"Total",61738000,187
"Brandeis U.",2019,"Total",60825000,188
"Northern Arizona U.",2019,"Total",58914000,189
"U. Memphis",2019,"Total",58700000,190
"Rochester Institute of Technology",2019,"Total",58175000,191
"U. Maryland Center for Environmental Science",2019,"Total",56033000,192
"East Carolina U.",2019,"Total",55611000,193
"U. Toledo",2019,"Total",55006000,194
"U. Wisconsin-Milwaukee",2019,"Total",53773000,195
"Ohio U.",2019,"Total",53735000,196
"CUNY, City C.",2019,"Total",52738000,197
"U. South Alabama",2019,"Total",52540000,198
"U. Texas Rio Grande Valley",2019,"Total",52016000,199
"Florida Atlantic U.",2019,"Total",51085000,200
"U. North Texas, Health Science Center",2019,"Total",50124000,201
"Portland State U.",2019,"Total",50045000,202
"Missouri U. of Science and Technology",2019,"Total",47807000,203
"Kent State U.",2019,"Total",47188000,204
"U. North Carolina, Charlotte",2019,"Total",47187000,205
"U. Puerto Rico, Medical Sciences Campus",2019,"Total",45014000,206
"U. California, Merced",2019,"Total",44890000,207
"San Jose State U.",2019,"Total",44309000,208
"Howard U.",2019,"Total",44163000,209
"Mercer U.",2019,"Total",44128000,210
"Texas Tech U., Health Sciences Center",2019,"Total",44072000,211
"U.S. Air Force Academy",2019,"Total",43941000,212
"Southern Methodist U.",2019,"Total",42562000,213
"Florida A&M U.",2019,"Total",42470000,214
"Southern Illinois U., Carbondale",2019,"Total",41729000,215
"Louisiana State U., Health Sciences Center, New Orleans",2019,"Total",40914000,216
"Worcester Polytechnic Institute",2019,"Total",39878000,217
"Boise State U.",2019,"Total",39824000,218
"Brigham Young U., Provo",2019,"Total",39582000,219
"Loyola U., Chicago",2019,"Total",39223000,220
"U. West Florida",2019,"Total",38555000,221
"Lehigh U.",2019,"Total",38185000,222
"SUNY, Upstate Medical U.",2019,"Total",38091000,223
"Marquette U.",2019,"Total",37777000,224
"CUNY, Hunter C.",2019,"Total",37478000,225
"North Carolina A&T State U.",2019,"Total",37339000,226
"Stevens Institute of Technology",2019,"Total",36695000,227
"U. Denver",2019,"Total",36551000,228
"SUNY, Downstate Health Sciences U.",2019,"Total",36015000,229
"Illinois Institute of Technology",2019,"Total",34334000,230
"Air Force Institute of Technology",2019,"Total",34016000,231
"Baylor U.",2019,"Total",33304000,232
"Texas A&M U.-Corpus Christi",2019,"Total",32944000,233
"U. South Dakota",2019,"Total",32028000,234
"U. Missouri, Kansas City",2019,"Total",31956000,235
"San Francisco State U.",2019,"Total",31888000,236
"Morehouse School of Medicine",2019,"Total",31289000,237
"U. Akron",2019,"Total",30020000,238
"SUNY, C. of Environmental Science and Forestry",2019,"Total",29137000,239
"U. Massachusetts, Dartmouth",2019,"Total",28036000,240
"U. Minnesota, Duluth",2019,"Total",27530000,241
"Illinois State U.",2019,"Total",27082000,242
"Eastern Virginia Medical School",2019,"Total",27064000,243
"Desert Research Institute",2019,"Total",26991000,244
"U. Puerto Rico, Mayaguez",2019,"Total",26877000,245
"Rutgers, State U. New Jersey, Newark",2019,"Total",26661000,246
"Northern Illinois U.",2019,"Total",26570000,247
"U. North Carolina, Greensboro",2019,"Total",26325000,248
"Louisiana State U., Health Sciences Center, Shreveport",2019,"Total",26262000,249
"Louisiana Tech U.",2019,"Total",26143000,250
"California Polytechnic State U., San Luis Obispo",2019,"Total",25249000,251
"Western Michigan U. and Homer Stryker M.D. School of Medicine",2019,"Total",25071000,252
"Teachers C., Columbia U.",2019,"Total",24865000,253
"New Mexico Institute of Mining and Technology",2019,"Total",24616000,254
"Nova Southeastern U.",2019,"Total",24567000,255
"Catholic U. of America",2019,"Total",24484000,256
"U. Puerto Rico, Rio Piedras",2019,"Total",24088000,257
"Creighton U.",2019,"Total",24039000,258
"California State U., Sacramento",2019,"Total",23544000,259
"Albany Medical C.",2019,"Total",23028000,260
"Delaware State U.",2019,"Total",23017000,261
"Rowan U.",2019,"Total",22892000,262
"Villanova U.",2019,"Total",22837000,263
"Miami U.",2019,"Total",22380000,264
"Texas A&M U.-Kingsville",2019,"Total",22268000,265
"U. Alaska, Anchorage",2019,"Total",21724000,266
"California State U., Northridge",2019,"Total",21095000,267
"Tuskegee U.",2019,"Total",20562000,268
"Fordham U.",2019,"Total",20287000,269
"Marshall U.",2019,"Total",19622000,270
"U. Texas Health Science Center, Tyler",2019,"Total",19606000,271
"Chapman U.",2019,"Total",19592000,272
"New York Medical C.",2019,"Total",19398000,273
"California State U., Long Beach",2019,"Total",18664000,274
"U. Tulsa",2019,"Total",18648000,275
"CUNY, Queens C.",2019,"Total",18391000,276
"Meharry Medical C.",2019,"Total",18286000,277
"Jackson State U.",2019,"Total",18160000,278
"Southern Illinois U., Edwardsville",2019,"Total",18088000,279
"Prairie View A&M U.",2019,"Total",18018000,280
"Northeast Ohio Medical U.",2019,"Total",18016000,281
"Oakland U.",2019,"Total",18002000,282
"Loma Linda U.",2019,"Total",17938000,283
"Florida Institute of Technology",2019,"Total",17876000,284
"U. North Carolina, Wilmington",2019,"Total",17515000,285
"Clarkson U.",2019,"Total",17147000,286
"Central Michigan U.",2019,"Total",17102000,287
"Bowling Green State U.",2019,"Total",17026000,288
"Duquesne U.",2019,"Total",16947000,289
"North Carolina Central U.",2019,"Total",16227000,290
"Rosalind Franklin U. of Medicine and Science",2019,"Total",16126000,291
"California State U., San Bernardino",2019,"Total",16062000,292
"Montclair State U.",2019,"Total",15588000,293
"U. New Orleans",2019,"Total",15328000,294
"Tennessee State U.",2019,"Total",15236000,295
"California State Polytechnic U., Humboldt",2019,"Total",15076000,296
"Idaho State U.",2019,"Total",14972000,297
"Alcorn State U.",2019,"Total",14435000,298
"U. Missouri, Saint Louis",2019,"Total",14432000,299
"U. Nebraska, Omaha",2019,"Total",14302000,300
"East Tennessee State U.",2019,"Total",14197000,301
"Tennessee Technological U.",2019,"Total",13801000,302
"Charles R. Drew U. of Medicine and Science",2019,"Total",13739000,303
"U.S. Naval Academy",2019,"Total",13621000,304
"Hampton U.",2019,"Total",13605000,305
"New School",2019,"Total",13421000,306
"Morgan State U.",2019,"Total",13253000,307
"Tarleton State U.",2019,"Total",13171000,308
"South Dakota School of Mines and Technology",2019,"Total",12973000,309
"Kennesaw State U.",2019,"Total",12850000,310
"Alabama A&M U.",2019,"Total",12840000,311
"Montana Technological U.",2019,"Total",12731000,312
"Embry-Riddle Aeronautical U.",2019,"Total",12478000,313
"California State U., Los Angeles",2019,"Total",12476000,314
"U. Baltimore",2019,"Total",12451000,315
"U. North Florida",2019,"Total",12341000,316
"CUNY, John Jay C. of Criminal Justice",2019,"Total",12295000,317
"U. Guam",2019,"Total",12249000,318
"U. of the Virgin Islands",2019,"Total",12236000,319
"U. Hawaii, system office",2019,"Total",12159000,320
"Ball State U.",2019,"Total",12145000,321
"Western Washington U.",2019,"Total",11983000,322
"Texas Tech U., Health Sciences Center, El Paso",2019,"Total",11883000,323
"Virginia State U.",2019,"Total",11457000,324
"Georgia Southern U.",2019,"Total",11166000,325
"U.S. Military Academy",2019,"Total",10765000,326
"Langston U.",2019,"Total",10719000,327
"California State U., San Marcos",2019,"Total",10595000,328
"Midwestern U.",2019,"Total",10343000,329
"Clark U.",2019,"Total",10193000,330
"Xavier U. Louisiana",2019,"Total",10152000,331
"William Paterson U.",2019,"Total",10122000,332
"U. Arkansas, Little Rock",2019,"Total",9975000,333
"Wesleyan U.",2019,"Total",9958000,334
"Bryn Mawr C.",2019,"Total",9846000,335
"St. Edward's U.",2019,"Total",9650000,336
"CUNY, Graduate School of Public Health and Health Policy",2019,"Total",9521000,337
"Rhode Island C.",2019,"Total",9480000,338
"Sam Houston State U.",2019,"Total",9445000,339
"Salisbury U.",2019,"Total",9368000,340
"Western Kentucky U.",2019,"Total",9281000,341
"U. Tennessee, Chattanooga",2019,"Total",9280000,342
"Clark Atlanta U.",2019,"Total",9048000,343
"U. Arkansas, Pine Bluff",2019,"Total",9024000,344
"Arkansas State U., Jonesboro",2019,"Total",8945000,345
"U. Michigan, Dearborn",2019,"Total",8813000,346
"Wellesley C.",2019,"Total",8810000,347
"Pacific U.",2019,"Total",8753000,348
"James Madison U.",2019,"Total",8726000,349
"Claremont Graduate U.",2019,"Total",8715000,350
"California State U., Fresno",2019,"Total",8599000,351
"Kentucky State U.",2019,"Total",8433000,352
"CUNY, Advanced Science Research Center",2019,"Total",8310000,353
"Indiana U. Pennsylvania",2019,"Total",8119000,354
"Norfolk State U.",2019,"Total",8050000,355
"U. Washington, Bothell",2019,"Total",7950000,356
"Middle Tennessee State U.",2019,"Total",7673000,357
"C. Charleston",2019,"Total",7610000,358
"California State U., Bakersfield",2019,"Total",7591000,359
"U. New England",2019,"Total",7346000,360
"Loyola Marymount U.",2019,"Total",7272000,361
"Edward Via C. of Osteopathic Medicine",2019,"Total",7225000,362
"Eastern Michigan U.",2019,"Total",7175000,363
"California State U., Fullerton",2019,"Total",7173000,364
"U. Maryland, Eastern Shore",2019,"Total",7133000,365
"Seton Hall U.",2019,"Total",7056000,366
"U. Hawaii, Hilo",2019,"Total",6864000,367
"CUNY, Brooklyn C.",2019,"Total",6837000,368
"West Chester U. Pennsylvania",2019,"Total",6777000,369
"U. Southern Maine",2019,"Total",6654000,370
"Grand Valley State U.",2019,"Total",6592000,371
"Texas Christian U.",2019,"Total",6552000,372
"California State U., Monterey Bay",2019,"Total",6444000,373
"U. Oklahoma, Tulsa",2019,"Total",6373000,374
"Amherst C.",2019,"Total",6325000,375
"Claremont McKenna C.",2019,"Total",6214000,376
"DePaul U.",2019,"Total",6144000,377
"California State Polytechnic U., Pomona",2019,"Total",6099000,378
"Texas A&M International U.",2019,"Total",6068000,379
"Smith C.",2019,"Total",6041000,380
"U. San Diego",2019,"Total",6036000,381
"Missouri State U.",2019,"Total",5910000,382
"Florida Gulf Coast U.",2019,"Total",5907000,383
"West Virginia State U.",2019,"Total",5829000,384
"New York Institute of Technology",2019,"Total",5820000,385
"U. Central Oklahoma",2019,"Total",5682000,386
"Bucknell U.",2019,"Total",5625000,387
"Azusa Pacific U.",2019,"Total",5598000,388
"Grinnell C.",2019,"Total",5500000,389
"Southern U. and A&M C., Agricultural Research and Extension Center",2019,"Total",5448000,390
"West Texas A&M U.",2019,"Total",5437000,391
"Oklahoma State U., Center for Health Sciences",2019,"Total",5408000,392
"CUNY, Graduate Center",2019,"Total",5399000,393
"Gallaudet U.",2019,"Total",5382000,394
"Purdue U., Northwest",2019,"Total",5272000,395
"U. Detroit Mercy",2019,"Total",5210000,396
"Williams C.",2019,"Total",5188000,397
"Alfred U.",2019,"Total",5153000,398
"Long Island U.",2019,"Total",5113000,399
"U. New Haven",2019,"Total",5062000,400
"Naval War C.",2019,"Total",5060000,401
"Franklin and Marshall C.",2019,"Total",5041000,402
"Western U. of Health Sciences",2019,"Total",4951000,403
"Texas Southern U.",2019,"Total",4893000,404
"Lamar U.",2019,"Total",4848000,405
"U. of the District of Columbia",2019,"Total",4800000,406
"Oregon Institute of Technology",2019,"Total",4793000,407
"Fisk U.",2019,"Total",4748000,408
"U. Colorado Colorado Springs",2019,"Total",4720000,409
"Fayetteville State U.",2019,"Total",4695000,410
"CUNY, Lehman C.",2019,"Total",4690000,411
"Southern Connecticut State U.",2019,"Total",4627000,412
"U. North Carolina, Asheville",2019,"Total",4602000,413
"Lincoln U., Jefferson City",2019,"Total",4581000,414
"U. Northern Colorado",2019,"Total",4571000,415
"Morehouse C.",2019,"Total",4564000,416
"Fort Valley State U.",2019,"Total",4563000,417
"Southern U. and A&M C., Baton Rouge",2019,"Total",4492000,418
"Texas Woman's U.",2019,"Total",4477000,419
"Youngstown State U.",2019,"Total",4447000,420
"U.S. Army War C.",2019,"Total",4418000,421
"Carleton C.",2019,"Total",4388000,422
"U. Wisconsin-Stevens Point",2019,"Total",4314000,423
"National Defense U.",2019,"Total",4231000,424
"Swarthmore C.",2019,"Total",4203000,425
"Roseman U. of Health Sciences",2019,"Total",4176000,426
"MGH Institute of Health Professions",2019,"Total",4130000,427
"Milwaukee School of Engineering",2019,"Total",4026000,428
"Barnard C.",2019,"Total",4010000,429
"CUNY, C. Staten Island",2019,"Total",3986000,430
"U. Central del Caribe",2019,"Total",3953000,431
"U. Ana G. Mendez, Gurabo",2019,"Total",3945000,432
"Pace U.",2019,"Total",3855000,433
"Memorial Sloan Kettering Cancer Center, Louis V. Gerstner Jr. Graduate S. of Biomedical Sciences",2019,"Total",3769000,434
"Central State U.",2019,"Total",3766000,435
"Colgate U.",2019,"Total",3756000,436
"Haverford C.",2019,"Total",3752000,437
"Trinity U.",2019,"Total",3736000,438
"Dakota State U.",2019,"Total",3710000,439
"Murray State U.",2019,"Total",3710000,439
"Toyota Technological Institute, Chicago",2019,"Total",3681000,441
"Stephen F. Austin State U.",2019,"Total",3679000,442
"South Carolina State U.",2019,"Total",3659000,443
"U. Northern Iowa",2019,"Total",3628000,444
"Touro U., California",2019,"Total",3543000,445
"U. Central Arkansas",2019,"Total",3477000,446
"U. Washington, Tacoma",2019,"Total",3471000,447
"Towson U.",2019,"Total",3423000,448
"Pennsylvania State U., Behrend",2019,"Total",3414000,449
"Texas A&M U.-Commerce",2019,"Total",3403000,450
"Minnesota State U., Mankato",2019,"Total",3392000,451
"Albany C. of Pharmacy and Health Sciences",2019,"Total",3383000,452
"Tougaloo C.",2019,"Total",3380000,453
"Harvey Mudd C.",2019,"Total",3353000,454
"St. Cloud State U.",2019,"Total",3275000,455
"Appalachian State U.",2019,"Total",3268000,456
"Reed C.",2019,"Total",3240000,457
"California State U., Chico",2019,"Total",3232000,458
"Central Washington U.",2019,"Total",3223000,459
"Rutgers, State U. New Jersey, Camden",2019,"Total",3211000,460
"Philadelphia C. of Osteopathic Medicine",2019,"Total",3162000,461
"Colorado State U., Pueblo",2019,"Total",3107000,462
"U. of the Pacific",2019,"Total",3078000,463
"Skidmore C.",2019,"Total",3012000,464
"Bowdoin C.",2019,"Total",2991000,465
"Pomona C.",2019,"Total",2985000,466
"Mount Holyoke C.",2019,"Total",2979000,467
"SUNY, C. of Optometry",2019,"Total",2968000,468
"U. Nebraska, Kearney",2019,"Total",2919000,469
"Saint Joseph's U.",2019,"Total",2851000,470
"Grambling State U.",2019,"Total",2836000,471
"Saginaw Valley State U.",2019,"Total",2818000,472
"Pennsylvania State U., Harrisburg",2019,"Total",2805000,473
"Biola U.",2019,"Total",2792000,474
"U. Richmond",2019,"Total",2783000,475
"Dillard U.",2019,"Total",2772000,476
"Spelman C.",2019,"Total",2751000,477
"Lewis and Clark C.",2019,"Total",2750000,478
"Hope C.",2019,"Total",2745000,479
"U. San Francisco",2019,"Total",2712000,480
"CUNY, New York City C. of Technology",2019,"Total",2711000,481
"U. Wisconsin-La Crosse",2019,"Total",2692000,482
"Northwest Indian C.",2019,"Total",2659000,483
"Stockton U.",2019,"Total",2634000,484
"Western Carolina U.",2019,"Total",2633000,485
"CUNY, system office",2019,"Total",2619000,486
"Alabama State U.",2019,"Total",2577000,487
"Elon U.",2019,"Total",2545000,488
"Pittsburg State U.",2019,"Total",2513000,489
"U. South Carolina, Aiken",2019,"Total",2481000,490
"Northeastern Illinois U.",2019,"Total",2478000,491
"Occidental C.",2019,"Total",2458000,492
"Yeshiva U.",2019,"Total",2420000,493
"Purdue U., Fort Wayne",2019,"Total",2416000,494
"CUNY, Baruch C.",2019,"Total",2387000,495
"Western Illinois U.",2019,"Total",2373000,496
"U. Louisiana, Monroe",2019,"Total",2364000,497
"Northern Kentucky U.",2019,"Total",2363000,498
"St. John's U., New York",2019,"Total",2352000,499
"Sul Ross State U.",2019,"Total",2352000,499
"Santa Clara U.",2019,"Total",2319000,501
"Austin Peay State U.",2019,"Total",2285000,502
"Erikson Institute",2019,"Total",2279000,503
"U. Wisconsin-Superior",2019,"Total",2250000,504
"Colorado C.",2019,"Total",2233000,505
"Seattle U.",2019,"Total",2223000,506
"U. Houston-Downtown",2019,"Total",2216000,507
"Winthrop U.",2019,"Total",2189000,508
"Wheaton C., Wheaton",2019,"Total",2173000,509
"Pepperdine U.",2019,"Total",2170000,510
"Johnson C. Smith U.",2019,"Total",2148000,511
"SUNY, Geneseo",2019,"Total",2139000,512
"Bates C.",2019,"Total",2135000,513
"SUNY, Buffalo State U.",2019,"Total",2124000,514
"U. Wisconsin-Green Bay",2019,"Total",2083000,515
"Oberlin C.",2019,"Total",2076000,516
"U. North Georgia",2019,"Total",2068000,517
"U. Texas, Tyler",2019,"Total",2063000,518
"Northwestern State U. Louisiana",2019,"Total",2058000,519
"Hamilton C.",2019,"Total",2050000,520
"Coastal Carolina U.",2019,"Total",2042000,521
"Black Hills State U.",2019,"Total",2031000,522
"Morehead State U.",2019,"Total",2028000,523
"Eastern Washington U.",2019,"Total",2024000,524
"Winston-Salem State U.",2019,"Total",2011000,525
"Florida Polytechnic U.",2019,"Total",2006000,526
"Hawaii Pacific U.",2019,"Total",1980000,527
"Southeastern Louisiana U.",2019,"Total",1971000,528
"Christopher Newport U.",2019,"Total",1961000,529
"California State U., Dominguez Hills",2019,"Total",1957000,530
"Des Moines U.",2019,"Total",1954000,531
"Willamette U.",2019,"Total",1953000,532
"Hobart and William Smith Colleges",2019,"Total",1919000,533
"Bowie State U.",2019,"Total",1911000,534
"Connecticut C.",2019,"Total",1894000,535
"U. Illinois, Springfield",2019,"Total",1876000,536
"U. Puerto Rico, Cayey",2019,"Total",1870000,537
"U. of St. Thomas (MN)",2019,"Total",1870000,537
"Trinity C., Hartford",2019,"Total",1858000,539
"Colby C.",2019,"Total",1852000,540
"Roger Williams U.",2019,"Total",1852000,540
"Babson C.",2019,"Total",1845000,542
"Macalester C.",2019,"Total",1808000,543
"U. of the Incarnate Word",2019,"Total",1800000,544
"SUNY, Oswego",2019,"Total",1781000,545
"Liberty U.",2019,"Total",1780000,546
"Davidson C.",2019,"Total",1777000,547
"Alaska Pacific U.",2019,"Total",1774000,548
"C. Wooster",2019,"Total",1758000,549
"Claflin U.",2019,"Total",1746000,550
"Hofstra U.",2019,"Total",1744000,551
"Union C., Schenectady",2019,"Total",1740000,552
"SUNY, C. Plattsburgh",2019,"Total",1729000,553
"Savannah State U.",2019,"Total",1720000,554
"Indiana State U.",2019,"Total",1682000,555
"Gettysburg C.",2019,"Total",1664000,556
"Eastern Connecticut State U.",2019,"Total",1659000,557
"Middlebury C.",2019,"Total",1657000,558
"Franklin W. Olin C. of Engineering",2019,"Total",1655000,559
"Palmer C. of Chiropractic, Davenport",2019,"Total",1650000,560
"Furman U.",2019,"Total",1628000,561
"CUNY, York C.",2019,"Total",1621000,562
"La Sierra U.",2019,"Total",1581000,563
"U. Wisconsin-Oshkosh",2019,"Total",1581000,563
"Calvin U.",2019,"Total",1577000,565
"California State U., Channel Islands",2019,"Total",1572000,566
"Lafayette C.",2019,"Total",1554000,567
"U. Wisconsin-Eau Claire",2019,"Total",1530000,568
"U. Hartford",2019,"Total",1528000,569
"Northern Michigan U.",2019,"Total",1520000,570
"Albany State U.",2019,"Total",1491000,571
"California State U., Stanislaus",2019,"Total",1477000,572
"Keck Graduate Institute",2019,"Total",1474000,573
"Fort Lewis C.",2019,"Total",1460000,574
"Marshall B. Ketchum U.",2019,"Total",1430000,575
"SUNY, C. Brockport",2019,"Total",1390000,576
"Central Connecticut State U.",2019,"Total",1381000,577
"U. Houston-Clear Lake",2019,"Total",1370000,578
"Lawrence Technological U.",2019,"Total",1352000,579
"U. Alaska, Southeast",2019,"Total",1341000,580
"U. of Mary Washington",2019,"Total",1315000,581
"Monmouth U.",2019,"Total",1294000,582
"Fairfield U.",2019,"Total",1279000,583
"Benedict C.",2019,"Total",1269000,584
"National U. of Natural Medicine",2019,"Total",1245000,585
"Heidelberg U.",2019,"Total",1237000,586
"New England C. of Optometry",2019,"Total",1223000,587
"U. Puerto Rico, Humacao",2019,"Total",1195000,588
"Saint John's U.",2019,"Total",1191000,589
"Manhattan C.",2019,"Total",1190000,590
"Andrews U.",2019,"Total",1126000,591
"C. of Saint Benedict",2019,"Total",1126000,591
"Dine C.",2019,"Total",1126000,591
"Eastern Kentucky U.",2019,"Total",1125000,594
"Kenyon C.",2019,"Total",1092000,595
"U. Wisconsin-Platteville",2019,"Total",1084000,596
"Whitman C.",2019,"Total",1083000,597
"Providence C.",2019,"Total",1042000,598
"Albion C.",2019,"Total",1040000,599
"St. Olaf C.",2019,"Total",1010000,600
"Vassar C.",2019,"Total",1009000,601
"Canisius U.",2019,"Total",950000,602
"Chicago State U.",2019,"Total",898000,603
"Drake U.",2019,"Total",865000,604
"Abilene Christian U.",2019,"Total",NA,NA
"Arcadia U.",2019,"Total",NA,NA
"Bentley U.",2019,"Total",NA,NA
"Bryant U.",2019,"Total",NA,NA
"Butler U.",2019,"Total",NA,NA
"C. New Jersey",2019,"Total",NA,NA
"California State U., East Bay",2019,"Total",NA,NA
"Citadel Military C. South Carolina",2019,"Total",NA,NA
"East Stroudsburg U. Pennsylvania",2019,"Total",NA,NA
"Elizabeth City State U.",2019,"Total",NA,NA
"Ferris State U.",2019,"Total",NA,NA
"Framingham State U.",2019,"Total",NA,NA
"Gustavus Adolphus C.",2019,"Total",NA,NA
"Hartford International U. for Religion and Peace",2019,"Total",NA,NA
"High Tech High Graduate School of Ed.",2019,"Total",NA,NA
"Indiana U., South Bend",2019,"Total",NA,NA
"Ithaca C.",2019,"Total",NA,NA
"Kean U.",2019,"Total",NA,NA
"Lake Superior State U.",2019,"Total",NA,NA
"Lincoln Memorial U.",2019,"Total",NA,NA
"Lincoln U.",2019,"Total",NA,NA
"Lipscomb U.",2019,"Total",NA,NA
"Marian U., Indianapolis",2019,"Total",NA,NA
"Marymount U.",2019,"Total",NA,NA
"Merrimack C.",2019,"Total",NA,NA
"Nevada State C.",2019,"Total",NA,NA
"New C. Florida",2019,"Total",NA,NA
"New Mexico Highlands U.",2019,"Total",NA,NA
"Northland C.",2019,"Total",NA,NA
"Norwich U.",2019,"Total",NA,NA
"Pennsylvania State U., Altoona",2019,"Total",NA,NA
"Pratt Institute",2019,"Total",NA,NA
"Radford U.",2019,"Total",NA,NA
"Robert Morris U.",2019,"Total",NA,NA
"SUNY, Cobleskill",2019,"Total",NA,NA
"Sacred Heart U.",2019,"Total",NA,NA
"Sonoma State U.",2019,"Total",NA,NA
"Southern U., New Orleans",2019,"Total",NA,NA
"St. Mary's C. Maryland",2019,"Total",NA,NA
"Suffolk U.",2019,"Total",NA,NA
"Texas A&M U.-San Antonio",2019,"Total",NA,NA
"Touro U., New Yorkg",2019,"Total",NA,NA
"Troy U.",2019,"Total",NA,NA
"U. Colorado Anschutz Medical Campusc",2019,"Total",NA,NA
"U. Colorado Denverc",2019,"Total",NA,NA
"U. Hawaii, Maui C.",2019,"Total",NA,NA
"U. Nebraska, Lincoln and Medical Centerd",2019,"Total",NA,NA
"U. Puerto Rico, Ponce",2019,"Total",NA,NA
"U. Puget Sound",2019,"Total",NA,NA
"U. Scranton",2019,"Total",NA,NA
"U. South Carolina, Beaufort",2019,"Total",NA,NA
"U. Texas of the Permian Basin",2019,"Total",NA,NA
"U. Virginia's C. Wise",2019,"Total",NA,NA
"U. Wisconsin-River Falls",2019,"Total",NA,NA
"U. of Health Sciences and Pharmacy in St. Louis",2019,"Total",NA,NA
"U.S. Coast Guard Academy",2019,"Total",NA,NA
"United Tribes Technical C.",2019,"Total",NA,NA
"Ursinus C.",2019,"Total",NA,NA
"Utah Valley U.",2019,"Total",NA,NA
"Virginia Military Institute",2019,"Total",NA,NA
"West Virginia School of Osteopathic Medicine",2019,"Total",NA,NA
"Western New England U.",2019,"Total",NA,NA
"All institutions",2020,"Total",86306106000,1
"Johns Hopkins U",2020,"Total",3110494000,2
"U. Michigan, Ann Arbor",2020,"Total",1673862000,3
"U. California, San Francisco",2020,"Total",1651073000,4
"U. Pennsylvania",2020,"Total",1579364000,5
"U. Washington, Seattle",2020,"Total",1456902000,6
"U. California, San Diego",2020,"Total",1403735000,7
"U. California, Los Angeles",2020,"Total",1392941000,8
"U. Wisconsin-Madison",2020,"Total",1363931000,9
"Harvard U.",2020,"Total",1239983000,10
"Stanford U.",2020,"Total",1203950000,11
"Duke U.",2020,"Total",1196638000,12
"Cornell U.",2020,"Total",1190063000,13
"All other surveyed institutions",2020,"Total",1179501000,14
"U. North Carolina, Chapel Hill",2020,"Total",1159725000,15
"Texas A&M U., College Station and Health Science Center",2020,"Total",1130803000,16
"U. Pittsburgh, Pittsburgh",2020,"Total",1105532000,17
"U. Marylandb",2020,"Total",1103062000,18
"Yale U.",2020,"Total",1094135000,19
"U. Texas M. D. Anderson Cancer Center",2020,"Total",1051297000,20
"Georgia Institute of Technology",2020,"Total",1048988000,21
"U. Minnesota, Twin Cities",2020,"Total",1042382000,22
"Columbia U. in the City of New York",2020,"Total",1032909000,23
"Pennsylvania State U., University Park and Hershey Medical Center",2020,"Total",991923000,24
"Massachusetts Institute of Technology",2020,"Total",987968000,25
"Ohio State U.",2020,"Total",968260000,26
"New York U.",2020,"Total",947293000,27
"U. Florida",2020,"Total",942223000,28
"U. Southern California",2020,"Total",941198000,29
"Washington U., Saint Louis",2020,"Total",920215000,30
"Northwestern U.",2020,"Total",874671000,31
"U. California, Berkeley",2020,"Total",8.4e+08,32
"Vanderbilt U. and Vanderbilt U. Medical Center",2020,"Total",824803000,33
"U. California, Davis",2020,"Total",816693000,34
"Emory U.",2020,"Total",808792000,35
"U. Texas, Austin",2020,"Total",797199000,36
"U. Arizona",2020,"Total",760975000,37
"Icahn School of Medicine at Mount Sinai",2020,"Total",747014000,38
"Michigan State U.",2020,"Total",713197000,39
"Indiana U., Bloomington",2020,"Total",710850000,40
"U. Illinois, Urbana-Champaign",2020,"Total",689176000,41
"Rutgers, State U. New Jersey, New Brunswick",2020,"Total",688077000,42
"Purdue U., West Lafayette",2020,"Total",687144000,43
"Baylor C. of Medicine",2020,"Total",685641000,44
"Arizona State U.",2020,"Total",673357000,45
"U. Virginia, Charlottesville",2020,"Total",652002000,46
"U. Alabama, Birmingham",2020,"Total",618226000,47
"U. Utah",2020,"Total",607061000,48
"U. Texas Southwestern Medical Center",2020,"Total",595939000,49
"Boston U.",2020,"Total",583267000,50
"Virginia Polytechnic Institute and State U.",2020,"Total",556341000,51
"North Carolina State U.",2020,"Total",546290000,52
"U. Iowa",2020,"Total",538583000,53
"U. Cincinnati",2020,"Total",530138000,54
"U. Colorado Boulder",2020,"Total",525674000,55
"U. California, Irvine",2020,"Total",490597000,56
"U. Georgia",2020,"Total",482786000,57
"U. Chicago",2020,"Total",458891000,58
"California Institute of Technology",2020,"Total",449651000,59
"Oregon Health and Science U.",2020,"Total",446890000,60
"Scripps Research Institute",2020,"Total",444964000,61
"Case Western Reserve U.",2020,"Total",439778000,62
"SUNY, U. Buffalo",2020,"Total",422038000,63
"U. Kentucky",2020,"Total",417674000,64
"U. Illinois, Chicago",2020,"Total",412147000,65
"Colorado State U., Fort Collins",2020,"Total",407302000,66
"U. Rochester",2020,"Total",397211000,67
"Princeton U.",2020,"Total",396502000,68
"Carnegie Mellon U.",2020,"Total",386996000,69
"U. Miami",2020,"Total",381410000,70
"U. Kansas",2020,"Total",368811000,71
"Iowa State U.",2020,"Total",363107000,72
"U. Oklahoma, Norman and Health Science Center",2020,"Total",362209000,73
"Rockefeller U.",2020,"Total",356217000,74
"SUNY, Polytechnic Institute",2020,"Total",355651000,75
"Florida State U.",2020,"Total",350430000,76
"Washington State U.",2020,"Total",335201000,77
"U. South Floridae",2020,"Total",333344000,78
"U. Missouri, Columbia",2020,"Total",332180000,79
"Dartmouth C. and Dartmouth Hitchcock Medical Center",2020,"Total",326349000,80
"Uniformed Services U. of the Health Sciences",2020,"Total",324510000,81
"U. Tennessee, Knoxvillef",2020,"Total",320407000,82
"Utah State U.",2020,"Total",304256000,83
"Temple U.",2020,"Total",299707000,84
"Albert Einstein C. of Medicine",2020,"Total",288654000,85
"Louisiana State U., Baton Rouge",2020,"Total",286733000,86
"Virginia Commonwealth U.",2020,"Total",283874000,87
"Mississippi State U.",2020,"Total",280485000,88
"U. Connecticut",2020,"Total",280131000,89
"U. Massachusetts, Medical School",2020,"Total",279096000,90
"U. Hawaii, Manoa",2020,"Total",275929000,91
"U. Texas Health Science Center, Houston",2020,"Total",273862000,92
"Medical U. South Carolina",2020,"Total",272590000,93
"George Washington U.",2020,"Total",270369000,94
"Oregon State U.",2020,"Total",268385000,95
"Brown U.",2020,"Total",266127000,96
"Medical C. Wisconsin",2020,"Total",264325000,97
"SUNY, Stony Brook U.",2020,"Total",263470000,98
"Georgetown U.",2020,"Total",258659000,99
"Auburn U., Auburn",2020,"Total",255281000,100
"U. California, Santa Barbara",2020,"Total",254434000,101
"Wake Forest U.",2020,"Total",244643000,102
"U. New Mexico",2020,"Total",243375000,103
"Wayne State U.",2020,"Total",243259000,104
"Florida International U.",2020,"Total",236842000,105
"Clemson U.",2020,"Total",228597000,106
"Woods Hole Oceanographic Institution",2020,"Total",227573000,107
"U. Notre Dame",2020,"Total",227535000,108
"U. Delaware",2020,"Total",220445000,109
"U. South Carolina, Columbia",2020,"Total",219734000,110
"U. Massachusetts, Amherst",2020,"Total",219389000,111
"George Mason U.",2020,"Total",218445000,112
"Tufts U.",2020,"Total",216241000,113
"Kansas State U.",2020,"Total",213900000,114
"U. Central Florida",2020,"Total",213757000,115
"Tulane U.",2020,"Total",204430000,116
"U. Texas Health Science Center, San Antonio",2020,"Total",202572000,117
"Georgia State U.",2020,"Total",202451000,118
"U. Houston",2020,"Total",200428000,119
"Northeastern U.",2020,"Total",200068000,120
"Texas Tech U.",2020,"Total",199643000,121
"U. Louisville",2020,"Total",198818000,122
"Rice U.",2020,"Total",198681000,123
"U. Vermont",2020,"Total",191147000,124
"West Virginia U.",2020,"Total",188452000,125
"Oklahoma State U., Stillwater",2020,"Total",187060000,126
"U. California, Riverside",2020,"Total",184894000,127
"U. Texas Medical Branch",2020,"Total",180595000,128
"U. Arkansas for Medical Sciences",2020,"Total",174549000,129
"Thomas Jefferson U.",2020,"Total",171377000,130
"Montana State U., Bozeman",2020,"Total",166285000,131
"U. Arkansas, Fayetteville",2020,"Total",165887000,132
"U. Louisiana, Lafayette",2020,"Total",164070000,133
"U. Dayton",2020,"Total",163718000,134
"New Jersey Institute of Technology",2020,"Total",163447000,135
"U. Nevada, Reno",2020,"Total",159790000,136
"U. New Hampshire",2020,"Total",156901000,137
"North Dakota State U.",2020,"Total",155645000,138
"Wichita State U.",2020,"Total",153816000,139
"U. Alaska, Fairbanks",2020,"Total",152299000,140
"U. California, Santa Cruz",2020,"Total",150400000,141
"Syracuse U.",2020,"Total",149652000,142
"Drexel U.",2020,"Total",143123000,143
"U. Texas, San Antonio",2020,"Total",138586000,144
"SUNY, U. Albany",2020,"Total",138088000,145
"U. Maine",2020,"Total",134183000,146
"U. Texas, Arlington",2020,"Total",133793000,147
"U. Texas, Dallas",2020,"Total",132192000,148
"U. Alabama, Huntsville",2020,"Total",131648000,149
"U. Mississippi",2020,"Total",122960000,150
"Rensselaer Polytechnic Institute",2020,"Total",122753000,151
"SUNY, Binghamton U.",2020,"Total",117870000,152
"Cold Spring Harbor Laboratory",2020,"Total",115198000,153
"U. Oregon",2020,"Total",114259000,154
"U. Idaho",2020,"Total",112810000,155
"U. North Dakota",2020,"Total",111663000,156
"U. Montana, Missoula",2020,"Total",110218000,157
"U. Rhode Island",2020,"Total",109967000,158
"U. Texas, El Paso",2020,"Total",108628000,159
"New Mexico State U.",2020,"Total",107275000,160
"U. Nevada, Las Vegas",2020,"Total",105872000,161
"Augusta U.",2020,"Total",103961000,162
"U. Tennessee, Health Science Center",2020,"Total",99716000,163
"San Diego State U.",2020,"Total",97710000,164
"U. Alabama, Tuscaloosa",2020,"Total",95200000,165
"Rush U.",2020,"Total",94438000,166
"U. Wyoming",2020,"Total",93061000,167
"U. Massachusetts, Lowell",2020,"Total",92216000,168
"Brandeis U.",2020,"Total",91355000,169
"U. North Texas, Denton",2020,"Total",84239000,170
"U. Maryland, Baltimore County",2020,"Total",83867000,171
"Colorado School of Mines",2020,"Total",78517000,172
"Cleveland State U.",2020,"Total",78189000,173
"Michigan Technological U.",2020,"Total",77927000,174
"U. Southern Mississippi",2020,"Total",72322000,175
"American U.",2020,"Total",71839000,176
"Indiana U.-Purdue U., Indianapolis",2020,"Total",70778000,177
"Texas State U.",2020,"Total",70714000,178
"Saint Louis U.",2020,"Total",69528000,179
"U. Memphis",2020,"Total",69463000,180
"William & Mary",2020,"Total",66763000,181
"Old Dominion U.",2020,"Total",65704000,182
"Northern Arizona U.",2020,"Total",64456000,183
"U. Massachusetts, Boston",2020,"Total",64219000,184
"Boston C.",2020,"Total",63063000,185
"Naval Postgraduate School",2020,"Total",62903000,186
"U. Wisconsin-Milwaukee",2020,"Total",61069000,187
"South Dakota State U.",2020,"Total",60939000,188
"U. California, Office of the President",2020,"Total",60686000,189
"Van Andel Research Institute",2020,"Total",58982000,190
"East Carolina U.",2020,"Total",57820000,191
"Rochester Institute of Technology",2020,"Total",57777000,192
"U. Texas Rio Grande Valley",2020,"Total",56702000,193
"U. Maryland Center for Environmental Science",2020,"Total",54560000,194
"U. Toledo",2020,"Total",54100000,195
"Florida Atlantic U.",2020,"Total",53845000,196
"Ohio U.",2020,"Total",51914000,197
"U. South Alabama",2020,"Total",51102000,198
"Kent State U.",2020,"Total",50307000,199
"U. North Carolina, Charlotte",2020,"Total",50050000,200
"Wright State U.",2020,"Total",49825000,201
"Mercer U.",2020,"Total",49116000,202
"San Jose State U.",2020,"Total",47301000,203
"Missouri U. of Science and Technology",2020,"Total",47001000,204
"U. California, Merced",2020,"Total",45966000,205
"CUNY, City C.",2020,"Total",45632000,206
"Howard U.",2020,"Total",44933000,207
"Stevens Institute of Technology",2020,"Total",44747000,208
"Texas Tech U., Health Sciences Center",2020,"Total",44135000,209
"Portland State U.",2020,"Total",43667000,210
"Louisiana State U., Health Sciences Center, New Orleans",2020,"Total",43419000,211
"Boise State U.",2020,"Total",43307000,212
"Worcester Polytechnic Institute",2020,"Total",43092000,213
"Southern Methodist U.",2020,"Total",43081000,214
"U. North Texas, Health Science Center",2020,"Total",42766000,215
"U.S. Air Force Academy",2020,"Total",42197000,216
"Southern Illinois U., Carbondale",2020,"Total",41617000,217
"SUNY, Upstate Medical U.",2020,"Total",41557000,218
"U. Denver",2020,"Total",41349000,219
"Florida A&M U.",2020,"Total",41319000,220
"Baylor U.",2020,"Total",39765000,221
"Loyola U., Chicago",2020,"Total",39365000,222
"Brigham Young U., Provo",2020,"Total",38569000,223
"CUNY, Hunter C.",2020,"Total",38345000,224
"Lehigh U.",2020,"Total",38064000,225
"U. West Florida",2020,"Total",37397000,226
"U. Puerto Rico, Medical Sciences Campus",2020,"Total",37217000,227
"Marquette U.",2020,"Total",37136000,228
"U. Missouri, Kansas City",2020,"Total",36356000,229
"North Carolina A&T State U.",2020,"Total",36151000,230
"Air Force Institute of Technology",2020,"Total",35584000,231
"San Francisco State U.",2020,"Total",33828000,232
"SUNY, Downstate Health Sciences U.",2020,"Total",33204000,233
"Texas A&M U.-Corpus Christi",2020,"Total",32284000,234
"Illinois State U.",2020,"Total",31539000,235
"Morehouse School of Medicine",2020,"Total",29813000,236
"SUNY, C. of Environmental Science and Forestry",2020,"Total",29296000,237
"U. South Dakota",2020,"Total",29279000,238
"Illinois Institute of Technology",2020,"Total",29122000,239
"U. North Carolina, Greensboro",2020,"Total",28966000,240
"Rutgers, State U. New Jersey, Newark",2020,"Total",28006000,241
"U. Massachusetts, Dartmouth",2020,"Total",26836000,242
"Chapman U.",2020,"Total",26660000,243
"California Polytechnic State U., San Luis Obispo",2020,"Total",26605000,244
"Louisiana Tech U.",2020,"Total",26585000,245
"U. Puerto Rico, Mayaguez",2020,"Total",26553000,246
"Desert Research Institute",2020,"Total",26428000,247
"U. Minnesota, Duluth",2020,"Total",26137000,248
"Nova Southeastern U.",2020,"Total",26035000,249
"Rowan U.",2020,"Total",26018000,250
"Tennessee State U.",2020,"Total",25942000,251
"Villanova U.",2020,"Total",25505000,252
"Northern Illinois U.",2020,"Total",25420000,253
"Louisiana State U., Health Sciences Center, Shreveport",2020,"Total",25321000,254
"Catholic U. of America",2020,"Total",25221000,255
"California State U., Sacramento",2020,"Total",24939000,256
"New Mexico Institute of Mining and Technology",2020,"Total",24591000,257
"Western Michigan U. and Homer Stryker M.D. School of Medicine",2020,"Total",24541000,258
"Miami U.",2020,"Total",24489000,259
"Albany Medical C.",2020,"Total",23510000,260
"U. Akron",2020,"Total",23496000,261
"Delaware State U.",2020,"Total",23105000,262
"U. Puerto Rico, Rio Piedras",2020,"Total",22895000,263
"Texas A&M U.-Kingsville",2020,"Total",22745000,264
"U. Alaska, Anchorage",2020,"Total",22713000,265
"Teachers C., Columbia U.",2020,"Total",22630000,266
"Marshall U.",2020,"Total",22250000,267
"U. Texas Health Science Center, Tyler",2020,"Total",21265000,268
"California State U., Northridge",2020,"Total",21228000,269
"Tuskegee U.",2020,"Total",20973000,270
"Eastern Virginia Medical School",2020,"Total",20870000,271
"Fordham U.",2020,"Total",20456000,272
"Creighton U.",2020,"Total",20339000,273
"New York Medical C.",2020,"Total",20137000,274
"U. Tulsa",2020,"Total",18787000,275
"Bowling Green State U.",2020,"Total",18729000,276
"Prairie View A&M U.",2020,"Total",18723000,277
"Southern Illinois U., Edwardsville",2020,"Total",18273000,278
"Florida Institute of Technology",2020,"Total",18271000,279
"Kennesaw State U.",2020,"Total",17954000,280
"Embry-Riddle Aeronautical U.",2020,"Total",17786000,281
"Montclair State U.",2020,"Total",17636000,282
"Duquesne U.",2020,"Total",17485000,283
"Central Michigan U.",2020,"Total",17448000,284
"Morgan State U.",2020,"Total",17193000,285
"California State U., Long Beach",2020,"Total",16684000,286
"U. New Orleans",2020,"Total",16594000,287
"U. North Carolina, Wilmington",2020,"Total",16544000,288
"CUNY, Queens C.",2020,"Total",16470000,289
"U. Nebraska, Omaha",2020,"Total",16134000,290
"Loma Linda U.",2020,"Total",15984000,291
"North Carolina Central U.",2020,"Total",15833000,292
"Northeast Ohio Medical U.",2020,"Total",15758000,293
"U. Missouri, Saint Louis",2020,"Total",15352000,294
"Texas Christian U.",2020,"Total",15326000,295
"Clarkson U.",2020,"Total",15104000,296
"Jackson State U.",2020,"Total",15081000,297
"U. Baltimore",2020,"Total",15054000,298
"Tarleton State U.",2020,"Total",14890000,299
"Rosalind Franklin U. of Medicine and Science",2020,"Total",14601000,300
"South Dakota School of Mines and Technology",2020,"Total",14490000,301
"Idaho State U.",2020,"Total",14478000,302
"Langston U.",2020,"Total",14409000,303
"California State Polytechnic U., Humboldt",2020,"Total",14236000,304
"Tennessee Technological U.",2020,"Total",14085000,305
"Long Island U.",2020,"Total",13997000,306
"CUNY, John Jay C. of Criminal Justice",2020,"Total",13939000,307
"East Tennessee State U.",2020,"Total",13925000,308
"Meharry Medical C.",2020,"Total",13870000,309
"Alcorn State U.",2020,"Total",13710000,310
"Charles R. Drew U. of Medicine and Science",2020,"Total",13682000,311
"U. of the Virgin Islands",2020,"Total",13631000,312
"U. North Florida",2020,"Total",13573000,313
"U. Hawaii, system office",2020,"Total",13568000,314
"California State U., San Marcos",2020,"Total",13250000,315
"New School",2020,"Total",13186000,316
"Missouri State U.",2020,"Total",13131000,317
"U.S. Naval Academy",2020,"Total",13123000,318
"U. Guam",2020,"Total",13043000,319
"Montana Technological U.",2020,"Total",12987000,320
"Oakland U.",2020,"Total",12949000,321
"Western Washington U.",2020,"Total",12823000,322
"U.S. Military Academy",2020,"Total",12473000,323
"Sam Houston State U.",2020,"Total",12437000,324
"CUNY, Graduate School of Public Health and Health Policy",2020,"Total",12177000,325
"Georgia Southern U.",2020,"Total",12166000,326
"Bryn Mawr C.",2020,"Total",11575000,327
"Hampton U.",2020,"Total",11402000,328
"Xavier U. Louisiana",2020,"Total",11387000,329
"CUNY, Advanced Science Research Center",2020,"Total",11373000,330
"U. Tennessee, Chattanooga",2020,"Total",10834000,331
"California State U., San Bernardino",2020,"Total",10819000,332
"California State U., Los Angeles",2020,"Total",10590000,333
"Midwestern U.",2020,"Total",10479000,334
"Texas Tech U., Health Sciences Center, El Paso",2020,"Total",10421000,335
"Clark U.",2020,"Total",10277000,336
"James Madison U.",2020,"Total",10247000,337
"Texas Southern U.",2020,"Total",10138000,338
"Rhode Island C.",2020,"Total",10094000,339
"Virginia State U.",2020,"Total",10014000,340
"U. Arkansas, Little Rock",2020,"Total",9711000,341
"St. Edward's U.",2020,"Total",9619000,342
"William Paterson U.",2020,"Total",9603000,343
"Salisbury U.",2020,"Total",9496000,344
"Ball State U.",2020,"Total",9429000,345
"Claremont Graduate U.",2020,"Total",9403000,346
"Eastern Michigan U.",2020,"Total",9088000,347
"California State U., East Bay",2020,"Total",9072000,348
"California State U., Fresno",2020,"Total",8856000,349
"U. Michigan, Dearborn",2020,"Total",8777000,350
"Alabama A&M U.",2020,"Total",8749000,351
"Middle Tennessee State U.",2020,"Total",8697000,352
"Arkansas State U., Jonesboro",2020,"Total",8640000,353
"U. San Diego",2020,"Total",8607000,354
"U. Arkansas, Pine Bluff",2020,"Total",8540000,355
"Clark Atlanta U.",2020,"Total",8452000,356
"Oklahoma State U., Center for Health Sciences",2020,"Total",8378000,357
"Wesleyan U.",2020,"Total",8300000,358
"Western Kentucky U.",2020,"Total",8241000,359
"U. Maryland, Eastern Shore",2020,"Total",8092000,360
"Wellesley C.",2020,"Total",8088000,361
"Kentucky State U.",2020,"Total",7963000,362
"U. Oklahoma, Tulsa",2020,"Total",7483000,363
"Edward Via C. of Osteopathic Medicine",2020,"Total",7475000,364
"California State Polytechnic U., Pomona",2020,"Total",7396000,365
"Loyola Marymount U.",2020,"Total",7193000,366
"Norfolk State U.",2020,"Total",7153000,367
"U. Washington, Bothell",2020,"Total",7107000,368
"CUNY, Brooklyn C.",2020,"Total",7074000,369
"Azusa Pacific U.",2020,"Total",7068000,370
"California State U., Bakersfield",2020,"Total",7053000,371
"U. Hawaii, Hilo",2020,"Total",6992000,372
"U. New England",2020,"Total",6886000,373
"Grand Valley State U.",2020,"Total",6792000,374
"Florida Gulf Coast U.",2020,"Total",6671000,375
"DePaul U.",2020,"Total",6557000,376
"Indiana U. Pennsylvania",2020,"Total",6531000,377
"West Chester U. Pennsylvania",2020,"Total",6414000,378
"West Texas A&M U.",2020,"Total",6220000,379
"Central State U.",2020,"Total",6107000,380
"Naval War C.",2020,"Total",5944000,381
"California State U., Fullerton",2020,"Total",5929000,382
"Western U. of Health Sciences",2020,"Total",5899000,383
"Toyota Technological Institute, Chicago",2020,"Total",5887000,384
"California State U., Monterey Bay",2020,"Total",5874000,385
"Claremont McKenna C.",2020,"Total",5846000,386
"Pacific U.",2020,"Total",5842000,387
"Purdue U., Northwest",2020,"Total",5839000,388
"Grinnell C.",2020,"Total",5826000,389
"U. Central Oklahoma",2020,"Total",5788000,390
"Winston-Salem State U.",2020,"Total",5781000,391
"Lincoln U., Jefferson City",2020,"Total",5777000,392
"West Virginia State U.",2020,"Total",5775000,393
"C. Charleston",2020,"Total",5728000,394
"Seton Hall U.",2020,"Total",5718000,395
"U. Southern Maine",2020,"Total",5635000,396
"U. Colorado Colorado Springs",2020,"Total",5557000,397
"Southern Connecticut State U.",2020,"Total",5413000,398
"Reed C.",2020,"Total",5155000,399
"Bucknell U.",2020,"Total",5051000,400
"Des Moines U.",2020,"Total",5021000,401
"Williams C.",2020,"Total",4924000,402
"Fort Valley State U.",2020,"Total",4921000,403
"Amherst C.",2020,"Total",4906000,404
"Appalachian State U.",2020,"Total",4894000,405
"U. of Health Sciences and Pharmacy in St. Louis",2020,"Total",4835000,406
"Morehouse C.",2020,"Total",4825000,407
"U. North Carolina, Asheville",2020,"Total",4789000,408
"CUNY, Graduate Center",2020,"Total",4787000,409
"U. Detroit Mercy",2020,"Total",4786000,410
"U. Wisconsin-Stevens Point",2020,"Total",4764000,411
"South Carolina State U.",2020,"Total",4697000,412
"Smith C.",2020,"Total",4685000,413
"Gallaudet U.",2020,"Total",4599000,414
"U. of the District of Columbia",2020,"Total",4590000,415
"National Defense U.",2020,"Total",4583000,416
"Southern U. and A&M C., Agricultural Research and Extension Center",2020,"Total",4475000,417
"Haverford C.",2020,"Total",4473000,418
"Dakota State U.",2020,"Total",4412000,419
"Roseman U. of Health Sciences",2020,"Total",4380000,420
"Lamar U.",2020,"Total",4327000,421
"California State U., Chico",2020,"Total",4305000,422
"Pace U.",2020,"Total",4272000,423
"Oregon Institute of Technology",2020,"Total",4267000,424
"Stockton U.",2020,"Total",4236000,425
"Texas A&M U.-Commerce",2020,"Total",4166000,426
"CUNY, Lehman C.",2020,"Total",4154000,427
"Texas Woman's U.",2020,"Total",4135000,428
"Youngstown State U.",2020,"Total",4120000,429
"Rutgers, State U. New Jersey, Camden",2020,"Total",3950000,430
"U. Central del Caribe",2020,"Total",3931000,431
"Fisk U.",2020,"Total",3904000,432
"Southern U. and A&M C., Baton Rouge",2020,"Total",3849000,433
"U. New Haven",2020,"Total",3843000,434
"Hope C.",2020,"Total",3822000,435
"Albany C. of Pharmacy and Health Sciences",2020,"Total",3765000,436
"Barnard C.",2020,"Total",3748000,437
"U. Northern Colorado",2020,"Total",3738000,438
"Memorial Sloan Kettering Cancer Center, Louis V. Gerstner Jr. Graduate S. of Biomedical Sciences",2020,"Total",3737000,439
"Carleton C.",2020,"Total",3732000,440
"CUNY, C. Staten Island",2020,"Total",3682000,441
"Stephen F. Austin State U.",2020,"Total",3672000,442
"Northwest Indian C.",2020,"Total",3650000,443
"Franklin and Marshall C.",2020,"Total",3623000,444
"Towson U.",2020,"Total",3612000,445
"New York Institute of Technology",2020,"Total",3580000,446
"Touro U., California",2020,"Total",3551000,447
"MGH Institute of Health Professions",2020,"Total",3549000,448
"Swarthmore C.",2020,"Total",3544000,449
"U. Washington, Tacoma",2020,"Total",3504000,450
"SUNY, C. of Optometry",2020,"Total",3477000,451
"Trinity U.",2020,"Total",3472000,452
"U. Central Arkansas",2020,"Total",3455000,453
"U. Illinois, Springfield",2020,"Total",3406000,454
"Philadelphia C. of Osteopathic Medicine",2020,"Total",3360000,455
"Lewis and Clark C.",2020,"Total",3350000,456
"High Tech High Graduate School of Ed.",2020,"Total",3304000,457
"St. John's U., New York",2020,"Total",3282000,458
"Milwaukee School of Engineering",2020,"Total",3190000,459
"Saint Joseph's U.",2020,"Total",3150000,460
"Colorado State U., Pueblo",2020,"Total",3104000,461
"Texas A&M International U.",2020,"Total",3067000,462
"St. Cloud State U.",2020,"Total",3056000,463
"Murray State U.",2020,"Total",3019000,464
"U. Northern Iowa",2020,"Total",2970000,465
"Harvey Mudd C.",2020,"Total",2916000,466
"Colgate U.",2020,"Total",2913000,467
"Biola U.",2020,"Total",2868000,468
"Pomona C.",2020,"Total",2855000,469
"Austin Peay State U.",2020,"Total",2833000,470
"Fayetteville State U.",2020,"Total",2797000,471
"U. Wisconsin-La Crosse",2020,"Total",2795000,472
"Alfred U.",2020,"Total",2780000,473
"Yeshiva U.",2020,"Total",2763000,474
"Minnesota State U., Mankato",2020,"Total",2754000,475
"Spelman C.",2020,"Total",2750000,476
"Bowdoin C.",2020,"Total",2719000,477
"Western Carolina U.",2020,"Total",2696000,478
"Northern Kentucky U.",2020,"Total",2693000,479
"Santa Clara U.",2020,"Total",2682000,480
"U. of St. Thomas (MN)",2020,"Total",2679000,481
"Central Washington U.",2020,"Total",2674000,482
"Occidental C.",2020,"Total",2657000,483
"U. Nebraska, Kearney",2020,"Total",2640000,484
"Christopher Newport U.",2020,"Total",2608000,485
"U. South Carolina, Aiken",2020,"Total",2590000,486
"Alabama State U.",2020,"Total",2582000,487
"Dillard U.",2020,"Total",2523000,488
"Johnson C. Smith U.",2020,"Total",2472000,489
"U. Richmond",2020,"Total",2469000,490
"Western Illinois U.",2020,"Total",2461000,491
"Grambling State U.",2020,"Total",2427000,492
"Skidmore C.",2020,"Total",2412000,493
"CUNY, Baruch C.",2020,"Total",2396000,494
"U. Louisiana, Monroe",2020,"Total",2362000,495
"Babson C.",2020,"Total",2352000,496
"Saginaw Valley State U.",2020,"Total",2343000,497
"Framingham State U.",2020,"Total",2317000,498
"Bates C.",2020,"Total",2303000,499
"U. Wisconsin-Superior",2020,"Total",2301000,500
"U. Houston-Downtown",2020,"Total",2299000,501
"Colorado C.",2020,"Total",2291000,502
"Eastern Washington U.",2020,"Total",2282000,503
"Purdue U., Fort Wayne",2020,"Total",2264000,504
"Davidson C.",2020,"Total",2263000,505
"Southeastern Louisiana U.",2020,"Total",2258000,506
"SUNY, Buffalo State U.",2020,"Total",2253000,507
"Winthrop U.",2020,"Total",2217000,508
"Kean U.",2020,"Total",2201000,509
"Pittsburg State U.",2020,"Total",2173000,510
"U. San Francisco",2020,"Total",2161000,511
"CUNY, New York City C. of Technology",2020,"Total",2130000,512
"Hobart and William Smith Colleges",2020,"Total",2114000,513
"Calvin U.",2020,"Total",2107000,514
"Suffolk U.",2020,"Total",2106000,515
"U. Texas of the Permian Basin",2020,"Total",2105000,516
"Tougaloo C.",2020,"Total",2102000,517
"Furman U.",2020,"Total",2101000,518
"Sul Ross State U.",2020,"Total",2068000,519
"California State U., Dominguez Hills",2020,"Total",2065000,520
"Seattle U.",2020,"Total",2060000,521
"U. Ana G. Mendez, Gurabo",2020,"Total",2049000,522
"Northeastern Illinois U.",2020,"Total",2018000,523
"Mount Holyoke C.",2020,"Total",2016000,524
"U. Texas, Tyler",2020,"Total",2007000,525
"Pepperdine U.",2020,"Total",2006000,526
"Erikson Institute",2020,"Total",1992000,527
"U. Wisconsin-Green Bay",2020,"Total",1982000,528
"U. Puerto Rico, Cayey",2020,"Total",1974000,529
"Elon U.",2020,"Total",1968000,530
"Bowie State U.",2020,"Total",1967000,531
"Northwestern State U. Louisiana",2020,"Total",1940000,532
"Claflin U.",2020,"Total",1910000,533
"U. North Georgia",2020,"Total",1905000,534
"Coastal Carolina U.",2020,"Total",1903000,535
"Palmer C. of Chiropractic, Davenport",2020,"Total",1900000,536
"Liberty U.",2020,"Total",1894000,537
"Morehead State U.",2020,"Total",1883000,538
"Hamilton C.",2020,"Total",1869000,539
"Pennsylvania State U., Harrisburg",2020,"Total",1866000,540
"California State U., Stanislaus",2020,"Total",1843000,541
"Savannah State U.",2020,"Total",1804000,542
"Eastern Connecticut State U.",2020,"Total",1799000,543
"Hawaii Pacific U.",2020,"Total",1796000,544
"Macalester C.",2020,"Total",1755000,545
"Pennsylvania State U., Behrend",2020,"Total",1743000,546
"Monmouth U.",2020,"Total",1729000,547
"Middlebury C.",2020,"Total",1720000,548
"SUNY, C. Brockport",2020,"Total",1719000,549
"U. of the Pacific",2020,"Total",1713000,550
"CUNY, system office",2020,"Total",1704000,551
"Troy U.",2020,"Total",1692000,552
"CUNY, York C.",2020,"Total",1691000,553
"La Sierra U.",2020,"Total",1647000,554
"SUNY, Geneseo",2020,"Total",1642000,555
"U. Wisconsin-Oshkosh",2020,"Total",1618000,556
"Connecticut C.",2020,"Total",1598000,557
"Central Connecticut State U.",2020,"Total",1572000,558
"Vassar C.",2020,"Total",1568000,559
"Willamette U.",2020,"Total",1546000,560
"Sonoma State U.",2020,"Total",1545000,561
"Colby C.",2020,"Total",1536000,562
"SUNY, Oswego",2020,"Total",1534000,563
"Roger Williams U.",2020,"Total",1531000,564
"Northern Michigan U.",2020,"Total",1523000,565
"Lawrence Technological U.",2020,"Total",1521000,566
"Black Hills State U.",2020,"Total",1499000,567
"California State U., Channel Islands",2020,"Total",1497000,568
"Elizabeth City State U.",2020,"Total",1473000,569
"Indiana State U.",2020,"Total",1471000,570
"U. of the Incarnate Word",2020,"Total",1469000,571
"C. New Jersey",2020,"Total",1464000,572
"U. Puerto Rico, Humacao",2020,"Total",1456000,573
"SUNY, C. Plattsburgh",2020,"Total",1452000,574
"Hofstra U.",2020,"Total",1445000,575
"U. Hartford",2020,"Total",1436000,576
"National U. of Natural Medicine",2020,"Total",1428000,577
"Trinity C., Hartford",2020,"Total",1428000,577
"Keck Graduate Institute",2020,"Total",1412000,579
"Franklin W. Olin C. of Engineering",2020,"Total",1404000,580
"U. of Mary Washington",2020,"Total",1393000,581
"Lafayette C.",2020,"Total",1390000,582
"Fort Lewis C.",2020,"Total",1370000,583
"U. Houston-Clear Lake",2020,"Total",1363000,584
"Marshall B. Ketchum U.",2020,"Total",1357000,585
"Wheaton C., Wheaton",2020,"Total",1322000,586
"U. Wisconsin-Eau Claire",2020,"Total",1318000,587
"West Virginia School of Osteopathic Medicine",2020,"Total",1311000,588
"Manhattan C.",2020,"Total",1307000,589
"U. Alaska, Southeast",2020,"Total",1264000,590
"Alaska Pacific U.",2020,"Total",1261000,591
"Fairfield U.",2020,"Total",1210000,592
"Ithaca C.",2020,"Total",1199000,593
"Oberlin C.",2020,"Total",1182000,594
"New England C. of Optometry",2020,"Total",1150000,595
"Albion C.",2020,"Total",1132000,596
"Saint John's U.",2020,"Total",1130000,597
"Heidelberg U.",2020,"Total",1125000,598
"U. Wisconsin-River Falls",2020,"Total",1107000,599
"U. Wisconsin-Platteville",2020,"Total",1104000,600
"Providence C.",2020,"Total",1092000,601
"Florida Polytechnic U.",2020,"Total",1091000,602
"New Mexico Highlands U.",2020,"Total",1090000,603
"C. Wooster",2020,"Total",1076000,604
"C. of Saint Benedict",2020,"Total",1069000,605
"Union C., Schenectady",2020,"Total",1062000,606
"Albany State U.",2020,"Total",1060000,607
"Andrews U.",2020,"Total",1033000,608
"St. Olaf C.",2020,"Total",1032000,609
"Citadel Military C. South Carolina",2020,"Total",1012000,610
"Eastern Kentucky U.",2020,"Total",1010000,611
"Gettysburg C.",2020,"Total",913000,612
"Kenyon C.",2020,"Total",908000,613
"U. Puget Sound",2020,"Total",895000,614
"Whitman C.",2020,"Total",865000,615
"Benedict C.",2020,"Total",649000,616
"Merrimack C.",2020,"Total",503000,617
"Dine C.",2020,"Total",347000,618
"Lipscomb U.",2020,"Total",307000,619
"Abilene Christian U.",2020,"Total",NA,NA
"Arcadia U.",2020,"Total",NA,NA
"Bentley U.",2020,"Total",NA,NA
"Bryant U.",2020,"Total",NA,NA
"Butler U.",2020,"Total",NA,NA
"Canisius U.",2020,"Total",NA,NA
"Chicago State U.",2020,"Total",NA,NA
"Drake U.",2020,"Total",NA,NA
"East Stroudsburg U. Pennsylvania",2020,"Total",NA,NA
"Ferris State U.",2020,"Total",NA,NA
"Gustavus Adolphus C.",2020,"Total",NA,NA
"Hartford International U. for Religion and Peace",2020,"Total",NA,NA
"Indiana U., South Bend",2020,"Total",NA,NA
"Lake Superior State U.",2020,"Total",NA,NA
"Lincoln Memorial U.",2020,"Total",NA,NA
"Lincoln U.",2020,"Total",NA,NA
"Marian U., Indianapolis",2020,"Total",NA,NA
"Marymount U.",2020,"Total",NA,NA
"Nevada State C.",2020,"Total",NA,NA
"New C. Florida",2020,"Total",NA,NA
"Northland C.",2020,"Total",NA,NA
"Norwich U.",2020,"Total",NA,NA
"Pennsylvania State U., Altoona",2020,"Total",NA,NA
"Pratt Institute",2020,"Total",NA,NA
"Radford U.",2020,"Total",NA,NA
"Robert Morris U.",2020,"Total",NA,NA
"SUNY, Cobleskill",2020,"Total",NA,NA
"Sacred Heart U.",2020,"Total",NA,NA
"Southern U., New Orleans",2020,"Total",NA,NA
"St. Mary's C. Maryland",2020,"Total",NA,NA
"Texas A&M U.-San Antonio",2020,"Total",NA,NA
"Touro U., New Yorkg",2020,"Total",NA,NA
"U. Colorado Anschutz Medical Campusc",2020,"Total",NA,NA
"U. Colorado Denverc",2020,"Total",NA,NA
"U. Hawaii, Maui C.",2020,"Total",NA,NA
"U. Nebraska, Lincoln and Medical Centerd",2020,"Total",NA,NA
"U. Puerto Rico, Ponce",2020,"Total",NA,NA
"U. Scranton",2020,"Total",NA,NA
"U. South Carolina, Beaufort",2020,"Total",NA,NA
"U. Virginia's C. Wise",2020,"Total",NA,NA
"U.S. Army War C.",2020,"Total",NA,NA
"U.S. Coast Guard Academy",2020,"Total",NA,NA
"United Tribes Technical C.",2020,"Total",NA,NA
"Ursinus C.",2020,"Total",NA,NA
"Utah Valley U.",2020,"Total",NA,NA
"Virginia Military Institute",2020,"Total",NA,NA
"Western New England U.",2020,"Total",NA,NA
"All institutions",2021,"Total",89700890000,1
"Johns Hopkins U",2021,"Total",3181385000,2
"U. California, San Francisco",2021,"Total",1710036000,3
"U. Michigan, Ann Arbor",2021,"Total",1639645000,4
"U. Pennsylvania",2021,"Total",1631950000,5
"U. Washington, Seattle",2021,"Total",1488645000,6
"U. California, Los Angeles",2021,"Total",1454880000,7
"U. California, San Diego",2021,"Total",1425499000,8
"U. Wisconsin-Madison",2021,"Total",1380075000,9
"Stanford U.",2021,"Total",1274483000,10
"Harvard U.",2021,"Total",1254008000,11
"Duke U.",2021,"Total",1237686000,12
"Ohio State U.",2021,"Total",1236111000,13
"U. North Carolina, Chapel Hill",2021,"Total",1205883000,14
"Cornell U.",2021,"Total",1183524000,15
"Yale U.",2021,"Total",1165148000,16
"Texas A&M U., College Station and Health Science Center",2021,"Total",1147720000,17
"U. Marylandb",2021,"Total",1142264000,18
"U. Pittsburgh, Pittsburgh",2021,"Total",1135416000,19
"U. Texas M. D. Anderson Cancer Center",2021,"Total",1124971000,20
"Georgia Institute of Technology",2021,"Total",1114481000,21
"Columbia U. in the City of New York",2021,"Total",1098570000,22
"U. Minnesota, Twin Cities",2021,"Total",1072961000,23
"New York U.",2021,"Total",1063704000,24
"Vanderbilt U. and Vanderbilt U. Medical Center",2021,"Total",1019273000,25
"Washington U., Saint Louis",2021,"Total",989214000,26
"Pennsylvania State U., University Park and Hershey Medical Center",2021,"Total",970544000,27
"U. Florida",2021,"Total",959965000,28
"U. Southern California",2021,"Total",955565000,29
"Massachusetts Institute of Technology",2021,"Total",949076000,30
"Northwestern U.",2021,"Total",913178000,31
"Emory U.",2021,"Total",852922000,32
"U. California, Berkeley",2021,"Total",846872000,33
"Icahn School of Medicine at Mount Sinai",2021,"Total",820260000,34
"U. California, Davis",2021,"Total",817409000,35
"U. Texas, Austin",2021,"Total",779348000,36
"U. Arizona",2021,"Total",770031000,37
"U. Illinois, Urbana-Champaign",2021,"Total",731268000,38
"Baylor C. of Medicine",2021,"Total",716976000,39
"Michigan State U.",2021,"Total",710178000,40
"Indiana U., Bloomington",2021,"Total",695258000,41
"Purdue U., West Lafayette",2021,"Total",679482000,42
"Arizona State U.",2021,"Total",677303000,43
"Boston U.",2021,"Total",652096000,44
"U. Alabama, Birmingham",2021,"Total",644330000,45
"Rutgers, State U. New Jersey, New Brunswick",2021,"Total",643955000,46
"U. Texas Southwestern Medical Center",2021,"Total",632134000,47
"U. Utah",2021,"Total",624737000,48
"U. Virginia, Charlottesville",2021,"Total",611313000,49
"All other surveyed institutions",2021,"Total",596881000,50
"U. Colorado Anschutz Medical Campusc",2021,"Total",562855000,51
"U. Iowa",2021,"Total",553876000,52
"U. Cincinnati",2021,"Total",551826000,53
"U. Colorado Boulder",2021,"Total",547724000,54
"North Carolina State U.",2021,"Total",547118000,55
"Virginia Polytechnic Institute and State U.",2021,"Total",542045000,56
"U. California, Irvine",2021,"Total",523752000,57
"U. Chicago",2021,"Total",497651000,58
"U. Georgia",2021,"Total",493944000,59
"Scripps Research Institute",2021,"Total",485435000,60
"SUNY, Polytechnic Institute",2021,"Total",465273000,61
"Oregon Health and Science U.",2021,"Total",452812000,62
"Colorado State U., Fort Collins",2021,"Total",447197000,63
"California Institute of Technology",2021,"Total",438624000,64
"U. Illinois, Chicago",2021,"Total",429585000,65
"U. Kentucky",2021,"Total",429241000,66
"SUNY, U. Buffalo",2021,"Total",425349000,67
"Case Western Reserve U.",2021,"Total",421868000,68
"U. Rochester",2021,"Total",409255000,69
"Princeton U.",2021,"Total",404448000,70
"Carnegie Mellon U.",2021,"Total",402376000,71
"U. Missouri, Columbia",2021,"Total",388779000,72
"U. South Floridae",2021,"Total",385965000,73
"U. Kansas",2021,"Total",385637000,74
"Uniformed Services U. of the Health Sciences",2021,"Total",384490000,75
"U. Oklahoma, Norman and Health Science Center",2021,"Total",380048000,76
"U. Miami",2021,"Total",375841000,77
"Virginia Commonwealth U.",2021,"Total",364096000,78
"Iowa State U.",2021,"Total",360275000,79
"Washington State U.",2021,"Total",357648000,80
"Rockefeller U.",2021,"Total",357543000,81
"U. Massachusetts, Medical School",2021,"Total",347337000,82
"U. New Mexico",2021,"Total",332566000,83
"Dartmouth C. and Dartmouth Hitchcock Medical Center",2021,"Total",330226000,84
"Florida State U.",2021,"Total",328604000,85
"Utah State U.",2021,"Total",325223000,86
"U. Tennessee, Knoxvillef",2021,"Total",316273000,87
"U. Texas Health Science Center, Houston",2021,"Total",308823000,88
"U. Connecticut",2021,"Total",302329000,89
"Albert Einstein C. of Medicine",2021,"Total",301715000,90
"Temple U.",2021,"Total",299778000,91
"Louisiana State U., Baton Rouge",2021,"Total",296673000,92
"Georgetown U.",2021,"Total",279932000,93
"Medical U. South Carolina",2021,"Total",277761000,94
"Oregon State U.",2021,"Total",276955000,95
"Medical C. Wisconsin",2021,"Total",276850000,96
"Brown U.",2021,"Total",276331000,97
"Mississippi State U.",2021,"Total",275143000,98
"SUNY, Stony Brook U.",2021,"Total",274516000,99
"U. Hawaii, Manoa",2021,"Total",271768000,100
"Auburn U., Auburn",2021,"Total",266374000,101
"George Washington U.",2021,"Total",266108000,102
"Wake Forest U.",2021,"Total",264216000,103
"Woods Hole Oceanographic Institution",2021,"Total",262048000,104
"U. California, Santa Barbara",2021,"Total",248961000,105
"Florida International U.",2021,"Total",246075000,106
"U. Notre Dame",2021,"Total",240324000,107
"Clemson U.",2021,"Total",237485000,108
"Wayne State U.",2021,"Total",235519000,109
"U. Delaware",2021,"Total",231532000,110
"Tufts U.",2021,"Total",224956000,111
"U. Texas Health Science Center, San Antonio",2021,"Total",219734000,112
"U. Central Florida",2021,"Total",218596000,113
"U. South Carolina, Columbia",2021,"Total",215374000,114
"George Mason U.",2021,"Total",214207000,115
"U. Massachusetts, Amherst",2021,"Total",213824000,116
"Northeastern U.",2021,"Total",211342000,117
"Rice U.",2021,"Total",207404000,118
"Georgia State U.",2021,"Total",206472000,119
"Tulane U.",2021,"Total",205206000,120
"Kansas State U.",2021,"Total",203846000,121
"U. Houston",2021,"Total",202536000,122
"Thomas Jefferson U.",2021,"Total",200393000,123
"U. Louisville",2021,"Total",200362000,124
"West Virginia U.",2021,"Total",199907000,125
"Oklahoma State U., Stillwater",2021,"Total",198799000,126
"Texas Tech U.",2021,"Total",197739000,127
"U. Vermont",2021,"Total",195320000,128
"U. Arkansas for Medical Sciences",2021,"Total",194709000,129
"Montana State U., Bozeman",2021,"Total",193577000,130
"Wichita State U.",2021,"Total",192042000,131
"U. Dayton",2021,"Total",191228000,132
"U. California, Riverside",2021,"Total",189600000,133
"U. Texas Medical Branch",2021,"Total",185759000,134
"U. Louisiana, Lafayette",2021,"Total",181400000,135
"U. Nevada, Reno",2021,"Total",175386000,136
"U. Alaska, Fairbanks",2021,"Total",172957000,137
"U. New Hampshire",2021,"Total",167373000,138
"New Jersey Institute of Technology",2021,"Total",166587000,139
"U. Arkansas, Fayetteville",2021,"Total",164443000,140
"North Dakota State U.",2021,"Total",164050000,141
"U. California, Santa Cruz",2021,"Total",160615000,142
"Drexel U.",2021,"Total",152752000,143
"Syracuse U.",2021,"Total",151717000,144
"U. Alabama, Huntsville",2021,"Total",149792000,145
"U. Maine",2021,"Total",146801000,146
"U. Texas, San Antonio",2021,"Total",145362000,147
"U. North Dakota",2021,"Total",143506000,148
"U. Oregon",2021,"Total",139193000,149
"U. Alabama, Tuscaloosa",2021,"Total",129509000,150
"U. Rhode Island",2021,"Total",129296000,151
"U. Texas, Arlington",2021,"Total",126477000,152
"SUNY, Binghamton U.",2021,"Total",124565000,153
"U. Texas, Dallas",2021,"Total",122825000,154
"U. Montana, Missoula",2021,"Total",121571000,155
"Rensselaer Polytechnic Institute",2021,"Total",119056000,156
"Augusta U.",2021,"Total",116480000,157
"U. Mississippi",2021,"Total",116175000,158
"Cold Spring Harbor Laboratory",2021,"Total",114903000,159
"SUNY, U. Albany",2021,"Total",114501000,160
"New Mexico State U.",2021,"Total",110580000,161
"U. Tennessee, Health Science Center",2021,"Total",109562000,162
"U. Texas, El Paso",2021,"Total",109410000,163
"San Diego State U.",2021,"Total",107681000,164
"Rush U.",2021,"Total",107398000,165
"U. Idaho",2021,"Total",105895000,166
"U. Nevada, Las Vegas",2021,"Total",101009000,167
"Brandeis U.",2021,"Total",95001000,168
"U. Massachusetts, Lowell",2021,"Total",94708000,169
"U. Wyoming",2021,"Total",93202000,170
"U. Maryland, Baltimore County",2021,"Total",84418000,171
"Michigan Technological U.",2021,"Total",81715000,172
"Colorado School of Mines",2021,"Total",81443000,173
"U. North Texas, Denton",2021,"Total",81252000,174
"Saint Louis U.",2021,"Total",79005000,175
"Texas State U.",2021,"Total",72510000,176
"Cleveland State U.",2021,"Total",71451000,177
"Northern Arizona U.",2021,"Total",69129000,178
"William & Mary",2021,"Total",68801000,179
"U. Southern Mississippi",2021,"Total",67417000,180
"U. Memphis",2021,"Total",67092000,181
"American U.",2021,"Total",65912000,182
"Van Andel Research Institute",2021,"Total",65789000,183
"Indiana U.-Purdue U., Indianapolis",2021,"Total",65330000,184
"Boston C.",2021,"Total",65156000,185
"Naval Postgraduate School",2021,"Total",65101000,186
"U. Massachusetts, Boston",2021,"Total",63723000,187
"Old Dominion U.",2021,"Total",62332000,188
"San Jose State U.",2021,"Total",60100000,189
"Florida Atlantic U.",2021,"Total",58471000,190
"U. Texas Rio Grande Valley",2021,"Total",58187000,191
"CUNY, City C.",2021,"Total",57361000,192
"Rochester Institute of Technology",2021,"Total",56043000,193
"U. Wisconsin-Milwaukee",2021,"Total",55664000,194
"Missouri U. of Science and Technology",2021,"Total",54437000,195
"U. Toledo",2021,"Total",53169000,196
"Howard U.",2021,"Total",52412000,197
"Mercer U.",2021,"Total",51989000,198
"U. North Carolina, Charlotte",2021,"Total",51877000,199
"East Carolina U.",2021,"Total",51662000,200
"South Dakota State U.",2021,"Total",51542000,201
"U. Maryland Center for Environmental Science",2021,"Total",51201000,202
"U. California, Office of the President",2021,"Total",50848000,203
"U. North Texas, Health Science Center",2021,"Total",50698000,204
"Kent State U.",2021,"Total",50408000,205
"Ohio U.",2021,"Total",49764000,206
"Baylor U.",2021,"Total",48809000,207
"Worcester Polytechnic Institute",2021,"Total",48702000,208
"U. South Alabama",2021,"Total",47610000,209
"Southern Illinois U., Carbondale",2021,"Total",47210000,210
"Florida A&M U.",2021,"Total",47124000,211
"Boise State U.",2021,"Total",46065000,212
"U. California, Merced",2021,"Total",45964000,213
"Air Force Institute of Technology",2021,"Total",45703000,214
"SUNY, Upstate Medical U.",2021,"Total",44870000,215
"Louisiana State U., Health Sciences Center, New Orleans",2021,"Total",44370000,216
"U. Puerto Rico, Medical Sciences Campus",2021,"Total",44111000,217
"Loyola U., Chicago",2021,"Total",44036000,218
"Brigham Young U., Provo",2021,"Total",43916000,219
"Stevens Institute of Technology",2021,"Total",43386000,220
"Southern Methodist U.",2021,"Total",41960000,221
"Texas Tech U., Health Sciences Center",2021,"Total",41583000,222
"Portland State U.",2021,"Total",41311000,223
"Lehigh U.",2021,"Total",41279000,224
"North Carolina A&T State U.",2021,"Total",40751000,225
"U. Denver",2021,"Total",38751000,226
"Georgia Southern U.",2021,"Total",37201000,227
"Marquette U.",2021,"Total",37087000,228
"U. North Carolina, Greensboro",2021,"Total",37033000,229
"U. West Florida",2021,"Total",36837000,230
"San Francisco State U.",2021,"Total",35768000,231
"Catholic U. of America",2021,"Total",35548000,232
"SUNY, Downstate Health Sciences U.",2021,"Total",34459000,233
"U. Missouri, Kansas City",2021,"Total",33855000,234
"CUNY, Hunter C.",2021,"Total",33816000,235
"Morehouse School of Medicine",2021,"Total",32637000,236
"U.S. Air Force Academy",2021,"Total",32086000,237
"Texas A&M U.-Corpus Christi",2021,"Total",30500000,238
"Illinois Institute of Technology",2021,"Total",29698000,239
"U. Puerto Rico, Rio Piedras",2021,"Total",28896000,240
"New Mexico Institute of Mining and Technology",2021,"Total",28745000,241
"U. Massachusetts, Dartmouth",2021,"Total",28729000,242
"SUNY, C. of Environmental Science and Forestry",2021,"Total",28440000,243
"U. Texas Health Science Center, Tyler",2021,"Total",27928000,244
"U. South Dakota",2021,"Total",27537000,245
"Louisiana Tech U.",2021,"Total",27417000,246
"Rowan U.",2021,"Total",26458000,247
"Desert Research Institute",2021,"Total",26365000,248
"Wright State U.",2021,"Total",26259000,249
"California Polytechnic State U., San Luis Obispo",2021,"Total",25953000,250
"Chapman U.",2021,"Total",25820000,251
"Western Michigan U. and Homer Stryker M.D. School of Medicine",2021,"Total",25314000,252
"Northern Illinois U.",2021,"Total",25261000,253
"Miami U.",2021,"Total",25138000,254
"Villanova U.",2021,"Total",24723000,255
"Louisiana State U., Health Sciences Center, Shreveport",2021,"Total",24600000,256
"Nova Southeastern U.",2021,"Total",24513000,257
"Teachers C., Columbia U.",2021,"Total",24335000,258
"Illinois State U.",2021,"Total",24152000,259
"Rutgers, State U. New Jersey, Newark",2021,"Total",23854000,260
"U. Minnesota, Duluth",2021,"Total",23767000,261
"California State U., Sacramento",2021,"Total",23699000,262
"Marshall U.",2021,"Total",23620000,263
"Texas A&M U.-Kingsville",2021,"Total",23578000,264
"Creighton U.",2021,"Total",23251000,265
"Florida Institute of Technology",2021,"Total",23195000,266
"Delaware State U.",2021,"Total",23193000,267
"Middle Tennessee State U.",2021,"Total",22531000,268
"Albany Medical C.",2021,"Total",22443000,269
"Tennessee State U.",2021,"Total",21977000,270
"Central Michigan U.",2021,"Total",21726000,271
"Tuskegee U.",2021,"Total",21355000,272
"U. Alaska, Anchorage",2021,"Total",21332000,273
"Morgan State U.",2021,"Total",20628000,274
"Oakland U.",2021,"Total",20261000,275
"Embry-Riddle Aeronautical U.",2021,"Total",19830000,276
"U.S. Military Academy",2021,"Total",19696000,277
"Eastern Virginia Medical School",2021,"Total",19415000,278
"U. Nebraska, Omaha",2021,"Total",19006000,279
"Kennesaw State U.",2021,"Total",18880000,280
"New York Medical C.",2021,"Total",18872000,281
"Bowling Green State U.",2021,"Total",18619000,282
"East Tennessee State U.",2021,"Total",18449000,283
"U. Puerto Rico, Mayaguez",2021,"Total",18368000,284
"Southern Illinois U., Edwardsville",2021,"Total",18044000,285
"U. Colorado Denverc",2021,"Total",18039000,286
"Tarleton State U.",2021,"Total",17729000,287
"U. Guam",2021,"Total",17666000,288
"Prairie View A&M U.",2021,"Total",17582000,289
"Montclair State U.",2021,"Total",17390000,290
"U. Akron",2021,"Total",17340000,291
"U. Tulsa",2021,"Total",17187000,292
"U. New Orleans",2021,"Total",16979000,293
"Clarkson U.",2021,"Total",16765000,294
"Fordham U.",2021,"Total",16731000,295
"U. North Carolina, Wilmington",2021,"Total",16656000,296
"California State U., Northridge",2021,"Total",16573000,297
"Jackson State U.",2021,"Total",16157000,298
"CUNY, Queens C.",2021,"Total",16063000,299
"Meharry Medical C.",2021,"Total",15840000,300
"U. North Florida",2021,"Total",15782000,301
"South Dakota School of Mines and Technology",2021,"Total",15746000,302
"CUNY, Advanced Science Research Center",2021,"Total",15403000,303
"Tennessee Technological U.",2021,"Total",15387000,304
"Texas Christian U.",2021,"Total",15336000,305
"U. of the Virgin Islands",2021,"Total",15231000,306
"California State U., Long Beach",2021,"Total",15134000,307
"Long Island U.",2021,"Total",15059000,308
"CUNY, Graduate School of Public Health and Health Policy",2021,"Total",15035000,309
"Montana Technological U.",2021,"Total",14933000,310
"James Madison U.",2021,"Total",14687000,311
"U. Baltimore",2021,"Total",14672000,312
"U. Missouri, Saint Louis",2021,"Total",14632000,313
"New School",2021,"Total",14281000,314
"Alcorn State U.",2021,"Total",14188000,315
"North Carolina Central U.",2021,"Total",14105000,316
"California State Polytechnic U., Humboldt",2021,"Total",14103000,317
"Loma Linda U.",2021,"Total",14029000,318
"Idaho State U.",2021,"Total",13953000,319
"Northeast Ohio Medical U.",2021,"Total",13853000,320
"Rosalind Franklin U. of Medicine and Science",2021,"Total",13805000,321
"Western Washington U.",2021,"Total",13450000,322
"Sam Houston State U.",2021,"Total",13315000,323
"Charles R. Drew U. of Medicine and Science",2021,"Total",13228000,324
"U. Hawaii, system office",2021,"Total",12918000,325
"Loyola Marymount U.",2021,"Total",12819000,326
"Xavier U. Louisiana",2021,"Total",12799000,327
"CUNY, John Jay C. of Criminal Justice",2021,"Total",11791000,328
"Hampton U.",2021,"Total",11669000,329
"California State U., San Bernardino",2021,"Total",11607000,330
"Texas Tech U., Health Sciences Center, El Paso",2021,"Total",11360000,331
"U. Tennessee, Chattanooga",2021,"Total",11192000,332
"Rhode Island C.",2021,"Total",10990000,333
"Midwestern U.",2021,"Total",10961000,334
"California State U., East Bay",2021,"Total",10852000,335
"U.S. Naval Academy",2021,"Total",10818000,336
"Salisbury U.",2021,"Total",10552000,337
"Duquesne U.",2021,"Total",10521000,338
"California State U., San Marcos",2021,"Total",10213000,339
"Virginia State U.",2021,"Total",10123000,340
"Missouri State U.",2021,"Total",10014000,341
"West Texas A&M U.",2021,"Total",9920000,342
"St. Edward's U.",2021,"Total",9527000,343
"California State U., Los Angeles",2021,"Total",9382000,344
"California State U., Fresno",2021,"Total",9213000,345
"Alabama A&M U.",2021,"Total",9180000,346
"Texas Southern U.",2021,"Total",9128000,347
"California State U., Fullerton",2021,"Total",9006000,348
"Bryn Mawr C.",2021,"Total",8987000,349
"Clark Atlanta U.",2021,"Total",8892000,350
"Ball State U.",2021,"Total",8826000,351
"Kentucky State U.",2021,"Total",8756000,352
"Central State U.",2021,"Total",8751000,353
"U. Arkansas, Pine Bluff",2021,"Total",8713000,354
"U. Maryland, Eastern Shore",2021,"Total",8636000,355
"Arkansas State U., Jonesboro",2021,"Total",8422000,356
"U. Washington, Bothell",2021,"Total",8311000,357
"Florida Gulf Coast U.",2021,"Total",8197000,358
"Winston-Salem State U.",2021,"Total",8123000,359
"U. of the District of Columbia",2021,"Total",8104000,360
"Wesleyan U.",2021,"Total",8009000,361
"Clark U.",2021,"Total",7931000,362
"William Paterson U.",2021,"Total",7867000,363
"Oklahoma State U., Center for Health Sciences",2021,"Total",7758000,364
"Lincoln U., Jefferson City",2021,"Total",7621000,365
"U. San Diego",2021,"Total",7580000,366
"U. Michigan, Dearborn",2021,"Total",7472000,367
"U. Hawaii, Hilo",2021,"Total",7411000,368
"U. Arkansas, Little Rock",2021,"Total",7397000,369
"Claremont Graduate U.",2021,"Total",7235000,370
"Eastern Michigan U.",2021,"Total",7233000,371
"U. Oklahoma, Tulsa",2021,"Total",7185000,372
"California State Polytechnic U., Pomona",2021,"Total",7011000,373
"Western Kentucky U.",2021,"Total",6944000,374
"California State U., Monterey Bay",2021,"Total",6882000,375
"Grand Valley State U.",2021,"Total",6809000,376
"Western U. of Health Sciences",2021,"Total",6688000,377
"DePaul U.",2021,"Total",6675000,378
"Edward Via C. of Osteopathic Medicine",2021,"Total",6629000,379
"West Virginia State U.",2021,"Total",6565000,380
"C. Charleston",2021,"Total",6361000,381
"Langston U.",2021,"Total",6345000,382
"CUNY, Brooklyn C.",2021,"Total",6318000,383
"California State U., Bakersfield",2021,"Total",6253000,384
"Wellesley C.",2021,"Total",6252000,385
"U. New England",2021,"Total",6234000,386
"Philadelphia C. of Osteopathic Medicine",2021,"Total",6186000,387
"Indiana U. Pennsylvania",2021,"Total",6180000,388
"Southern U. and A&M C., Agricultural Research and Extension Center",2021,"Total",6164000,389
"Gallaudet U.",2021,"Total",6126000,390
"U. Central Oklahoma",2021,"Total",5997000,391
"Roseman U. of Health Sciences",2021,"Total",5985000,392
"Southern Connecticut State U.",2021,"Total",5750000,393
"South Carolina State U.",2021,"Total",5735000,394
"Purdue U., Northwest",2021,"Total",5647000,395
"Hofstra U.",2021,"Total",5545000,396
"Naval War C.",2021,"Total",5542000,397
"Pennsylvania State U., Behrend",2021,"Total",5509000,398
"U. Southern Maine",2021,"Total",5480000,399
"Colorado C.",2021,"Total",5467000,400
"Yeshiva U.",2021,"Total",5452000,401
"U. Colorado Colorado Springs",2021,"Total",5338000,402
"Seton Hall U.",2021,"Total",5320000,403
"Azusa Pacific U.",2021,"Total",5318000,404
"U. of Health Sciences and Pharmacy in St. Louis",2021,"Total",5313000,405
"Hope C.",2021,"Total",5211000,406
"Des Moines U.",2021,"Total",5164000,407
"U. of St. Thomas (MN)",2021,"Total",5146000,408
"Rutgers, State U. New Jersey, Camden",2021,"Total",5142000,409
"Reed C.",2021,"Total",5132000,410
"High Tech High Graduate School of Ed.",2021,"Total",5032000,411
"Toyota Technological Institute, Chicago",2021,"Total",4967000,412
"Southern U. and A&M C., Baton Rouge",2021,"Total",4943000,413
"Texas Woman's U.",2021,"Total",4943000,413
"Williams C.",2021,"Total",4902000,415
"U. North Carolina, Asheville",2021,"Total",4844000,416
"Fort Valley State U.",2021,"Total",4842000,417
"Lamar U.",2021,"Total",4734000,418
"Pacific U.",2021,"Total",4690000,419
"U.S. Army War C.",2021,"Total",4662000,420
"Northwest Indian C.",2021,"Total",4641000,421
"Amherst C.",2021,"Total",4636000,422
"Barnard C.",2021,"Total",4632000,423
"Abilene Christian U.",2021,"Total",4597000,424
"U. Detroit Mercy",2021,"Total",4578000,425
"Morehouse C.",2021,"Total",4533000,426
"Claremont McKenna C.",2021,"Total",4515000,427
"Appalachian State U.",2021,"Total",4509000,428
"Bucknell U.",2021,"Total",4476000,429
"New York Institute of Technology",2021,"Total",4465000,430
"West Chester U. Pennsylvania",2021,"Total",4433000,431
"U. Wisconsin-Stevens Point",2021,"Total",4401000,432
"Fisk U.",2021,"Total",4320000,433
"Norfolk State U.",2021,"Total",4316000,434
"Oregon Institute of Technology",2021,"Total",4314000,435
"U. Washington, Tacoma",2021,"Total",4291000,436
"CUNY, Graduate Center",2021,"Total",4265000,437
"California State U., Chico",2021,"Total",4209000,438
"CUNY, Lehman C.",2021,"Total",4181000,439
"Grinnell C.",2021,"Total",4122000,440
"Smith C.",2021,"Total",4085000,441
"U. New Haven",2021,"Total",4069000,442
"U. Central Arkansas",2021,"Total",3990000,443
"Fayetteville State U.",2021,"Total",3933000,444
"Murray State U.",2021,"Total",3844000,445
"Haverford C.",2021,"Total",3835000,446
"U. Central del Caribe",2021,"Total",3831000,447
"Texas A&M U.-Commerce",2021,"Total",3827000,448
"Carleton C.",2021,"Total",3800000,449
"Towson U.",2021,"Total",3794000,450
"National Defense U.",2021,"Total",3786000,451
"Memorial Sloan Kettering Cancer Center, Louis V. Gerstner Jr. Graduate S. of Biomedical Sciences",2021,"Total",3776000,452
"Texas A&M International U.",2021,"Total",3740000,453
"Franklin and Marshall C.",2021,"Total",3722000,454
"Albany C. of Pharmacy and Health Sciences",2021,"Total",3687000,455
"Pace U.",2021,"Total",3649000,456
"Occidental C.",2021,"Total",3587000,457
"Kean U.",2021,"Total",3538000,458
"Western Illinois U.",2021,"Total",3532000,459
"U. Texas of the Permian Basin",2021,"Total",3504000,460
"Touro U., California",2021,"Total",3489000,461
"SUNY, C. of Optometry",2021,"Total",3460000,462
"Dakota State U.",2021,"Total",3416000,463
"Northern Kentucky U.",2021,"Total",3403000,464
"U. Virginia's C. Wise",2021,"Total",3310000,465
"Colgate U.",2021,"Total",3306000,466
"Swarthmore C.",2021,"Total",3296000,467
"U. Northern Iowa",2021,"Total",3259000,468
"Stephen F. Austin State U.",2021,"Total",3204000,469
"U. Nebraska, Kearney",2021,"Total",3201000,470
"Milwaukee School of Engineering",2021,"Total",3193000,471
"U. Northern Colorado",2021,"Total",3159000,472
"Santa Clara U.",2021,"Total",3142000,473
"MGH Institute of Health Professions",2021,"Total",3037000,474
"Sul Ross State U.",2021,"Total",3004000,475
"Biola U.",2021,"Total",3003000,476
"U. Wisconsin-La Crosse",2021,"Total",3001000,477
"Colorado State U., Pueblo",2021,"Total",2990000,478
"Sonoma State U.",2021,"Total",2957000,479
"St. John's U., New York",2021,"Total",2940000,480
"Pennsylvania State U., Harrisburg",2021,"Total",2938000,481
"Middlebury C.",2021,"Total",2927000,482
"Saint Joseph's U.",2021,"Total",2922000,483
"Trinity U.",2021,"Total",2905000,484
"CUNY, C. Staten Island",2021,"Total",2860000,485
"Western Carolina U.",2021,"Total",2847000,486
"Youngstown State U.",2021,"Total",2775000,487
"Austin Peay State U.",2021,"Total",2740000,488
"Pittsburg State U.",2021,"Total",2730000,489
"California State U., Dominguez Hills",2021,"Total",2690000,490
"Alfred U.",2021,"Total",2660000,491
"Christopher Newport U.",2021,"Total",2656000,492
"Pepperdine U.",2021,"Total",2655000,493
"Calvin U.",2021,"Total",2637000,494
"Alabama State U.",2021,"Total",2631000,495
"Bates C.",2021,"Total",2620000,496
"U. Illinois, Springfield",2021,"Total",2612000,497
"U. Wisconsin-Superior",2021,"Total",2602000,498
"Winthrop U.",2021,"Total",2586000,499
"Johnson C. Smith U.",2021,"Total",2578000,500
"Pratt Institute",2021,"Total",2547000,501
"Dillard U.",2021,"Total",2528000,502
"CUNY, Baruch C.",2021,"Total",2521000,503
"Purdue U., Fort Wayne",2021,"Total",2495000,504
"Davidson C.",2021,"Total",2466000,505
"Furman U.",2021,"Total",2431000,506
"Saginaw Valley State U.",2021,"Total",2428000,507
"Bowdoin C.",2021,"Total",2417000,508
"Central Washington U.",2021,"Total",2410000,509
"St. Cloud State U.",2021,"Total",2379000,510
"Harvey Mudd C.",2021,"Total",2359000,511
"California State U., Channel Islands",2021,"Total",2341000,512
"Skidmore C.",2021,"Total",2335000,513
"Marymount U.",2021,"Total",2307000,514
"U. Richmond",2021,"Total",2294000,515
"Spelman C.",2021,"Total",2282000,516
"Lewis and Clark C.",2021,"Total",2281000,517
"U. Texas, Tyler",2021,"Total",2279000,518
"Coastal Carolina U.",2021,"Total",2245000,519
"Palmer C. of Chiropractic, Davenport",2021,"Total",2233000,520
"U. Louisiana, Monroe",2021,"Total",2198000,521
"Minnesota State U., Mankato",2021,"Total",2170000,522
"Pomona C.",2021,"Total",2146000,523
"Grambling State U.",2021,"Total",2124000,524
"Tougaloo C.",2021,"Total",2092000,525
"California State U., Stanislaus",2021,"Total",2085000,526
"SUNY, Geneseo",2021,"Total",2070000,527
"Citadel Military C. South Carolina",2021,"Total",2054000,528
"Suffolk U.",2021,"Total",2043000,529
"U. South Carolina, Aiken",2021,"Total",2042000,530
"Elon U.",2021,"Total",2032000,531
"Mount Holyoke C.",2021,"Total",2026000,532
"U. of the Incarnate Word",2021,"Total",1982000,533
"New England C. of Optometry",2021,"Total",1978000,534
"SUNY, Buffalo State U.",2021,"Total",1962000,535
"Hobart and William Smith Colleges",2021,"Total",1941000,536
"Fort Lewis C.",2021,"Total",1926000,537
"Eastern Washington U.",2021,"Total",1921000,538
"Northeastern Illinois U.",2021,"Total",1913000,539
"C. New Jersey",2021,"Total",1912000,540
"New Mexico Highlands U.",2021,"Total",1882000,541
"U. Puerto Rico, Cayey",2021,"Total",1881000,542
"U. Wisconsin-Green Bay",2021,"Total",1879000,543
"Manhattan C.",2021,"Total",1864000,544
"Roger Williams U.",2021,"Total",1854000,545
"U. Wisconsin-Eau Claire",2021,"Total",1852000,546
"Hawaii Pacific U.",2021,"Total",1849000,547
"U. Houston-Downtown",2021,"Total",1828000,548
"Willamette U.",2021,"Total",1817000,549
"Savannah State U.",2021,"Total",1804000,550
"Framingham State U.",2021,"Total",1790000,551
"Trinity C., Hartford",2021,"Total",1775000,552
"Lawrence Technological U.",2021,"Total",1764000,553
"Morehead State U.",2021,"Total",1754000,554
"Hamilton C.",2021,"Total",1747000,555
"Heidelberg U.",2021,"Total",1725000,556
"Erikson Institute",2021,"Total",1723000,557
"Southeastern Louisiana U.",2021,"Total",1723000,557
"Elizabeth City State U.",2021,"Total",1717000,559
"U. Houston-Clear Lake",2021,"Total",1716000,560
"Colby C.",2021,"Total",1672000,561
"Monmouth U.",2021,"Total",1667000,562
"CUNY, system office",2021,"Total",1664000,563
"Northwestern State U. Louisiana",2021,"Total",1663000,564
"U. Wisconsin-Oshkosh",2021,"Total",1656000,565
"Eastern Connecticut State U.",2021,"Total",1646000,566
"Franklin W. Olin C. of Engineering",2021,"Total",1627000,567
"Vassar C.",2021,"Total",1606000,568
"U. Ana G. Mendez, Gurabo",2021,"Total",1574000,569
"Seattle U.",2021,"Total",1562000,570
"Troy U.",2021,"Total",1548000,571
"La Sierra U.",2021,"Total",1517000,572
"Drake U.",2021,"Total",1488000,573
"U. North Georgia",2021,"Total",1415000,574
"Bowie State U.",2021,"Total",1398000,575
"C. Wooster",2021,"Total",1396000,576
"Union C., Schenectady",2021,"Total",1396000,576
"U. San Francisco",2021,"Total",1375000,578
"U. of the Pacific",2021,"Total",1371000,579
"CUNY, New York City C. of Technology",2021,"Total",1367000,580
"Northern Michigan U.",2021,"Total",1364000,581
"Marshall B. Ketchum U.",2021,"Total",1351000,582
"Keck Graduate Institute",2021,"Total",1350000,583
"U. Puerto Rico, Humacao",2021,"Total",1321000,584
"Central Connecticut State U.",2021,"Total",1314000,585
"Babson C.",2021,"Total",1286000,586
"Black Hills State U.",2021,"Total",1280000,587
"Macalester C.",2021,"Total",1280000,587
"SUNY, C. Plattsburgh",2021,"Total",1280000,587
"Florida Polytechnic U.",2021,"Total",1269000,590
"West Virginia School of Osteopathic Medicine",2021,"Total",1255000,591
"U. Hartford",2021,"Total",1252000,592
"Stockton U.",2021,"Total",1246000,593
"Connecticut C.",2021,"Total",1244000,594
"U. Alaska, Southeast",2021,"Total",1176000,595
"U. Wisconsin-Platteville",2021,"Total",1144000,596
"CUNY, York C.",2021,"Total",1133000,597
"Saint John's U.",2021,"Total",1125000,598
"U. of Mary Washington",2021,"Total",1123000,599
"SUNY, C. Brockport",2021,"Total",1114000,600
"Northland C.",2021,"Total",1096000,601
"C. of Saint Benedict",2021,"Total",1064000,602
"Indiana State U.",2021,"Total",1042000,603
"Alaska Pacific U.",2021,"Total",1036000,604
"Canisius U.",2021,"Total",1036000,604
"Ithaca C.",2021,"Total",1030000,606
"Claflin U.",2021,"Total",1015000,607
"Lafayette C.",2021,"Total",1015000,607
"SUNY, Oswego",2021,"Total",1003000,609
"U. Wisconsin-River Falls",2021,"Total",999000,610
"Eastern Kentucky U.",2021,"Total",986000,611
"Sacred Heart U.",2021,"Total",972000,612
"U. Hawaii, Maui C.",2021,"Total",967000,613
"Liberty U.",2021,"Total",937000,614
"Indiana U., South Bend",2021,"Total",898000,615
"Arcadia U.",2021,"Total",889000,616
"Albany State U.",2021,"Total",880000,617
"National U. of Natural Medicine",2021,"Total",850000,618
"Fairfield U.",2021,"Total",849000,619
"Albion C.",2021,"Total",847000,620
"St. Olaf C.",2021,"Total",816000,621
"Andrews U.",2021,"Total",802000,622
"Oberlin C.",2021,"Total",776000,623
"Providence C.",2021,"Total",766000,624
"Wheaton C., Wheaton",2021,"Total",729000,625
"Lipscomb U.",2021,"Total",321000,626
"Benedict C.",2021,"Total",NA,NA
"Bentley U.",2021,"Total",NA,NA
"Bryant U.",2021,"Total",NA,NA
"Butler U.",2021,"Total",NA,NA
"Chicago State U.",2021,"Total",NA,NA
"Dine C.",2021,"Total",NA,NA
"East Stroudsburg U. Pennsylvania",2021,"Total",NA,NA
"Ferris State U.",2021,"Total",NA,NA
"Gettysburg C.",2021,"Total",NA,NA
"Gustavus Adolphus C.",2021,"Total",NA,NA
"Hartford International U. for Religion and Peace",2021,"Total",NA,NA
"Kenyon C.",2021,"Total",NA,NA
"Lake Superior State U.",2021,"Total",NA,NA
"Lincoln Memorial U.",2021,"Total",NA,NA
"Lincoln U.",2021,"Total",NA,NA
"Marian U., Indianapolis",2021,"Total",NA,NA
"Merrimack C.",2021,"Total",NA,NA
"Nevada State C.",2021,"Total",NA,NA
"New C. Florida",2021,"Total",NA,NA
"Norwich U.",2021,"Total",NA,NA
"Pennsylvania State U., Altoona",2021,"Total",NA,NA
"Radford U.",2021,"Total",NA,NA
"Robert Morris U.",2021,"Total",NA,NA
"SUNY, Cobleskill",2021,"Total",NA,NA
"Southern U., New Orleans",2021,"Total",NA,NA
"St. Mary's C. Maryland",2021,"Total",NA,NA
"Texas A&M U.-San Antonio",2021,"Total",NA,NA
"Touro U., New Yorkg",2021,"Total",NA,NA
"U. Nebraska, Lincoln and Medical Centerd",2021,"Total",NA,NA
"U. Puerto Rico, Ponce",2021,"Total",NA,NA
"U. Puget Sound",2021,"Total",NA,NA
"U. Scranton",2021,"Total",NA,NA
"U. South Carolina, Beaufort",2021,"Total",NA,NA
"U.S. Coast Guard Academy",2021,"Total",NA,NA
"United Tribes Technical C.",2021,"Total",NA,NA
"Ursinus C.",2021,"Total",NA,NA
"Utah Valley U.",2021,"Total",NA,NA
"Virginia Military Institute",2021,"Total",NA,NA
"Western New England U.",2021,"Total",NA,NA
"Whitman C.",2021,"Total",NA,NA
"All institutions",2022,"Total",97669577000,1
"Johns Hopkins U",2022,"Total",3420312000,2
"U. California, San Francisco",2022,"Total",1805950000,3
"U. Pennsylvania",2022,"Total",1791311000,4
"U. Michigan, Ann Arbor",2022,"Total",1770708000,5
"U. Washington, Seattle",2022,"Total",1559708000,6
"U. California, Los Angeles",2022,"Total",1536197000,7
"U. California, San Diego",2022,"Total",1533357000,8
"U. Wisconsin-Madison",2022,"Total",1523513000,9
"Duke U.",2022,"Total",1390538000,10
"Stanford U.",2022,"Total",1384555000,11
"Ohio State U.",2022,"Total",1363388000,12
"U. North Carolina, Chapel Hill",2022,"Total",1361028000,13
"Harvard U.",2022,"Total",1308458000,14
"Cornell U.",2022,"Total",1300357000,15
"New York U.",2022,"Total",1276038000,16
"U. Pittsburgh, Pittsburgh",2022,"Total",1251998000,17
"Georgia Institute of Technology",2022,"Total",1231485000,18
"Columbia U. in the City of New York",2022,"Total",1230924000,19
"U. Marylandb",2022,"Total",1228550000,20
"U. Minnesota, Twin Cities",2022,"Total",1202084000,21
"Yale U.",2022,"Total",1191201000,22
"U. Texas M. D. Anderson Cancer Center",2022,"Total",1182536000,23
"Texas A&M U., College Station and Health Science Center",2022,"Total",1152666000,24
"Vanderbilt U. and Vanderbilt U. Medical Center",2022,"Total",1086223000,25
"U. Florida",2022,"Total",1085834000,26
"Washington U., Saint Louis",2022,"Total",1047098000,27
"U. Southern California",2022,"Total",1039905000,28
"Pennsylvania State U., University Park and Hershey Medical Center",2022,"Total",1019940000,29
"Northwestern U.",2022,"Total",1000695000,30
"Massachusetts Institute of Technology",2022,"Total",989166000,31
"U. California, Berkeley",2022,"Total",981035000,32
"Emory U.",2022,"Total",958281000,33
"Icahn School of Medicine at Mount Sinai",2022,"Total",893968000,34
"U. California, Davis",2022,"Total",883807000,35
"U. Texas, Austin",2022,"Total",845896000,36
"Baylor C. of Medicine",2022,"Total",827005000,37
"U. Arizona",2022,"Total",824340000,38
"Arizona State U.",2022,"Total",797224000,39
"U. Illinois, Urbana-Champaign",2022,"Total",765909000,40
"Michigan State U.",2022,"Total",759229000,41
"Purdue U., West Lafayette",2022,"Total",754627000,42
"Indiana U., Bloomington",2022,"Total",751309000,43
"Boston U.",2022,"Total",725402000,44
"U. Texas Southwestern Medical Center",2022,"Total",719002000,45
"U. Alabama, Birmingham",2022,"Total",713480000,46
"Rutgers, State U. New Jersey, New Brunswick",2022,"Total",712231000,47
"U. Utah",2022,"Total",670119000,48
"U. Virginia, Charlottesville",2022,"Total",662658000,49
"U. Cincinnati",2022,"Total",615070000,50
"U. Colorado Boulder",2022,"Total",611380000,51
"U. Colorado Anschutz Medical Campusc",2022,"Total",611358000,52
"U. Iowa",2022,"Total",594215000,53
"Virginia Polytechnic Institute and State U.",2022,"Total",591861000,54
"U. Chicago",2022,"Total",591805000,55
"North Carolina State U.",2022,"Total",583203000,56
"All other surveyed institutions",2022,"Total",580130000,57
"U. Georgia",2022,"Total",545631000,58
"U. California, Irvine",2022,"Total",534947000,59
"Scripps Research Institute",2022,"Total",492639000,60
"Oregon Health and Science U.",2022,"Total",479226000,61
"California Institute of Technology",2022,"Total",478142000,62
"U. Kentucky",2022,"Total",476517000,63
"Case Western Reserve U.",2022,"Total",467389000,64
"Princeton U.",2022,"Total",461185000,65
"Colorado State U., Fort Collins",2022,"Total",456911000,66
"U. Rochester",2022,"Total",450805000,67
"Carnegie Mellon U.",2022,"Total",449707000,68
"U. Illinois, Chicago",2022,"Total",440573000,69
"SUNY, U. Buffalo",2022,"Total",439709000,70
"U. Miami",2022,"Total",439300000,71
"U. Missouri, Columbia",2022,"Total",432310000,72
"SUNY, Polytechnic Institute",2022,"Total",413763000,73
"Virginia Commonwealth U.",2022,"Total",411729000,74
"U. Oklahoma, Norman and Health Science Center",2022,"Total",408656000,75
"U. Kansas",2022,"Total",405267000,76
"U. South Floridae",2022,"Total",405166000,77
"Iowa State U.",2022,"Total",393184000,78
"Washington State U.",2022,"Total",368396000,79
"U. Delaware",2022,"Total",368107000,80
"U. Connecticut",2022,"Total",367557000,81
"Rockefeller U.",2022,"Total",360877000,82
"U. Massachusetts, Medical School",2022,"Total",358204000,83
"Florida State U.",2022,"Total",355986000,84
"Utah State U.",2022,"Total",344851000,85
"Louisiana State U., Baton Rouge",2022,"Total",344556000,86
"Dartmouth C. and Dartmouth Hitchcock Medical Center",2022,"Total",344126000,87
"U. Texas Health Science Center, Houston",2022,"Total",342633000,88
"U. New Mexico",2022,"Total",331164000,89
"U. Tennessee, Knoxvillef",2022,"Total",324435000,90
"Albert Einstein C. of Medicine",2022,"Total",318314000,91
"Georgetown U.",2022,"Total",313220000,92
"SUNY, Stony Brook U.",2022,"Total",312698000,93
"Brown U.",2022,"Total",310780000,94
"Medical C. Wisconsin",2022,"Total",309244000,95
"Auburn U., Auburn",2022,"Total",304439000,96
"Mississippi State U.",2022,"Total",303418000,97
"Temple U.",2022,"Total",301395000,98
"Oregon State U.",2022,"Total",297934000,99
"Medical U. South Carolina",2022,"Total",284553000,100
"Florida International U.",2022,"Total",281665000,101
"U. Notre Dame",2022,"Total",280604000,102
"U. California, Santa Barbara",2022,"Total",278897000,103
"U. Hawaii, Manoa",2022,"Total",277323000,104
"Uniformed Services U. of the Health Sciences",2022,"Total",277240000,105
"George Washington U.",2022,"Total",275483000,106
"Wake Forest U.",2022,"Total",269109000,107
"Clemson U.",2022,"Total",263158000,108
"Wichita State U.",2022,"Total",261519000,109
"Woods Hole Oceanographic Institution",2022,"Total",255017000,110
"Thomas Jefferson U.",2022,"Total",246212000,111
"U. Massachusetts, Amherst",2022,"Total",245158000,112
"Wayne State U.",2022,"Total",242247000,113
"U. Houston",2022,"Total",240126000,114
"U. Texas Health Science Center, San Antonio",2022,"Total",238510000,115
"Northeastern U.",2022,"Total",231607000,116
"Tufts U.",2022,"Total",231224000,117
"George Mason U.",2022,"Total",230068000,118
"U. Louisville",2022,"Total",229582000,119
"U. South Carolina, Columbia",2022,"Total",229162000,120
"Texas Tech U.",2022,"Total",226729000,121
"Tulane U.",2022,"Total",222605000,122
"U. Central Florida",2022,"Total",221488000,123
"U. Vermont",2022,"Total",216307000,124
"Rice U.",2022,"Total",216202000,125
"Georgia State U.",2022,"Total",215908000,126
"West Virginia U.",2022,"Total",214081000,127
"Kansas State U.",2022,"Total",212974000,128
"U. Dayton",2022,"Total",211494000,129
"U. New Hampshire",2022,"Total",206392000,130
"U. Arkansas for Medical Sciences",2022,"Total",205493000,131
"U. Louisiana, Lafayette",2022,"Total",205201000,132
"U. Texas Medical Branch",2022,"Total",204518000,133
"U. Alaska, Fairbanks",2022,"Total",202516000,134
"Montana State U., Bozeman",2022,"Total",200820000,135
"U. California, Riverside",2022,"Total",199135000,136
"Oklahoma State U., Stillwater",2022,"Total",195041000,137
"U. Arkansas, Fayetteville",2022,"Total",184080000,138
"U. Nevada, Reno",2022,"Total",181782000,139
"U. California, Santa Cruz",2022,"Total",176760000,140
"North Dakota State U.",2022,"Total",174904000,141
"U. Maine",2022,"Total",171931000,142
"U. Alabama, Huntsville",2022,"Total",169532000,143
"New Jersey Institute of Technology",2022,"Total",167135000,144
"U. Alabama, Tuscaloosa",2022,"Total",163204000,145
"U. Oregon",2022,"Total",160500000,146
"Syracuse U.",2022,"Total",157407000,147
"U. Mississippi",2022,"Total",152903000,148
"Drexel U.",2022,"Total",151903000,149
"U. North Dakota",2022,"Total",147717000,150
"U. Texas, San Antonio",2022,"Total",147629000,151
"U. Wyoming",2022,"Total",139764000,152
"U. Texas, Arlington",2022,"Total",133770000,153
"U. Texas, Dallas",2022,"Total",130914000,154
"SUNY, Binghamton U.",2022,"Total",130882000,155
"U. Texas, El Paso",2022,"Total",130501000,156
"SUNY, U. Albany",2022,"Total",129796000,157
"San Diego State U.",2022,"Total",129762000,158
"U. Rhode Island",2022,"Total",129102000,159
"Augusta U.",2022,"Total",127313000,160
"U. Montana, Missoula",2022,"Total",125603000,161
"Rensselaer Polytechnic Institute",2022,"Total",121809000,162
"New Mexico State U.",2022,"Total",121472000,163
"Cold Spring Harbor Laboratory",2022,"Total",118034000,164
"U. Idaho",2022,"Total",115603000,165
"U. Tennessee, Health Science Center",2022,"Total",115161000,166
"Rush U.",2022,"Total",114874000,167
"U. Massachusetts, Lowell",2022,"Total",111144000,168
"U. Maryland, Baltimore County",2022,"Total",110319000,169
"Texas State U.",2022,"Total",110102000,170
"Brandeis U.",2022,"Total",102378000,171
"Colorado School of Mines",2022,"Total",98404000,172
"U. Nevada, Las Vegas",2022,"Total",94967000,173
"U. North Texas, Denton",2022,"Total",93538000,174
"Michigan Technological U.",2022,"Total",91084000,175
"New Mexico Institute of Mining and Technology",2022,"Total",89900000,176
"Saint Louis U.",2022,"Total",82740000,177
"Cleveland State U.",2022,"Total",81225000,178
"Van Andel Research Institute",2022,"Total",78626000,179
"William & Mary",2022,"Total",75953000,180
"U. North Texas, Health Science Center",2022,"Total",72675000,181
"U. Southern Mississippi",2022,"Total",72477000,182
"San Jose State U.",2022,"Total",71695000,183
"U. Memphis",2022,"Total",71271000,184
"Boston C.",2022,"Total",68958000,185
"American U.",2022,"Total",67616000,186
"Howard U.",2022,"Total",67594000,187
"Northern Arizona U.",2022,"Total",66729000,188
"Baylor U.",2022,"Total",66014000,189
"CUNY, City C.",2022,"Total",65569000,190
"U. Massachusetts, Boston",2022,"Total",65215000,191
"Old Dominion U.",2022,"Total",64877000,192
"U. Toledo",2022,"Total",64654000,193
"U. Texas Rio Grande Valley",2022,"Total",64401000,194
"Indiana U.-Purdue U., Indianapolis",2022,"Total",64162000,195
"Naval Postgraduate School",2022,"Total",64055000,196
"Rochester Institute of Technology",2022,"Total",62383000,197
"Florida Atlantic U.",2022,"Total",61748000,198
"South Dakota State U.",2022,"Total",59590000,199
"Southern Methodist U.",2022,"Total",57544000,200
"Worcester Polytechnic Institute",2022,"Total",56904000,201
"U. Wisconsin-Milwaukee",2022,"Total",56822000,202
"East Carolina U.",2022,"Total",55693000,203
"U. California, Office of the President",2022,"Total",54640000,204
"Louisiana State U., Health Sciences Center, New Orleans",2022,"Total",53995000,205
"U. Maryland Center for Environmental Science",2022,"Total",53718000,206
"Stevens Institute of Technology",2022,"Total",53563000,207
"Missouri U. of Science and Technology",2022,"Total",53357000,208
"U. Missouri, Kansas City",2022,"Total",52657000,209
"Ohio U.",2022,"Total",52465000,210
"Kent State U.",2022,"Total",52175000,211
"Lehigh U.",2022,"Total",51769000,212
"Florida A&M U.",2022,"Total",50636000,213
"SUNY, Upstate Medical U.",2022,"Total",50586000,214
"Mercer U.",2022,"Total",50222000,215
"U. California, Merced",2022,"Total",48147000,216
"North Carolina A&T State U.",2022,"Total",47908000,217
"Boise State U.",2022,"Total",47617000,218
"U. Puerto Rico, Medical Sciences Campus",2022,"Total",47578000,219
"Southern Illinois U., Carbondale",2022,"Total",46967000,220
"Texas Tech U., Health Sciences Center",2022,"Total",46574000,221
"Loyola U., Chicago",2022,"Total",46169000,222
"Brigham Young U., Provo",2022,"Total",45610000,223
"U. Denver",2022,"Total",45561000,224
"Air Force Institute of Technology",2022,"Total",44391000,225
"U. South Alabama",2022,"Total",43491000,226
"U. North Carolina, Charlotte",2022,"Total",43126000,227
"Morehouse School of Medicine",2022,"Total",42489000,228
"Portland State U.",2022,"Total",41483000,229
"U. North Carolina, Greensboro",2022,"Total",41303000,230
"Marquette U.",2022,"Total",40638000,231
"U. West Florida",2022,"Total",38870000,232
"Catholic U. of America",2022,"Total",38191000,233
"Oakland U.",2022,"Total",38061000,234
"San Francisco State U.",2022,"Total",36617000,235
"U.S. Air Force Academy",2022,"Total",36506000,236
"Georgia Southern U.",2022,"Total",36362000,237
"Texas A&M U.-Corpus Christi",2022,"Total",36014000,238
"CUNY, Hunter C.",2022,"Total",35348000,239
"Chapman U.",2022,"Total",34212000,240
"U. Texas Health Science Center, Tyler",2022,"Total",33872000,241
"California Polytechnic State U., San Luis Obispo",2022,"Total",33155000,242
"U. Massachusetts, Dartmouth",2022,"Total",33136000,243
"SUNY, C. of Environmental Science and Forestry",2022,"Total",32904000,244
"Montclair State U.",2022,"Total",32202000,245
"Nova Southeastern U.",2022,"Total",31189000,246
"Teachers C., Columbia U.",2022,"Total",30978000,247
"SUNY, Downstate Health Sciences U.",2022,"Total",30918000,248
"U. South Dakota",2022,"Total",30322000,249
"Rowan U.",2022,"Total",29949000,250
"Illinois Institute of Technology",2022,"Total",29791000,251
"Louisiana State U., Health Sciences Center, Shreveport",2022,"Total",29502000,252
"Morgan State U.",2022,"Total",29482000,253
"Delaware State U.",2022,"Total",29016000,254
"Miami U.",2022,"Total",28799000,255
"Embry-Riddle Aeronautical U.",2022,"Total",28650000,256
"Desert Research Institute",2022,"Total",28478000,257
"Rutgers, State U. New Jersey, Newark",2022,"Total",28345000,258
"U. Puerto Rico, Rio Piedras",2022,"Total",28083000,259
"Western Michigan U. and Homer Stryker M.D. School of Medicine",2022,"Total",27768000,260
"Creighton U.",2022,"Total",27609000,261
"Wright State U.",2022,"Total",27440000,262
"Northern Illinois U.",2022,"Total",27068000,263
"Louisiana Tech U.",2022,"Total",26591000,264
"Villanova U.",2022,"Total",25955000,265
"Marshall U.",2022,"Total",25692000,266
"Illinois State U.",2022,"Total",25510000,267
"Central Michigan U.",2022,"Total",25105000,268
"U. Nebraska, Omaha",2022,"Total",24259000,269
"California State U., Sacramento",2022,"Total",23795000,270
"Texas A&M U.-Kingsville",2022,"Total",23451000,271
"East Tennessee State U.",2022,"Total",23420000,272
"U. Minnesota, Duluth",2022,"Total",23362000,273
"Middle Tennessee State U.",2022,"Total",22631000,274
"Albany Medical C.",2022,"Total",22297000,275
"Eastern Virginia Medical School",2022,"Total",22165000,276
"Tuskegee U.",2022,"Total",21941000,277
"U. New Orleans",2022,"Total",21911000,278
"Kennesaw State U.",2022,"Total",21705000,279
"Clarkson U.",2022,"Total",21703000,280
"CUNY, Queens C.",2022,"Total",21434000,281
"U. Alaska, Anchorage",2022,"Total",21024000,282
"U.S. Military Academy",2022,"Total",20841000,283
"U. Guam",2022,"Total",20481000,284
"Fordham U.",2022,"Total",20432000,285
"Prairie View A&M U.",2022,"Total",20429000,286
"U. of the Virgin Islands",2022,"Total",20259000,287
"South Dakota School of Mines and Technology",2022,"Total",20061000,288
"Tarleton State U.",2022,"Total",20056000,289
"U. North Carolina, Wilmington",2022,"Total",20053000,290
"U. Akron",2022,"Total",19943000,291
"California State U., Northridge",2022,"Total",19638000,292
"Bowling Green State U.",2022,"Total",19342000,293
"New School",2022,"Total",19218000,294
"Southern Illinois U., Edwardsville",2022,"Total",19152000,295
"California State U., East Bay",2022,"Total",19035000,296
"U. North Florida",2022,"Total",18394000,297
"Texas Christian U.",2022,"Total",18353000,298
"U. Puerto Rico, Mayaguez",2022,"Total",18274000,299
"U. Colorado Denverc",2022,"Total",18080000,300
"Tennessee State U.",2022,"Total",18012000,301
"Meharry Medical C.",2022,"Total",17960000,302
"California State U., Long Beach",2022,"Total",17807000,303
"Florida Institute of Technology",2022,"Total",17706000,304
"Jackson State U.",2022,"Total",17481000,305
"U. Tulsa",2022,"Total",17416000,306
"Long Island U.",2022,"Total",17183000,307
"James Madison U.",2022,"Total",17021000,308
"Alcorn State U.",2022,"Total",16664000,309
"California State U., Fullerton",2022,"Total",16642000,310
"Idaho State U.",2022,"Total",16615000,311
"North Carolina Central U.",2022,"Total",16600000,312
"CUNY, Advanced Science Research Center",2022,"Total",16507000,313
"New York Medical C.",2022,"Total",16461000,314
"CUNY, Graduate School of Public Health and Health Policy",2022,"Total",16423000,315
"Tennessee Technological U.",2022,"Total",16398000,316
"CUNY, John Jay C. of Criminal Justice",2022,"Total",16233000,317
"California State Polytechnic U., Humboldt",2022,"Total",15612000,318
"Loma Linda U.",2022,"Total",15517000,319
"Western Washington U.",2022,"Total",15081000,320
"Charles R. Drew U. of Medicine and Science",2022,"Total",14581000,321
"Texas Tech U., Health Sciences Center, El Paso",2022,"Total",14206000,322
"Montana Technological U.",2022,"Total",14188000,323
"Xavier U. Louisiana",2022,"Total",14156000,324
"Duquesne U.",2022,"Total",13944000,325
"Northeast Ohio Medical U.",2022,"Total",13465000,326
"U. Missouri, Saint Louis",2022,"Total",13247000,327
"Rosalind Franklin U. of Medicine and Science",2022,"Total",12988000,328
"U. Tennessee, Chattanooga",2022,"Total",12808000,329
"Loyola Marymount U.",2022,"Total",12773000,330
"U. Hawaii, system office",2022,"Total",12646000,331
"California State U., Fresno",2022,"Total",12603000,332
"Virginia State U.",2022,"Total",12326000,333
"Texas Southern U.",2022,"Total",12120000,334
"Sam Houston State U.",2022,"Total",12009000,335
"California State U., San Bernardino",2022,"Total",11929000,336
"Lincoln U., Jefferson City",2022,"Total",11500000,337
"Hampton U.",2022,"Total",11462000,338
"Missouri State U.",2022,"Total",11162000,339
"Rhode Island C.",2022,"Total",11127000,340
"Midwestern U.",2022,"Total",11069000,341
"U. of the District of Columbia",2022,"Total",10779000,342
"U.S. Naval Academy",2022,"Total",10664000,343
"Salisbury U.",2022,"Total",10614000,344
"Winston-Salem State U.",2022,"Total",10436000,345
"Central State U.",2022,"Total",10274000,346
"U. San Diego",2022,"Total",10143000,347
"Wesleyan U.",2022,"Total",10101000,348
"Fort Valley State U.",2022,"Total",9969000,349
"Ball State U.",2022,"Total",9932000,350
"Florida Gulf Coast U.",2022,"Total",9896000,351
"California State U., Los Angeles",2022,"Total",9839000,352
"Alabama A&M U.",2022,"Total",9611000,353
"West Texas A&M U.",2022,"Total",9438000,354
"Kentucky State U.",2022,"Total",9284000,355
"U. Maryland, Eastern Shore",2022,"Total",9274000,356
"California State U., San Marcos",2022,"Total",9238000,357
"Bryn Mawr C.",2022,"Total",9123000,358
"Saint Joseph's U.",2022,"Total",9041000,359
"Western U. of Health Sciences",2022,"Total",9029000,360
"California State U., Monterey Bay",2022,"Total",8975000,361
"Clark U.",2022,"Total",8813000,362
"Clark Atlanta U.",2022,"Total",8791000,363
"Towson U.",2022,"Total",8788000,364
"Claremont Graduate U.",2022,"Total",8382000,365
"Oklahoma State U., Center for Health Sciences",2022,"Total",8368000,366
"DePaul U.",2022,"Total",8362000,367
"Arkansas State U., Jonesboro",2022,"Total",8214000,368
"U. Washington, Bothell",2022,"Total",8197000,369
"U. Michigan, Dearborn",2022,"Total",8180000,370
"Eastern Michigan U.",2022,"Total",8025000,371
"U. Hawaii, Hilo",2022,"Total",8001000,372
"U. Oklahoma, Tulsa",2022,"Total",7945000,373
"California State Polytechnic U., Pomona",2022,"Total",7909000,374
"U. Colorado Colorado Springs",2022,"Total",7761000,375
"Western Kentucky U.",2022,"Total",7720000,376
"William Paterson U.",2022,"Total",7574000,377
"U. Arkansas, Little Rock",2022,"Total",7530000,378
"U. Arkansas, Pine Bluff",2022,"Total",7506000,379
"Yeshiva U.",2022,"Total",7274000,380
"Appalachian State U.",2022,"Total",7189000,381
"Amherst C.",2022,"Total",7177000,382
"Edward Via C. of Osteopathic Medicine",2022,"Total",7121000,383
"U. Central Oklahoma",2022,"Total",7070000,384
"Southern U. and A&M C., Agricultural Research and Extension Center",2022,"Total",7048000,385
"Hofstra U.",2022,"Total",6939000,386
"South Carolina State U.",2022,"Total",6773000,387
"West Virginia State U.",2022,"Total",6703000,388
"Grand Valley State U.",2022,"Total",6695000,389
"Philadelphia C. of Osteopathic Medicine",2022,"Total",6667000,390
"U. New England",2022,"Total",6664000,391
"U. Baltimore",2022,"Total",6646000,392
"Langston U.",2022,"Total",6481000,393
"Rutgers, State U. New Jersey, Camden",2022,"Total",6480000,394
"C. Charleston",2022,"Total",6421000,395
"Purdue U., Northwest",2022,"Total",6387000,396
"Pennsylvania State U., Behrend",2022,"Total",6384000,397
"Gallaudet U.",2022,"Total",6360000,398
"Hope C.",2022,"Total",6355000,399
"Wellesley C.",2022,"Total",6326000,400
"Indiana U. Pennsylvania",2022,"Total",6313000,401
"Abilene Christian U.",2022,"Total",6310000,402
"Roseman U. of Health Sciences",2022,"Total",6296000,403
"Southern Connecticut State U.",2022,"Total",6286000,404
"CUNY, Brooklyn C.",2022,"Total",6220000,405
"High Tech High Graduate School of Ed.",2022,"Total",6203000,406
"Pacific U.",2022,"Total",6128000,407
"Texas Woman's U.",2022,"Total",6029000,408
"U. North Carolina, Asheville",2022,"Total",5973000,409
"Reed C.",2022,"Total",5922000,410
"West Chester U. Pennsylvania",2022,"Total",5903000,411
"Claremont McKenna C.",2022,"Total",5893000,412
"Grinnell C.",2022,"Total",5867000,413
"Smith C.",2022,"Total",5831000,414
"MGH Institute of Health Professions",2022,"Total",5805000,415
"Seton Hall U.",2022,"Total",5741000,416
"Morehouse C.",2022,"Total",5664000,417
"Williams C.",2022,"Total",5657000,418
"Northwest Indian C.",2022,"Total",5632000,419
"New York Institute of Technology",2022,"Total",5555000,420
"Naval War C.",2022,"Total",5529000,421
"CUNY, Graduate Center",2022,"Total",5509000,422
"Kean U.",2022,"Total",5499000,423
"U. Southern Maine",2022,"Total",5498000,424
"U.S. Army War C.",2022,"Total",5496000,425
"U. Washington, Tacoma",2022,"Total",5484000,426
"Des Moines U.",2022,"Total",5307000,427
"Lamar U.",2022,"Total",5304000,428
"Bucknell U.",2022,"Total",5259000,429
"U. Detroit Mercy",2022,"Total",5186000,430
"Oregon Institute of Technology",2022,"Total",5086000,431
"U. Central del Caribe",2022,"Total",5053000,432
"Citadel Military C. South Carolina",2022,"Total",4993000,433
"Barnard C.",2022,"Total",4988000,434
"Texas A&M U.-Commerce",2022,"Total",4955000,435
"Memorial Sloan Kettering Cancer Center, Louis V. Gerstner Jr. Graduate S. of Biomedical Sciences",2022,"Total",4954000,436
"California State U., Bakersfield",2022,"Total",4815000,437
"Dakota State U.",2022,"Total",4684000,438
"CUNY, Lehman C.",2022,"Total",4656000,439
"U. Wisconsin-Superior",2022,"Total",4615000,440
"U. New Haven",2022,"Total",4548000,441
"SUNY, C. of Optometry",2022,"Total",4497000,442
"Haverford C.",2022,"Total",4487000,443
"Texas A&M International U.",2022,"Total",4486000,444
"Toyota Technological Institute, Chicago",2022,"Total",4470000,445
"Franklin and Marshall C.",2022,"Total",4440000,446
"Carleton C.",2022,"Total",4358000,447
"Southern U. and A&M C., Baton Rouge",2022,"Total",4344000,448
"Colgate U.",2022,"Total",4343000,449
"Western Illinois U.",2022,"Total",4311000,450
"U. of Health Sciences and Pharmacy in St. Louis",2022,"Total",4280000,451
"California State U., Dominguez Hills",2022,"Total",4230000,452
"Santa Clara U.",2022,"Total",4225000,453
"Swarthmore C.",2022,"Total",4225000,453
"California State U., Chico",2022,"Total",4177000,455
"Youngstown State U.",2022,"Total",4157000,456
"Occidental C.",2022,"Total",4139000,457
"U. Nebraska, Kearney",2022,"Total",4009000,458
"Fisk U.",2022,"Total",4e+06,459
"Sul Ross State U.",2022,"Total",3940000,460
"National Defense U.",2022,"Total",3920000,461
"Northern Kentucky U.",2022,"Total",3888000,462
"Pepperdine U.",2022,"Total",3775000,463
"Sonoma State U.",2022,"Total",3774000,464
"U. Wisconsin-Stevens Point",2022,"Total",3740000,465
"Coastal Carolina U.",2022,"Total",3724000,466
"Chicago State U.",2022,"Total",3701000,467
"U. Central Arkansas",2022,"Total",3684000,468
"Trinity U.",2022,"Total",3657000,469
"Colorado C.",2022,"Total",3646000,470
"Norfolk State U.",2022,"Total",3593000,471
"St. John's U., New York",2022,"Total",3592000,472
"U. Texas of the Permian Basin",2022,"Total",3577000,473
"CUNY, C. Staten Island",2022,"Total",3545000,474
"Milwaukee School of Engineering",2022,"Total",3545000,474
"Pace U.",2022,"Total",3524000,476
"U. Northern Iowa",2022,"Total",3486000,477
"Alfred U.",2022,"Total",3477000,478
"C. New Jersey",2022,"Total",3464000,479
"Winthrop U.",2022,"Total",3424000,480
"St. Edward's U.",2022,"Total",3393000,481
"Azusa Pacific U.",2022,"Total",3389000,482
"California State U., Channel Islands",2022,"Total",3377000,483
"Murray State U.",2022,"Total",3371000,484
"Bowie State U.",2022,"Total",3351000,485
"Harvey Mudd C.",2022,"Total",3350000,486
"U. Northern Colorado",2022,"Total",3308000,487
"Hawaii Pacific U.",2022,"Total",3302000,488
"Biola U.",2022,"Total",3260000,489
"U. Texas, Tyler",2022,"Total",3246000,490
"Hobart and William Smith Colleges",2022,"Total",3228000,491
"Fayetteville State U.",2022,"Total",3206000,492
"Stephen F. Austin State U.",2022,"Total",3184000,493
"Alabama State U.",2022,"Total",3178000,494
"Central Washington U.",2022,"Total",3176000,495
"Calvin U.",2022,"Total",3169000,496
"CUNY, Baruch C.",2022,"Total",3156000,497
"Austin Peay State U.",2022,"Total",3149000,498
"U. Louisiana, Monroe",2022,"Total",3128000,499
"Colorado State U., Pueblo",2022,"Total",3117000,500
"Lawrence Technological U.",2022,"Total",3050000,501
"U. Wisconsin-La Crosse",2022,"Total",2942000,502
"Pennsylvania State U., Harrisburg",2022,"Total",2927000,503
"CUNY, system office",2022,"Total",2900000,504
"Pittsburg State U.",2022,"Total",2884000,505
"U. Illinois, Springfield",2022,"Total",2881000,506
"Morehead State U.",2022,"Total",2880000,507
"Saginaw Valley State U.",2022,"Total",2862000,508
"Davidson C.",2022,"Total",2788000,509
"Western Carolina U.",2022,"Total",2783000,510
"Fort Lewis C.",2022,"Total",2765000,511
"Christopher Newport U.",2022,"Total",2762000,512
"U. Wisconsin-Green Bay",2022,"Total",2713000,513
"Spelman C.",2022,"Total",2686000,514
"Johnson C. Smith U.",2022,"Total",2685000,515
"New Mexico Highlands U.",2022,"Total",2674000,516
"U. Richmond",2022,"Total",2670000,517
"U. San Francisco",2022,"Total",2657000,518
"Furman U.",2022,"Total",2650000,519
"Bowdoin C.",2022,"Total",2648000,520
"U. Virginia's C. Wise",2022,"Total",2628000,521
"Middlebury C.",2022,"Total",2603000,522
"U. South Carolina, Aiken",2022,"Total",2595000,523
"Pomona C.",2022,"Total",2589000,524
"Vassar C.",2022,"Total",2580000,525
"Lewis and Clark C.",2022,"Total",2566000,526
"Touro U., California",2022,"Total",2561000,527
"Franklin W. Olin C. of Engineering",2022,"Total",2554000,528
"Colby C.",2022,"Total",2530000,529
"Troy U.",2022,"Total",2517000,530
"U. of St. Thomas (MN)",2022,"Total",2476000,531
"Bates C.",2022,"Total",2468000,532
"Eastern Washington U.",2022,"Total",2437000,533
"Southeastern Louisiana U.",2022,"Total",2407000,534
"Tougaloo C.",2022,"Total",2336000,535
"Pratt Institute",2022,"Total",2325000,536
"Albany C. of Pharmacy and Health Sciences",2022,"Total",2276000,537
"Dillard U.",2022,"Total",2270000,538
"La Sierra U.",2022,"Total",2246000,539
"St. Cloud State U.",2022,"Total",2226000,540
"Northeastern Illinois U.",2022,"Total",2224000,541
"Minnesota State U., Mankato",2022,"Total",2206000,542
"Willamette U.",2022,"Total",2183000,543
"SUNY, Buffalo State U.",2022,"Total",2172000,544
"Roger Williams U.",2022,"Total",2156000,545
"Purdue U., Fort Wayne",2022,"Total",2134000,546
"Mount Holyoke C.",2022,"Total",2112000,547
"Dine C.",2022,"Total",2091000,548
"SUNY, Geneseo",2022,"Total",2091000,548
"Erikson Institute",2022,"Total",2068000,550
"U. of the Incarnate Word",2022,"Total",2064000,551
"Lafayette C.",2022,"Total",2059000,552
"Lake Superior State U.",2022,"Total",2056000,553
"Western New England U.",2022,"Total",2052000,554
"Palmer C. of Chiropractic, Davenport",2022,"Total",2050000,555
"U. Wisconsin-Oshkosh",2022,"Total",1990000,556
"Black Hills State U.",2022,"Total",1987000,557
"California State U., Stanislaus",2022,"Total",1966000,558
"CUNY, New York City C. of Technology",2022,"Total",1955000,559
"Monmouth U.",2022,"Total",1938000,560
"Elizabeth City State U.",2022,"Total",1934000,561
"CUNY, York C.",2022,"Total",1912000,562
"Utah Valley U.",2022,"Total",1895000,563
"Seattle U.",2022,"Total",1894000,564
"Northern Michigan U.",2022,"Total",1888000,565
"Savannah State U.",2022,"Total",1888000,565
"Hamilton C.",2022,"Total",1879000,567
"Connecticut C.",2022,"Total",1875000,568
"New England C. of Optometry",2022,"Total",1868000,569
"Northwestern State U. Louisiana",2022,"Total",1848000,570
"U. of the Pacific",2022,"Total",1835000,571
"Babson C.",2022,"Total",1825000,572
"U. Houston-Clear Lake",2022,"Total",1800000,573
"Elon U.",2022,"Total",1797000,574
"Virginia Military Institute",2022,"Total",1746000,575
"Eastern Connecticut State U.",2022,"Total",1734000,576
"Skidmore C.",2022,"Total",1734000,576
"U. North Georgia",2022,"Total",1734000,576
"Florida Polytechnic U.",2022,"Total",1725000,579
"C. Wooster",2022,"Total",1717000,580
"Butler U.",2022,"Total",1691000,581
"Drake U.",2022,"Total",1691000,581
"Macalester C.",2022,"Total",1691000,581
"Stockton U.",2022,"Total",1657000,584
"Manhattan C.",2022,"Total",1641000,585
"U. Wisconsin-Eau Claire",2022,"Total",1628000,586
"Trinity C., Hartford",2022,"Total",1620000,587
"Alaska Pacific U.",2022,"Total",1607000,588
"U. Alaska, Southeast",2022,"Total",1570000,589
"Marshall B. Ketchum U.",2022,"Total",1559000,590
"SUNY, C. Brockport",2022,"Total",1500000,591
"U. Houston-Downtown",2022,"Total",1485000,592
"Union C., Schenectady",2022,"Total",1479000,593
"U. Puerto Rico, Humacao",2022,"Total",1448000,594
"U. Ana G. Mendez, Gurabo",2022,"Total",1419000,595
"East Stroudsburg U. Pennsylvania",2022,"Total",1410000,596
"Suffolk U.",2022,"Total",1401000,597
"U. Puerto Rico, Cayey",2022,"Total",1390000,598
"Indiana State U.",2022,"Total",1354000,599
"U. Wisconsin-Platteville",2022,"Total",1349000,600
"Kenyon C.",2022,"Total",1330000,601
"West Virginia School of Osteopathic Medicine",2022,"Total",1329000,602
"Marymount U.",2022,"Total",1298000,603
"Saint John's U.",2022,"Total",1298000,603
"Grambling State U.",2022,"Total",1287000,605
"Keck Graduate Institute",2022,"Total",1282000,606
"Robert Morris U.",2022,"Total",1277000,607
"Whitman C.",2022,"Total",1270000,608
"Northland C.",2022,"Total",1265000,609
"Framingham State U.",2022,"Total",1263000,610
"Texas A&M U.-San Antonio",2022,"Total",1242000,611
"U. of Mary Washington",2022,"Total",1229000,612
"C. of Saint Benedict",2022,"Total",1228000,613
"SUNY, Cobleskill",2022,"Total",1211000,614
"SUNY, Oswego",2022,"Total",1209000,615
"Nevada State C.",2022,"Total",1191000,616
"Heidelberg U.",2022,"Total",1184000,617
"Claflin U.",2022,"Total",1179000,618
"Bentley U.",2022,"Total",1161000,619
"Canisius U.",2022,"Total",1160000,620
"U. Hartford",2022,"Total",1090000,621
"U. Puget Sound",2022,"Total",1051000,622
"SUNY, C. Plattsburgh",2022,"Total",1043000,623
"Central Connecticut State U.",2022,"Total",1035000,624
"Ithaca C.",2022,"Total",1e+06,625
"Albion C.",2022,"Total",562000,626
"Albany State U.",2022,"Total",NA,NA
"Andrews U.",2022,"Total",NA,NA
"Arcadia U.",2022,"Total",NA,NA
"Benedict C.",2022,"Total",NA,NA
"Bryant U.",2022,"Total",NA,NA
"Eastern Kentucky U.",2022,"Total",NA,NA
"Fairfield U.",2022,"Total",NA,NA
"Ferris State U.",2022,"Total",NA,NA
"Gettysburg C.",2022,"Total",NA,NA
"Gustavus Adolphus C.",2022,"Total",NA,NA
"Hartford International U. for Religion and Peace",2022,"Total",NA,NA
"Indiana U., South Bend",2022,"Total",NA,NA
"Liberty U.",2022,"Total",NA,NA
"Lincoln Memorial U.",2022,"Total",NA,NA
"Lincoln U.",2022,"Total",NA,NA
"Lipscomb U.",2022,"Total",NA,NA
"Marian U., Indianapolis",2022,"Total",NA,NA
"Merrimack C.",2022,"Total",NA,NA
"National U. of Natural Medicine",2022,"Total",NA,NA
"New C. Florida",2022,"Total",NA,NA
"Norwich U.",2022,"Total",NA,NA
"Oberlin C.",2022,"Total",NA,NA
"Pennsylvania State U., Altoona",2022,"Total",NA,NA
"Providence C.",2022,"Total",NA,NA
"Radford U.",2022,"Total",NA,NA
"Sacred Heart U.",2022,"Total",NA,NA
"Southern U., New Orleans",2022,"Total",NA,NA
"St. Mary's C. Maryland",2022,"Total",NA,NA
"St. Olaf C.",2022,"Total",NA,NA
"Touro U., New Yorkg",2022,"Total",NA,NA
"U. Hawaii, Maui C.",2022,"Total",NA,NA
"U. Nebraska, Lincoln and Medical Centerd",2022,"Total",NA,NA
"U. Puerto Rico, Ponce",2022,"Total",NA,NA
"U. Scranton",2022,"Total",NA,NA
"U. South Carolina, Beaufort",2022,"Total",NA,NA
"U. Wisconsin-River Falls",2022,"Total",NA,NA
"U.S. Coast Guard Academy",2022,"Total",NA,NA
"United Tribes Technical C.",2022,"Total",NA,NA
"Ursinus C.",2022,"Total",NA,NA
"Wheaton C., Wheaton",2022,"Total",NA,NA
"All institutions",2023,"Total",108681008000,1
"Johns Hopkins U",2023,"Total",3801585000,2
"U. California, San Francisco",2023,"Total",2046539000,3
"U. Pennsylvania",2023,"Total",1953617000,4
"U. Michigan, Ann Arbor",2023,"Total",1925875000,5
"U. Washington, Seattle",2023,"Total",1734091000,6
"U. Wisconsin-Madison",2023,"Total",1731949000,7
"U. California, Los Angeles",2023,"Total",1721665000,8
"U. California, San Diego",2023,"Total",1705410000,9
"U. North Carolina, Chapel Hill",2023,"Total",1549617000,10
"Stanford U.",2023,"Total",1537846000,11
"Duke U.",2023,"Total",1507996000,12
"New York U.",2023,"Total",1457424000,13
"Cornell U.",2023,"Total",1451971000,14
"Ohio State U.",2023,"Total",1449188000,15
"Harvard U.",2023,"Total",1435218000,16
"Georgia Institute of Technology",2023,"Total",1405080000,17
"U. Pittsburgh, Pittsburgh",2023,"Total",1398078000,18
"U. Marylandb",2023,"Total",1385302000,19
"Columbia U. in the City of New York",2023,"Total",1341952000,20
"Yale U.",2023,"Total",1326807000,21
"U. Minnesota, Twin Cities",2023,"Total",1320183000,22
"Texas A&M U., College Station and Health Science Center",2023,"Total",1277814000,23
"U. Texas M. D. Anderson Cancer Center",2023,"Total",1255190000,24
"Vanderbilt U. and Vanderbilt U. Medical Center",2023,"Total",1253156000,25
"U. Florida",2023,"Total",1250201000,26
"Pennsylvania State U., University Park and Hershey Medical Center",2023,"Total",1206793000,27
"Washington U., Saint Louis",2023,"Total",1168861000,28
"U. Southern California",2023,"Total",1154804000,29
"Northwestern U.",2023,"Total",1114269000,30
"Emory U.",2023,"Total",1094328000,31
"U. California, Berkeley",2023,"Total",1076754000,32
"U. Texas, Austin",2023,"Total",1035838000,33
"Massachusetts Institute of Technology",2023,"Total",1000081000,34
"Icahn School of Medicine at Mount Sinai",2023,"Total",972476000,35
"U. California, Davis",2023,"Total",962399000,36
"U. Arizona",2023,"Total",955424000,37
"Arizona State U.",2023,"Total",903779000,38
"Indiana U., Bloomington",2023,"Total",853056000,39
"Baylor C. of Medicine",2023,"Total",847305000,40
"Purdue U., West Lafayette",2023,"Total",844570000,41
"Michigan State U.",2023,"Total",844076000,42
"Rutgers, State U. New Jersey, New Brunswick",2023,"Total",831719000,43
"U. Illinois, Urbana-Champaign",2023,"Total",821023000,44
"U. Texas Southwestern Medical Center",2023,"Total",800391000,45
"U. Alabama, Birmingham",2023,"Total",780479000,46
"Boston U.",2023,"Total",773200000,47
"U. Utah",2023,"Total",723713000,48
"U. Virginia, Charlottesville",2023,"Total",714457000,49
"U. Cincinnati",2023,"Total",698642000,50
"U. Colorado Anschutz Medical Campusc",2023,"Total",686026000,51
"U. Iowa",2023,"Total",662134000,52
"U. Colorado Boulder",2023,"Total",651924000,53
"North Carolina State U.",2023,"Total",633251000,54
"U. Chicago",2023,"Total",628302000,55
"U. Nebraska, Lincoln and Medical Centerd",2023,"Total",617372000,56
"U. California, Irvine",2023,"Total",609614000,57
"Virginia Polytechnic Institute and State U.",2023,"Total",598113000,58
"U. Georgia",2023,"Total",570956000,59
"Case Western Reserve U.",2023,"Total",553740000,60
"Oregon Health and Science U.",2023,"Total",517742000,61
"Princeton U.",2023,"Total",513365000,62
"U. Miami",2023,"Total",509951000,63
"U. Kentucky",2023,"Total",504005000,64
"Colorado State U., Fort Collins",2023,"Total",498073000,65
"Uniformed Services U. of the Health Sciences",2023,"Total",496441000,66
"Scripps Research Institute",2023,"Total",494946000,67
"U. Illinois, Chicago",2023,"Total",492936000,68
"California Institute of Technology",2023,"Total",490672000,69
"Carnegie Mellon U.",2023,"Total",484757000,70
"U. Rochester",2023,"Total",481227000,71
"Virginia Commonwealth U.",2023,"Total",479930000,72
"SUNY, U. Buffalo",2023,"Total",471569000,73
"U. Kansas",2023,"Total",466222000,74
"U. Missouri, Columbia",2023,"Total",462435000,75
"U. South Floridae",2023,"Total",461390000,76
"U. Oklahoma, Norman and Health Science Center",2023,"Total",436964000,77
"U. Delaware",2023,"Total",428128000,78
"Iowa State U.",2023,"Total",420823000,79
"Florida State U.",2023,"Total",414463000,80
"Utah State U.",2023,"Total",401437000,81
"U. Connecticut",2023,"Total",390165000,82
"Rockefeller U.",2023,"Total",385168000,83
"Louisiana State U., Baton Rouge",2023,"Total",384268000,84
"Washington State U.",2023,"Total",378744000,85
"U. Texas Health Science Center, Houston",2023,"Total",374105000,86
"Dartmouth C. and Dartmouth Hitchcock Medical Center",2023,"Total",366856000,87
"Wichita State U.",2023,"Total",366848000,88
"George Washington U.",2023,"Total",360260000,89
"Brown U.",2023,"Total",353591000,90
"Auburn U., Auburn",2023,"Total",349273000,91
"Medical C. Wisconsin",2023,"Total",346691000,92
"U. Tennessee, Knoxvillef",2023,"Total",338847000,93
"Oregon State U.",2023,"Total",337985000,94
"Georgetown U.",2023,"Total",337006000,95
"Albert Einstein C. of Medicine",2023,"Total",336238000,96
"Medical U. South Carolina",2023,"Total",333826000,97
"U. Notre Dame",2023,"Total",331943000,98
"U. Massachusetts, Medical School",2023,"Total",326731000,99
"SUNY, Stony Brook U.",2023,"Total",324531000,100
"Mississippi State U.",2023,"Total",319684000,101
"U. New Mexico",2023,"Total",316026000,102
"U. Hawaii, Manoa",2023,"Total",313143000,103
"Wake Forest U.",2023,"Total",308972000,104
"Florida International U.",2023,"Total",306434000,105
"U. California, Santa Barbara",2023,"Total",305483000,106
"Temple U.",2023,"Total",292029000,107
"Northeastern U.",2023,"Total",288558000,108
"Woods Hole Oceanographic Institution",2023,"Total",287825000,109
"Clemson U.",2023,"Total",286503000,110
"SUNY, Polytechnic Institute",2023,"Total",284677000,111
"U. Texas Health Science Center, San Antonio",2023,"Total",281078000,112
"U. Massachusetts, Amherst",2023,"Total",268657000,113
"U. South Carolina, Columbia",2023,"Total",262207000,114
"Tulane U.",2023,"Total",258439000,115
"Thomas Jefferson U.",2023,"Total",258345000,116
"Rice U.",2023,"Total",255115000,117
"George Mason U.",2023,"Total",252239000,118
"Wayne State U.",2023,"Total",250911000,119
"Tufts U.",2023,"Total",247276000,120
"U. Central Florida",2023,"Total",247259000,121
"West Virginia U.",2023,"Total",246173000,122
"Texas Tech U.",2023,"Total",240107000,123
"Georgia State U.",2023,"Total",237493000,124
"U. Vermont",2023,"Total",233806000,125
"U. Texas Medical Branch",2023,"Total",233192000,126
"U. Houston",2023,"Total",231942000,127
"Montana State U., Bozeman",2023,"Total",229682000,128
"U. Dayton",2023,"Total",228723000,129
"Oklahoma State U., Stillwater",2023,"Total",226498000,130
"U. Louisiana, Lafayette",2023,"Total",225924000,131
"U. New Hampshire",2023,"Total",223683000,132
"U. Arkansas, Fayetteville",2023,"Total",221525000,133
"U. Louisville",2023,"Total",220568000,134
"U. Alaska, Fairbanks",2023,"Total",218041000,135
"Kansas State U.",2023,"Total",217992000,136
"U. California, Riverside",2023,"Total",214802000,137
"U. Arkansas for Medical Sciences",2023,"Total",209409000,138
"U. California, Santa Cruz",2023,"Total",203883000,139
"North Dakota State U.",2023,"Total",190330000,140
"U. Maine",2023,"Total",188690000,141
"U. Nevada, Reno",2023,"Total",188505000,142
"U. Alabama, Tuscaloosa",2023,"Total",184880000,143
"Syracuse U.",2023,"Total",183850000,144
"U. North Dakota",2023,"Total",182195000,145
"U. Mississippi",2023,"Total",172176000,146
"Drexel U.",2023,"Total",169583000,147
"U. Oregon",2023,"Total",164500000,148
"U. Alabama, Huntsville",2023,"Total",163428000,149
"New Jersey Institute of Technology",2023,"Total",161078000,150
"U. Texas, San Antonio",2023,"Total",158453000,151
"San Diego State U.",2023,"Total",158013000,152
"U. Wyoming",2023,"Total",150124000,153
"U. Texas, Arlington",2023,"Total",147265000,154
"U. Texas, Dallas",2023,"Total",146779000,155
"U. Texas, El Paso",2023,"Total",145724000,156
"U. Maryland, Baltimore County",2023,"Total",144262000,157
"U. Rhode Island",2023,"Total",144013000,158
"SUNY, Binghamton U.",2023,"Total",141685000,159
"SUNY, U. Albany",2023,"Total",141671000,160
"Texas State U.",2023,"Total",141291000,161
"Augusta U.",2023,"Total",139121000,162
"Brigham Young U., Provo",2023,"Total",137748000,163
"U. Idaho",2023,"Total",135901000,164
"U. Montana, Missoula",2023,"Total",133958000,165
"Rush U.",2023,"Total",132394000,166
"U. Tennessee, Health Science Center",2023,"Total",130472000,167
"New Mexico State U.",2023,"Total",126337000,168
"Rensselaer Polytechnic Institute",2023,"Total",121706000,169
"New Mexico Institute of Mining and Technology",2023,"Total",118735000,170
"Cold Spring Harbor Laboratory",2023,"Total",117483000,171
"U. Massachusetts, Lowell",2023,"Total",117336000,172
"U. North Texas, Denton",2023,"Total",106665000,173
"Colorado School of Mines",2023,"Total",104297000,174
"Michigan Technological U.",2023,"Total",103819000,175
"Brandeis U.",2023,"Total",103653000,176
"Touro U., New Yorkg",2023,"Total",100547000,177
"U. Memphis",2023,"Total",100042000,178
"U. Nevada, Las Vegas",2023,"Total",98751000,179
"U. North Texas, Health Science Center",2023,"Total",94652000,180
"U. North Carolina, Charlotte",2023,"Total",92027000,181
"Cleveland State U.",2023,"Total",87941000,182
"Indiana U.-Purdue U., Indianapolis",2023,"Total",87648000,183
"Saint Louis U.",2023,"Total",85921000,184
"Howard U.",2023,"Total",84756000,185
"San Jose State U.",2023,"Total",83406000,186
"U. Texas Rio Grande Valley",2023,"Total",82444000,187
"Baylor U.",2023,"Total",82074000,188
"William & Mary",2023,"Total",81815000,189
"Boston C.",2023,"Total",81425000,190
"Van Andel Research Institute",2023,"Total",80748000,191
"Florida Atlantic U.",2023,"Total",77593000,192
"Northern Arizona U.",2023,"Total",77533000,193
"Naval Postgraduate School",2023,"Total",77364000,194
"American U.",2023,"Total",76041000,195
"U. Southern Mississippi",2023,"Total",75034000,196
"Rochester Institute of Technology",2023,"Total",72405000,197
"South Dakota State U.",2023,"Total",71340000,198
"Old Dominion U.",2023,"Total",71334000,199
"U. Massachusetts, Boston",2023,"Total",70978000,200
"Louisiana State U., Health Sciences Center, New Orleans",2023,"Total",68707000,201
"U. Toledo",2023,"Total",67656000,202
"East Carolina U.",2023,"Total",67082000,203
"Worcester Polytechnic Institute",2023,"Total",66353000,204
"Florida A&M U.",2023,"Total",65159000,205
"U. California, Office of the President",2023,"Total",63629000,206
"CUNY, City C.",2023,"Total",63159000,207
"North Carolina A&T State U.",2023,"Total",62307000,208
"U. California, Merced",2023,"Total",62279000,209
"Missouri U. of Science and Technology",2023,"Total",61496000,210
"U. Puerto Rico, Medical Sciences Campus",2023,"Total",61235000,211
"U. Wisconsin-Milwaukee",2023,"Total",60712000,212
"Stevens Institute of Technology",2023,"Total",60685000,213
"Ohio U.",2023,"Total",59877000,214
"Southern Methodist U.",2023,"Total",59749000,215
"Kent State U.",2023,"Total",58984000,216
"Southern Illinois U., Carbondale",2023,"Total",58291000,217
"Morehouse School of Medicine",2023,"Total",57125000,218
"Air Force Institute of Technology",2023,"Total",56848000,219
"Lehigh U.",2023,"Total",56301000,220
"U. Missouri, Kansas City",2023,"Total",54565000,221
"CUNY, Graduate Center",2023,"Total",54089000,222
"U. Denver",2023,"Total",53484000,223
"U. Maryland Center for Environmental Science",2023,"Total",53233000,224
"SUNY, Upstate Medical U.",2023,"Total",53219000,225
"U. South Alabama",2023,"Total",53182000,226
"Boise State U.",2023,"Total",52989000,227
"Loyola U., Chicago",2023,"Total",52445000,228
"Nova Southeastern U.",2023,"Total",50173000,229
"Texas Tech U., Health Sciences Center",2023,"Total",48638000,230
"Marquette U.",2023,"Total",47819000,231
"Rowan U.",2023,"Total",47810000,232
"Catholic U. of America",2023,"Total",47022000,233
"Portland State U.",2023,"Total",46324000,234
"Mercer U.",2023,"Total",45247000,235
"Western Michigan U. and Homer Stryker M.D. School of Medicine",2023,"Total",45157000,236
"U.S. Air Force Academy",2023,"Total",44880000,237
"U. North Carolina, Greensboro",2023,"Total",44521000,238
"Morgan State U.",2023,"Total",43868000,239
"East Tennessee State U.",2023,"Total",42335000,240
"U. Massachusetts, Dartmouth",2023,"Total",42018000,241
"Chapman U.",2023,"Total",41791000,242
"U. West Florida",2023,"Total",40454000,243
"Georgia Southern U.",2023,"Total",40026000,244
"Texas A&M U.-Corpus Christi",2023,"Total",39305000,245
"Montclair State U.",2023,"Total",38209000,246
"Oakland U.",2023,"Total",37263000,247
"CUNY, Hunter C.",2023,"Total",37172000,248
"California Polytechnic State U., San Luis Obispo",2023,"Total",35830000,249
"Louisiana State U., Health Sciences Center, Shreveport",2023,"Total",35624000,250
"SUNY, Downstate Health Sciences U.",2023,"Total",35600000,251
"San Francisco State U.",2023,"Total",34466000,252
"Teachers C., Columbia U.",2023,"Total",34183000,253
"Marshall U.",2023,"Total",33693000,254
"Delaware State U.",2023,"Total",33499000,255
"Illinois Institute of Technology",2023,"Total",33021000,256
"Illinois State U.",2023,"Total",32961000,257
"SUNY, C. of Environmental Science and Forestry",2023,"Total",32682000,258
"Kennesaw State U.",2023,"Total",32497000,259
"U. Texas Health Science Center, Tyler",2023,"Total",32077000,260
"Louisiana Tech U.",2023,"Total",31676000,261
"Villanova U.",2023,"Total",31513000,262
"U. Nebraska, Omaha",2023,"Total",30841000,263
"Desert Research Institute",2023,"Total",30716000,264
"U. South Dakota",2023,"Total",29855000,265
"Rutgers, State U. New Jersey, Newark",2023,"Total",29787000,266
"U. Puerto Rico, Rio Piedras",2023,"Total",29202000,267
"Northern Illinois U.",2023,"Total",29134000,268
"Creighton U.",2023,"Total",28443000,269
"Miami U.",2023,"Total",28430000,270
"Tennessee State U.",2023,"Total",28246000,271
"California State U., Sacramento",2023,"Total",28027000,272
"Embry-Riddle Aeronautical U.",2023,"Total",27451000,273
"CUNY, Graduate School of Public Health and Health Policy",2023,"Total",26651000,274
"Texas A&M U.-Kingsville",2023,"Total",26401000,275
"Wright State U.",2023,"Total",26189000,276
"California State U., Fullerton",2023,"Total",25811000,277
"Tuskegee U.",2023,"Total",25625000,278
"U. Minnesota, Duluth",2023,"Total",25534000,279
"CUNY, Queens C.",2023,"Total",25492000,280
"Clarkson U.",2023,"Total",25399000,281
"Central Michigan U.",2023,"Total",25363000,282
"Florida Gulf Coast U.",2023,"Total",24899000,283
"U. Tulsa",2023,"Total",24845000,284
"Texas Christian U.",2023,"Total",24050000,285
"Eastern Virginia Medical School",2023,"Total",23991000,286
"Fordham U.",2023,"Total",23832000,287
"Tarleton State U.",2023,"Total",23345000,288
"U. North Florida",2023,"Total",23269000,289
"Albany Medical C.",2023,"Total",23259000,290
"California State U., Northridge",2023,"Total",23093000,291
"CUNY, John Jay C. of Criminal Justice",2023,"Total",22967000,292
"New School",2023,"Total",22680000,293
"U. Colorado Denverc",2023,"Total",22530000,294
"U. Guam",2023,"Total",22388000,295
"Loma Linda U.",2023,"Total",22262000,296
"Meharry Medical C.",2023,"Total",22002000,297
"Southern Illinois U., Edwardsville",2023,"Total",21927000,298
"U. North Carolina, Wilmington",2023,"Total",21879000,299
"Prairie View A&M U.",2023,"Total",21791000,300
"U. Akron",2023,"Total",21525000,301
"California State U., Long Beach",2023,"Total",21458000,302
"California State U., East Bay",2023,"Total",21312000,303
"James Madison U.",2023,"Total",21265000,304
"Tennessee Technological U.",2023,"Total",20797000,305
"Bowling Green State U.",2023,"Total",20726000,306
"U.S. Military Academy",2023,"Total",20493000,307
"U. New Orleans",2023,"Total",20396000,308
"South Dakota School of Mines and Technology",2023,"Total",20337000,309
"U. of the Virgin Islands",2023,"Total",20259000,310
"U. Alaska, Anchorage",2023,"Total",19850000,311
"Charles R. Drew U. of Medicine and Science",2023,"Total",19551000,312
"Jackson State U.",2023,"Total",19457000,313
"Alcorn State U.",2023,"Total",19141000,314
"California State Polytechnic U., Humboldt",2023,"Total",18800000,315
"North Carolina Central U.",2023,"Total",18477000,316
"Montana Technological U.",2023,"Total",18375000,317
"Idaho State U.",2023,"Total",17548000,318
"CUNY, Advanced Science Research Center",2023,"Total",17309000,319
"Towson U.",2023,"Total",17198000,320
"New York Medical C.",2023,"Total",17113000,321
"Florida Institute of Technology",2023,"Total",16859000,322
"Long Island U.",2023,"Total",16612000,323
"Texas Southern U.",2023,"Total",16287000,324
"Western Washington U.",2023,"Total",15874000,325
"Alabama A&M U.",2023,"Total",15588000,326
"Fort Valley State U.",2023,"Total",15536000,327
"Xavier U. Louisiana",2023,"Total",15519000,328
"Duquesne U.",2023,"Total",14989000,329
"U. Tennessee, Chattanooga",2023,"Total",14671000,330
"Missouri State U.",2023,"Total",14654000,331
"Salisbury U.",2023,"Total",14557000,332
"U. Hawaii, system office",2023,"Total",14172000,333
"Loyola Marymount U.",2023,"Total",14086000,334
"U. Puerto Rico, Mayaguez",2023,"Total",13989000,335
"Virginia State U.",2023,"Total",13504000,336
"DePaul U.",2023,"Total",13267000,337
"Texas Tech U., Health Sciences Center, El Paso",2023,"Total",13189000,338
"California State U., San Bernardino",2023,"Total",13152000,339
"Northeast Ohio Medical U.",2023,"Total",13116000,340
"U. San Diego",2023,"Total",12902000,341
"U. Missouri, Saint Louis",2023,"Total",12808000,342
"Midwestern U.",2023,"Total",12725000,343
"Oklahoma State U., Center for Health Sciences",2023,"Total",12500000,344
"Sam Houston State U.",2023,"Total",11760000,345
"Ball State U.",2023,"Total",11650000,346
"Rosalind Franklin U. of Medicine and Science",2023,"Total",11629000,347
"Kentucky State U.",2023,"Total",11591000,348
"Clark U.",2023,"Total",11539000,349
"California State U., San Marcos",2023,"Total",11443000,350
"California State U., Fresno",2023,"Total",11411000,351
"Central State U.",2023,"Total",11123000,352
"U.S. Naval Academy",2023,"Total",10920000,353
"U. Michigan, Dearborn",2023,"Total",10839000,354
"Wesleyan U.",2023,"Total",10828000,355
"U. Maryland, Eastern Shore",2023,"Total",10730000,356
"California State Polytechnic U., Pomona",2023,"Total",10722000,357
"Pacific U.",2023,"Total",10719000,358
"California State U., Monterey Bay",2023,"Total",10678000,359
"Pepperdine U.",2023,"Total",10632000,360
"Langston U.",2023,"Total",10505000,361
"Clark Atlanta U.",2023,"Total",10320000,362
"West Texas A&M U.",2023,"Total",10302000,363
"California State U., Los Angeles",2023,"Total",10186000,364
"Kean U.",2023,"Total",10062000,365
"Gallaudet U.",2023,"Total",9894000,366
"Hampton U.",2023,"Total",9769000,367
"U. San Francisco",2023,"Total",9633000,368
"Middle Tennessee State U.",2023,"Total",9577000,369
"Rutgers, State U. New Jersey, Camden",2023,"Total",9527000,370
"Western Kentucky U.",2023,"Total",9298000,371
"Lamar U.",2023,"Total",9168000,372
"U. Northern Colorado",2023,"Total",9064000,373
"Bryn Mawr C.",2023,"Total",9039000,374
"Western U. of Health Sciences",2023,"Total",8929000,375
"U. Arkansas, Little Rock",2023,"Total",8685000,376
"Saint Joseph's U.",2023,"Total",8675000,377
"Winston-Salem State U.",2023,"Total",8668000,378
"Yeshiva U.",2023,"Total",8661000,379
"CUNY, Brooklyn C.",2023,"Total",8535000,380
"Appalachian State U.",2023,"Total",8479000,381
"Eastern Michigan U.",2023,"Total",8363000,382
"Lincoln U., Jefferson City",2023,"Total",8196000,383
"Abilene Christian U.",2023,"Total",8182000,384
"Hofstra U.",2023,"Total",8162000,385
"Amherst C.",2023,"Total",8152000,386
"U. Hawaii, Hilo",2023,"Total",8112000,387
"Southern Connecticut State U.",2023,"Total",8007000,388
"U. of the District of Columbia",2023,"Total",7945000,389
"U. Central Oklahoma",2023,"Total",7870000,390
"South Carolina State U.",2023,"Total",7814000,391
"U. Arkansas, Pine Bluff",2023,"Total",7766000,392
"Southern U. and A&M C., Agricultural Research and Extension Center",2023,"Total",7764000,393
"Pennsylvania State U., Behrend",2023,"Total",7614000,394
"Edward Via C. of Osteopathic Medicine",2023,"Total",7597000,395
"Grinnell C.",2023,"Total",7597000,395
"Purdue U., Northwest",2023,"Total",7504000,397
"Philadelphia C. of Osteopathic Medicine",2023,"Total",7459000,398
"MGH Institute of Health Professions",2023,"Total",7426000,399
"Arkansas State U., Jonesboro",2023,"Total",7323000,400
"Claremont Graduate U.",2023,"Total",7262000,401
"C. Charleston",2023,"Total",7231000,402
"Seton Hall U.",2023,"Total",7068000,403
"Texas A&M U.-Commerce",2023,"Total",7029000,404
"U. Colorado Colorado Springs",2023,"Total",7012000,405
"Claremont McKenna C.",2023,"Total",6925000,406
"Texas Woman's U.",2023,"Total",6922000,407
"Hope C.",2023,"Total",6910000,408
"U. North Carolina, Asheville",2023,"Total",6761000,409
"U. New England",2023,"Total",6756000,410
"Reed C.",2023,"Total",6750000,411
"U. Baltimore",2023,"Total",6615000,412
"Williams C.",2023,"Total",6448000,413
"California State U., Bakersfield",2023,"Total",6409000,414
"Barnard C.",2023,"Total",6320000,415
"Wellesley C.",2023,"Total",6320000,415
"U. Washington, Tacoma",2023,"Total",6243000,417
"Grand Valley State U.",2023,"Total",6231000,418
"Norfolk State U.",2023,"Total",6194000,419
"Northwest Indian C.",2023,"Total",6184000,420
"West Chester U. Pennsylvania",2023,"Total",6132000,421
"Azusa Pacific U.",2023,"Total",6097000,422
"Roseman U. of Health Sciences",2023,"Total",6065000,423
"Indiana U. Pennsylvania",2023,"Total",6052000,424
"U.S. Army War C.",2023,"Total",6035000,425
"California State U., Chico",2023,"Total",5984000,426
"Smith C.",2023,"Total",5954000,427
"High Tech High Graduate School of Ed.",2023,"Total",5939000,428
"U. Southern Maine",2023,"Total",5930000,429
"CUNY, Lehman C.",2023,"Total",5918000,430
"Bucknell U.",2023,"Total",5887000,431
"U. Oklahoma, Tulsa",2023,"Total",5826000,432
"Naval War C.",2023,"Total",5819000,433
"New York Institute of Technology",2023,"Total",5790000,434
"Morehouse C.",2023,"Total",5750000,435
"U. Washington, Bothell",2023,"Total",5738000,436
"Santa Clara U.",2023,"Total",5679000,437
"Swarthmore C.",2023,"Total",5620000,438
"Texas A&M International U.",2023,"Total",5602000,439
"Oregon Institute of Technology",2023,"Total",5585000,440
"California State U., Dominguez Hills",2023,"Total",5558000,441
"Providence C.",2023,"Total",5533000,442
"Memorial Sloan Kettering Cancer Center, Louis V. Gerstner Jr. Graduate S. of Biomedical Sciences",2023,"Total",5324000,443
"Trinity U.",2023,"Total",5296000,444
"Dakota State U.",2023,"Total",5253000,445
"West Virginia State U.",2023,"Total",5226000,446
"Southern U. and A&M C., Baton Rouge",2023,"Total",5201000,447
"Suffolk U.",2023,"Total",5164000,448
"Pennsylvania State U., Harrisburg",2023,"Total",5159000,449
"U. Detroit Mercy",2023,"Total",5142000,450
"Colgate U.",2023,"Total",4930000,451
"Sul Ross State U.",2023,"Total",4878000,452
"U. Central del Caribe",2023,"Total",4878000,452
"Spelman C.",2023,"Total",4877000,454
"Fisk U.",2023,"Total",4867000,455
"U. Wisconsin-Superior",2023,"Total",4825000,456
"Sacred Heart U.",2023,"Total",4733000,457
"CUNY, C. Staten Island",2023,"Total",4730000,458
"Coastal Carolina U.",2023,"Total",4729000,459
"Occidental C.",2023,"Total",4718000,460
"Toyota Technological Institute, Chicago",2023,"Total",4636000,461
"Lawrence Technological U.",2023,"Total",4632000,462
"Sonoma State U.",2023,"Total",4625000,463
"U. Wisconsin-Stevens Point",2023,"Total",4589000,464
"U. Northern Iowa",2023,"Total",4564000,465
"Colby C.",2023,"Total",4454000,466
"SUNY, C. of Optometry",2023,"Total",4423000,467
"U. of Health Sciences and Pharmacy in St. Louis",2023,"Total",4343000,468
"CUNY, system office",2023,"Total",4296000,469
"Carleton C.",2023,"Total",4185000,470
"Alfred U.",2023,"Total",4154000,471
"Pomona C.",2023,"Total",4149000,472
"Franklin and Marshall C.",2023,"Total",4111000,473
"Trinity C., Hartford",2023,"Total",4099000,474
"Haverford C.",2023,"Total",4088000,475
"CUNY, Baruch C.",2023,"Total",4084000,476
"Keck Graduate Institute",2023,"Total",4059000,477
"Pace U.",2023,"Total",4056000,478
"California State U., Channel Islands",2023,"Total",3992000,479
"St. John's U., New York",2023,"Total",3955000,480
"Austin Peay State U.",2023,"Total",3950000,481
"Seattle U.",2023,"Total",3949000,482
"Des Moines U.",2023,"Total",3932000,483
"Western Illinois U.",2023,"Total",3824000,484
"Northern Kentucky U.",2023,"Total",3790000,485
"Troy U.",2023,"Total",3785000,486
"Citadel Military C. South Carolina",2023,"Total",3757000,487
"Chicago State U.",2023,"Total",3756000,488
"Central Washington U.",2023,"Total",3683000,489
"Harvey Mudd C.",2023,"Total",3682000,490
"U. Nebraska, Kearney",2023,"Total",3681000,491
"Stephen F. Austin State U.",2023,"Total",3661000,492
"U. New Haven",2023,"Total",3602000,493
"Fayetteville State U.",2023,"Total",3569000,494
"Christopher Newport U.",2023,"Total",3507000,495
"U. Texas, Tyler",2023,"Total",3487000,496
"New Mexico Highlands U.",2023,"Total",3468000,497
"Roger Williams U.",2023,"Total",3465000,498
"Fort Lewis C.",2023,"Total",3372000,499
"Bowdoin C.",2023,"Total",3339000,500
"Milwaukee School of Engineering",2023,"Total",3317000,501
"Hamilton C.",2023,"Total",3285000,502
"Youngstown State U.",2023,"Total",3244000,503
"Alabama State U.",2023,"Total",3229000,504
"Murray State U.",2023,"Total",3193000,505
"Winthrop U.",2023,"Total",3189000,506
"Saginaw Valley State U.",2023,"Total",3143000,507
"U. Central Arkansas",2023,"Total",3092000,508
"U. Richmond",2023,"Total",3058000,509
"Minnesota State U., Mankato",2023,"Total",3055000,510
"Dine C.",2023,"Total",3054000,511
"Marian U., Indianapolis",2023,"Total",3009000,512
"Pittsburg State U.",2023,"Total",2979000,513
"Middlebury C.",2023,"Total",2975000,514
"East Stroudsburg U. Pennsylvania",2023,"Total",2928000,515
"Davidson C.",2023,"Total",2926000,516
"U. Wisconsin-La Crosse",2023,"Total",2921000,517
"Hawaii Pacific U.",2023,"Total",2913000,518
"St. Cloud State U.",2023,"Total",2901000,519
"Touro U., California",2023,"Total",2877000,520
"Southeastern Louisiana U.",2023,"Total",2858000,521
"CUNY, New York City C. of Technology",2023,"Total",2819000,522
"Purdue U., Fort Wayne",2023,"Total",2804000,523
"U. Wisconsin-Green Bay",2023,"Total",2801000,524
"U. Wisconsin-River Falls",2023,"Total",2772000,525
"U. Texas of the Permian Basin",2023,"Total",2769000,526
"Lewis and Clark C.",2023,"Total",2686000,527
"Tougaloo C.",2023,"Total",2663000,528
"Morehead State U.",2023,"Total",2658000,529
"C. New Jersey",2023,"Total",2641000,530
"SUNY, Buffalo State U.",2023,"Total",2636000,531
"Bowie State U.",2023,"Total",2612000,532
"Marymount U.",2023,"Total",2601000,533
"Vassar C.",2023,"Total",2596000,534
"Albany C. of Pharmacy and Health Sciences",2023,"Total",2594000,535
"SUNY, Cobleskill",2023,"Total",2566000,536
"Calvin U.",2023,"Total",2555000,537
"Eastern Washington U.",2023,"Total",2546000,538
"Lake Superior State U.",2023,"Total",2545000,539
"Elon U.",2023,"Total",2544000,540
"Western Carolina U.",2023,"Total",2543000,541
"Mount Holyoke C.",2023,"Total",2533000,542
"Monmouth U.",2023,"Total",2517000,543
"U. Illinois, Springfield",2023,"Total",2508000,544
"Colorado C.",2023,"Total",2498000,545
"La Sierra U.",2023,"Total",2496000,546
"National Defense U.",2023,"Total",2494000,547
"New England C. of Optometry",2023,"Total",2491000,548
"Franklin W. Olin C. of Engineering",2023,"Total",2450000,549
"Erikson Institute",2023,"Total",2414000,550
"Wheaton C., Wheaton",2023,"Total",2403000,551
"Stockton U.",2023,"Total",2386000,552
"Skidmore C.",2023,"Total",2384000,553
"Hobart and William Smith Colleges",2023,"Total",2373000,554
"Virginia Military Institute",2023,"Total",2350000,555
"Benedict C.",2023,"Total",2307000,556
"California State U., Stanislaus",2023,"Total",2305000,557
"Dillard U.",2023,"Total",2296000,558
"U. of St. Thomas (MN)",2023,"Total",2280000,559
"Furman U.",2023,"Total",2267000,560
"Northeastern Illinois U.",2023,"Total",2262000,561
"Black Hills State U.",2023,"Total",2260000,562
"Florida Polytechnic U.",2023,"Total",2260000,562
"U. South Carolina, Aiken",2023,"Total",2250000,564
"U. of the Incarnate Word",2023,"Total",2245000,565
"C. Wooster",2023,"Total",2209000,566
"U. Louisiana, Monroe",2023,"Total",2203000,567
"U. Wisconsin-Eau Claire",2023,"Total",2191000,568
"U. Ana G. Mendez, Gurabo",2023,"Total",2132000,569
"U. Houston-Clear Lake",2023,"Total",2127000,570
"Bates C.",2023,"Total",2118000,571
"U. Wisconsin-Oshkosh",2023,"Total",2087000,572
"U. Puerto Rico, Humacao",2023,"Total",2074000,573
"Northwestern State U. Louisiana",2023,"Total",2057000,574
"Utah Valley U.",2023,"Total",2015000,575
"Lafayette C.",2023,"Total",1991000,576
"U. of the Pacific",2023,"Total",1972000,577
"U. Houston-Downtown",2023,"Total",1967000,578
"SUNY, Geneseo",2023,"Total",1958000,579
"Babson C.",2023,"Total",1957000,580
"Lipscomb U.",2023,"Total",1946000,581
"Macalester C.",2023,"Total",1935000,582
"Albany State U.",2023,"Total",1932000,583
"Ferris State U.",2023,"Total",1915000,584
"Liberty U.",2023,"Total",1900000,585
"Union C., Schenectady",2023,"Total",1881000,586
"SUNY, C. Brockport",2023,"Total",1877000,587
"Northern Michigan U.",2023,"Total",1871000,588
"Alaska Pacific U.",2023,"Total",1823000,589
"U. Alaska, Southeast",2023,"Total",1822000,590
"Marshall B. Ketchum U.",2023,"Total",1777000,591
"Nevada State C.",2023,"Total",1744000,592
"Palmer C. of Chiropractic, Davenport",2023,"Total",1725000,593
"Drake U.",2023,"Total",1724000,594
"St. Olaf C.",2023,"Total",1724000,594
"SUNY, C. Plattsburgh",2023,"Total",1722000,596
"CUNY, York C.",2023,"Total",1711000,597
"Savannah State U.",2023,"Total",1706000,598
"U. North Georgia",2023,"Total",1643000,599
"Elizabeth City State U.",2023,"Total",1641000,600
"Lincoln Memorial U.",2023,"Total",1641000,600
"Norwich U.",2023,"Total",1637000,602
"Colorado State U., Pueblo",2023,"Total",1624000,603
"U. Puget Sound",2023,"Total",1613000,604
"Johnson C. Smith U.",2023,"Total",1602000,605
"SUNY, Oswego",2023,"Total",1595000,606
"Indiana U., South Bend",2023,"Total",1593000,607
"Texas A&M U.-San Antonio",2023,"Total",1593000,607
"Bentley U.",2023,"Total",1589000,609
"Whitman C.",2023,"Total",1568000,610
"Merrimack C.",2023,"Total",1560000,611
"Pratt Institute",2023,"Total",1558000,612
"Willamette U.",2023,"Total",1542000,613
"U. Hartford",2023,"Total",1533000,614
"U. Puerto Rico, Cayey",2023,"Total",1519000,615
"Hartford International U. for Religion and Peace",2023,"Total",1485000,616
"Fairfield U.",2023,"Total",1484000,617
"U. Wisconsin-Platteville",2023,"Total",1481000,618
"Saint John's U.",2023,"Total",1479000,619
"U. South Carolina, Beaufort",2023,"Total",1466000,620
"Biola U.",2023,"Total",1461000,621
"West Virginia School of Osteopathic Medicine",2023,"Total",1459000,622
"Eastern Connecticut State U.",2023,"Total",1449000,623
"Eastern Kentucky U.",2023,"Total",1446000,624
"Northland C.",2023,"Total",1442000,625
"Connecticut C.",2023,"Total",1440000,626
"Robert Morris U.",2023,"Total",1419000,627
"Claflin U.",2023,"Total",1418000,628
"Oberlin C.",2023,"Total",1408000,629
"C. of Saint Benedict",2023,"Total",1400000,630
"Butler U.",2023,"Total",1396000,631
"United Tribes Technical C.",2023,"Total",1387000,632
"U. Hawaii, Maui C.",2023,"Total",1376000,633
"Kenyon C.",2023,"Total",1371000,634
"National U. of Natural Medicine",2023,"Total",1336000,635
"St. Edward's U.",2023,"Total",1334000,636
"Indiana State U.",2023,"Total",1327000,637
"Arcadia U.",2023,"Total",1321000,638
"Radford U.",2023,"Total",1315000,639
"Andrews U.",2023,"Total",1255000,640
"Heidelberg U.",2023,"Total",1254000,641
"Manhattan C.",2023,"Total",1250000,642
"U. Virginia's C. Wise",2023,"Total",1223000,643
"Pennsylvania State U., Altoona",2023,"Total",1215000,644
"U. Scranton",2023,"Total",1169000,645
"Ursinus C.",2023,"Total",1150000,646
"U. of Mary Washington",2023,"Total",1115000,647
"Western New England U.",2023,"Total",1115000,647
"Gettysburg C.",2023,"Total",1099000,649
"New C. Florida",2023,"Total",1080000,650
"Southern U., New Orleans",2023,"Total",1004000,651
"Gustavus Adolphus C.",2023,"Total",969000,652
"Central Connecticut State U.",2023,"Total",934000,653
"Canisius U.",2023,"Total",905000,654
"Ithaca C.",2023,"Total",861000,655
"Rhode Island C.",2023,"Total",839000,656
"Framingham State U.",2023,"Total",735000,657
"U.S. Coast Guard Academy",2023,"Total",689000,658
"U. Puerto Rico, Ponce",2023,"Total",659000,659
"Lincoln U.",2023,"Total",628000,660
"Bryant U.",2023,"Total",558000,661
"William Paterson U.",2023,"Total",533000,662
"Grambling State U.",2023,"Total",449000,663
"Albion C.",2023,"Total",276000,664
"St. Mary's C. Maryland",2023,"Total",205000,665
"All other surveyed institutions",2023,"Total",0,666
